t,x,y,z,yaw,roll,turn,gf,drive,nact,DNp01_left,DNp01_right,DNa02_left,DNa02_right,DNa01_left,DNa01_right,DNb01_left,DNb01_right,DNp03_left,DNp03_right,DNp11_left,DNp11_right,DNg02_left,DNg02_right,DN_all_left,DN_all_right
0.02000000000000001,1.4571815406777403e-07,0.0,1.999999999987818,0.0,0.0,0.0,0.0,0.0,0,0.0,0.0,0.0,0.0,0.0,0.0,0.0,0.0,0.0,0.0,0.0,0.0,0.0,0.0,0.0,0.0
0.04000000000000003,2.1536263519904297e-06,0.0,1.999999999332486,0.0,0.0,0.0,0.0,0.0,0,0.0,0.0,0.0,0.0,0.0,0.0,0.0,0.0,0.0,0.0,0.0,0.0,0.0,0.0,0.0,0.0
0.060000000000000046,1.036354957609535e-05,0.0,1.9999999932081178,0.0,0.0,0.0,0.0,0.0,0,0.0,0.0,0.0,0.0,0.0,0.0,0.0,0.0,0.0,0.0,0.0,0.0,0.0,0.0,0.0,0.0
0.08000000000000006,3.136371810636784e-05,0.0,1.9999999655518297,0.0,0.0,0.0,0.0,0.0,0,0.0,0.0,0.0,0.0,0.0,0.0,0.0,0.0,0.0,0.0,0.0,0.0,0.0,0.0,0.0,0.0
0.10000000000000007,7.352971132205969e-05,0.0,1.9999998809301798,0.0,0.0,0.0,0.0,0.0,0,0.0,0.0,0.0,0.0,0.0,0.0,0.0,0.0,0.0,0.0,0.0,0.0,0.0,0.0,0.0,0.0
0.12000000000000009,0.00014660560134487793,0.0,1.9999996773644733,0.0,0.0,0.0,0.0,0.0,0,0.0,0.0,0.0,0.0,0.0,0.0,0.0,0.0,0.0,0.0,0.0,0.0,0.0,0.0,0.0,0.0
0.1400000000000001,0.0002613272442826191,0.0,1.9999992613301947,0.0,0.0,0.0,0.0,0.0,0,0.0,0.0,0.0,0.0,0.0,0.0,0.0,0.0,0.0,0.0,0.0,0.0,0.0,0.0,0.0,0.0
0.16000000000000011,0.0004290870588310342,0.0,1.9999985054922111,0.0,0.0,0.0,0.0,0.0,0,0.0,0.0,0.0,0.0,0.0,0.0,0.0,0.0,0.0,0.0,0.0,0.0,0.0,0.0,0.0,0.0
0.18000000000000013,0.0006616391197984689,0.0,1.9999972492567384,0.0,0.0,0.0,0.0,0.0,0,0.0,0.0,0.0,0.0,0.0,0.0,0.0,0.0,0.0,0.0,0.0,0.0,0.0,0.0,0.0,0.0
0.20000000000000015,0.000970842970800769,0.0,1.9999953018901322,0.0,0.0,0.0,0.0,0.0,0,0.0,0.0,0.0,0.0,0.0,0.0,0.0,0.0,0.0,0.0,0.0,0.0,0.0,0.0,0.0,0.0
0.22000000000000017,0.0013684442199030577,0.0,1.9999924477485258,0.0,0.0,0.0,0.0,0.0,0,0.0,0.0,0.0,0.0,0.0,0.0,0.0,0.0,0.0,0.0,0.0,0.0,0.0,0.0,0.0,0.0
0.24000000000000019,0.0018658897184885934,0.0,1.9999884530562884,0.0,0.0,0.0,0.0,0.0,0,0.0,0.0,0.0,0.0,0.0,0.0,0.0,0.0,0.0,0.0,0.0,0.0,0.0,0.0,0.0,0.0
0.2600000000000002,0.0024741749309993588,0.0,1.999983073641975,0.0,0.0,0.0,0.0,0.0,0,0.0,0.0,0.0,0.0,0.0,0.0,0.0,0.0,0.0,0.0,0.0,0.0,0.0,0.0,0.0,0.0
0.2800000000000002,0.0032037209749218956,0.0,1.999976063066719,0.0,0.0,0.0,0.0,0.0,0,0.0,0.0,0.0,0.0,0.0,0.0,0.0,0.0,0.0,0.0,0.0,0.0,0.0,0.0,0.0,0.0
0.3000000000000002,0.0040642787396416085,0.0,1.9999671806437211,0.0,0.0,0.0,0.0,0.0,0,0.0,0.0,0.0,0.0,0.0,0.0,0.0,0.0,0.0,0.0,0.0,0.0,0.0,0.0,0.0,0.0
0.32000000000000023,0.005064857472507533,0.0,1.9999561989333736,0.0,0.0,0.0,0.0,0.0,0,0.0,0.0,0.0,0.0,0.0,0.0,0.0,0.0,0.0,0.0,0.0,0.0,0.0,0.0,0.0,0.0
0.34000000000000025,0.00621367524356189,0.0,1.9999429103945274,0.0,0.0,0.0,0.0,0.0,0,0.0,0.0,0.0,0.0,0.0,0.0,0.0,0.0,0.0,0.0,0.0,0.0,0.0,0.0,0.0,0.0
0.36000000000000026,0.007518128759983879,0.0,1.9999271329691868,0.0,0.0,0.0,0.0,0.0,0,0.0,0.0,0.0,0.0,0.0,0.0,0.0,0.0,0.0,0.0,0.0,0.0,0.0,0.0,0.0,0.0
0.3800000000000003,0.0089847800907941,0.0,1.9999087144688035,0.0,0.0,0.0,0.0,0.0,0,0.0,0.0,0.0,0.0,0.0,0.0,0.0,0.0,0.0,0.0,0.0,0.0,0.0,0.0,0.0,0.0
0.4000000000000003,0.010619357975642542,0.0,1.99988753571098,0.0,0.0,0.0,0.0,0.0,0,0.0,0.0,0.0,0.0,0.0,0.0,0.0,0.0,0.0,0.0,0.0,0.0,0.0,0.0,0.0,0.0
0.4200000000000003,0.01242677152298219,0.0,1.9998635124231203,0.0,0.0,0.0,0.0,0.0,0,0.0,0.0,0.0,0.0,0.0,0.0,0.0,0.0,0.0,0.0,0.0,0.0,0.0,0.0,0.0,0.0
0.44000000000000034,0.014411134247627752,0.0,1.9998365959834041,0.0,0.0,0.0,0.0,0.0,0,0.0,0.0,0.0,0.0,0.0,0.0,0.0,0.0,0.0,0.0,0.0,0.0,0.0,0.0,0.0,0.0
0.46000000000000035,0.01657579655123656,0.0,1.9998067731094025,0.0,0.0,0.0,0.0,0.0,0,0.0,0.0,0.0,0.0,0.0,0.0,0.0,0.0,0.0,0.0,0.0,0.0,0.0,0.0,0.0,0.0
0.48000000000000037,0.018923384907840513,0.0,1.9997740646315858,0.0,0.0,0.0,0.0,0.0,0,0.0,0.0,0.0,0.0,0.0,0.0,0.0,0.0,0.0,0.0,0.0,0.0,0.0,0.0,0.0,0.0
0.5000000000000003,0.021455846176979862,0.0,1.9997385235043457,0.0,0.0,0.0,0.0,0.0,0,0.0,0.0,0.0,0.0,0.0,0.0,0.0,0.0,0.0,0.0,0.0,0.0,0.0,0.0,0.0,0.0
0.5200000000000004,0.02417449562653423,0.0,1.9997002322126325,0.0,0.0,0.0,0.0,0.0,0,0.0,0.0,0.0,0.0,0.0,0.0,0.0,0.0,0.0,0.0,0.0,0.0,0.0,0.0,0.0,0.0
0.5400000000000004,0.027080067403775464,0.0,1.9996592997297886,0.0,0.0,0.0,0.0,0.0,0,0.0,0.0,0.0,0.0,0.0,0.0,0.0,0.0,0.0,0.0,0.0,0.0,0.0,0.0,0.0,0.0
0.5600000000000004,0.03017276634465895,0.0,1.9996158581734818,0.0,0.0,0.0,0.0,0.0,0,0.0,0.0,0.0,0.0,0.0,0.0,0.0,0.0,0.0,0.0,0.0,0.0,0.0,0.0,0.0,0.0
0.5800000000000004,0.033452320156473564,0.0,1.999570059293494,0.0,0.0,0.0,0.0,0.0,0,0.0,0.0,0.0,0.0,0.0,0.0,0.0,0.0,0.0,0.0,0.0,0.0,0.0,0.0,0.0,0.0
0.6000000000000004,0.03691803114655573,0.0,1.9995220709091146,0.0,0.0,0.0,0.0,0.0,0,0.0,0.0,0.0,0.0,0.0,0.0,0.0,0.0,0.0,0.0,0.0,0.0,0.0,0.0,0.0,0.0
0.6200000000000004,0.04056882679899369,0.0,1.9994720733963056,0.0,0.0,0.0,0.0,0.0,0,0.0,0.0,0.0,0.0,0.0,0.0,0.0,0.0,0.0,0.0,0.0,0.0,0.0,0.0,0.0,0.0
0.6400000000000005,0.04440330862150246,0.0,1.9994202563067829,0.0,0.0,0.0,0.0,0.0,0,0.0,0.0,0.0,0.0,0.0,0.0,0.0,0.0,0.0,0.0,0.0,0.0,0.0,0.0,0.0,0.0
0.6600000000000005,0.048419798795549425,0.0,1.9993668151835307,0.0,0.0,0.0,0.0,0.0,0,0.0,0.0,0.0,0.0,0.0,0.0,0.0,0.0,0.0,0.0,0.0,0.0,0.0,0.0,0.0,0.0
0.6800000000000005,0.05261638426415224,0.0,1.999311948620723,0.0,0.0,0.0,0.0,0.0,0,0.0,0.0,0.0,0.0,0.0,0.0,0.0,0.0,0.0,0.0,0.0,0.0,0.0,0.0,0.0,0.0
0.7000000000000005,0.056990957983509644,0.0,1.9992558556009528,0.0,0.0,0.0,0.0,0.0,0,0.0,0.0,0.0,0.0,0.0,0.0,0.0,0.0,0.0,0.0,0.0,0.0,0.0,0.0,0.0,0.0
0.7200000000000005,0.06154125714685572,0.0,1.9991987331294323,0.0,0.0,0.0,0.0,0.0,0,0.0,0.0,0.0,0.0,0.0,0.0,0.0,0.0,0.0,0.0,0.0,0.0,0.0,0.0,0.0,0.0
0.7400000000000005,0.06626489826185744,0.0,1.9991407741734626,0.0,0.0,0.0,0.0,0.0,0,0.0,0.0,0.0,0.0,0.0,0.0,0.0,0.0,0.0,0.0,0.0,0.0,0.0,0.0,0.0,0.0
0.7600000000000006,0.07115940902681253,0.0,1.999082165906066,0.0,0.0,0.0,0.0,0.0,0,0.0,0.0,0.0,0.0,0.0,0.0,0.0,0.0,0.0,0.0,0.0,0.0,0.0,0.0,0.0,0.0
0.7800000000000006,0.07622225700623532,0.0,1.9990230882451419,0.0,0.0,0.0,0.0,0.0,0,0.0,0.0,0.0,0.0,0.0,0.0,0.0,0.0,0.0,0.0,0.0,0.0,0.0,0.0,0.0,0.0
0.8000000000000006,0.08145087515360026,0.0,1.9989637126736974,0.0,0.0,0.0,0.0,0.0,0,0.0,0.0,0.0,0.0,0.0,0.0,0.0,0.0,0.0,0.0,0.0,0.0,0.0,0.0,0.0,0.0
0.8200000000000006,0.08684268426854129,0.0,1.9989042013224865,0.0,0.0,0.0,0.0,0.0,0,0.0,0.0,0.0,0.0,0.0,0.0,0.0,0.0,0.0,0.0,0.0,0.0,0.0,0.0,0.0,0.0
0.8400000000000006,0.09239511250823075,0.0,1.9988447062935037,0.0,0.0,0.0,0.0,0.0,0,0.0,0.0,0.0,0.0,0.0,0.0,0.0,0.0,0.0,0.0,0.0,0.0,0.0,0.0,0.0,0.0
0.8600000000000007,0.09810561209853795,0.0,1.9987853692011064,0.0,0.0,0.0,0.0,0.0,0,0.0,0.0,0.0,0.0,0.0,0.0,0.0,0.0,0.0,0.0,0.0,0.0,0.0,0.0,0.0,0.0
0.8800000000000007,0.10397167341048194,0.0,1.998726320906792,0.0,0.0,0.0,0.0,0.0,0,0.0,0.0,0.0,0.0,0.0,0.0,0.0,0.0,0.0,0.0,0.0,0.0,0.0,0.0,0.0,0.0
0.9000000000000007,0.10999083658201994,0.0,1.9986676814237099,0.0,0.0,0.0,0.0,0.0,0,0.0,0.0,0.0,0.0,0.0,0.0,0.0,0.0,0.0,0.0,0.0,0.0,0.0,0.0,0.0,0.0
0.9200000000000007,0.11616070087493283,0.0,1.9986095599676281,0.0,0.0,0.0,0.0,0.0,0,0.0,0.0,0.0,0.0,0.0,0.0,0.0,0.0,0.0,0.0,0.0,0.0,0.0,0.0,0.0,0.0
0.9400000000000007,0.12247893196204244,0.0,1.9985520551321663,0.0,0.0,0.0,0.0,0.0,0,0.0,0.0,0.0,0.0,0.0,0.0,0.0,0.0,0.0,0.0,0.0,0.0,0.0,0.0,0.0,0.0
0.9600000000000007,0.12894326734176667,0.0,1.998495255167517,0.0,0.0,0.0,0.0,0.0,0,0.0,0.0,0.0,0.0,0.0,0.0,0.0,0.0,0.0,0.0,0.0,0.0,0.0,0.0,0.0,0.0
0.9800000000000008,0.13555152007560822,0.0,1.998439238343475,0.0,0.0,0.0,0.0,0.0,0,0.0,0.0,0.0,0.0,0.0,0.0,0.0,0.0,0.0,0.0,0.0,0.0,0.0,0.0,0.0,0.0
1.0000000000000007,0.14230158104006693,0.0,1.9983840733793223,0.0,0.0,0.0,0.0,0.0,0,0.0,0.0,0.0,0.0,0.0,0.0,0.0,0.0,0.0,0.0,0.0,0.0,0.0,0.0,0.0,0.0
1.0199999999999985,0.1491914198781305,0.0,1.998329819924867,0.0,0.0,0.0,0.0,0.0,0,0.0,0.0,0.0,0.0,0.0,0.0,0.0,0.0,0.0,0.0,0.0,0.0,0.0,0.0,0.0,0.0
1.0399999999999963,0.15621908482734834,0.0,1.9982765290786793,0.0,0.0,0.0,0.0,0.0,0,0.0,0.0,0.0,0.0,0.0,0.0,0.0,0.0,0.0,0.0,0.0,0.0,0.0,0.0,0.0,0.0
1.059999999999994,0.16338270159192655,0.0,1.9982242439312499,0.0,0.0,0.0,0.0,0.0,0,0.0,0.0,0.0,0.0,0.0,0.0,0.0,0.0,0.0,0.0,0.0,0.0,0.0,0.0,0.0,0.0
1.0799999999999919,0.17068047141564477,0.0,1.998173000122393,0.0,0.0,0.0,0.0,0.0,0,0.0,0.0,0.0,0.0,0.0,0.0,0.0,0.0,0.0,0.0,0.0,0.0,0.0,0.0,0.0,0.0
1.0999999999999897,0.17811066850100835,0.0,1.9981228264037143,0.0,0.0,0.0,0.0,0.0,0,0.0,0.0,0.0,0.0,0.0,0.0,0.0,0.0,0.0,0.0,0.0,0.0,0.0,0.0,0.0,0.0
1.1199999999999875,0.18567163690818786,0.0,1.9980737451983437,0.0,0.0,0.0,0.0,0.0,0,0.0,0.0,0.0,0.0,0.0,0.0,0.0,0.0,0.0,0.0,0.0,0.0,0.0,0.0,0.0,0.0
1.1399999999999852,0.1933617870552186,0.0,1.9980257731513893,0.0,0.0,0.0,0.0,0.0,0,0.0,0.0,0.0,0.0,0.0,0.0,0.0,0.0,0.0,0.0,0.0,0.0,0.0,0.0,0.0,0.0
1.159999999999983,0.20117959192883356,0.0,1.9979789216657178,0.0,0.0,0.0,0.0,0.0,0,0.0,0.0,0.0,0.0,0.0,0.0,0.0,0.0,0.0,0.0,0.0,0.0,0.0,0.0,0.0,0.0
1.1799999999999808,0.20912358310338144,0.0,1.9979331974186902,0.0,0.0,0.0,0.0,0.0,0,0.0,0.0,0.0,0.0,0.0,0.0,0.0,0.0,0.0,0.0,0.0,0.0,0.0,0.0,0.0,0.0
1.1999999999999786,0.21719234665367976,0.0,1.9978886028563936,0.0,0.0,0.0,0.0,0.0,0,0.0,0.0,0.0,0.0,0.0,0.0,0.0,0.0,0.0,0.0,0.0,0.0,0.0,0.0,0.0,0.0
1.2199999999999764,0.22538451903649656,0.0,1.9978451366627388,0.0,0.0,0.0,0.0,0.0,0,0.0,0.0,0.0,0.0,0.0,0.0,0.0,0.0,0.0,0.0,0.0,0.0,0.0,0.0,0.0,0.0
1.2399999999999742,0.2336987830047481,0.0,1.997802794201483,0.0,0.0,0.0,0.0,0.0,0,0.0,0.0,0.0,0.0,0.0,0.0,0.0,0.0,0.0,0.0,0.0,0.0,0.0,0.0,0.0,0.0
1.259999999999972,0.24213386360851466,0.0,1.997761567929904,0.0,0.0,0.0,0.0,0.0,0,0.0,0.0,0.0,0.0,0.0,0.0,0.0,0.0,0.0,0.0,0.0,0.0,0.0,0.0,0.0,0.0
1.2799999999999698,0.2506885243276718,0.0,1.9977214477833551,0.0,0.0,0.0,0.0,0.0,0,0.0,0.0,0.0,0.0,0.0,0.0,0.0,0.0,0.0,0.0,0.0,0.0,0.0,0.0,0.0,0.0
1.2999999999999676,0.25936156337234595,0.0,1.9976824215304367,0.0,0.0,0.0,0.0,0.0,0,0.0,0.0,0.0,0.0,0.0,0.0,0.0,0.0,0.0,0.0,0.0,0.0,0.0,0.0,0.0,0.0
1.3199999999999654,0.2681518101795512,0.0,1.9976444750989182,0.0,0.0,0.0,0.0,0.0,0,0.0,0.0,0.0,0.0,0.0,0.0,0.0,0.0,0.0,0.0,0.0,0.0,0.0,0.0,0.0,0.0
1.3399999999999632,0.2770581221272617,0.0,1.997607592872867,0.0,0.0,0.0,0.0,0.0,0,0.0,0.0,0.0,0.0,0.0,0.0,0.0,0.0,0.0,0.0,0.0,0.0,0.0,0.0,0.0,0.0
1.359999999999961,0.2860793814808031,0.0,1.9975717579617618,0.0,0.0,0.0,0.0,0.0,0,0.0,0.0,0.0,0.0,0.0,0.0,0.0,0.0,0.0,0.0,0.0,0.0,0.0,0.0,0.0,0.0
1.3799999999999588,0.29521449258080934,0.0,1.9975369524425766,0.0,0.0,0.0,0.0,0.0,0,0.0,0.0,0.0,0.0,0.0,0.0,0.0,0.0,0.0,0.0,0.0,0.0,0.0,0.0,0.0,0.0
1.3999999999999566,0.3044623792770476,0.0,1.9975031575760274,0.0,0.0,0.0,0.0,0.0,0,0.0,0.0,0.0,0.0,0.0,0.0,0.0,0.0,0.0,0.0,0.0,0.0,0.0,0.0,0.0,0.0
1.4199999999999544,0.3138219826081449,0.0,1.9974703539983172,0.0,0.0,0.0,0.0,0.0,0,0.0,0.0,0.0,0.0,0.0,0.0,0.0,0.0,0.0,0.0,0.0,0.0,0.0,0.0,0.0,0.0
1.4399999999999522,0.32329225872360856,0.0,1.9974385218898274,0.0,0.0,0.0,0.0,0.0,0,0.0,0.0,0.0,0.0,0.0,0.0,0.0,0.0,0.0,0.0,0.0,0.0,0.0,0.0,0.0,0.0
1.45999999999995,0.3328721770414936,0.0,1.9974076411222847,0.0,0.0,0.0,0.0,0.0,0,0.0,0.0,0.0,0.0,0.0,0.0,0.0,0.0,0.0,0.0,0.0,0.0,0.0,0.0,0.0,0.0
1.4799999999999478,0.342560718632573,0.0,1.997377691385977,0.0,0.0,0.0,0.0,0.0,0,0.0,0.0,0.0,0.0,0.0,0.0,0.0,0.0,0.0,0.0,0.0,0.0,0.0,0.0,0.0,0.0
1.4999999999999456,0.3523568748198818,0.0,1.9973486522986135,0.0,0.0,0.0,0.0,0.0,0,0.0,0.0,0.0,0.0,0.0,0.0,0.0,0.0,0.0,0.0,0.0,0.0,0.0,0.0,0.0,0.0
1.5199999999999434,0.3622596459809757,0.0,1.9973205034974264,0.0,0.0,0.0,0.0,0.0,0,0.0,0.0,0.0,0.0,0.0,0.0,0.0,0.0,0.0,0.0,0.0,0.0,0.0,0.0,0.0,0.0
1.5399999999999412,0.372268040539133,0.0,1.9972932247160855,0.0,0.0,0.0,0.0,0.0,0,0.0,0.0,0.0,0.0,0.0,0.0,0.0,0.0,0.0,0.0,0.0,0.0,0.0,0.0,0.0,0.0
1.559999999999939,0.382381074128987,0.0,1.9972667958479595,0.0,0.0,0.0,0.0,0.0,0,0.0,0.0,0.0,0.0,0.0,0.0,0.0,0.0,0.0,0.0,0.0,0.0,0.0,0.0,0.0,0.0
1.5799999999999368,0.3925977689216533,0.0,1.9972411969972048,0.0,0.0,0.0,0.0,0.0,0,0.0,0.0,0.0,0.0,0.0,0.0,0.0,0.0,0.0,0.0,0.0,0.0,0.0,0.0,0.0,0.0
1.5999999999999346,0.402917153094285,0.0,1.9972164085190958,0.0,0.0,0.0,0.0,0.0,0,0.0,0.0,0.0,0.0,0.0,0.0,0.0,0.0,0.0,0.0,0.0,0.0,0.0,0.0,0.0,0.0
1.6199999999999324,0.4133382604290958,0.0,1.9971924110509378,0.0,0.0,0.0,0.0,0.0,0,0.0,0.0,0.0,0.0,0.0,0.0,0.0,0.0,0.0,0.0,0.0,0.0,0.0,0.0,0.0,0.0
1.6399999999999302,0.423860130027207,0.0,1.997169185534818,0.0,0.0,0.0,0.0,0.0,0,0.0,0.0,0.0,0.0,0.0,0.0,0.0,0.0,0.0,0.0,0.0,0.0,0.0,0.0,0.0,0.0
1.659999999999928,0.4344818061231552,0.0,1.997146713233366,0.0,0.0,0.0,0.0,0.0,0,0.0,0.0,0.0,0.0,0.0,0.0,0.0,0.0,0.0,0.0,0.0,0.0,0.0,0.0,0.0,0.0
1.6799999999999258,0.44520233798652337,0.0,1.9971249757396043,0.0,0.0,0.0,0.0,0.0,0,0.0,0.0,0.0,0.0,0.0,0.0,0.0,0.0,0.0,0.0,0.0,0.0,0.0,0.0,0.0,0.0
1.6999999999999236,0.4560207798978862,0.0,1.9971039549818725,0.0,0.0,0.0,0.0,0.0,0,0.0,0.0,0.0,0.0,0.0,0.0,0.0,0.0,0.0,0.0,0.0,0.0,0.0,0.0,0.0,0.0
1.7199999999999214,0.4669361911870751,0.0,1.99708363322473,0.0,0.0,0.0,0.0,0.0,0,0.0,0.0,0.0,0.0,0.0,0.0,0.0,0.0,0.0,0.0,0.0,0.0,0.0,0.0,0.0,0.0
1.7399999999999192,0.47794763632263265,0.0,1.9970639930666285,0.0,0.0,0.0,0.0,0.0,0,0.0,0.0,0.0,0.0,0.0,0.0,0.0,0.0,0.0,0.0,0.0,0.0,0.0,0.0,0.0,0.0
1.759999999999917,0.48905418504223835,0.0,1.9970450174350838,0.0,0.0,0.0,0.0,0.0,0,0.0,0.0,0.0,0.0,0.0,0.0,0.0,0.0,0.0,0.0,0.0,0.0,0.0,0.0,0.0,0.0
1.7799999999999148,0.5002549125148009,0.0,1.997026689579964,0.0,0.0,0.0,0.0,0.0,0,0.0,0.0,0.0,0.0,0.0,0.0,0.0,0.0,0.0,0.0,0.0,0.0,0.0,0.0,0.0,0.0
1.7999999999999126,0.5115488995258445,0.0,1.997008993065456,0.0,0.0,0.0,0.0,0.0,0,0.0,0.0,0.0,0.0,0.0,0.0,0.0,0.0,0.0,0.0,0.0,0.0,0.0,0.0,0.0,0.0
1.8199999999999104,0.5229352326787168,0.0,1.9969919117611725,0.0,0.0,0.0,0.0,0.0,0,0.0,0.0,0.0,0.0,0.0,0.0,0.0,0.0,0.0,0.0,0.0,0.0,0.0,0.0,0.0,0.0
1.8399999999999082,0.534413004605043,0.0,1.9969754298328068,0.0,0.0,0.0,0.0,0.0,0,0.0,0.0,0.0,0.0,0.0,0.0,0.0,0.0,0.0,0.0,0.0,0.0,0.0,0.0,0.0,0.0
1.859999999999906,0.5459813141786899,0.0,1.9969595317326685,0.0,0.0,0.0,0.0,0.0,0,0.0,0.0,0.0,0.0,0.0,0.0,0.0,0.0,0.0,0.0,0.0,0.0,0.0,0.0,0.0,0.0
1.8799999999999037,0.5576392667283233,0.0,1.996944202190368,0.0,0.0,0.0,0.0,0.0,0,0.0,0.0,0.0,0.0,0.0,0.0,0.0,0.0,0.0,0.0,0.0,0.0,0.0,0.0,0.0,0.0
1.8999999999999015,0.5693859742444013,0.0,1.9969294262038757,0.0,0.0,0.0,0.0,0.0,0,0.0,0.0,0.0,0.0,0.0,0.0,0.0,0.0,0.0,0.0,0.0,0.0,0.0,0.0,0.0,0.0
1.9199999999998993,0.5812205555771572,0.0,1.9969151890311216,0.0,0.0,0.0,0.0,0.0,0,0.0,0.0,0.0,0.0,0.0,0.0,0.0,0.0,0.0,0.0,0.0,0.0,0.0,0.0,0.0,0.0
1.9399999999998971,0.59314213662278,0.0,1.9969014761822572,0.0,0.0,0.0,0.0,0.0,0,0.0,0.0,0.0,0.0,0.0,0.0,0.0,0.0,0.0,0.0,0.0,0.0,0.0,0.0,0.0,0.0
1.959999999999895,0.6051498504956057,0.0,1.9968882734126665,0.0,0.0,0.0,0.0,0.0,0,0.0,0.0,0.0,0.0,0.0,0.0,0.0,0.0,0.0,0.0,0.0,0.0,0.0,0.0,0.0,0.0
1.9799999999998927,0.6172428376846713,0.0,1.9968755667167852,0.0,0.0,0.0,0.0,0.0,0,0.0,0.0,0.0,0.0,0.0,0.0,0.0,0.0,0.0,0.0,0.0,0.0,0.0,0.0,0.0,0.0
1.9999999999998905,0.629420246193475,0.0,1.996863342322736,0.0,0.0,0.0,0.0,0.0,0,0.0,0.0,0.0,0.0,0.0,0.0,0.0,0.0,0.0,0.0,0.0,0.0,0.0,0.0,0.0,0.0
2.0199999999998886,0.6416812316622131,0.0,1.9968515866877907,0.0,0.0,0.0,0.0,0.0,0,0.0,0.0,0.0,0.0,0.0,0.0,0.0,0.0,0.0,0.0,0.0,0.0,0.0,0.0,0.0,0.0
2.0399999999998863,0.6540249574721471,0.0,1.9968402864946369,0.0,0.0,0.0,0.0,0.0,0,0.0,0.0,0.0,0.0,0.0,0.0,0.0,0.0,0.0,0.0,0.0,0.0,0.0,0.0,0.0,0.0
2.059999999999884,0.6664505948320806,0.0,1.9968294286484025,0.0,0.0,0.0,0.0,0.0,0,0.0,0.0,0.0,0.0,0.0,0.0,0.0,0.0,0.0,0.0,0.0,0.0,0.0,0.0,0.0,0.0
2.079999999999882,0.6789573228472014,0.0,1.9968190002743935,0.0,0.0,0.0,0.0,0.0,0,0.0,0.0,0.0,0.0,0.0,0.0,0.0,0.0,0.0,0.0,0.0,0.0,0.0,0.0,0.0,0.0
2.0999999999998797,0.6915443285707876,0.0,1.996808988716485,0.0,0.0,0.0,0.0,0.0,0,0.0,0.0,0.0,0.0,0.0,0.0,0.0,0.0,0.0,0.0,0.0,0.0,0.0,0.0,0.0,0.0
2.1199999999998775,0.7042108070394516,0.0,1.9967993815360932,0.0,0.0,0.0,0.0,0.0,0,0.0,0.0,0.0,0.0,0.0,0.0,0.0,0.0,0.0,0.0,0.0,0.0,0.0,0.0,0.0,0.0
2.1399999999998753,0.7169559612927682,0.0,1.9967901665116585,0.0,0.0,0.0,0.0,0.0,0,0.0,0.0,0.0,0.0,0.0,0.0,0.0,0.0,0.0,0.0,0.0,0.0,0.0,0.0,0.0,0.0
2.159999999999873,0.7297790023782343,0.0,1.996781331638566,0.0,0.0,0.0,0.0,0.0,0,0.0,0.0,0.0,0.0,0.0,0.0,0.0,0.0,0.0,0.0,0.0,0.0,0.0,0.0,0.0,0.0
2.179999999999871,0.7426791493426065,0.0,1.996772865129426,0.0,0.0,0.0,0.0,0.0,0,0.0,0.0,0.0,0.0,0.0,0.0,0.0,0.0,0.0,0.0,0.0,0.0,0.0,0.0,0.0,0.0
2.1999999999998687,0.7556556292107108,0.0,1.9967647554146402,0.0,0.0,0.0,0.0,0.0,0,0.0,0.0,0.0,0.0,0.0,0.0,0.0,0.0,0.0,0.0,0.0,0.0,0.0,0.0,0.0,0.0
2.2199999999998665,0.7687076769528591,0.0,1.9967569911431875,0.0,0.0,0.0,0.0,0.0,0,0.0,0.0,0.0,0.0,0.0,0.0,0.0,0.0,0.0,0.0,0.0,0.0,0.0,0.0,0.0,0.0
2.2399999999998643,0.7818345354420101,0.0,1.9967495611835506,0.0,0.0,0.0,0.0,0.0,0,0.0,0.0,0.0,0.0,0.0,0.0,0.0,0.0,0.0,0.0,0.0,0.0,0.0,0.0,0.0,0.0
2.259999999999862,0.7950354554018157,0.0,1.99674245462473,0.0,0.0,0.0,0.0,0.0,0,0.0,0.0,0.0,0.0,0.0,0.0,0.0,0.0,0.0,0.0,0.0,0.0,0.0,0.0,0.0,0.0
2.27999999999986,0.8083096953466606,0.0,1.9967356607772813,0.0,0.0,0.0,0.0,0.0,0,0.0,0.0,0.0,0.0,0.0,0.0,0.0,0.0,0.0,0.0,0.0,0.0,0.0,0.0,0.0,0.0
2.2999999999998577,0.8216565215147715,0.0,1.9967291691743176,0.0,0.0,0.0,0.0,0.0,0,0.0,0.0,0.0,0.0,0.0,0.0,0.0,0.0,0.0,0.0,0.0,0.0,0.0,0.0,0.0,0.0
2.3199999999998555,0.8350752077954222,0.0,1.9967229695724398,0.0,0.0,0.0,0.0,0.0,0,0.0,0.0,0.0,0.0,0.0,0.0,0.0,0.0,0.0,0.0,0.0,0.0,0.0,0.0,0.0,0.0
2.3399999999998533,0.8485650356512096,0.0,1.9967170519525403,0.0,0.0,0.0,0.0,0.0,0,0.0,0.0,0.0,0.0,0.0,0.0,0.0,0.0,0.0,0.0,0.0,0.0,0.0,0.0,0.0,0.0
2.359999999999851,0.8621252940363123,0.0,1.996711406520451,0.0,0.0,0.0,0.0,0.0,0,0.0,0.0,0.0,0.0,0.0,0.0,0.0,0.0,0.0,0.0,0.0,0.0,0.0,0.0,0.0,0.0
2.379999999999849,0.8757552793115728,0.0,1.9967060237073977,0.0,0.0,0.0,0.0,0.0,0,0.0,0.0,0.0,0.0,0.0,0.0,0.0,0.0,0.0,0.0,0.0,0.0,0.0,0.0,0.0,0.0
2.3999999999998467,0.8894542951571838,0.0,1.9967008941702444,0.0,0.0,0.0,0.0,0.0,0,0.0,0.0,0.0,0.0,0.0,0.0,0.0,0.0,0.0,0.0,0.0,0.0,0.0,0.0,0.0,0.0
2.4199999999998445,0.9032216524836817,0.0,1.9966960087915002,0.0,0.0,0.0,0.0,0.0,0,0.0,0.0,0.0,0.0,0.0,0.0,0.0,0.0,0.0,0.0,0.0,0.0,0.0,0.0,0.0,0.0
2.4399999999998423,0.9170566693418836,0.0,1.996691358679072,0.0,0.0,0.0,0.0,20.015212344183265,44,0.0,0.0,0.0,0.0,0.0,0.0,0.0,0.0,0.0,0.0,0.0,0.0,0.0,0.0,0.0516795865633075,0.0
2.45999999999984,0.9309586708323327,0.0,1.9966869351657575,0.0,0.0,0.0,0.0,20.258911675678736,85,0.0,0.0,0.0,0.0,0.0,0.0,0.0,0.0,0.0,0.0,0.0,0.0,0.0,0.0,0.060292850990525414,0.0
2.479999999999838,0.944926989014754,0.0,1.9966827298084666,0.0,0.0,0.0,0.0,20.505200415747204,91,0.0,0.0,0.0,0.0,0.0,0.0,0.0,0.0,0.0,0.0,0.0,0.0,0.0,0.0,0.1435544071202986,0.0
2.4999999999998357,0.9589701896574083,0.0,1.9968547980761815,0.0,0.0,0.0,0.25,20.75412936097898,98,16.666666666666668,33.333333333333336,0.0,0.0,0.0,0.0,0.0,0.0,0.0,0.0,0.0,0.0,0.0,0.0,0.25074169777012156,0.25799793601651194
2.5199999999998335,0.9730951354862912,0.0,1.9973465698885438,0.0,0.0,0.0,0.25,21.019892883397038,86,27.77777777777778,22.22222222222222,0.0,0.0,0.0,0.0,0.0,0.0,0.0,0.0,0.0,0.0,0.0,0.0,0.2705203049733627,0.22359821121431034
2.5399999999998313,0.9872969305140651,0.0,1.998076971328548,0.0,0.0,0.0,0.16666666666666663,21.300248830351983,90,18.51851851851852,14.814814814814813,0.0,0.0,0.0,0.0,0.0,0.0,0.0,0.0,0.0,0.0,0.0,0.0,0.2320264565455493,0.14906547414287355
2.559999999999829,1.001569260154125,-1.3846559151598575e-07,1.9989377331834737,-0.02025086473952806,0.02110349854513588,0.1388888888888889,0.1111111111111111,21.577200687970684,80,12.345679012345679,9.87654320987654,0.0,0.0,0.0,0.0,0.0,0.0,0.0,0.0,16.666666666666668,0.0,0.0,0.0,0.2838832707719683,0.0993769827619157
2.579999999999827,1.0159077784918622,-1.9816831542798916e-06,1.9998580408444249,-0.06930689065982067,0.07088094296355756,0.09259259259259259,0.07407407407407407,21.848328532666134,101,8.23045267489712,6.584362139917694,0.0,0.0,0.0,0.0,0.0,0.0,0.0,0.0,11.11111111111111,0.0,0.0,0.0,0.2150953071296326,0.06625132184127713
2.5999999999998247,1.030324825351421,-9.480280314229786e-06,2.0010854363422927,-0.1335343751542133,0.1335679616366332,0.061728395061728385,0.46604938271604945,22.115711117717808,126,38.82030178326475,54.389574759945134,0.0,0.0,0.0,0.0,0.0,0.0,0.0,0.0,7.4074074074074066,0.0,0.0,0.0,0.5309937706445613,0.43116445191895253
2.6199999999998225,1.0448287054406333,-2.784904501038109e-05,2.0027905192574527,-0.22455221734684078,0.22024950767739673,0.1800411522633745,0.3940329218106996,22.403665872645856,105,42.54686785550984,36.259716506630085,0.0,0.0,0.0,0.0,0.0,0.0,0.0,0.0,21.60493827160494,0.0,0.0,0.0,0.5607141933496042,0.3648423487509219
2.6399999999998203,1.0594128181159874,-6.35573844431117e-05,2.0048596803556147,-0.34556545012748585,0.3323187328433517,0.12002743484224966,0.3460219478737997,22.70494658771488,109,45.03124523700656,24.17314433775339,0.0,0.0,0.0,0.0,0.0,0.0,0.0,0.0,14.40329218106996,0.0,0.0,0.0,0.5546880152046456,0.2432282325006146
2.659999999999818,1.07407535749102,-0.00012526208858287905,2.0072713131252704,-0.49998419819099493,0.4714999592523303,0.21890717878372204,0.39734796524919985,22.995245985445028,124,46.68749682467104,32.78209622516893,0.0,0.0,0.0,0.0,0.0,0.0,0.0,0.0,26.268861454046643,0.0,0.0,0.0,0.6023501496713142,0.36855050381361926
2.679999999999816,1.088823269513986,-0.00022505840033478213,2.0101718664931463,-0.6859115490202314,0.6334323647276651,0.145938119189148,0.5982319768327999,23.280163199984084,143,64.45833121644736,55.18806415011262,0.0,0.0,0.0,0.0,0.0,0.0,0.0,0.0,17.51257430269776,0.0,0.0,0.0,0.8150034589540027,0.503698271892258
2.6999999999998137,1.1036591287617707,-0.00037632673933767275,2.013625647365326,-0.883434840920765,0.795385387937822,0.09729207945943201,0.5654879845552,23.570109508915742,117,59.63888747763158,53.458709433408416,0.0,0.0,0.0,0.0,0.0,0.0,0.0,0.0,11.67504953513184,0.0,0.0,0.0,0.6725346057109372,0.5163974031397304
2.7199999999998115,1.1185779635988258,-0.00059106271177642,2.0175539862496623,-1.100595150787598,0.9647712545823096,0.20375027519517688,0.5436586563701333,23.856351468287002,116,56.42592498508772,52.305806288938946,0.0,0.0,0.0,0.0,0.0,0.0,0.0,0.0,24.450033023421227,0.0,0.0,0.0,0.7067543366238289,0.44746410983309165
2.7399999999998093,1.1335878306616811,-0.0008859827957235465,2.022129392270591,-1.3387534059010142,1.1414780666473687,0.1358335167967846,0.8624391042467556,24.1274853454276,167,87.61728332339182,84.87053752595929,0.0,0.0,0.0,0.0,0.0,0.0,0.0,0.0,16.30002201561415,0.0,0.0,0.0,0.8846062502556793,0.6853063105801622
2.759999999999807,1.1486848326110592,-0.001273857868734063,2.0272967558945654,-1.5803216155243958,1.3060336831939967,0.09055567786452305,0.5749594028311704,24.398027256973123,111,58.411522215594545,56.58035835063953,0.0,0.0,0.0,0.0,0.0,0.0,0.0,0.0,10.866681343742766,0.0,0.0,0.0,0.8222956397053366,0.5600700481267129
2.779999999999805,1.16385818901334,-0.0017637951816393824,2.03286994739017,-1.8350214753725678,1.4684097611013576,0.1992593407985709,0.6333062685541135,24.651560152544196,120,72.2743481437297,54.38690556709302,0.0,0.0,0.0,0.0,0.0,0.0,0.0,0.0,23.91112089582851,0.0,0.0,0.0,0.7807552326717748,0.5539785872960336
2.7999999999998026,1.1791111922258226,-0.0023708380939095252,2.03893496195767,-2.1256980849454497,1.6516495989486975,0.2717284494212695,0.7555375123694091,24.880754868850392,150,81.5162320958198,69.591270378062,0.0,0.0,0.0,0.0,0.0,0.0,0.0,0.0,32.60741393055234,0.0,0.0,0.0,0.9081003876726561,0.6531167878155187
2.8199999999998004,1.194441134639655,-0.003108494593773547,2.0454648688562123,-2.4644921075935056,1.866627105745508,0.32004118850306856,0.670358341579606,25.09976832330678,144,71.0108213972132,63.060846918708,0.0,0.0,0.0,0.0,0.0,0.0,0.0,0.0,38.404942620368224,0.0,0.0,0.0,0.9413175711099361,0.641809540690222
2.8399999999997982,1.2098335099061712,-0.0039845722968522915,2.05220735637177,-2.836518160800902,2.0954138281481547,0.213360792335379,0.44690556105307067,25.30011823058652,105,47.34054759814214,42.040564612472,0.0,0.0,0.0,0.0,0.0,0.0,0.0,0.0,25.60329508024548,0.0,0.0,0.0,0.7567440138148928,0.4536728207284658
2.859999999999796,1.2252848190676446,-0.005014922098561552,2.0591277845487355,-3.234369116007791,2.328884697345012,0.2811294171124749,0.6312703740353804,25.471958272157988,131,64.89369839876143,61.360376408314664,0.0,0.0,0.0,0.0,0.0,0.0,0.0,0.0,33.73553005349699,0.0,0.0,0.0,0.8920929084347348,0.4830471023638689
2.879999999999794,1.2407962467314824,-0.0062190138024148306,2.066286648968566,-3.670279994004594,2.5784769089689243,0.3263085002972055,0.5875135826902537,25.623180694240332,120,59.929132265840956,57.57358427220978,0.0,0.0,0.0,0.0,0.0,0.0,0.0,0.0,39.15702003566466,0.0,0.0,0.0,0.8014469518763865,0.45103036958416853
2.8999999999997916,1.256361766436683,-0.007611659321086181,2.0736082371533238,-4.150041452924241,2.8484231164037688,0.3564278890870259,0.558342388460169,25.754603505438215,182,56.619421510560635,55.04905618147318,0.0,0.0,0.0,0.0,0.0,0.0,0.0,0.0,42.7713466904431,0.0,0.0,0.0,0.9735744537057047,0.6102844362759265
2.9199999999997894,1.271981931369756,-0.00921579839121914,2.0811547069040226,-4.655190812275882,3.117439101124073,0.23761859272468389,0.7055615923067794,25.86108656476521,114,71.07961434037375,70.03270412098212,0.0,0.0,0.0,0.0,0.0,0.0,0.0,0.0,28.514231126962066,0.0,0.0,0.0,0.9591271551836481,0.6390544332654784
2.9399999999997872,1.287657545861612,-0.011055426428511114,2.0890000799544186,-5.196724579824419,3.3962411755597874,0.43619017292756707,0.7203743948711864,25.940746685708667,140,80.7197428935825,63.355136080654745,0.0,0.0,0.0,0.0,0.0,16.666666666666668,0.0,0.0,19.00948741797471,0.0,0.0,0.0,1.001175209398918,0.6840342248601642
2.959999999999785,1.303387299482799,-0.013154192219550371,2.097185550789699,-5.794698907036548,3.7038993307834502,0.4296823375072669,0.8135829299141242,25.989513954975127,166,87.14649526238834,75.5700907204365,0.0,0.0,0.0,0.0,0.0,11.11111111111111,0.0,0.0,29.339658278649807,0.0,0.0,0.0,1.0808868321057385,0.6882209589883035
2.979999999999783,1.3191647845202317,-0.015531459944194184,2.1056584890220233,-6.461470317563316,4.050867151839896,0.5642326694492891,0.7090552866094161,26.002391321331682,145,74.76433017492556,67.04672714695766,0.0,0.0,0.0,16.666666666666668,0.0,7.4074074074074066,0.0,0.0,19.559772185766537,0.0,0.0,0.0,1.004828947502017,0.742611702277032
2.9999999999997806,1.3349784038061752,-0.018201671352149548,2.1142707671705048,-7.178898267697788,4.414807309910563,0.37615511296619264,0.639370191072944,25.977166069244706,134,66.50955344995037,61.36448476463844,0.0,0.0,0.0,11.11111111111111,0.0,4.93827160493827,0.0,0.0,13.039848123844358,0.0,0.0,0.0,0.9541236910995358,0.5982736425912927
3.0199999999997784,1.3508156968916247,-0.021177498178547076,2.1228633395286676,-7.939627109056683,4.786175494802567,0.528547853088573,0.5095801273819628,25.91505836830394,139,61.00636896663358,40.90965650975896,0.0,0.0,0.0,7.4074074074074066,0.0,3.292181069958847,0.0,0.0,42.02656541589624,0.0,0.0,0.0,0.8428008069862538,0.42464888866251294
3.039999999999776,1.36667174836581,-0.02448665776298916,2.131456311749851,-8.752596462417232,5.172162322575069,0.49125412428127085,0.6730534182546418,25.818816195362263,157,74.00424597775572,60.60643767317264,0.0,0.0,0.0,4.93827160493827,0.0,2.1947873799725643,0.0,0.0,44.68437694393083,0.0,0.0,0.0,1.0528232770089239,0.6700961631331097
3.059999999999774,1.382542034411388,-0.028159558905125955,2.1400949100782727,-9.603579203444202,5.555896755859586,0.46639163840973613,0.6153689455030945,25.675425120969336,147,66.00283065183714,57.07095844878176,0.0,0.0,0.0,3.292181069958847,0.0,1.4631915866483762,16.666666666666668,0.0,29.78958462928722,0.0,0.0,0.0,0.9861199107708071,0.6531291242352827
3.079999999999772,1.3984182609836588,-0.032220289411946997,2.148755828166463,-10.482747405670942,5.925945197491594,0.449816647828713,0.6602459636687297,25.477826424059753,116,77.3352204345581,54.71397229918784,0.0,0.0,0.0,2.1947873799725643,0.0,0.9754610577655841,11.11111111111111,0.0,36.52638975285815,0.0,0.0,0.0,1.019170379790357,0.5386185905634598
3.0999999999997696,1.414287145066423,-0.03667711289351937,2.1572952307422124,-11.363097583517273,6.253756636626054,0.29987776521914195,0.4401639757791531,25.227981775831832,104,51.55681362303873,36.47598153279189,0.0,0.0,0.0,1.4631915866483762,0.0,0.6503073718437227,7.4074074074074066,0.0,24.350926501905434,0.0,0.0,0.0,0.8603254728318143,0.41067864757894224
3.1199999999997674,1.4301361313194831,-0.04153576063669692,2.1655834555673636,-12.231276088936491,6.527063849072031,0.3388073990349836,0.4601093171861021,24.94280529271891,141,51.037875748692485,40.983987688527925,0.0,0.0,0.0,0.9754610577655841,0.0,0.4335382478958151,4.93827160493827,0.0,32.900617667936956,0.0,0.0,0.0,0.831948248037747,0.45438432026418646
3.139999999999765,1.4459588396665577,-0.046815259103947106,2.1736441817500824,-13.077245884236007,6.737822152768682,0.22587159935665566,0.47340621145740136,24.626839078555896,154,50.69191716579499,43.98932512568528,0.0,0.0,0.0,0.6503073718437227,0.0,0.28902549859721005,3.292181069958847,0.0,21.93374511195797,0.0,0.0,0.0,0.8905494780199967,0.5351210225909849
3.159999999999763,1.4617489843462006,-0.05252946659565836,2.181493002683304,-13.898552504637873,6.887188472000295,0.2894699551266593,0.48227080763826763,24.261913751924798,127,50.461278110529996,45.99288341712352,0.0,0.0,0.0,0.4335382478958151,0.0,0.19268366573147336,2.1947873799725643,0.0,31.28916340797198,0.0,0.0,0.0,0.8262577915482149,0.45994652280059467
3.179999999999761,1.4774970882088974,-0.05867182839642786,2.1890239403807845,-14.69206420862189,6.975759766821979,0.19297997008443954,0.321513871758845,23.85143681816586,103,33.64085207368666,30.661922278082347,0.0,0.0,0.0,0.28902549859721005,0.0,0.12845577715431555,1.4631915866483762,0.0,20.85944227198132,0.0,0.0,0.0,0.7058772873887323,0.30663101520039643
3.1999999999997586,1.493192892566457,-0.06522336021097128,2.1960717846802407,-15.459611180409961,7.010089982731259,0.2675422022785153,0.21434258117256333,23.424299960664435,115,22.427234715791105,20.441281518721564,0.0,0.0,0.0,0.19268366573147336,0.0,0.0856371847695437,0.9754610577655841,0.0,30.572961514654214,0.0,0.0,0.0,0.6514634112307311,0.25602026400356664
3.2199999999997564,1.5088359217256864,-0.07220218166223524,2.2027745664238187,-16.200634989440736,6.9939811834811065,0.17836146818567683,0.4762283874483756,23.002656618979973,129,48.28482314386074,46.960854345814376,0.0,0.0,0.0,0.12845577715431555,0.0,0.05709145651302913,0.6503073718437227,0.0,20.381974343102808,0.0,0.0,0.0,0.7443864602003324,0.48027769922219204
3.239999999999754,1.5244274832325024,-0.07962895494624873,2.2093124689267984,-16.918433671828872,6.93570141587077,0.2577965343460068,0.4841522582989171,22.525201547364624,139,48.85654876257383,47.973902897209584,0.0,0.0,0.0,0.0856371847695437,0.0,0.038060971008686086,17.100204914562486,0.0,13.587982895401872,0.0,0.0,0.0,0.8838545393583612,0.500783688026353
3.259999999999752,1.5399616689495341,-0.08748266942300785,2.215579018610702,-17.613204800024025,6.839765019854129,0.17186435623067123,0.32276817219927806,21.98010946321465,113,32.57103250838255,31.982601931473056,0.0,0.0,0.0,0.05709145651302913,0.0,0.02537398067245739,11.400136609708323,0.0,9.058655263601247,0.0,0.0,0.0,0.7184353259805095,0.35965558561921984
3.27999999999975,1.5554349139675379,-0.0957475950312366,2.2215250769048285,-18.268426822743752,6.693636950642645,0.11457623748711412,0.381845448132852,21.438706926593927,102,38.3806883389217,37.988401287648706,0.0,0.0,0.0,0.038060971008686086,0.0,0.01691598711497159,7.6000910731388815,0.0,6.039103509067498,0.0,0.0,0.0,0.6339956436769288,0.39456915202272036
3.2999999999997476,1.570847999716695,-0.10442180533064431,2.2272281166983894,-18.87578835135779,6.494024312325653,0.07638415832474274,0.4212302987552347,20.893356158421057,142,42.2537922259478,41.99226752509914,0.0,0.0,0.0,0.02537398067245739,0.0,0.011277324743314394,5.066727382092587,0.0,4.026069006044999,0.0,0.0,0.0,0.7327412818311309,0.44364465656003854
3.3199999999997454,1.5862021988490762,-0.11349638623474778,2.232739845354542,-19.45228773094058,6.264153497839598,0.18981166110538406,0.4474868658368231,20.31618514698012,137,44.835861483965196,44.661511683399425,0.0,0.0,0.0,0.01691598711497159,0.0,0.007518216495542929,3.3778182547283913,0.0,19.350712670696666,0.0,0.0,0.0,0.8244115005489193,0.6053606275931733
3.339999999999743,1.6014976944145698,-0.12295073470177857,2.2380364768965846,-20.006497352657554,6.017150804708744,0.12654110740358934,0.38165791055788206,0.0,17,29.890574322643463,46.44100778893295,0.0,0.0,0.0,0.011277324743314394,0.0,0.005012144330361953,2.251878836485594,0.0,12.900475113797777,0.0,0.0,0.0,0.6529668401592279,0.48097313253373575
3.359999999999741,1.616732735469479,-0.13275143360941086,2.242996278069851,-20.52678677673943,5.744878680370071,0.08436073826905957,0.254438607038588,0.0,0,19.927049548428975,30.96067185928863,0.0,0.0,0.0,0.007518216495542929,0.0,0.003341429553574635,1.5012525576570628,0.0,8.60031674253185,0.0,0.0,0.0,0.4353112267728186,0.32064875502249046
3.3799999999997388,1.6319062201637942,-0.14286463280979353,2.2474979253209924,-21.0075177456155,5.445641713228024,0.05624049217937303,0.16962573802572536,0.0,0,13.28469969895265,20.64044790619242,0.0,0.0,0.0,0.005012144330361953,0.0,0.0022276197023830898,1.0008350384380418,0.0,5.733544495021233,0.0,0.0,0.0,0.2902074845152124,0.2137658366816603
3.3999999999997366,1.6470191262388467,-0.15326234984230533,2.25147501292538,-21.446809731680545,5.1216211400013485,0.037493661452915356,0.11308382535048356,0.0,0,8.856466465968433,13.76029860412828,0.0,0.0,0.0,0.003341429553574635,0.0,0.0014850798015887264,0.6672233589586944,0.0,3.822362996680822,0.0,0.0,0.0,0.1934716563434749,0.14251055778777352
3.4199999999997344,1.6620740308787454,-0.16391989006362548,2.2548971303812064,-21.845078332624208,4.7771800169127925,0.024995774301943573,0.07538921690032238,0.0,0,5.904310977312289,9.173532402752187,0.0,0.0,0.0,0.0022276197023830898,0.0,0.000990053201059151,0.44481557263912963,0.0,2.5482419977872146,0.0,0.0,0.0,0.12898110422898326,0.09500703852518234
3.439999999999732,1.6770747427786847,-0.17481431228603025,2.2577572412291578,-22.20408550435793,4.417752324232599,0.016663849534629047,0.05025947793354825,0.0,0,3.9362073182081923,6.115688268501458,0.0,0.0,0.0,0.0014850798015887264,0.0,0.0006600354673727672,0.29654371509275307,0.0,1.6988279985248096,0.0,0.0,0.0,0.08598740281932217,0.0633380256834549
3.45999999999973,1.692026007530163,-0.1859235700299843,2.2600632701999848,-22.526327869545064,4.0491238265064675,0.01110923302308603,0.0335063186223655,0.0,0,2.624138212138795,4.077125512334305,0.0,0.0,0.0,0.000990053201059151,0.0,0.0004400236449151781,0.19769581006183537,0.0,1.1325519990165396,0.0,0.0,0.0,0.05732493521288144,0.04222535045563659
3.4799999999997278,1.7069332623609903,-0.19722608574111025,2.261832502253911,-22.81464761076992,3.6769758824379424,0.0074061553487240195,0.022337545748243665,0.0,0,1.7494254747591964,2.7180836748895367,0.0,0.0,0.0,0.0006600354673727672,0.0,0.0002933490966101187,0.13179720670789025,0.0,0.7550346660110263,0.0,0.0,0.0,0.03821662347525429,0.02815023363709106
3.4999999999997256,1.7218024266139706,-0.20870059624866963,2.263087861711854,-23.07198931478794,3.30660579085883,0.004937436899149345,0.014891697165495776,0.0,0,1.1662836498394642,1.812055783259691,0.0,0.0,0.0,0.0004400236449151781,0.0,0.0001955660644067458,0.08786480447192682,0.0,0.5033564440073508,0.0,0.0,0.0,0.02547774898350286,0.018766822424727374
3.5199999999997234,1.7366397206334334,-0.2203261613051851,2.263855449309117,-23.30125201778097,2.9427655922104745,0.003291624599432897,0.009927798110330517,0.0,0,0.7775224332263094,1.208037188839794,0.0,0.0,0.0,0.0002933490966101187,0.0,0.00013037737627116385,0.05857653631461788,0.0,0.33557096267156716,0.0,0.0,0.0,0.016985165989001905,0.012511214949818248
3.539999999999721,1.7514515091694973,-0.23208226325251655,2.264162921319311,-23.50520292523122,2.5895801811942363,0.002194416399621931,0.006618532073553678,0.0,0,0.5183482888175396,0.805358125893196,0.0,0.0,0.0,0.0001955660644067458,0.0,8.691825084744256e-05,0.03905102420974525,0.0,0.2237139751143781,0.0,0.0,0.0,0.011323443992667936,0.008340809966545498
3.559999999999719,1.7662441670910538,-0.24394895053727056,2.264038432437039,-23.686430726796885,2.2505182533135972,0.0014629442664146205,0.004412354715702452,0.0,0,0.3455655258783597,0.5369054172621306,0.0,0.0,0.0,0.00013037737627116385,0.0,5.79455005649617e-05,0.02603401613983017,0.0,0.14914265007625205,0.0,0.0,0.0,0.007548962661778624,0.005560539977696998
3.5799999999997167,1.78102396589096,-0.25590699463045186,2.2635099558848975,-23.84732402109843,1.928398096808839,0.0009752961776097471,0.0029415698104683008,0.0,0,0.2303770172522398,0.35793694484142036,0.0,0.0,0.0,8.691825084744256e-05,0.0,3.8630333709974463e-05,0.017356010759886777,0.0,0.09942843338416803,0.0,0.0,0.0,0.005032641774519083,0.0037070266517979984
3.5999999999997145,1.7957969796577995,-0.26793804134629867,2.2626048555325595,-23.990065392494518,1.6254159464184237,0.0006501974517398312,0.0019610465403122005,0.0,0,0.15358467816815985,0.23862462989428024,0.0,0.0,0.0,5.79455005649617e-05,0.0,2.5753555806649642e-05,0.011570673839924517,0.0,0.06628562225611201,0.0,0.0,0.0,0.0033550945163460548,0.0024713511011986654
3.6199999999997123,1.8105690091603428,-0.2800247452832894,2.2613496258591748,-24.11663499975826,1.3431884648900212,0.00043346496782655414,0.0013073643602081336,0.0,0,0.10238978544543989,0.1590830865961868,0.0,0.0,0.0,3.8630333709974463e-05,0.0,1.7169037204433095e-05,0.0077137825599496775,0.0,0.044190414837408,0.0,0.0,0.0,0.0022367296775640364,0.0016475674007991102
3.63999999999971,1.8253455225948434,-0.29215088128836203,2.259769743117381,-24.228819718160192,1.0828035296621163,0.0002889766452177027,0.0008715762401387556,0.0,0,0.06825985696362659,0.10605539106412454,0.0,0.0,0.0,2.5753555806649642e-05,0.0,1.1446024802955397e-05,0.005142521706633118,0.0,0.029460276558272,0.0,0.0,0.0,0.001491153118376024,0.0010983782671994068
3.659999999999708,1.8401316114548247,-0.304301430277637,2.2578895895623234,-24.32822530457428,0.8448752860676836,0.00019265109681180183,0.0005810508267591704,0.0,0,0.04550657130908439,0.07070359404274969,0.0,0.0,0.0,1.7169037204433095e-05,0.0,7.630683201970264e-06,0.0034283478044220784,0.0,0.019640184372181332,0.0,0.0,0.0,0.0009941020789173494,0.0007322521781329378
3.6799999999997057,1.8549319599279404,-0.31646263898784316,2.2557324250808803,-24.416289985293222,0.6296006575576474,0.0001284340645412012,0.0003873672178394469,0.0,0,0.03033771420605626,0.04713572936183312,0.0,0.0,0.0,1.1446024802955397e-05,0.0,5.087122134646843e-06,0.0022855652029480523,0.0,0.013093456248120888,0.0,0.0,0.0,0.0006627347192782329,0.0004881681187552919
3.6999999999997035,1.8697508262123002,-0.3286220546626377,2.2533203889836346,-24.494298468491664,0.43681535916758957,8.562270969413414e-05,0.00025824481189296456,0.0,0,0.020225142804037505,0.03142381957455541,0.0,0.0,0.0,7.630683201970264e-06,0.0,3.3914147564312283e-06,0.0015237101352987014,0.0,0.008728970832080591,0.0,0.0,0.0,0.00044182314618548856,0.0003254454125035279
3.7199999999997013,1.884592034172175,-0.3407685365569418,2.2506745204302683,-24.56339577086865,0.2660480634318451,5.708180646275609e-05,0.00017216320792864302,0.0,0,0.013483428536025003,0.020949213049703604,0.0,0.0,0.0,5.087122134646843e-06,0.0,2.260943170954152e-06,0.001015806756865801,0.0,0.005819313888053727,0.0,0.0,0.0,0.00029454876412365904,0.00021696360833568527
3.739999999999699,1.8994589738129948,-0.3528922466472548,2.247814789832587,-24.624600495880927,0.11657179858377698,3.805453764183739e-05,0.00011477547195242869,0.0,0,0.008988952357350002,0.013966142033135735,0.0,0.0,0.0,3.3914147564312283e-06,0.0,1.507295447302768e-06,0.0006772045045772006,0.0,0.003879542592035818,0.0,0.0,0.0,0.000196365842749106,0.0001446424055571235
3.759999999999697,1.914354609139866,-0.3649846221870547,2.2447601362100484,-24.678817358546542,-0.01254802916154725,2.5369691761224926e-05,7.651698130161912e-05,0.0,0,0.005992634904900001,0.009310761355423823,0.0,0.0,0.0,2.260943170954152e-06,0.0,1.0048636315351785e-06,0.00045146966971813373,0.0,0.0025863617280238787,0.0,0.0,0.0,0.00013091056183273732,9.642827037141566e-05
3.7799999999996947,1.929281492064836,-0.37703833282590443,2.241528507257816,-24.72684885141286,-0.12240936823843253,1.6913127840816616e-05,5.101132086774608e-05,0.0,0,0.0039950899366,0.006207174236949215,0.0,0.0,0.0,1.507295447302768e-06,0.0,6.69909087690119e-07,0.00030097977981208914,0.0,0.001724241152015919,0.0,0.0,0.0,8.727370788849155e-05,6.428551358094378e-05
3.7999999999996925,1.9442417811395016,-0.3890472249748707,2.238136900094582,-24.769406008974343,-0.21423321766450015,1.1275418560544412e-05,3.400754724516405e-05,0.0,0,0.0026633932910666664,0.004138116157966143,0.0,0.0,0.0,1.0048636315351785e-06,0.0,4.4660605846007933e-07,0.00020065318654139276,0.0,0.0011494941013439459,0.0,0.0,0.0,5.818247192566103e-05,4.2857009053962515e-05
3.8199999999996903,1.959237264006021,-0.40100625598797435,2.234601401468303,-24.807118267138083,-0.28932736633284517,7.516945707029605e-06,2.2671698163442694e-05,0.0,0,0.0017755955273777776,0.0027587441053107615,0.0,0.0,0.0,6.69909087690119e-07,0.0,2.9773737230671954e-07,0.00013376879102759516,0.0,0.0007663294008959638,0.0,0.0,0.0,3.878831461710735e-05,2.8571339369308342e-05
3.839999999999688,1.9742693825772608,-0.4129114205664959,2.2309372267359926,-24.84054243889711,-0.3490541585261852,5.011297138019737e-06,1.5114465442295131e-05,0.0,0,0.001183730351585185,0.001839162736873841,0.0,0.0,0.0,4.4660605846007933e-07,0.0,1.9849158153781303e-07,8.917919401839677e-05,0.0,0.0005108862672639758,0.0,0.0,0.0,2.58588764114049e-05,1.9047559579538894e-05
3.859999999999686,1.9893392600726423,-0.42475967159892686,2.2271587572839233,-24.870170842619945,-0.39480219479162304,3.340864758679824e-06,1.0076310294863419e-05,0.0,0,0.0007891535677234567,0.0012261084912492271,0.0,0.0,0.0,2.9773737230671954e-07,0.0,1.3232772102520867e-07,5.945279601226451e-05,0.0,0.0003405908448426505,0.0,0.0,0.0,1.7239250940936598e-05,1.269837305302593e-05
3.8799999999996837,2.0044477291480907,-0.43654883743762957,2.2232795762755626,-24.89643862867753,-0.42796182167949776,2.227243172453216e-06,6.7175401965756124e-06,0.0,0,0.0005261023784823044,0.000817405660832818,0.0,0.0,0.0,1.9849158153781303e-07,0.0,8.821848068347244e-08,3.963519734150967e-05,0.0,0.00022706056322843368,0.0,0.0,0.0,1.1492833960624399e-05,8.465582035350618e-06
3.8999999999996815,2.019595360464792,-0.44827753739352894,2.2193125027472944,-24.9197303555907,-0.4499042224628819,1.4848287816354774e-06,4.4783601310504074e-06,0.0,0,0.0003507349189882029,0.0005449371072218786,0.0,0.0,0.0,1.3232772102520867e-07,0.0,5.881232045564829e-08,2.642346489433978e-05,0.0,0.0001513737088189558,0.0,0.0,0.0,7.661889307082932e-06,5.643721356900412e-06
3.9199999999996793,2.0347824911412062,-0.45994509700947983,2.215269624145067,-24.940385869764214,-0.4619638910011985,9.898858544236515e-07,2.9855734207002718e-06,0.0,0,0.0002338232793254686,0.00036329140481458573,0.0,0.0,0.0,8.821848068347244e-08,0.0,3.9208213637098857e-08,1.7615643262893188e-05,0.0,0.00010091580587930386,0.0,0.0,0.0,5.107926204721955e-06,3.7624809046002746e-06
3.939999999999677,2.0500092526253253,-0.4715514644565209,2.21116232742877,-24.958705543960207,-0.4654242502706866,6.59923902949101e-07,1.990382280466848e-06,0.0,0,0.00015588218621697905,0.0002421942698763905,0.0,0.0,0.0,5.881232045564829e-08,0.0,2.6138809091399238e-08,1.1743762175262125e-05,0.0,6.72772039195359e-05,0.0,0.0,0.0,3.405284136481303e-06,2.5083206030668496e-06
3.959999999999675,2.065275597609102,-0.48309712918886893,2.207001328879554,-24.97495492944539,-0.46150616410638995,4.39949268632734e-07,1.3269215203112315e-06,0.0,0,0.00010392145747798603,0.00016146284658426032,0.0,0.0,0.0,3.9208213637098857e-08,0.0,1.742587272759949e-08,7.829174783508083e-06,0.0,4.48514692796906e-05,0.0,0.0,0.0,2.2701894243208684e-06,1.6722137353778997e-06
3.9799999999996727,2.0805813256842285,-0.4945830437960157,2.202796702738406,-24.989368875546123,-0.45135908406296893,2.9329951242182266e-07,8.846143468741545e-07,0.0,0,6.928097165199068e-05,0.0001076418977228402,0.0,0.0,0.0,2.6138809091399238e-08,0.0,1.1617248485066327e-08,5.219449855672055e-06,0.0,2.9900979519793735e-05,0.0,0.0,0.0,1.5134596162139123e-06,1.1148091569185997e-06
3.9999999999996705,2.095926107508017,-0.5060105498056698,2.198557908789061,-25.002155168392502,-0.436054571914035,1.9553300828121508e-07,5.897428979161029e-07,0.0,0,4.618731443466045e-05,7.176126514856014e-05,0.0,0.0,0.0,1.742587272759949e-08,0.0,7.74483232337755e-09,3.4796332371147034e-06,0.0,1.9933986346529155e-05,0.0,0.0,0.0,1.0089730774759415e-06,7.432061046123998e-07
4.019999999999677,2.1113095073101564,-0.5173813080208975,2.194293818979358,-25.013497738105155,-0.4165819412513972,1.303553388541434e-07,3.931619319440686e-07,0.0,0,3.0791542956440296e-05,4.7840843432373425e-05,0.0,0.0,0.0,1.1617248485066327e-08,0.0,5.163221548918367e-09,2.319755491409802e-06,0.0,1.3289324231019436e-05,0.0,0.0,0.0,6.726487183172943e-07,4.954707364082665e-07
4.039999999999684,2.126731003625875,-0.5286972338195197,2.1900127431556533,-25.023559480724142,-0.393845768124886,8.69035592360956e-08,2.6210795462937904e-07,0.0,0,2.052769530429353e-05,3.189389562158228e-05,0.0,0.0,0.0,7.74483232337755e-09,0.0,3.4421476992789113e-09,1.5465036609398678e-06,0.0,8.859549487346291e-06,0.0,0.0,0.0,4.4843247887819623e-07,3.303138242721776e-07
4.0599999999996905,2.1421900081888605,-0.5399604377040449,2.185722453966703,-25.03248473793045,-0.3686650299908031,5.793570615739707e-08,1.7473863641958602e-07,0.0,0,1.3685130202862352e-05,2.1262597081054853e-05,0.0,0.0,0.0,5.163221548918367e-09,0.0,2.2947651328526076e-09,1.0310024406265786e-06,0.0,5.906366324897527e-06,0.0,0.0,0.0,2.989549859187975e-07,2.2020921618145174e-07
4.079999999999697,2.1576858829584573,-0.5511731712662566,2.181430210977718,-25.040401474181138,-0.34177364380796965,3.8623804104931374e-08,1.1649242427972401e-07,0.0,0,9.123420135241568e-06,1.4175064720703236e-05,0.0,0.0,0.0,3.4421476992789113e-09,0.0,1.5298434219017384e-09,6.87334960417719e-07,0.0,3.9375775499316846e-06,0.0,0.0,0.0,1.99303323945865e-07,1.468061441209678e-07
4.099999999999704,2.1732179552907347,-0.5623377786217887,2.1771427840224864,-25.047423187374342,-0.3138221874026147,2.5749202736620915e-08,7.766161618648268e-08,0.0,0,6.0822800901610444e-06,9.45004314713549e-06,0.0,0.0,0.0,2.2947651328526076e-09,0.0,1.019895614601159e-09,4.58223306945146e-07,0.0,2.625051699954456e-06,0.0,0.0,0.0,1.3286888263057666e-07,9.787076274731186e-08
4.119999999999711,2.188785531292265,-0.5734566532762041,2.1728664758116896,-25.053650585668542,-0.2853806027490835,1.7166135157747277e-08,5.1774410790988446e-08,0.0,0,4.054853393440696e-06,6.300028764756993e-06,0.0,0.0,0.0,1.5298434219017384e-09,0.0,6.799304097341059e-10,3.0548220463009733e-07,0.0,1.750034466636304e-06,0.0,0.0,0.0,8.85792550870511e-08,6.524717516487457e-08
4.139999999999717,2.20438790741948,-0.5845322003045826,2.1686071438087,-25.05917305967909,-0.2569416951725262,1.1444090105164848e-08,3.451627386065896e-08,0.0,0,2.7032355956271303e-06,4.200019176504662e-06,0.0,0.0,0.0,1.019895614601159e-09,0.0,4.5328693982273727e-10,2.0365480308673155e-07,0.0,1.1666896444242025e-06,0.0,0.0,0.0,5.905283672470073e-08,4.349811677658304e-08
4.159999999999724,2.220024380405605,-0.5955668036606103,2.1643702213797127,-25.064069976021884,-0.2289252583153024,7.629393403443232e-09,2.3010849240439307e-08,0.0,0,1.8021570637514202e-06,2.800012784336441e-06,0.0,0.0,0.0,6.799304097341059e-10,0.0,3.0219129321515816e-10,1.357698687244877e-07,0.0,7.777930962828016e-07,0.0,0.0,0.0,3.936855781646715e-08,2.8998744517722027e-08
4.179999999999731,2.2356942556119965,-0.6065627983777921,2.160160738222857,-25.068411815119003,-0.20168267071253307,5.0862622689621544e-09,1.534056616029287e-08,0.0,0,1.2014380425009467e-06,1.8666751895576274e-06,0.0,0.0,0.0,4.5328693982273727e-10,0.0,2.0146086214343877e-10,9.051324581632512e-08,0.0,5.18528730855201e-07,0.0,0.0,0.0,2.6245705210978097e-08,1.9332496345148016e-08
4.199999999999737,2.251396853911552,-0.6175224473836272,2.155983340080355,-25.072261173353745,-0.17550182573083087,3.3908415126414364e-09,1.0227044106861912e-08,0.0,0,8.009586950006311e-07,1.2444501263717516e-06,0.0,0.0,0.0,3.0219129321515816e-10,0.0,1.3430724142895917e-10,6.034216387755007e-08,0.0,3.45685820570134e-07,0.0,0.0,0.0,1.749713680731873e-08,1.2888330896765344e-08
4.219999999999744,2.267131517219263,-0.6284479226164215,2.151842307738418,-25.075673647084,-0.15061227221600565,2.260561008427624e-09,6.818029404574609e-09,0.0,0,5.33972463333754e-07,8.296334175811677e-07,0.0,0.0,0.0,2.0146086214343877e-10,0.0,8.953816095263944e-11,4.022810925170004e-08,0.0,2.3045721371342267e-07,0.0,0.0,0.0,1.166475787154582e-08,8.592220597843563e-09
4.239999999999751,2.282897612789375,-0.6393412901127449,2.1477415753211146,-25.078698613701604,-0.12719045828699024,1.5070406722850826e-09,4.545352936383071e-09,0.0,0,3.5598164222250265e-07,5.530889450541117e-07,0.0,0.0,0.0,1.3430724142895917e-10,0.0,5.969210730175962e-11,2.681873950113336e-08,0.0,1.5363814247561512e-07,0.0,0.0,0.0,7.776505247697213e-09,5.728147065229042e-09
4.259999999999757,2.2986945364002636,-0.6502044987203485,2.1436847478864323,-25.081379922860553,-0.10536498515572056,1.0046937815233884e-09,3.030235290922048e-09,0.0,0,2.3732109481500177e-07,3.687259633694078e-07,0.0,0.0,0.0,8.953816095263944e-11,0.0,3.979473820117308e-11,1.787915966742224e-08,0.0,1.0242542831707673e-07,0.0,0.0,0.0,5.184336831798141e-09,3.8187647101526945e-09
4.279999999999764,2.31452171454769,-0.6610393720855702,2.1396751183350204,-25.083756509180407,-0.08522179152942039,6.697958543489257e-10,2.0201568606146984e-09,0.0,0,1.5821406321000118e-07,2.458173089129385e-07,0.0,0.0,0.0,5.969210730175962e-11,0.0,2.6529825467448718e-11,1.1919439778281493e-08,0.0,6.828361887805116e-08,0.0,0.0,0.0,3.456224554532094e-09,2.545843140101796e-09
4.299999999999771,2.33037860576459,-0.6718476035648766,2.1357156836443267,-25.085862936148963,-0.06680920197442042,4.465305695659504e-10,1.346771240409799e-09,0.0,0,1.0547604214000079e-07,1.6387820594195899e-07,0.0,0.0,0.0,3.979473820117308e-11,0.0,1.7686550311632478e-11,7.946293185520995e-09,0.0,4.552241258536744e-08,0.0,0.0,0.0,2.304149703021396e-09,1.697228760067864e-09
4.319999999999777,2.3462647011816515,-0.6826307537162342,2.1318091604429736,-25.08772987958342,-0.05014278452673988,2.9768704637730023e-10,8.978474936065325e-10,0.0,0,7.031736142666719e-08,1.0925213729463932e-07,0.0,0.0,0.0,2.6529825467448718e-11,0.0,1.1791033541088317e-11,5.29752879034733e-09,0.0,3.034827505691162e-08,0.0,0.0,0.0,1.5360998020142638e-09,1.1314858400452425e-09
4.339999999999784,2.3621795244376567,-0.6933902500365832,2.1279579999420393,-25.08938455783941,-0.03520997378429102,1.9845803091820015e-10,5.985649957376883e-10,0.0,0,4.687824095111146e-08,7.283475819642621e-08,0.0,0.0,0.0,1.7686550311632478e-11,0.0,7.860689027392212e-12,3.531685860231553e-09,0.0,2.0232183371274414e-08,0.0,0.0,0.0,1.0240665346761759e-09,7.543238933634949e-10
4.359999999999791,2.378122631042411,-0.7041273886259329,2.1241644022414348,-25.09085111496372,-0.02197442568882513,1.3230535394546675e-10,3.990433304917922e-10,0.0,0,3.1252160634074305e-08,4.8556505464284137e-08,0.0,0.0,0.0,1.1791033541088317e-11,0.0,5.240459351594807e-12,2.3544572401543687e-09,0.0,1.3488122247516276e-08,0.0,0.0,0.0,6.827110231174506e-10,5.028825955756632e-10
4.379999999999797,2.3940936072881533,-0.7148433374757525,2.120430330030713,-25.09215096214547,-0.010380079199971288,8.820356929697784e-11,2.6602888699452814e-10,0.0,0,2.0834773756049537e-08,3.237100364285609e-08,0.0,0.0,0.0,7.860689027392212e-12,0.0,3.4936395677298714e-12,1.5696381601029125e-09,0.0,8.992081498344183e-09,0.0,0.0,0.0,4.5514068207830036e-10,3.352550637171088e-10
4.399999999999804,2.410092068797965,-0.7255391410986594,2.116757521704458,-25.09330308211154,-0.00035490809108027757,5.880237953131854e-11,1.773525913296854e-10,0.0,0,1.388984917069969e-08,2.158066909523739e-08,0.0,0.0,0.0,5.240459351594807e-12,0.0,2.3290930451532474e-12,1.0464254400686083e-09,0.0,5.994720998896121e-09,0.0,0.0,0.0,3.0342712138553357e-10,2.2350337581140586e-10
4.419999999999811,2.4261176587919917,-0.7362157262373173,2.11314750391285,-25.094324300516785,0.008185646818356058,3.920158635421237e-11,1.1823506088645693e-10,0.0,0,9.259899447133126e-09,1.438711273015826e-08,0.0,0.0,0.0,3.4936395677298714e-12,0.0,1.5527286967688314e-12,6.976169600457388e-10,0.0,3.9964806659307476e-09,0.0,0.0,0.0,2.022847475903557e-10,1.4900225054093724e-10
4.439999999999817,2.4421700461444864,-0.7468739084123113,2.109601603568157,-25.095229527878292,0.015335568501380735,2.6134390902808242e-11,7.882337392430463e-11,0.0,0,6.17326629808875e-09,9.591408486772174e-09,0.0,0.0,0.0,2.3290930451532474e-12,0.0,1.0351524645125542e-12,4.6507797336382583e-10,0.0,2.6643204439538316e-09,0.0,0.0,0.0,1.3485649839357046e-10,9.933483369395816e-11
4.459999999999824,2.458248923296869,-0.7575143990911717,2.1061209593278005,-25.096031975181038,0.02119547582790647,1.7422927268538828e-11,5.254891594953641e-11,0.0,0,4.1155108653925e-09,6.394272324514782e-09,0.0,0.0,0.0,1.5527286967688314e-12,0.0,6.901016430083694e-13,3.1005198224255055e-10,0.0,1.7762136293025542e-09,0.0,0.0,0.0,8.990433226238031e-11,6.622322246263877e-11
4.479999999999831,2.4743540040843737,-0.7681378132831282,2.1027065325742975,-25.096743345925116,0.025870150631143875,1.1615284845692549e-11,3.503261063302427e-11,0.0,0,2.7436739102616667e-09,4.2628482163431875e-09,0.0,0.0,0.0,1.0351524645125542e-12,0.0,4.600677620055795e-13,2.0670132149503368e-10,0.0,1.184142419535036e-09,0.0,0.0,0.0,5.993622150825354e-11,4.414881497509251e-11
4.4999999999998375,2.490485021526423,-0.7787446773863439,2.0993591179119035,-25.09737400708055,0.02946636969529663,7.7435232304617e-12,2.335507375534951e-11,0.0,0,1.8291159401744444e-09,2.8418988108954583e-09,0.0,0.0,0.0,6.901016430083694e-13,0.0,3.0671184133705303e-13,1.3780088099668912e-10,0.0,7.89428279690024e-10,0.0,0.0,0.0,3.995748100550236e-11,2.943254331672834e-11
4.519999999999844,2.5066417256238216,-0.7893354371359013,2.096079353199136,-25.097933141154996,0.03209102858984388,5.1623488203078e-12,1.5570049170233008e-11,0.0,0,1.2194106267829628e-09,1.8945992072636386e-09,0.0,0.0,0.0,4.600677620055795e-13,0.0,2.0447456089136867e-13,9.186725399779274e-11,0.0,5.262855197933493e-10,0.0,0.0,0.0,2.6638320670334904e-11,1.962169554448556e-11
4.539999999999851,2.522823881199138,-0.7999104655215138,2.0928677291356643,-25.09842888135268,0.033849541885986996,3.4415658802051995e-12,1.0380032780155338e-11,0.0,0,8.129404178553085e-10,1.263066138175759e-09,0.0,0.0,0.0,3.0671184133705303e-13,0.0,1.3631637392757911e-13,6.124483599852848e-11,0.0,3.508570131955662e-10,0.0,0.0,0.0,1.7758880446889934e-11,1.3081130362990372e-11
4.5599999999998575,2.539031265810433,-0.8104700705635757,2.0897245984212596,-25.09886843160542,0.03484450248513692,2.2943772534701327e-12,6.920021853436892e-12,0.0,0,5.419602785702057e-10,8.420440921171726e-10,0.0,0.0,0.0,2.0447456089136867e-13,0.0,9.087758261838608e-14,4.0829890665685654e-11,0.0,2.3390467546371076e-10,0.0,0.0,0.0,1.1839253631259955e-11,8.720753575326914e-12
4.579999999999864,2.5552636677626825,-0.8210145028546069,2.0866501845037564,-25.0992581730808,0.035174581507777906,1.529584835646755e-12,4.613347902291261e-12,0.0,0,3.613068523801371e-10,5.613627280781151e-10,0.0,0.0,0.0,1.3631637392757911e-13,0.0,6.058505507892404e-14,2.7219927110457102e-11,0.0,1.559364503091405e-10,0.0,0.0,0.0,7.892835754173302e-12,5.813835716884609e-12
4.599999999999871,2.571520884235983,-0.831543962790298,2.083644589932164,-25.099603758615665,0.0349336493749763,1.0197232237645032e-12,3.075565268194174e-12,0.0,0,2.408712349200914e-10,3.742418187187434e-10,0.0,0.0,0.0,9.087758261838608e-14,0.0,4.039003671928269e-14,1.8146618073638067e-11,0.0,1.0395763353942699e-10,0.0,0.0,0.0,5.2618905027822016e-12,3.875890477923073e-12
4.6199999999998775,2.587802719544824,-0.8420586074301194,2.0807078043302925,-25.09991019638262,0.034210098307258595,6.798154825096689e-13,2.0503768454627825e-12,0.0,0,1.605808232800609e-10,2.494945458124956e-10,0.0,0.0,0.0,6.058505507892404e-14,0.0,2.692669114618846e-14,1.2097745382425378e-11,0.0,6.930508902628465e-11,0.0,0.0,0.0,3.507927001854801e-12,2.5839269852820482e-12
4.639999999999884,2.6041089835384312,-0.8525585569418032,2.0778397120055803,-25.100181923968083,0.03308634641182069,4.532103216731125e-13,1.3669178969751883e-12,0.0,0,1.0705388218670727e-10,1.6632969720833038e-10,0.0,0.0,0.0,4.039003671928269e-14,0.0,1.7951127430792306e-14,8.065163588283585e-12,0.0,4.6203392684189764e-11,0.0,0.0,0.0,2.3386180012365337e-12,1.722617990188032e-12
4.659999999999891,2.620439490148397,-0.8630439005969299,2.075040099207058,-25.100422873924558,0.031638503777744145,3.021402144487416e-13,9.112785979834588e-13,0.0,0,7.136925479113817e-11,1.1088646480555358e-10,0.0,0.0,0.0,2.692669114618846e-14,0.0,1.196741828719487e-14,5.3767757255223896e-12,0.0,3.080226178945984e-11,0.0,0.0,0.0,1.5590786674910223e-12,1.148411993458688e-12
4.679999999999898,2.6367940560864906,-0.8735147022963592,2.0723086610458075,-25.100636531752404,0.029936181500974223,2.014268096324944e-13,6.075190653223057e-13,0.0,0,4.757950319409211e-11,7.392430987036904e-11,0.0,0.0,0.0,1.7951127430792306e-14,0.0,7.978278858129912e-15,3.5845171503482597e-12,0.0,2.0534841192973226e-11,0.0,0.0,0.0,1.0393857783273482e-12,7.656079956391253e-13
4.699999999999904,2.653172499692675,-0.8839710056143636,2.0696450080906184,-25.100825987168808,0.028042425271661647,1.3428453975499626e-13,4.050127102148705e-13,0.0,0,3.17196687960614e-11,4.9282873246912696e-11,0.0,0.0,0.0,1.196741828719487e-14,0.0,5.318852572086608e-15,2.389678100232173e-12,0.0,1.3689894128648816e-11,0.0,0.0,0.0,6.929238522182321e-13,5.104053304260835e-13
4.719999999999911,2.669574639930946,-0.8944128383591262,2.067048672651056,-25.10099397943204,0.026013756034252187,8.952302650333084e-14,2.700084734765803e-13,0.0,0,2.1146445864040933e-11,3.285524883127513e-11,0.0,0.0,0.0,7.978278858129912e-15,0.0,3.545901714724405e-15,1.5931187334881151e-12,0.0,9.126596085765877e-12,0.0,0.0,0.0,4.619492348121547e-13,3.402702202840556e-13
4.739999999999918,2.6860002955285704,-0.9048402166547876,2.064519114759624,-25.101142937407083,0.0239003012377435,5.968201766888723e-14,1.8000564898438687e-13,0.0,0,1.4097630576027289e-11,2.1903499220850086e-11,0.0,0.0,0.0,5.318852572086608e-15,0.0,2.3639344764829367e-15,1.0620791556587433e-12,0.0,6.084397390510584e-12,0.0,0.0,0.0,3.079661565414364e-13,2.2684681352270373e-13
4.759999999999924,2.702449284252655,-0.915253148556562,2.0620557278642693,-25.101275014984527,0.021746001295635406,3.978801177925815e-14,1.2000376598959124e-13,0.0,0,9.398420384018193e-12,1.4602332813900055e-11,0.0,0.0,0.0,3.545901714724405e-15,0.0,1.5759563176552912e-15,7.080527704391622e-13,0.0,4.056264927007056e-12,0.0,0.0,0.0,2.0531077102762427e-13,1.512312090151358e-13
4.779999999999931,2.7189214223166798,-0.9256516372156699,2.059657844242039,-25.101392122395676,0.019588877041814095,2.6525341186172096e-14,8.000251065972748e-14,0.0,0,6.265613589345461e-12,9.734888542600037e-12,0.0,0.0,0.0,2.3639344764829367e-15,0.0,1.0506375451035274e-15,4.720351802927747e-13,0.0,2.704176618004704e-12,0.0,0.0,0.0,1.3687384735174951e-13,1.0082080601009054e-13
4.799999999999938,2.7354165239086305,-0.936035683615021,2.0573247401443284,-25.10149595390672,0.017461345173020754,1.7683560790781396e-14,5.333500710648499e-14,0.0,0,4.177075726230307e-12,6.489925695066691e-12,0.0,0.0,0.0,1.5759563176552912e-15,0.0,7.004250300690183e-16,3.1469012019518314e-13,0.0,1.802784412003136e-12,0.0,0.0,0.0,9.1249231567833e-14,6.721387067339369e-14
4.819999999999944,2.7519344008316535,-0.9464052888998521,2.055055640683836,-25.101588012318125,0.01539056988718809,1.1789040527187598e-14,3.555667140432332e-14,0.0,0,2.7847171508202048e-12,4.32661713004446e-12,0.0,0.0,0.0,1.0506375451035274e-15,0.0,4.669500200460121e-16,2.0979341346345542e-13,0.0,1.2018562746687571e-12,0.0,0.0,0.0,6.0832821045222e-14,4.480924711559579e-14
4.839999999999951,2.7684748622477002,-0.956760456329925,2.0528497244729373,-25.101669630646196,0.013398840139586832,7.859360351458398e-15,2.3704447602882217e-14,0.0,0,1.856478100546803e-12,2.88441142002964e-12,0.0,0.0,0.0,7.004250300690183e-16,0.0,3.1130001336400804e-16,1.398622756423036e-13,0.0,8.01237516445838e-13,0.0,0.0,0.0,4.0555214030147995e-14,2.987283141039719e-14
4.859999999999958,2.7850377145143743,-0.9671011928815506,2.0507061280229752,-25.10174199131896,0.011503963128300264,5.239573567638931e-15,1.580296506858814e-14,0.0,0,1.237652067031202e-12,1.9229409466864264e-12,0.0,0.0,0.0,4.669500200460121e-16,0.0,2.0753334224267203e-16,9.324151709486906e-14,0.0,5.341583442972253e-13,0.0,0.0,0.0,2.7036809353431996e-14,1.9915220940264793e-14
4.879999999999964,2.8016227611051443,-0.9774275105286896,2.048623949913596,-25.10180614317912,0.009719665772813671,3.4930490450926206e-15,1.0535310045725428e-14,0.0,0,8.251013780208013e-13,1.2819606311242842e-12,0.0,0.0,0.0,3.1130001336400804e-16,0.0,1.3835556149511467e-16,6.216101139657937e-14,0.0,3.5610556286481684e-13,0.0,0.0,0.0,1.8024539568954662e-14,1.3276813960176529e-14
4.899999999999971,2.8182298026031973,-0.9877394272327749,2.046602254741055,-25.10186301655103,0.008055997052909259,2.32869936339508e-15,7.023540030483617e-15,0.0,0,5.500675853472008e-13,8.546404207495228e-13,0.0,0.0,0.0,2.0753334224267203e-16,0.0,9.223704099674311e-17,4.144067426438624e-14,0.0,2.3740370857654453e-13,0.0,0.0,0.0,1.201635971263644e-14,8.851209306784352e-15
4.919999999999978,2.834858636759435,-0.9980369676708026,2.044640076854094,-25.101913436598135,0.006519725120481855,1.5524662422633865e-15,4.682360020322411e-15,0.0,0,3.667117235648005e-13,5.697602804996818e-13,0.0,0.0,0.0,1.3835556149511467e-16,0.0,6.14913606644954e-17,2.7627116176257495e-14,0.0,1.5826913905102968e-13,0.0,0.0,0.0,8.01090647509096e-15,5.900806204522901e-15
4.939999999999984,2.8515090586054814,-1.0083201637307109,2.04273642388578,-25.10195813516951,0.005114724077434607,1.0349774948422576e-15,3.1215733468816073e-15,0.0,0,2.4447448237653364e-13,3.7984018699978785e-13,0.0,0.0,0.0,9.223704099674311e-17,0.0,4.099424044299693e-17,1.8418077450838328e-14,0.0,1.0551275936735312e-13,0.0,0.0,0.0,5.340604316727306e-15,3.933870803015267e-15
4.959999999999991,2.8681808606130215,-1.0185890548021679,2.0408902800894366,-25.10199776131006,0.003842346223564428,6.899849965615051e-16,2.081048897921072e-15,0.0,0,1.6298298825102243e-13,2.532267913331919e-13,0.0,0.0,0.0,6.14913606644954e-17,0.0,2.7329493628664617e-17,1.2278718300558885e-14,0.0,7.034183957823541e-14,0.0,0.0,0.0,3.5604028778182035e-15,2.622580535343511e-15
4.979999999999998,2.884873832891268,-1.0288436878897353,2.0391006094865625,-25.10203289058813,0.0027017764161583403,4.5998999770767e-16,1.387365931947381e-15,0.0,0,1.0865532550068161e-13,1.688178608887946e-13,0.0,0.0,0.0,4.099424044299693e-17,0.0,1.8219662419109743e-17,8.18581220037259e-15,0.0,4.68945597188236e-14,0.0,0.0,0.0,2.373601918545469e-15,1.7483870235623406e-15
5.000000000000004,2.90158776341496,-1.0390841175739545,2.0373663588343986,-25.102064033375306,0.001690365946292897,3.0665999847178e-16,9.24910621298254e-16,0.0,0,7.243688366712107e-14,1.1254524059252973e-13,0.0,0.0,0.0,2.7329493628664617e-17,0.0,1.2146441612739828e-17,5.457208133581726e-15,0.0,3.1263039812549066e-14,0.0,0.0,0.0,1.5824012790303125e-15,1.1655913490415603e-15
5.020000000000011,2.9183224382758475,-1.0493104058443419,2.0356864604205875,-25.10209164219758,0.0008039440253108734,2.0443999898118668e-16,6.166070808655027e-16,0.0,0,4.829125577808071e-14,7.503016039501982e-14,0.0,0.0,0.0,1.8219662419109743e-17,0.0,8.097627741826551e-18,3.6381387557211504e-15,0.0,2.0842026541699377e-14,0.0,0.0,0.0,1.0549341860202082e-15,7.770608993610401e-16
5.040000000000018,2.9350776419512887,-1.0595226218265719,2.0340598346921235,-25.102116118262625,3.7105589529652395e-05,1.3629333265412445e-16,4.110713872436684e-16,0.0,0,3.219417051872047e-14,5.002010693001321e-14,0.0,0.0,0.0,1.2146441612739828e-17,0.0,5.398418494551034e-18,2.4254258371474336e-15,0.0,1.3894684361132918e-14,0.0,0.0,0.0,7.032894573468054e-16,5.180405995740267e-16
5.0600000000000245,2.9518531575841513,-1.0697208414243609,2.032485392725607,-25.10213781725577,-0.0006165253262287281,9.086222176941629e-17,2.740475914957789e-16,0.0,0,2.1462780345813645e-14,3.334673795334214e-14,0.0,0.0,0.0,8.097627741826551e-18,0.0,3.598945663034022e-18,1.616950558098289e-15,0.0,9.263122907421945e-15,0.0,0.0,0.0,4.688596382312036e-16,3.4536039971601775e-16
5.080000000000031,2.9686487672688777,-1.0799051468947334,2.030962038545571,-25.102157054486337,-0.0011640569225494415,6.057481451294421e-17,1.8269839433051925e-16,0.0,0,1.4308520230542428e-14,2.2231158635561424e-14,0.0,0.0,0.0,5.398418494551034e-18,0.0,2.399297108689348e-18,1.0779670387321926e-15,0.0,6.17541527161463e-15,0.0,0.0,0.0,3.125730921541357e-16,2.3024026647734515e-16
5.100000000000038,2.98546425233916,-1.0900756263735463,2.029488671297451,-25.102174109457,-0.0016131155460104103,4.038320967529613e-17,1.2179892955367948e-16,0.0,0,9.539013487028284e-15,1.4820772423707615e-14,0.0,0.0,0.0,3.598945663034022e-18,0.0,1.5995314057928986e-18,7.186446924881284e-16,0.0,4.116943514409753e-15,0.0,0.0,0.0,2.0838206143609048e-16,1.5349351098489675e-16
5.1200000000000445,3.0022993936532623,-1.1002323733663224,2.028064187281563,-25.102189229920167,-0.0019716557009702776,2.692213978353075e-17,8.119928636911966e-17,0.0,0,6.359342324685522e-15,9.88051494913841e-15,0.0,0.0,0.0,2.399297108689348e-18,0.0,1.066354270528599e-18,4.790964616587522e-16,0.0,2.744629009606502e-15,0.0,0.0,0.0,1.3892137429072697e-16,1.023290073232645e-16
5.140000000000051,3.0191539718736053,-1.110375486217706,2.0266874818542324,-25.102202635478356,-0.0022477934005753187,1.7948093189020502e-17,5.4132857579413106e-17,0.0,0,4.239561549790348e-15,6.587009966092272e-15,0.0,0.0,0.0,1.5995314057928986e-18,0.0,7.109028470190659e-19,3.193976411058348e-16,0.0,1.8297526730710013e-15,0.0,0.0,0.0,9.261424952715131e-17,6.821933821550966e-17
5.160000000000058,3.036027767737749,-1.1205050675711485,2.0253574512020602,-25.102214520779313,-0.0024496618622924285,1.1965395459346999e-17,3.608857171960873e-17,0.0,0,2.8263743665268985e-15,4.391339977394848e-15,0.0,0.0,0.0,1.066354270528599e-18,0.0,4.739352313460439e-19,2.1293176073722317e-16,0.0,1.2198351153806674e-15,0.0,0.0,0.0,6.174283301810087e-17,4.547955881033977e-17
5.1800000000000646,3.052920562318409,-1.130621223828817,2.0240729939950475,-25.102225058350765,-0.0025852883698329757,7.976930306231332e-18,2.405904781307249e-17,0.0,0,1.884249577684599e-15,2.9275599849298985e-15,0.0,0.0,0.0,7.109028470190659e-19,0.0,3.159568208973626e-19,1.4195450715814877e-16,0.0,8.132234102537782e-16,0.0,0.0,0.0,4.116188867873391e-17,3.0319705873559843e-17
5.200000000000071,3.0698321372706143,-1.1407240646202084,2.0228330129241785,-25.102234401114927,-0.0026624909845633714,5.317953537487554e-18,1.603936520871499e-17,0.0,0,1.2561663851230658e-15,1.9517066566199323e-15,0.0,0.0,0.0,4.739352313460439e-19,0.0,2.1063788059824172e-19,9.463633810543252e-17,0.0,5.421489401691855e-16,0.0,0.0,0.0,2.7441259119155938e-17,2.0213137249039895e-17
5.220000000000078,3.0867622750645465,-1.1508137022865295,2.0216364161288216,-25.10224268461809,-0.002688793690832232,3.545302358325037e-18,1.0692910139143326e-17,0.0,0,8.374442567487104e-16,1.3011377710799548e-15,0.0,0.0,0.0,3.159568208973626e-19,0.0,1.4042525373216114e-19,6.309089207028834e-17,0.0,3.6143262677945697e-16,0.0,0.0,0.0,1.8294172746103958e-17,1.3475424832693262e-17
5.240000000000085,3.1037107592029516,-1.1608902513865749,2.0204821185191455,-25.102250029008058,-0.0026713584965987313,2.363534905550024e-18,7.128606759428883e-18,0.0,0,5.58296171165807e-16,8.674251807199698e-16,0.0,0.0,0.0,2.1063788059824172e-19,0.0,9.361683582144076e-20,4.206059471352556e-17,0.0,2.4095508451963796e-16,0.0,0.0,0.0,1.2196115164069305e-17,8.983616555128841e-18
5.260000000000091,3.120677374422415,-1.170953828228671,2.019369042998564,-25.102256540786342,-0.0026169329789323846,1.5756899370333493e-18,4.752404506285922e-18,0.0,0,3.721974474438713e-16,5.782834538133132e-16,0.0,0.0,0.0,1.4042525373216114e-19,0.0,6.24112238809605e-20,2.8040396475683705e-17,0.0,1.6063672301309198e-16,0.0,0.0,0.0,8.130743442712869e-18,5.989077703419227e-18
5.280000000000098,3.1376619068780496,-1.181004550432125,2.01829612159105,-25.102262314361457,-0.002531811759315689,1.050459958022233e-18,3.1682696708572813e-18,0.0,0,2.481316316292475e-16,3.8552230254220877e-16,0.0,0.0,0.0,9.361683582144076e-20,0.0,4.1607482587306996e-20,1.8693597650455802e-17,0.0,1.0709114867539465e-16,0.0,0.0,0.0,5.420495628475246e-18,3.992718468946151e-18
5.300000000000105,3.1546641443114622,-1.191042536520668,2.01726229647796,-25.10226743342523,-0.0024218104120556794,7.003066386814885e-19,2.1121797805715206e-18,0.0,0,1.6542108775283166e-16,2.570148683614725e-16,0.0,0.0,0.0,6.24112238809605e-20,0.0,2.7738321724871327e-20,1.24623984336372e-17,0.0,7.139409911692976e-17,0.0,0.0,0.0,3.6136637523168304e-18,2.6618123126307674e-18
5.320000000000111,3.1716838762020556,-1.2010679055495128,2.0162665209488866,-25.10227197217223,-0.002292250347070514,4.668710924543257e-19,1.4081198537143472e-18,0.0,0,1.1028072516855444e-16,1.71343245574315e-16,0.0,0.0,0.0,4.1607482587306996e-20,0.0,1.849221448324755e-20,8.3082656224248e-18,0.0,4.7596066077953176e-17,0.0,0.0,0.0,2.40910916821122e-18,1.7745415417538448e-18
5.340000000000118,3.1887208939019644,-1.211080776766867,2.0153077602708436,-25.102275996380186,-0.0021479532621539585,3.112473949695504e-19,9.387465691428979e-19,0.0,0,7.352048344570295e-17,1.1422883038287665e-16,0.0,0.0,0.0,2.7738321724871327e-20,0.0,1.23281429888317e-20,5.5388437482832e-18,0.0,3.173071071863545e-17,0.0,0.0,0.0,1.6060727788074801e-18,1.183027694502563e-18
5.360000000000125,3.205774990755082,-1.2210812693101132,2.014384992479967,-25.102279564367002,-0.0019932438265356342,2.074982633130336e-19,6.258310460952653e-19,20.117942806151902,77,4.901365563046863e-17,7.615255358858443e-17,0.0,0.0,0.0,1.849221448324755e-20,0.0,8.218761992554467e-21,3.6925624988554665e-18,0.0,2.1153807145756964e-17,0.0,0.0,0.0,0.07751937984496125,7.8868512966837535e-19
5.380000000000131,3.2228570412216304,-1.2310748504174767,2.0137319607197512,-25.1225335873205,0.01927160232186868,0.1388888888888889,0.33333333333333337,20.28735183697957,163,33.333333333333336,33.333333333333336,0.0,0.0,0.0,1.23281429888317e-20,0.0,5.479174661702978e-21,2.461708332570311e-18,0.0,16.666666666666668,0.0,0.0,0.0,0.46511627906976755,0.30959752321981426
5.400000000000138,3.239974139322664,-1.2410672685029247,2.01351935785503,-25.21209411247529,0.11142076092429043,0.37037037037037035,0.3055555555555556,20.470682842270918,123,22.22222222222222,38.88888888888889,0.0,0.0,0.0,8.218761992554467e-21,0.0,3.652783107801985e-21,16.666666666666668,0.0,27.77777777777778,0.0,0.0,0.0,0.5684754521963825,0.33539731682146545
5.420000000000145,3.257125666549091,-1.2510667284399497,2.0138047524683245,-25.37443610317044,0.27382723771863526,0.2469135802469136,0.4537037037037037,20.664117126543204,120,48.14814814814815,42.592592592592595,0.0,0.0,0.0,5.479174661702978e-21,0.0,2.4351887385346565e-21,11.11111111111111,0.0,18.51851851851852,0.0,0.0,0.0,0.5857019810508183,0.3783969728242174
5.440000000000151,3.2743064393404615,-1.2610852087932456,2.0145983718583533,-25.59391113509896,0.4860425373011487,0.30349794238683125,0.38580246913580246,20.858761661680074,119,32.098765432098766,45.06172839506173,0.0,0.0,0.0,3.652783107801985e-21,0.0,1.6234591590231043e-21,7.4074074074074066,0.0,29.01234567901235,0.0,0.0,0.0,0.5971863336204422,0.4328632037610366
5.460000000000158,3.2915066921730594,-1.271136641032561,2.0158490424067526,-25.85646083164754,0.7294163212760637,0.20233196159122085,0.4238683127572017,21.048720420095286,125,54.73251028806585,30.041152263374485,0.0,0.0,0.0,2.4351887385346565e-21,0.0,1.0823061060154028e-21,4.93827160493827,0.0,19.34156378600823,0.0,0.0,0.0,0.6306823619485118,0.39177464358062913
5.480000000000165,3.3087181810528468,-1.2812387316470963,2.017565281992431,-26.15479639900176,0.9933112123977289,0.2737768632830361,0.4492455418381345,21.227860874016685,103,53.15500685871057,36.694101508916326,0.0,0.0,0.0,1.6234591590231043e-21,0.0,7.2153740401026845e-22,3.292181069958847,0.0,29.561042524005487,0.0,0.0,0.0,0.7046926340638657,0.39018206372867537
5.500000000000171,3.325933481968103,-1.291412339532145,2.019799029367272,-26.480607581944135,1.2661296872120718,0.1825179088553574,0.5494970278920897,21.39683735497205,111,52.103337905807045,57.79606767261089,0.0,0.0,0.0,1.0823061060154028e-21,0.0,4.810249360068456e-22,2.1947873799725643,0.0,19.707361682670324,0.0,0.0,0.0,0.6506736423474867,0.44071993103067525
5.520000000000178,3.3431452770965278,-1.3016798938805703,2.022620865337968,-26.810345467669023,1.5213143873850528,0.12167860590357159,0.6163313519280598,21.555345253500462,125,68.0688919372047,55.19737844840726,0.0,0.0,0.0,7.2153740401026845e-22,0.0,3.2068329067123035e-22,1.4631915866483762,0.0,13.138241121780215,0.0,0.0,0.0,0.821379327456464,0.5518112233702954
5.540000000000185,3.3603409035886656,-1.3120553455470456,2.025941800742263,-27.129943665474844,1.7436006917757674,0.08111907060238105,0.4942209012853732,21.70209991377859,100,62.04592795813647,36.798252298938166,0.0,0.0,0.0,4.810249360068456e-22,0.0,2.137888604474869e-22,0.9754610577655841,0.0,8.758827414520143,0.0,0.0,0.0,0.7284647712758856,0.36787414891353026
5.5600000000001915,3.377511896402319,-1.3225547384620016,2.02976515604125,-27.45171337940045,1.9462978482789326,0.19296826929047628,0.6628139341902488,21.830463101596365,106,74.69728530542432,57.865501532625444,0.0,0.0,0.0,3.2068329067123035e-22,0.0,1.4252590696499124e-22,0.6503073718437227,0.0,22.50588494301343,0.0,0.0,0.0,0.7957207002304354,0.47744757502388085
5.580000000000198,3.3946495213172168,-1.333190245022305,2.0340585799276467,-27.800440237291166,2.1551760011800103,0.26753440174920645,0.5252092894601659,21.943984309664113,119,66.46485687028287,38.57700102175029,0.0,0.0,0.0,2.137888604474869e-22,0.0,9.501727130999416e-23,0.4335382478958151,0.0,31.670589962008954,0.0,0.0,0.0,0.7371988130735202,0.36989797055255624
5.600000000000205,3.4117435567160137,-1.3439720722680055,2.0387502081365265,-28.169515490953255,2.3623093127106864,0.17835626783280426,0.6001395263067772,22.04172836414836,143,60.97657124685525,59.0513340145002,0.0,0.0,0.0,1.4252590696499124e-22,0.0,6.33448475399961e-23,0.28902549859721005,0.0,21.1137266413393,0.0,0.0,0.0,0.7498638081988843,0.45299699584824704
5.6200000000002115,3.4287841986447343,-1.3549095381574658,2.043769729569426,-28.55691000298195,2.565280733618754,0.25779306744409175,0.4834263508711848,22.12143801813761,96,57.31771416457017,39.3675560096668,0.0,0.0,0.0,9.501727130999416e-23,0.0,4.22298983599974e-23,0.19268366573147336,0.0,30.742484427559535,0.0,0.0,0.0,0.7324673450008066,0.35359758443546707
5.640000000000218,3.44575820174325,-1.3660016897372815,2.04890061847918,-28.958087530015913,2.7589265001818224,0.1718620449627278,0.3222842339141232,22.183072479217085,105,38.211809443046775,26.245037339777866,0.0,0.0,0.0,6.33448475399961e-23,0.0,2.81532655733316e-23,0.12845577715431555,0.0,20.494989618373022,0.0,0.0,0.0,0.5658309431788322,0.23573172295697803
5.660000000000225,3.4626565549618435,-1.3772553161101224,2.054068238143264,-29.37249203454397,2.9429146441180807,0.2534635855307074,0.38152282260941545,22.22482469961766,131,42.14120629536452,34.16335822651858,0.0,0.0,0.0,4.22298983599974e-23,0.0,1.87688437155544e-23,0.0856371847695437,0.0,30.32999307891535,0.0,0.0,0.0,0.6614583548840793,0.337753037182877
5.6800000000002315,3.4794760161414313,-1.3886934747527049,2.059443271838638,-29.81687760660303,3.1347603188252555,0.3078646125760272,0.5876818817396103,22.249949090526282,158,61.427470863576346,56.108905484345726,0.0,0.0,0.0,2.81532655733316e-23,0.0,1.2512562477036265e-23,0.05709145651302913,0.0,36.886662052610234,0.0,0.0,0.0,0.8544089290958462,0.5347662146750656
5.700000000000238,3.4962085522249136,-1.4003251487454407,2.064993041766498,-30.3000136516268,3.3429182648196205,0.3441319639395736,0.3917879211597402,22.259339641801976,115,40.951647242384226,37.40593698956381,0.0,0.0,0.0,1.87688437155544e-23,0.0,8.341708318024176e-24,0.038060971008686086,0.0,41.25777470174015,0.0,0.0,0.0,0.8280038855471016,0.5113095713932841
5.720000000000245,3.5128447720712117,-1.4121583889950482,2.070658498297988,-30.805401996657686,3.5490546594964543,0.22942130929304913,0.5111919474398268,22.250056754899173,115,60.63443149492282,41.60395799304254,0.0,0.0,0.0,1.2512562477036265e-23,0.0,5.5611388786827836e-24,0.02537398067245739,0.0,27.505183134493436,0.0,0.0,0.0,0.7845607298996181,0.4698720156037787
5.740000000000252,3.5293773895084626,-1.4242093611871642,2.076493740279473,-31.30488357255914,3.7238163591932154,0.15294753952869938,0.5074612982932178,22.220360516010608,101,57.08962099661522,44.40263866202836,0.0,0.0,0.0,8.341708318024176e-24,0.0,3.7074259191218555e-24,0.01691598711497159,0.0,18.336788756328957,0.0,0.0,0.0,0.7555986261346291,0.4164471848091239
5.760000000000258,3.545797993169265,-1.4364810145382458,2.082414835451274,-31.802255571984873,3.8726447009437552,0.24085391524135516,0.42164086552881186,22.168553564967993,88,54.72641399774348,29.601759108018904,0.0,0.0,0.0,5.5611388786827836e-24,0.0,2.4716172794145703e-24,0.011277324743314394,0.0,28.891192504219305,0.0,0.0,0.0,0.6587711771130086,0.2776314565394159
5.780000000000265,3.5620995865010987,-1.4489771399801874,2.0883711522478823,-32.31741297137551,4.01744672463517,0.299458165716459,0.4477605770192079,22.097281928467684,93,53.15094266516232,36.40117273867927,0.0,0.0,0.0,3.7074259191218555e-24,0.0,1.6477448529430468e-24,16.674184883162212,0.0,19.26079500281287,0.0,0.0,0.0,0.6458991309952357,0.26248701849789746
5.800000000000272,3.5782750509164925,-1.4616962202271153,2.094261758321904,-32.86144745283017,4.170102382782792,0.3385276660331949,0.2985070513461386,22.00734398839243,104,35.43396177677488,24.267448492452846,0.0,0.0,0.0,2.4716172794145703e-24,0.0,1.0984965686286977e-24,11.116123255441474,0.0,29.507196668541916,0.0,0.0,0.0,0.6373177669167204,0.17499134566526497
5.820000000000278,3.5943181740366428,-1.4746521905532322,2.1001527506186344,-33.43982968750138,4.336055412118555,0.36457399957768555,0.5323380342307591,21.900963462127805,131,56.955974517849924,49.5116323283019,0.0,0.0,0.0,1.6477448529430468e-24,0.0,7.323310457524651e-25,7.410748836960982,0.0,36.33813111236128,0.0,0.0,0.0,0.8383152037842736,0.5036578011349444
5.840000000000285,3.610221927765642,-1.4878541660833253,2.106054669201936,-34.034304892700504,4.495690583203108,0.24304933305179033,0.3548920228205061,21.7709868612941,96,37.970649678566616,33.007754885534595,0.0,0.0,0.0,1.0984965686286977e-24,0.0,4.8822069716831e-25,4.9404992246406545,0.0,24.225420741574187,0.0,0.0,0.0,0.7139155622127715,0.4131712482282498
5.860000000000292,3.6259786413726425,-1.5013017944801839,2.1118805993789023,-34.63612201184566,4.640474165319574,0.30092177759008243,0.4032613485470041,21.61753094400517,115,41.98043311904441,38.6718365903564,0.0,0.0,0.0,7.323310457524651e-25,0.0,3.254804647788733e-25,3.293666149760436,0.0,32.816947161049455,0.0,0.0,0.0,0.7601814342400389,0.37864667322543794
5.880000000000298,3.6415815837409284,-1.5150065890954634,2.1176784682754937,-35.25739194007682,4.783715191297911,0.3395034072822772,0.4355075656980027,21.444619521152774,104,44.65362207936294,42.4478910602376,0.0,0.0,0.0,4.8822069716831e-25,0.0,2.1698697651924884e-25,2.1957774331736237,0.0,38.54463144069964,0.0,0.0,0.0,0.7135059690799226,0.38143008349188123
5.900000000000305,3.6570235652181884,-1.5289897649174358,2.123592377606729,-35.88436001538964,4.911283734187977,0.22633560485485144,0.6236717104653351,21.24526220210001,136,63.10241471957529,61.631927373491735,0.0,0.0,0.0,3.254804647788733e-25,0.0,1.4465798434616588e-25,1.4638516221157492,0.0,25.696420960466426,0.0,0.0,0.0,0.9149471318413954,0.5122846583444327
5.920000000000312,3.6722982094440044,-1.543251931218506,2.129575422654189,-36.49114049043282,4.997498282038847,0.15089040323656763,0.4157811403102234,21.01025222016324,82,42.06827647971686,41.08795158232782,0.0,0.0,0.0,2.1698697651924884e-25,0.0,9.643865623077725e-26,0.9759010814104994,0.0,17.130947306977617,0.0,0.0,0.0,0.7133239276875453,0.3415231055629551
5.940000000000318,3.6874012550907898,-1.5577771078849483,2.135445464022937,-37.083379076726025,5.050871165802464,0.23948249104660063,0.36052076020681556,20.752093730262583,110,28.04551765314457,44.05863438821854,0.0,0.0,0.0,1.4465798434616588e-25,0.0,6.429243748718483e-26,0.6506007209403328,0.0,28.087298204651745,0.0,0.0,0.0,0.6822676313782602,0.35668103838355936
5.960000000000325,3.7023286941328464,-1.572572078944861,2.1412574723419238,-37.68251163380089,5.095876811925846,0.29854388291995604,0.4903471734712104,20.485233528519124,92,52.03034510209638,46.03908959214569,0.0,0.0,0.0,9.643865623077725e-26,0.0,4.286162499145655e-26,0.43373381396022187,0.0,35.3915321364345,0.0,0.0,0.0,0.6874032271203905,0.39258612053228004
5.980000000000332,3.7170775230649293,-1.5876329290958084,2.1469719231950033,-38.300960070930536,5.1466037241450175,0.3379181441688595,0.32689811564747356,20.192823414282703,105,34.68689673473092,30.692726394763795,0.0,0.0,0.0,6.429243748718483e-26,0.0,2.857441666097103e-26,0.28915587597348125,0.0,40.261021424289666,0.0,0.0,0.0,0.5616279912068753,0.26172408035485334
6.000000000000338,3.7316451957689325,-1.6029470031618192,2.152466936306533,-38.92516911136804,5.18943461392437,0.2252787627792397,0.30126541043164906,0.0,28,23.124597823153948,37.128484263175864,0.0,0.0,0.0,4.286162499145655e-26,0.0,1.9049611107314022e-26,0.19277058398232083,0.0,26.840680949526444,0.0,0.0,0.0,0.42609824736789104,0.27768189464317367
6.020000000000345,3.7460293837762353,-1.6185053848654067,2.157662237628846,-39.5293678975369,5.19897586600032,0.15018584185282646,0.2008436069544327,0.0,6,15.416398548769298,24.75232284211724,0.0,0.0,0.0,2.857441666097103e-26,0.0,1.2699740738209347e-26,0.12851372265488054,0.0,17.893787299684295,0.0,0.0,0.0,0.36158487809022194,0.2109210566971003
6.040000000000352,3.760229392925073,-1.6342955059286253,2.162460741046748,-40.09906924952871,5.162835119493468,0.10012389456855098,0.1338957379696218,0.0,0,10.277599032512864,16.501548561411493,0.0,0.0,0.0,1.9049611107314022e-26,0.0,8.466493825472898e-27,0.08567581510325369,0.0,11.929191533122863,0.0,0.0,0.0,0.2410565853934813,0.14061403779806686
6.060000000000358,3.7742459942081643,-1.650307226005065,2.16680916921748,-40.62699776402977,5.07694951771128,0.06674926304570064,0.08926382531308118,0.0,0,6.851732688341909,11.001032374274327,0.0,0.0,0.0,1.2699740738209347e-26,0.0,5.644329216981932e-27,0.057117210068835786,0.0,7.952794355415241,0.0,0.0,0.0,0.16070439026232086,0.0937426918653779
6.080000000000365,3.78808168189862,-1.666531132968125,2.1706830629787546,-41.110411874402665,4.9424589622156745,0.04449950869713377,0.059509216875387454,0.0,0,4.567821792227939,7.334021582849552,0.0,0.0,0.0,8.466493825472898e-27,0.0,3.762886144654621e-27,0.038078140045890524,0.0,5.301862903610161,0.0,0.0,0.0,0.10713626017488057,0.06249512791025193
6.100000000000372,3.8017407471860345,-1.682957565091122,2.174076772253374,-41.54935132981559,4.763617913940963,0.029666339131422505,0.0396728112502583,0.0,0,3.045214528151959,4.889347721899701,0.0,0.0,0.0,5.644329216981932e-27,0.0,2.5085907631030806e-27,0.02538542669726035,0.0,3.53457526907344,0.0,0.0,0.0,0.07142417344992037,0.04166341860683462
6.1200000000003785,3.81522922448656,-1.6995761013363244,2.176996769340126,-41.94549772464318,4.546405787522981,0.019777559420948335,0.02644854083350553,0.0,0,2.0301430187679728,3.2595651479331336,0.0,0.0,0.0,3.762886144654621e-27,0.0,1.67239384206872e-27,0.016923617798173564,0.0,2.3563835127156265,0.0,0.0,0.0,0.04761611563328025,0.02777561240455641
6.140000000000385,3.8285547486257316,-1.7163753563008064,2.1794571798497735,-42.30144017438797,4.297607850173761,0.013185039613965556,0.017632360555670353,0.0,0,1.3534286791786485,2.1730434319554224,0.0,0.0,0.0,2.5085907631030806e-27,0.0,1.1149292280458134e-27,0.011282411865449041,0.0,1.5709223418104177,0.0,0.0,0.0,0.031744077088853496,0.01851707493637094
6.160000000000392,3.841726352576376,-1.7333429701346053,2.1814767960883774,-42.620207933113825,4.02421356881531,0.00879002640931037,0.01175490703711357,0.0,0,0.9022857861190989,1.4486956213036148,0.0,0.0,0.0,1.67239384206872e-27,0.0,7.432861520305423e-28,0.007521607910299361,0.0,1.047281561206945,0.0,0.0,0.0,0.021162718059235662,0.012344716624247293
6.1800000000003985,3.854754229823468,-1.7504657184591192,2.1830770834736675,-42.90497818778684,3.7330296100024185,0.005860017606206913,0.007836604691409045,0.0,0,0.6015238574127326,0.9657970808690766,0.0,0.0,0.0,1.1149292280458134e-27,0.0,4.955241013536948e-28,0.005014405273532907,0.0,0.6981877074712967,0.0,0.0,0.0,0.014108478706157107,0.008229811082831528
6.200000000000405,3.8676494805993205,-1.767729690878995,2.184280853819778,-43.15889818820899,3.4304383321336296,0.003906678404137941,0.00522440312760603,0.0,0,0.4010159049418217,0.6438647205793844,0.0,0.0,0.0,7.432861520305423e-28,0.0,3.303494009024632e-28,0.0033429368490219377,0.0,0.46545847164753107,0.0,0.0,0.0,0.009405652470771405,0.005486540721887685
6.220000000000412,3.8804238568256726,-1.7851205030766544,2.1851113876959123,-43.38498145437201,3.12225510808819,0.0026044522694252943,0.00348293541840402,0.0,0,0.26734393662788114,0.4292431470529229,0.0,0.0,0.0,4.955241013536948e-28,0.0,2.2023293393497546e-28,0.002228624566014625,0.0,0.3103056477650207,0.0,0.0,0.0,0.00627043498051427,0.00365769381459179
6.2400000000004185,3.8930895166909276,-1.8026235189851882,2.1855918600199757,-43.58605149746459,2.8136528694278504,0.001736301512950196,0.00232195694560268,0.0,0,0.1782292910852541,0.2861620980352819,0.0,0.0,0.0,3.303494009024632e-28,0.0,1.468219559566503e-28,0.0014857497106764168,0.0,0.2068704318433471,0.0,0.0,0.0,0.0041802899870095125,0.002438462543061193
6.260000000000425,3.905658796476739,-1.8202240676143704,2.1857449708746706,-43.764715594663336,2.509132345722457,0.001157534341966797,0.0015479712970684534,0.0,0,0.11881952739016939,0.19077473202352127,0.0,0.0,0.0,2.2023293393497546e-28,0.0,9.78813039711002e-29,0.0009904998071176112,0.0,0.13791362122889805,0.0,0.0,0.0,0.002786859991339675,0.0016256416953741287
6.280000000000432,3.918144004551387,-1.8379076447595668,2.1855927153840904,-43.923357201581204,2.2125232402104835,0.0007716895613111981,0.0010319808647123022,0.0,0,0.07921301826011293,0.1271831546823475,0.0,0.0,0.0,1.468219559566503e-28,0.0,6.525420264740013e-29,0.0006603332047450741,0.0,0.0919424141525987,0.0,0.0,0.0,0.0018579066608931166,0.001083761130249419
6.300000000000439,3.930557240328347,-1.8556600937642953,2.1851562477633832,-44.06413958960831,1.9270061412598256,0.0005144597075407987,0.0006879872431415347,0.0,0,0.052808678840075285,0.08478876978823166,0.0,0.0,0.0,9.78813039711002e-29,0.0,4.350280176493342e-29,0.00044022213649671604,0.0,0.06129494276839913,0.0,0.0,0.0,0.001238604440595411,0.0007225074201662793
6.320000000000445,3.94291023937308,-1.8734677622397842,2.184455808923493,-44.18901593863213,1.6551480545548793,0.00034297313836053245,0.00045865816209435646,0.0,0,0.03520578589338352,0.05652584652548777,0.0,0.0,0.0,6.525420264740013e-29,0.0,2.9001867843288945e-29,0.000293481424331144,0.0,0.04086329517893275,0.0,0.0,0.0,0.0008257362937302739,0.0004816716134441862
6.340000000000452,3.955214244644692,-1.8913176335277415,2.1835106966361795,-44.29974285306155,1.3989465437850075,0.0002286487589070216,0.0003057721080629043,0.0,0,0.02347052392892235,0.03768389768365851,0.0,0.0,0.0,4.350280176493342e-29,0.0,1.9334578562192628e-29,0.00019565428288742932,0.0,0.027242196785955165,0.0,0.0,0.0,0.0005504908624868492,0.00032111440896279077
6.360000000000459,3.967479902999949,-1.9091974329782964,2.1823392637981915,-44.39789540434587,1.159878913717031,0.0001524325059380144,0.00020384807204193618,0.0,0,0.015647015952614897,0.02512259845577234,0.0,0.0,0.0,2.9001867843288945e-29,0.0,1.288971904146175e-29,0.00013043618859161953,0.0,0.01816146452397011,0.0,0.0,0.0,0.00036699390832456614,0.0002140762726418605
6.380000000000465,3.979717185493559,-1.9270957099804351,2.1809589348048912,-44.484882539311954,0.938953875400659,0.00010162167062534293,0.0001358987146946241,0.0,0,0.010431343968409931,0.016748398970514892,0.0,0.0,0.0,1.9334578562192628e-29,0.0,8.593146027641167e-30,8.695745906107968e-05,0.0,0.012107643015980073,0.0,0.0,0.0,0.0002446626055497107,0.00014271751509457365
6.400000000000472,3.9919353296205795,-1.9450018972502678,2.1793862331306237,-44.56196216634438,0.7367638426857698,6.774778041689528e-05,9.05991431297494e-05,0.0,0,0.006954229312273287,0.011165599313676593,0.0,0.0,0.0,1.288971904146175e-29,0.0,5.7287640184274444e-30,5.7971639374053116e-05,0.0,0.00807176201065338,0.0,0.0,0.0,0.00016310840369980714,9.514501006304909e-05
6.420000000000479,4.0041428014158305,-1.9629063492389158,2.177636815363497,-44.6302555312924,0.5535365177645423,4.516518694459685e-05,6.039942875316626e-05,0.0,0,0.004636152874848858,0.007443732875784395,0.0,0.0,0.0,8.593146027641167e-30,0.0,3.819176012284963e-30,3.864775958270207e-05,0.0,0.00538117467376892,0.0,0.0,0.0,0.00010873893579987142,6.343000670869939e-05
6.440000000000485,4.016347275212801,-1.9808003617265266,2.175725508452872,-44.69076068230915,0.3891847946146502,3.0110124629731233e-05,4.0266285835444164e-05,0.0,0,0.0030907685832325714,0.004962488583856263,0.0,0.0,0.0,5.7287640184274444e-30,0.0,2.5461173415233085e-30,2.5765173055134714e-05,0.0,0.0035874497825126132,0.0,0.0,0.0,7.249262386658094e-05,4.2286671139132924e-05
6.460000000000492,4.028555628840451,-1.998676174764134,2.173666347996006,-44.744364937596224,0.24335428531616732,2.0073416419820822e-05,2.684419055696278e-05,0.0,0,0.002060512388821714,0.0033083257225708417,0.0,0.0,0.0,3.819176012284963e-30,0.0,1.697411561015539e-30,1.7176782036756475e-05,0.0,0.002391633188341742,0.0,0.0,0.0,4.832841591105396e-05,2.819111409275528e-05
6.480000000000499,4.040773952077054,-2.01652696114082,2.171472616148511,-44.79185633859233,0.11546798349095133,1.338227761321388e-05,1.7896127037975184e-05,0.0,0,0.0013736749258811427,0.002205550481713894,0.0,0.0,0.0,2.5461173415233085e-30,0.0,1.1316077073436925e-30,1.1451188024504316e-05,0.0,0.0015944221255611614,0.0,0.0,0.0,3.2218943940702636e-05,1.8794076061836852e-05
6.500000000000505,4.0530075662675475,-2.034346802511688,2.169156878281109,-44.833934110727185,0.004767740508091128,8.921518408809254e-06,1.1930751358650122e-05,0.0,0,0.0009157832839207618,0.0014703669878092626,0.0,0.0,0.0,1.697411561015539e-30,0.0,7.544051382291283e-31,7.634125349669543e-06,0.0,0.001062948083707441,0.0,0.0,0.0,2.1479295960468422e-05,1.2529384041224567e-05
6.520000000000512,4.065261053130453,-2.0521306552385155,2.166731017884348,-44.871218175602245,-0.08964764360830287,5.9476789392061684e-06,7.95383423910008e-06,0.0,0,0.0006105221892805078,0.0009802446585395084,0.0,0.0,0.0,1.1316077073436925e-30,0.0,5.0293675881941885e-31,5.089416899779695e-06,0.0,0.0007086320558049605,0.0,0.0,0.0,1.431953064031228e-05,8.35292269414971e-06
6.540000000000519,4.077538290921618,-2.0698743078816864,2.1642062694864763,-44.904257769453174,-0.16878781273833832,3.9651192928041126e-06,5.302556159400053e-06,0.0,0,0.00040701479285367185,0.0006534964390263389,0.0,0.0,0.0,7.544051382291283e-31,0.0,3.352911725462792e-31,3.3929445998531297e-06,0.0,0.0004724213705366403,0.0,0.0,0.0,9.546353760208186e-06,5.56861512943314e-06
6.560000000000525,4.0898424962761535,-2.0875743321482774,2.1615932495283863,-44.93353922744577,-0.23373974935864666,2.643412861869408e-06,3.5350374396000356e-06,0.0,0,0.0002713431952357812,0.0004356642926842259,0.0,0.0,0.0,5.0293675881941885e-31,0.0,2.2352744836418614e-31,2.261963066568753e-06,0.0,0.0003149475803577602,0.0,0.0,0.0,6.36423584013879e-06,3.71241008628876e-06
6.580000000000532,4.102176270210743,-2.1052280289541017,2.158901985255845,-44.959492994478325,-0.2856401266986366,1.762275241246272e-06,2.3566916264000237e-06,0.0,0,0.0001808954634905208,0.0002904428617894839,0.0,0.0,0.0,3.352911725462792e-31,0.0,1.4901829890945742e-31,1.507975377712502e-06,0.0,0.00020996505357184013,0.0,0.0,0.0,4.24282389342586e-06,2.47494005752584e-06
6.600000000000539,4.114541646930918,-2.1228333711027787,2.1561419417597585,-44.98249992232747,-0.32565102348506353,1.1748501608308476e-06,1.571127750933349e-06,0.0,0,0.00012059697566034719,0.00019362857452632262,0.0,0.0,0.0,2.2352744836418614e-31,0.0,9.934553260630494e-32,1.0053169184750014e-06,0.0,0.00013997670238122674,0.0,0.0,0.0,2.8285492622839063e-06,1.6499600383505598e-06
6.6200000000005454,4.126940144248294,-2.1403889439268746,2.1533220473326087,-45.0028969111122,-0.35493886706812394,7.832334405538985e-07,1.0474185006222326e-06,0.0,0,8.039798377356479e-05,0.00012908571635088175,0.0,0.0,0.0,1.4901829890945742e-31,0.0,6.623035507086996e-32,6.702112789833342e-07,0.0,9.331780158748449e-05,0.0,0.0,0.0,1.8856995081892707e-06,1.0999733589003731e-06
6.640000000000552,4.139372814568225,-2.157893885078486,2.1504507173231366,-45.020981950665565,-0.374656440539656,5.221556270359323e-07,6.982790004148218e-07,0.0,0,5.359865584904319e-05,8.605714423392116e-05,0.0,0.0,0.0,9.934553260630494e-32,0.0,4.415357004724664e-32,4.468075193222228e-07,0.0,6.221186772498966e-05,0.0,0.0,0.0,1.2571330054595137e-06,7.333155726002487e-07
6.660000000000559,4.151840295557012,-2.175347824502109,2.147535876669122,-45.03701861476018,-0.385927767048586,3.4810375135728824e-07,4.6551933360988116e-07,0.0,0,3.573243723269546e-05,5.737142948928077e-05,0.0,0.0,0.0,6.623035507086996e-32,0.0,2.9435713364831093e-32,2.978716795481485e-07,0.0,4.1474578483326436e-05,0.0,0.0,0.0,8.380886703063424e-07,4.888770484001657e-07
6.6800000000005655,4.16434285973784,-2.1927508254734867,2.1445849812755045,-45.05124005835315,-0.3898356687637103,2.3206916757152548e-07,3.103462224065874e-07,0.0,0,2.382162482179697e-05,3.8247619659520515e-05,0.0,0.0,0.0,4.415357004724664e-32,0.0,1.9623808909887394e-32,1.9858111969876566e-07,0.0,2.764971898888429e-05,0.0,0.0,0.0,5.587257802042283e-07,3.2591803226677716e-07
6.700000000000572,4.1768804623954665,-2.210103327446187,2.1416050383863636,-45.06385256515429,-0.38741178787518066,1.5471277838101697e-07,2.068974816043916e-07,0.0,0,1.5881083214531314e-05,2.5498413106347008e-05,0.0,0.0,0.0,2.9435713364831093e-32,0.0,1.3082539273258263e-32,1.3238741313251044e-07,0.0,1.8433145992589526e-05,0.0,0.0,0.0,3.724838534694855e-07,2.1727868817785143e-07
6.720000000000579,4.189452787290191,-2.227406091314168,2.138602626077628,-45.07503868990332,-0.3796288518353929,1.0314185225401131e-07,1.3793165440292773e-07,0.0,0,1.0587388809687543e-05,1.6998942070898005e-05,0.0,0.0,0.0,1.9623808909887394e-32,0.0,8.721692848838841e-33,8.825827542167362e-08,0.0,1.2288763995059684e-05,0.0,0.0,0.0,2.4832256897965696e-07,1.4485245878523427e-07
6.7400000000005855,4.202059289791825,-2.2446601475745767,2.1355839119751656,-45.084960036783336,-0.3673949639859801,6.876123483600755e-08,9.195443626861848e-08,0.0,0,7.058259206458361e-06,1.1332628047265337e-05,0.0,0.0,0.0,1.3082539273258263e-32,0.0,5.814461899225894e-33,5.883885028111574e-08,0.0,8.192509330039789e-06,0.0,0.0,0.0,1.655483793197713e-07,9.656830585682284e-08
6.760000000000592,4.214699237143832,-2.2618667477612,2.1325546712816688,-45.093759712414574,-0.3515497031460692,4.5840823224005016e-08,6.130295751241232e-08,0.0,0,4.7055061376389074e-06,7.555085364843557e-06,0.0,0.0,0.0,8.721692848838841e-33,0.0,3.8763079328172627e-33,3.922590018741049e-08,0.0,5.461672886693192e-06,0.0,0.0,0.0,1.1036558621318086e-07,6.437887057121523e-08
6.780000000000599,4.227371745656818,-2.2790273194155612,2.129520304176573,-45.10156448888946,-0.3328618210592286,3.0560548816003344e-08,4.086863834160821e-08,0.0,0,3.1370040917592713e-06,5.036723576562371e-06,0.0,0.0,0.0,5.814461899225894e-33,0.0,2.5842052885448417e-33,2.6150600124940326e-08,0.0,3.6411152577954613e-06,0.0,0.0,0.0,7.35770574754539e-08,4.291924704747682e-08
6.800000000000606,4.240075814709115,-2.2961434247700336,2.126485852636679,-45.10848670935196,-0.31202833428171994,2.0373699210668897e-08,2.7245758894405472e-08,0.0,0,2.0913360611728473e-06,3.357815717708247e-06,0.0,0.0,0.0,3.8763079328172627e-33,0.0,1.722803525696561e-33,1.7433733416626883e-08,0.0,2.4274101718636407e-06,0.0,0.0,0.0,4.90513716503026e-08,2.8612831364984543e-08
6.820000000000612,4.25281035750086,-2.3132167232352785,2.1234560167114425,-45.11462596572241,-0.2896748166640856,1.3582466140445931e-08,1.816383926293698e-08,0.0,0,1.3942240407818981e-06,2.238543811805498e-06,0.0,0.0,0.0,2.5842052885448417e-33,0.0,1.1485356837977072e-33,1.1622488944417921e-08,0.0,1.6182734479090937e-06,0.0,0.0,0.0,3.270091443353506e-08,1.9075220909989695e-08
6.840000000000619,4.265574228567011,-2.330248937712656,2.120435170276092,-45.12007057535372,-0.26635670960202706,9.054977426963952e-09,1.2109226175291318e-08,0.0,0,9.294826938545987e-07,1.4923625412036651e-06,0.0,0.0,0.0,1.722803525696561e-33,0.0,7.656904558651381e-34,7.74832596294528e-09,0.0,1.0788489652727292e-06,0.0,0.0,0.0,2.1800609622356706e-08,1.271681393999313e-08
6.860000000000626,4.278366248104818,-2.3472418246907027,2.1174273762775746,-45.12489888070533,-0.24256147932697708,6.0366516179759685e-09,8.072817450194213e-09,0.0,0,6.196551292363991e-07,9.949083608024433e-07,0.0,0.0,0.0,1.1485356837977072e-33,0.0,5.10460303910092e-34,5.16555064196352e-09,0.0,7.192326435151527e-07,0.0,0.0,0.0,1.4533739748237803e-08,8.47787595999542e-09
6.880000000000632,4.291185223212874,-2.364197148032735,2.114436401482557,-45.12918039356245,-0.21871146333133143,4.024434411983979e-09,5.381878300129474e-09,0.0,0,4.131034194909327e-07,6.632722405349621e-07,0.0,0.0,0.0,7.656904558651381e-34,0.0,3.4030686927339465e-34,3.44370042797568e-09,0.0,4.794884290101018e-07,0.0,0.0,0.0,9.689159832158535e-09,5.651917306663613e-09
6.900000000000639,4.304029966172627,-2.3811166563196613,2.111465730733086,-45.13297680293144,-0.19516726127867504,2.6829562746559864e-09,3.5879188667529826e-09,0.0,0,2.754022796606218e-07,4.4218149368997474e-07,0.0,0.0,0.0,5.10460303910092e-34,0.0,2.268712461822631e-34,2.2958002853171197e-09,0.0,3.196589526734012e-07,0.0,0.0,0.0,6.45943988810569e-09,3.767944871109075e-09
6.920000000000646,4.316899309929928,-2.398002063577454,2.1085185807134077,-45.136342863521534,-0.1722315391751458,1.788637516437324e-09,2.391945911168655e-09,0.0,0,1.8360151977374785e-07,2.9478766245998315e-07,0.0,0.0,0.0,3.4030686927339465e-34,0.0,1.5124749745484207e-34,1.5305335235447465e-09,0.0,2.1310596844893412e-07,0.0,0.0,0.0,4.3062932587371265e-09,2.51196324740605e-09
6.940000000000652,4.3297921209542904,-2.414855033191844,2.1055979132307994,-45.13932717968839,-0.15015312895061883,1.1924250109582158e-09,1.5946306074457698e-09,0.0,0,1.2240101318249855e-07,1.9652510830665543e-07,0.0,0.0,0.0,2.268712461822631e-34,0.0,1.008316649698947e-34,1.0203556823631642e-09,0.0,1.4207064563262274e-07,0.0,0.0,0.0,2.8708621724914176e-09,1.6746421649373667e-09
6.960000000000659,4.342707309667851,-2.4316771647928905,2.102706448013513,-45.141972897869174,-0.129131318728121,7.949500073054773e-10,1.063087071630513e-09,0.0,0,8.160067545499902e-08,1.310167388711036e-07,0.0,0.0,0.0,1.5124749745484207e-34,0.0,6.72211099799298e-35,6.802371215754427e-10,0.0,9.471376375508183e-08,0.0,0.0,0.0,1.9139081149942784e-09,1.1164281099582444e-09
6.980000000000666,4.355643838645151,-2.4484699838784523,2.0998466750298252,-45.144318318882334,-0.1093202417891407,5.299666715369847e-10,7.08724714420342e-10,0.0,0,5.440045030333268e-08,8.734449258073573e-08,0.0,0.0,0.0,1.008316649698947e-34,0.0,4.4814073319953195e-35,4.534914143836285e-10,0.0,6.314250917005455e-08,0.0,0.0,0.0,1.2759387433295188e-09,7.442854066388296e-10
7.000000000000672,4.368600728789498,-2.4652349339375577,2.097020866333569,-45.14639743998982,-0.09083328444290471,3.5331111435798986e-10,4.724831429468947e-10,0.0,0,3.626696686888845e-08,5.822966172049049e-08,0.0,0.0,0.0,6.72211099799298e-35,0.0,2.9876048879968797e-35,3.0232760958908566e-10,0.0,4.20950061133697e-08,0.0,0.0,0.0,8.506258288863459e-10,4.961902710925531e-10
7.020000000000679,4.381577063692305,-2.4819733708315006,2.0942310874430117,-45.14824043531864,-0.07374744457767168,2.355407429053266e-10,3.149887619645964e-10,0.0,0,2.4177977912592297e-08,3.881977448032699e-08,0.0,0.0,0.0,4.4814073319953195e-35,0.0,1.9917365919979196e-35,2.015517397260571e-10,0.0,2.8063337408913132e-08,0.0,0.0,0.0,5.670838859242305e-10,3.3079351406170204e-10
7.040000000000686,4.3945719923791975,-2.4986865591915213,2.091479208261527,-45.14987408209893,-0.05810758353441708,1.5702716193688436e-10,2.099925079763976e-10,0.0,0,1.6118651941728198e-08,2.5879849653551325e-08,0.0,0.0,0.0,2.9876048879968797e-35,0.0,1.3278243946652795e-35,1.3436782648403807e-10,0.0,1.8708891605942086e-08,0.0,0.0,0.0,3.78055923949487e-10,2.2052900937446803e-10
7.060000000000692,4.407584730641212,-2.5153756705965473,2.088766913549983,-45.15132213918549,-0.043930524042504075,1.0468477462458958e-10,1.3999500531759841e-10,0.0,0,1.0745767961152132e-08,1.725323310236755e-08,0.0,0.0,0.0,1.9917365919979196e-35,0.0,8.852162631101863e-36,8.957855098935871e-11,0.0,1.247259440396139e-08,0.0,0.0,0.0,2.5203728263299134e-10,1.4701933958297868e-10
7.080000000000699,4.420614561141706,-2.532041783302038,2.0860957129620488,-45.15260568347351,-0.031208956257057798,6.978984974972638e-11,9.333000354506561e-11,0.0,0,7.163845307434755e-09,1.1502155401578366e-08,0.0,0.0,0.0,1.3278243946652795e-35,0.0,5.9014417540679086e-36,5.97190339929058e-11,0.0,8.315062935974259e-09,0.0,0.0,0.0,1.6802485508866089e-10,9.801289305531911e-11
7.100000000000706,4.433660832480057,-2.5486858833009385,2.083466950654731,-45.15374340908286,-0.019915122419838237,4.652656649981758e-11,6.222000236337706e-11,0.0,0,4.77589687162317e-09,7.668103601052243e-09,0.0,0.0,0.0,8.852162631101863e-36,0.0,3.9342945027119386e-36,3.981268932860387e-11,0.0,5.543375290649506e-09,0.0,0.0,0.0,1.1201657005910725e-10,6.534192870354607e-11
7.120000000000712,4.446722957382311,-2.5653088665096377,2.080881814487251,-45.15475189355433,-0.010004258325354126,3.101771099987838e-11,4.148000157558471e-11,0.0,0,3.1839312477487797e-09,5.112069067368162e-09,0.0,0.0,0.0,5.9014417540679086e-36,0.0,2.622863001807959e-36,2.654179288573591e-11,0.0,3.6955835270996702e-09,0.0,0.0,0.0,7.467771337273817e-11,4.3561285802364045e-11
7.140000000000719,4.459800410177008,-2.5819115418850767,2.0783413448219985,-45.15564583476315,-0.0014177766203832863,2.0678473999918925e-11,2.7653334383723136e-11,0.0,0,2.12262083183252e-09,3.4080460449121076e-09,0.0,0.0,0.0,3.9342945027119386e-36,0.0,1.748575334538639e-36,1.7694528590490605e-11,0.0,2.46372235139978e-09,0.0,0.0,0.0,4.978514224849211e-11,2.904085720157603e-11
7.160000000000726,4.472892723701833,-2.5984946352935023,2.0758464429416,-45.15643826179379,0.005913816982701159,1.3785649333279281e-11,1.8435556255815424e-11,0.0,0,1.4150805545550132e-09,2.2720306966080717e-09,0.0,0.0,0.0,2.622863001807959e-36,0.0,1.165716889692426e-36,1.1796352393660402e-11,0.0,1.6424815675998532e-09,0.0,0.0,0.0,3.3190094832328073e-11,1.9360571467717353e-11
7.1800000000007325,4.485999485773697,-2.6150587939662406,2.07339787909631,-45.15714072262858,0.012068278212168406,9.190432888852853e-12,1.2290370837210282e-11,0.0,0,9.433870363700087e-10,1.5146871310720477e-09,0.0,0.0,0.0,1.748575334538639e-36,0.0,7.771445931282839e-37,7.864234929106934e-12,0.0,1.0949877117332355e-09,0.0,0.0,0.0,2.2126729888218713e-11,1.2907047645144901e-11
7.200000000000739,4.4991203353418845,-2.6316045913931494,2.0709963001958336,-45.157763451166346,0.017129248540558327,6.126955259235236e-12,8.193580558140188e-12,0.0,0,6.289246909133391e-10,1.0097914207146983e-09,0.0,0.0,0.0,1.165716889692426e-36,0.0,5.1809639541885585e-37,5.242823286071289e-12,0.0,7.29991807822157e-10,0.0,0.0,0.0,1.4751153258812475e-11,8.604698430096601e-12
7.220000000000746,4.512254958430841,-2.6481325325196305,2.068642237159555,-45.158315515798975,0.021184144497766393,4.084636839490157e-12,5.462387038760124e-12,0.0,0,4.192831272755594e-10,6.731942804764655e-10,0.0,0.0,0.0,7.771445931282839e-37,0.0,3.4539759694590387e-37,3.4952155240475257e-12,0.0,4.866612052147713e-10,0.0,0.0,0.0,9.834102172541649e-12,5.7364656200644e-12
7.2400000000007525,4.5254030839665464,-2.6646430591281764,2.0663361119387056,-45.15880495152596,0.024322303984651867,2.7230912263267712e-12,3.641591359173416e-12,0.0,0,2.795220848503729e-10,4.4879618698431034e-10,0.0,0.0,0.0,5.1809639541885585e-37,0.0,2.3026506463060255e-37,2.3301436826983503e-12,0.0,3.244408034765142e-10,0.0,0.0,0.0,6.5560681150277655e-12,3.824310413376266e-12
7.260000000000759,4.538564479568161,-2.6811365553000526,2.064078244223696,-45.15923887737142,0.026633378954096013,1.815394150884514e-12,2.427727572782277e-12,0.0,0,1.8634805656691526e-10,2.9919745798954023e-10,0.0,0.0,0.0,3.4539759694590387e-37,0.0,1.5351004308706835e-37,1.5534291217989002e-12,0.0,2.1629386898434278e-10,0.0,0.0,0.0,4.370712076685177e-12,2.5495402755841775e-12
7.280000000000766,4.551738947375013,-2.697613352866762,2.0618688578492756,-45.15962360068062,0.028205961749484053,1.2102627672563426e-12,1.6184850485215183e-12,0.0,0,1.2423203771127684e-10,1.9946497199302682e-10,0.0,0.0,0.0,2.3026506463060255e-37,0.0,1.0234002872471224e-37,1.0356194145326001e-12,0.0,1.441959126562285e-10,0.0,0.0,0.0,2.913808051123451e-12,1.6996935170561183e-12
7.3000000000007725,4.564926319967982,-2.714073736774331,2.059708086909694,-45.15996470970788,0.02912643081047626,8.068418448375616e-13,1.0789900323476788e-12,0.0,0,8.282135847418456e-11,1.329766479953512e-10,0.0,0.0,0.0,1.5351004308706835e-37,0.0,6.822668581647482e-38,6.904129430217334e-13,0.0,9.613060843748566e-11,0.0,0.0,0.0,1.942538700748967e-12,1.1331290113707455e-12
7.320000000000779,4.578126456434061,-2.730517950295967,2.0575959815954863,-45.16026715576174,0.029478000322333584,5.378945632250411e-13,7.193266882317858e-13,0.0,0,5.52142389827897e-11,8.865109866356747e-11,0.0,0.0,0.0,1.0234002872471224e-37,0.0,4.548445721098321e-38,4.602752953478222e-13,0.0,6.408707229165711e-11,0.0,0.0,0.0,1.2950258004993113e-12,7.554193409138303e-13
7.340000000000786,4.591339238613479,-2.746946200040347,2.055532513762978,-45.1605353260442,0.0293399576485558,3.5859637548336073e-13,4.795511254878572e-13,0.0,0,3.680949265519313e-11,5.91007324423783e-11,0.0,0.0,0.0,6.822668581647482e-38,0.0,3.0322971473988804e-38,3.068501968985481e-13,0.0,4.272471486110474e-11,0.0,0.0,0.0,8.633505336662075e-13,5.036128939425535e-13
7.360000000000793,4.604564567560018,-2.7633586607134997,2.0535175822470646,-45.16077310820328,0.028787071999139678,2.390642503222405e-13,3.197007503252381e-13,0.0,0,2.4539661770128755e-11,3.9400488294918864e-11,0.0,0.0,0.0,4.548445721098321e-38,0.0,2.0215314315992536e-38,2.045667979323654e-13,0.0,2.8483143240736493e-11,0.0,0.0,0.0,5.755670224441384e-13,3.3574192929503566e-13
7.380000000000799,4.617802360237397,-2.779755479602078,2.051551017927327,-45.160983947515035,0.027889157702363065,1.5937616688149364e-13,2.1313383355015872e-13,0.0,0,1.6359774513419168e-11,2.6266992196612575e-11,0.0,0.0,0.0,3.0322971473988804e-38,0.0,1.347687621066169e-38,1.3637786528824358e-13,0.0,1.8988762160490994e-11,0.0,0.0,0.0,3.837113482960922e-13,2.238279528633571e-13
7.400000000000806,4.631052546467552,-2.79613678075461,2.0496325885570648,-45.161170897515476,0.026710775622857466,1.0625077792099577e-13,1.4208922236677246e-13,0.0,0,1.0906516342279445e-11,1.751132813107505e-11,0.0,0.0,0.0,2.0215314315992536e-38,0.0,8.984584140441126e-39,9.091857685882905e-14,0.0,1.2659174773660663e-11,0.0,0.0,0.0,2.558075655307281e-13,1.4921863524223805e-13
7.420000000000813,4.64431506614044,-2.8125026688452284,2.0477620033643724,-45.16133666481812,0.02531105666179028,7.083385194733051e-14,9.472614824451498e-14,0.0,0,7.271010894852963e-12,1.1674218754050032e-11,0.0,0.0,0.0,1.347687621066169e-38,0.0,5.989722760294083e-39,6.06123845725527e-14,0.0,8.439449849107108e-12,0.0,0.0,0.0,1.705383770204854e-13,9.947909016149203e-14
7.440000000000819,4.657589866689568,-2.8288532327112965,2.045938917433998,-45.161483648775175,0.023743631848043498,4.7222567964887004e-14,6.315076549634331e-14,0.0,0,4.847340596568642e-12,7.78281250270002e-12,0.0,0.0,0.0,8.984584140441126e-39,0.0,3.993148506862722e-39,4.04082563817018e-14,0.0,5.6262998994047384e-12,0.0,0.0,0.0,1.1369225134699025e-13,6.631939344099468e-14
7.460000000000826,4.67087690083278,-2.8451885485624238,2.044162935878327,-45.16161397657011,0.022056654247077482,3.148171197659133e-14,4.210051033089554e-14,0.0,0,3.231560397712428e-12,5.18854166846668e-12,0.0,0.0,0.0,5.989722760294083e-39,0.0,2.662099004575148e-39,2.6938837587801198e-14,0.0,3.750866599603159e-12,0.0,0.0,0.0,7.579483423132683e-14,4.421292896066312e-14
7.480000000000833,4.684176124573826,-2.8615086828635428,2.0424336178054903,-45.16172953426578,0.02029289874459236,2.0987807984394218e-14,2.806700688726369e-14,0.0,0,2.154373598474952e-12,3.4590277789777863e-12,0.0,0.0,0.0,3.993148506862722e-39,0.0,1.7747326697167652e-39,1.795922505853413e-14,0.0,2.500577733068772e-12,0.0,0.0,0.0,5.052988948755122e-14,2.947528597377541e-14
7.500000000000839,4.697487495456979,-2.877813694899114,2.0407504800922878,-45.161831994274635,0.01848992667609851,1.3991871989596145e-14,1.871133792484246e-14,0.0,0,1.436249065649968e-12,2.306018519318524e-12,0.0,0.0,0.0,2.662099004575148e-39,0.0,1.1831551131445101e-39,1.1972816705689419e-14,0.0,1.6670518220458481e-12,0.0,0.0,0.0,3.368659299170081e-14,1.9650190649183607e-14
7.520000000000846,4.710810971064214,-2.894103639029155,2.0391130009693157,-45.16192283966557,0.016680303245109985,9.327914659730763e-15,1.2474225283228305e-14,0.0,0,9.574993770999785e-13,1.5373456795456826e-12,0.0,0.0,0.0,1.7747326697167652e-39,0.0,7.887700754296734e-40,7.981877803792945e-15,0.0,1.1113678813638986e-12,0.0,0.0,0.0,2.2457728661133872e-14,1.3100127099455738e-14
7.540000000000853,4.724146507742347,-2.910378566650727,2.037520623425436,-45.16200338567534,0.014891856678912706,6.218609773153842e-15,8.31615018881887e-15,0.0,0,6.383329180666523e-13,1.0248971196971218e-12,0.0,0.0,0.0,1.1831551131445101e-39,0.0,5.258467169531155e-40,5.321251869195296e-15,0.0,7.409119209092657e-13,0.0,0.0,0.0,1.497181910742258e-14,8.733418066303825e-15
7.560000000000859,4.7374940595459005,-2.9266385278808094,2.035972758438471,-45.16207479874995,0.013147969091662387,4.145739848769228e-15,5.5441001258792465e-15,0.0,0,4.2555527871110155e-13,6.832647464647478e-13,0.0,0.0,0.0,7.887700754296734e-40,0.0,3.5056447796874367e-40,3.5475012461301974e-15,0.0,4.939412806061772e-13,0.0,0.0,0.0,9.98121273828172e-15,5.8222787108692165e-15
7.580000000000866,4.750853577380302,-2.942883572978217,2.034468788038778,-45.16213811340444,0.011467890042625701,2.7638265658461515e-15,3.696066750586164e-15,0.0,0,2.8370351914073435e-13,4.555098309764985e-13,0.0,0.0,0.0,5.258467169531155e-40,0.0,2.3370965197916243e-40,2.365000830753465e-15,0.0,3.2929418707078474e-13,0.0,0.0,0.0,6.654141825521147e-15,3.881519140579478e-15
7.600000000000873,4.764225008329237,-2.9591137535234266,2.0330080682121534,-45.162194247154815,0.009867064777999163,1.8425510438974345e-15,2.464044500390776e-15,0.0,0,1.8913567942715623e-13,3.03673220650999e-13,0.0,0.0,0.0,3.5056447796874367e-40,0.0,1.5580643465277496e-40,1.5766672205023099e-15,0.0,2.1952945804718982e-13,0.0,0.0,0.0,4.436094550347431e-15,2.587679427052985e-15
7.620000000000879,4.777608295149592,-2.9753291233759085,2.031589931648304,-45.162244013747575,0.008357470115665306,1.2283673625982895e-15,1.6426963335938506e-15,0.0,0,1.2609045295143748e-13,2.0244881376733264e-13,0.0,0.0,0.0,2.3370965197916243e-40,0.0,1.038709564351833e-40,1.0511114803348732e-15,0.0,1.4635297203145987e-13,0.0,0.0,0.0,2.957396366898287e-15,1.7251196180353232e-15
7.640000000000886,4.791003375917343,-2.9915297394288958,2.030213690340958,-45.16228813488367,0.006947951863484946,8.189115750655264e-16,1.095130889062567e-15,0.0,0,8.406030196762498e-14,1.3496587584488843e-13,0.0,0.0,0.0,1.5580643465277496e-40,0.0,6.924730429012219e-41,7.007409868899154e-16,0.0,9.756864802097325e-14,0.0,0.0,0.0,1.9715975779321912e-15,1.150079745356882e-15
7.660000000000893,4.8044101838078745,-3.007715662181581,2.028878638045457,-45.162327250612144,0.0056445585453514385,5.459410500436842e-16,7.300872593750447e-16,0.0,0,5.604020131174998e-14,8.997725056325894e-14,0.0,0.0,0.0,1.038709564351833e-40,0.0,4.616486952674813e-41,4.671606579266102e-16,0.0,6.50457653473155e-14,0.0,0.0,0.0,1.3143983852881274e-15,7.667198302379213e-16
7.680000000000899,4.817828646994625,-3.023886956148335,2.0275840525995656,-45.16236192854671,0.0044508670392162004,3.639607000291228e-16,4.867248395833631e-16,0.0,0,3.736013420783332e-14,5.998483370883929e-14,0.0,0.0,0.0,6.924730429012219e-41,0.0,3.077657968449875e-41,3.1144043861774013e-16,0.0,4.3363843564876997e-14,0.0,0.0,0.0,8.762655901920849e-16,5.111465534919475e-16
7.700000000000906,4.831258688650629,-3.0400436901240826,2.0263291981129963,-45.162392672040774,0.0033682965032813816,2.4264046668608186e-16,3.2448322638890865e-16,0.0,0,2.4906756138555544e-14,3.998988913922619e-14,0.0,0.0,0.0,4.616486952674813e-41,0.0,2.0517719789665833e-41,2.076269590784934e-16,0.0,2.890922904325133e-14,0.0,0.0,0.0,5.841770601280566e-16,3.4076436899463163e-16
7.720000000000913,4.8447002270380555,-3.0561859373241838,2.0251133270310313,-45.1624199274401,0.0023964076777110723,1.6176031112405457e-16,2.1632215092593909e-16,0.0,0,1.660450409237036e-14,2.665992609281746e-14,0.0,0.0,0.0,3.077657968449875e-41,0.0,1.3678479859777222e-41,1.3841797271899559e-16,0.0,1.9272819362167553e-14,0.0,0.0,0.0,3.8945137341870435e-16,2.2717624599642107e-16
7.7400000000009195,4.858153175671897,-3.0723137754162417,2.023935682077441,-45.16244409051843,0.0015331852980197296,1.0784020741603637e-16,1.4421476728395938e-16,0.0,0,1.1069669394913573e-14,1.7773284061878305e-14,0.0,0.0,0.0,2.0517719789665833e-41,0.0,9.118986573184814e-42,9.227864847933039e-17,0.0,1.2848546241445035e-14,0.0,0.0,0.0,2.596342489458029e-16,1.514508306642807e-16
7.760000000000926,4.871617443544744,-3.0884272864602984,2.022795498081751,-45.16246551218882,0.0007753019423845217,7.189347161069092e-17,9.614317818930625e-17,0.0,0,7.379779596609048e-15,1.1848856041252202e-14,0.0,0.0,0.0,1.3678479859777222e-41,0.0,6.07932438212321e-42,6.151909898622026e-17,0.0,8.56569749429669e-15,0.0,0.0,0.0,1.730894992972019e-16,1.009672204428538e-16
7.780000000000933,4.885092935400656,-3.1045265567726554,2.021692003695736,-45.16248450357242,0.0001183621591254556,4.7928981073793947e-17,6.409545212620417e-17,0.0,0,4.919853064406032e-15,7.899237360834801e-15,0.0,0.0,0.0,9.118986573184814e-42,0.0,4.0528829214154727e-42,4.101273265748017e-17,0.0,5.710464996197793e-15,0.0,0.0,0.0,1.1539299953146794e-16,6.731148029523586e-17
7.8000000000009395,4.898579552047076,-3.12061167672748,2.020624423003902,-45.1625013404977,-0.0004428738160600061,3.195265404919596e-17,4.273030141746944e-17,0.0,0,3.2799020429373543e-15,5.266158240556533e-15,0.0,0.0,0.0,6.07932438212321e-42,0.0,2.701921947610315e-42,2.7341821771653443e-17,0.0,3.806976664131862e-15,0.0,0.0,0.0,7.692866635431196e-17,4.4874320196823903e-17
7.820000000000946,4.912077190694872,-3.1366827405090656,2.019591977032537,-45.16251626749321,-0.0009142870386928494,2.1301769366130638e-17,2.8486867611646293e-17,0.0,0,2.186601361958236e-15,3.5107721603710222e-15,0.0,0.0,0.0,4.0528829214154727e-42,0.0,1.8012812984068765e-42,1.8227881181102295e-17,0.0,2.5379844427545744e-15,0.0,0.0,0.0,5.1285777569541306e-17,2.991621346454927e-17
7.840000000000953,4.925585745317514,-3.152739845826431,2.018593885161782,-45.16252950133155,-0.001302217466530742,1.4201179577420425e-17,1.899124507443086e-17,0.0,0,1.4577342413054908e-15,2.3405147735806812e-15,0.0,0.0,0.0,2.701921947610315e-42,0.0,1.2008541989379176e-42,1.215192078740153e-17,0.0,1.6919896285030494e-15,0.0,0.0,0.0,3.41905183796942e-17,1.9944142309699512e-17
7.8600000000009596,4.939105107021505,-3.1687830936007293,2.0176293664450324,-45.16254123417422,-0.0016133018433279027,9.467453051613616e-18,1.2660830049620573e-17,0.0,0,9.718228275369938e-16,1.5603431823871208e-15,0.0,0.0,0.0,1.8012812984068765e-42,0.0,8.005694659586117e-43,8.101280524934352e-18,0.0,1.1279930856686995e-15,0.0,0.0,0.0,2.2793678919796134e-17,1.3296094873133008e-17
7.880000000000966,4.952635164421093,-3.184812587634731,2.0166976408398187,-45.16255163636212,-0.0018543312486726667,6.31163536774241e-18,8.440553366413715e-18,0.0,0,6.478818850246625e-16,1.0402287882580805e-15,0.0,0.0,0.0,1.2008541989379176e-42,0.0,5.3371297730574116e-43,5.400853683289568e-18,0.0,7.519953904457996e-16,0.0,0.0,0.0,1.5195785946530756e-17,8.864063248755338e-18
7.900000000000973,4.966175804011264,-3.200828434272507,2.0157979303542124,-45.16256085889141,-0.0020321275058926376,4.2077569118282735e-18,5.627035577609143e-18,0.0,0,4.319212566831083e-16,6.934858588387203e-16,0.0,0.0,0.0,8.005694659586117e-43,0.0,3.5580865153716075e-43,3.600569122193045e-18,0.0,5.013302602971998e-16,0.0,0.0,0.0,1.0130523964353837e-17,5.909375499170225e-18
7.92000000000098,4.979726910533908,-3.21683074205636,2.014929460112634,-45.16256903560952,-0.002153437480515979,2.805171274552182e-18,3.7513570517394286e-18,0.0,0,2.879475044554055e-16,4.623239058924802e-16,0.0,0.0,0.0,5.3371297730574116e-43,0.0,2.372057676914405e-43,2.400379414795363e-18,0.0,3.342201735314665e-16,0.0,0.0,0.0,6.753682642902558e-18,3.9395836661134836e-18
7.940000000000986,4.993288367332884,-3.232819621386984,2.0140914593448263,-45.16257628516309,-0.0022248441802809964,1.870114183034788e-18,2.500904701159619e-18,0.0,0,1.9196500297027034e-16,3.0821593726165347e-16,0.0,0.0,0.0,3.5580865153716075e-43,0.0,1.5813717846096032e-43,1.6002529431969087e-18,0.0,2.2281344902097765e-16,0.0,0.0,0.0,4.502455095268372e-18,2.6263891107423224e-18
7.960000000000993,5.0068600566944665,-3.2487951841918874,2.0132831623016143,-45.16258271272514,-0.00225269348035115,1.2467427886898586e-18,1.6672698007730792e-18,0.0,0,1.279766686468469e-16,2.0547729150776896e-16,0.0,0.0,0.0,2.372057676914405e-43,0.0,1.0542478564064021e-43,1.0668352954646057e-18,0.0,1.4854229934731843e-16,0.0,0.0,0.0,3.0016367301789145e-18,1.750926073828215e-18
7.980000000001,5.020441860170424,-3.264757543606209,2.0125038091009717,-45.16258841152665,-0.002243035240440146,8.311618591265724e-19,1.111513200515386e-18,0.0,0,8.531777909789792e-17,1.369848610051793e-16,0.0,0.0,0.0,1.5813717846096032e-43,0.0,7.028319042709347e-44,7.112235303097372e-19,0.0,9.902819956487895e-17,0.0,0.0,0.0,2.0010911534526097e-18,1.16728404921881e-18
8.000000000001005,5.034033658881544,-3.28070681366923,2.0117526465077487,-45.16259346421407,-0.00220157755037325,5.541079060843816e-19,7.410088003435907e-19,0.0,0,5.687851939859861e-17,9.132324067011953e-17,0.0,0.0,0.0,1.0542478564064021e-43,0.0,4.685546028472898e-44,4.741490202064914e-19,0.0,6.60187997099193e-17,0.0,0.0,0.0,1.3340607689684064e-18,7.781893661458733e-19
8.020000000000994,5.04763533380012,-3.2966431090391355,2.0110289286503353,-45.162597944052834,-0.0021336528334699846,3.6940527072292105e-19,4.940058668957271e-19,0.0,0,3.791901293239907e-17,6.088216044674635e-17,0.0,0.0,0.0,7.028319042709347e-44,0.0,3.123697352315265e-44,3.160993468043276e-19,0.0,4.4012533139946196e-17,0.0,0.0,0.0,8.893738459789375e-19,5.187929107639155e-19
8.040000000000983,5.061246766010315,-3.3125665447279022,2.0103319176773895,-45.162601915993875,-0.002044194550178806,2.4627018048194735e-19,3.293372445971514e-19,0.0,0,2.527934195493271e-17,4.0588106964497563e-17,0.0,0.0,0.0,4.685546028472898e-44,0.0,2.08246490154351e-44,2.1073289786955173e-19,0.0,2.934168875996413e-17,0.0,0.0,0.0,5.929158973192917e-19,3.4586194050927697e-19
8.060000000000972,5.0748678369458915,-3.3284772358576014,2.0096608843576482,-45.16260543761879,-0.001937723273784172,1.6418012032129822e-19,2.1955816306476756e-19,0.0,0,1.6852894636621807e-17,2.7058737976331707e-17,0.0,0.0,0.0,3.123697352315265e-44,0.0,1.38830993436234e-44,1.4048859857970115e-19,0.0,1.9561125839976086e-17,0.0,0.0,0.0,3.9527726487952777e-19,2.305746270061846e-19
8.080000000000961,5.088498428605122,-3.344375297438853,2.009015108625744,-45.16260855997743,-0.0018183409535003378,1.0945341354753215e-19,1.4637210870984505e-19,0.0,0,1.1235263091081204e-17,1.8039158650887802e-17,0.0,0.0,0.0,2.08246490154351e-44,0.0,9.255399562415598e-45,9.365906571980077e-20,0.0,1.3040750559984057e-17,0.0,0.0,0.0,2.635181765863518e-19,1.5371641800412307e-19
8.10000000000095,5.102138423743073,-3.360260844171731,2.008393880076812,-45.16261132833,-0.0016897322347322358,7.296894236502142e-20,9.758140580656335e-20,0.0,0,7.490175394054135e-18,1.2026105767258535e-17,0.0,0.0,0.0,1.38830993436234e-44,0.0,6.170266374943732e-45,6.243937714653385e-20,0.0,8.693833706656037e-18,0.0,0.0,0.0,1.756787843909012e-19,1.0247761200274871e-19
8.120000000000939,5.115787706041748,-3.376133990268998,2.007796498412588,-45.1626137828048,-0.0015551717694496632,4.8645961576680946e-20,6.50542705377089e-20,0.0,0,4.9934502627027564e-18,8.017403844839022e-18,0.0,0.0,0.0,9.255399562415598e-45,0.0,4.1135109166291545e-45,4.162625143102256e-20,0.0,5.795889137770691e-18,0.0,0.0,0.0,1.1711918959393412e-19,6.831840800183247e-20
8.140000000000928,5.1294461602588175,-3.39199484930125,2.007222273841582,-45.162615958980844,-0.0014175365192191129,3.243064105112063e-20,4.336951369180593e-20,0.0,0,3.3289668418018376e-18,5.344935896559348e-18,0.0,0.0,0.0,6.170266374943732e-45,0.0,2.742340611086103e-45,2.775083428734837e-20,0.0,3.863926091847127e-18,0.0,0.0,0.0,7.807945972928941e-20,4.554560533455498e-20
8.160000000000917,5.1431136723558435,-3.407843534063229,2.006670527435819,-45.162617888404306,-0.0012793221274878062,2.1620427367413753e-20,2.891300912787062e-20,0.0,0,2.2193112278678915e-18,3.563290597706232e-18,0.0,0.0,0.0,4.1135109166291545e-45,0.0,1.828227074057402e-45,1.850055619156558e-20,0.0,2.5759507278980847e-18,0.0,0.0,0.0,5.2052973152859606e-20,3.036373688970332e-20
8.180000000000906,5.156790129607089,-3.4236801564603856,2.006140591446521,-45.16261959904602,-0.0011426625144596051,1.44136182449425e-20,1.927533941858041e-20,0.0,0,1.4795408185785942e-18,2.3755270651374877e-18,0.0,0.0,0.0,2.742340611086103e-45,0.0,1.2188180493716012e-45,1.2333704127710386e-20,0.0,1.7173004852653897e-18,0.0,0.0,0.0,3.4701982101906404e-20,2.024249125980221e-20
8.200000000000895,5.170475420690098,-3.4395048274145585,2.0056318095810313,-45.162621115707,-0.0010093519258016776,9.609078829961666e-21,1.2850226279053605e-20,0.0,0,9.863605457190628e-19,1.5836847100916584e-18,0.0,0.0,0.0,1.828227074057402e-45,0.0,8.12545366247734e-46,8.22246941847359e-21,0.0,1.1448669901769263e-18,0.0,0.0,0.0,2.313465473460427e-20,1.3494994173201473e-20
8.220000000000883,5.18416943575932,-3.455317656787529,2.0051435372431845,-45.16262246037781,-0.0008808687441551615,6.4060525533077775e-21,8.56681751936907e-21,0.0,0,6.575736971460418e-19,1.0557898067277721e-18,0.0,0.0,0.0,1.2188180493716012e-45,0.0,5.4169691083182266e-46,5.481646278982393e-21,0.0,7.632446601179509e-19,0.0,0.0,0.0,1.5423103156402845e-20,8.996662782134314e-21
8.240000000000872,5.197872066504117,-3.4711187533211088,2.004675141739206,-45.16262365255718,-0.0007584004488578272,4.2707017022051845e-21,5.71121167957938e-21,0.0,0,4.383824647640278e-19,7.03859871151848e-19,0.0,0.0,0.0,8.12545366247734e-46,0.0,3.611312738878818e-46,3.654430852654929e-21,0.0,5.088297734119672e-19,0.0,0.0,0.0,1.0282068770935229e-20,5.997775188089543e-21
8.260000000000861,5.21158320619249,-3.4869082245923635,2.0042260024511886,-45.162624709534235,-0.0006428691834866707,2.8471344681367894e-21,3.807474453052919e-21,0.0,0,2.9225497650935186e-19,4.692399141012319e-19,0.0,0.0,0.0,5.4169691083182266e-46,0.0,2.4075418259192116e-46,2.4362872351032856e-21,0.0,3.3921984894131146e-19,0.0,0.0,0.0,6.854712513956818e-21,3.998516792059695e-21
8.28000000000085,5.225302749701882,-3.5026861769825315,2.003795510980049,-45.16262564663894,-0.0005349574620262456,1.898089645424526e-21,2.538316302035279e-21,0.0,0,1.9483665100623456e-19,3.128266094008213e-19,0.0,0.0,0.0,3.611312738878818e-46,0.0,1.605027883946141e-46,1.624191490068857e-21,0.0,2.261465659608743e-19,0.0,0.0,0.0,4.569808342637879e-21,2.66567786137313e-21
8.30000000000084,5.239030593538418,-3.51845271565823,2.0033830712598437,-45.16262647746392,-0.00043513361205033813,1.265393096949684e-21,1.6922108680235194e-21,0.0,0,1.2989110067082304e-19,2.0855107293388085e-19,0.0,0.0,0.0,2.4075418259192116e-46,0.0,1.0700185892974273e-46,1.0827943267125713e-21,0.0,1.5076437730724952e-19,0.0,0.0,0.0,3.0465388950919193e-21,1.7771185742487533e-21
8.320000000000828,5.252766635845845,-3.5342079445635144,2.002988099645186,-45.16262721406128,-0.0003436766168101966,8.43595397966456e-22,1.1281405786823462e-21,0.0,0,8.659406711388202e-20,1.3903404862258722e-19,0.0,0.0,0.0,1.605027883946141e-46,0.0,7.133457261982848e-47,7.218628844750475e-22,0.0,1.0050958487149967e-19,0.0,0.0,0.0,2.0310259300612793e-21,1.1847457161658354e-21
8.340000000000817,5.266510776405458,-3.5499519664214376,2.0026100249734764,-45.162627867117045,-0.00026070007721347167,5.623969319776373e-22,7.520937191215641e-22,0.0,0,5.772937807592134e-20,9.268936574839148e-20,0.0,0.0,0.0,1.0700185892974273e-46,0.0,4.755638174655231e-47,4.812419229833649e-22,0.0,6.700638991433311e-20,0.0,0.0,0.0,1.3540172867075195e-21,7.898304774438903e-22
8.360000000000806,5.280262916628201,-3.5656848827437817,2.002248288603546,-45.16262844610585,-0.0001861750691333868,3.749312879850915e-22,5.013958127477094e-22,0.0,0,3.8486252050614226e-20,6.179291049892765e-20,0.0,0.0,0.0,7.133457261982848e-47,0.0,3.170425449770154e-47,3.208279486555766e-22,0.0,4.4670926609555406e-20,0.0,0.0,0.0,9.026781911383463e-22,5.265536516292601e-22
8.380000000000795,5.294022959540048,-3.5814067938477185,2.001902344432277,-45.16262895942817,-0.00011995172119066665,2.4995419199006097e-22,3.3426387516513954e-22,0.0,0,2.565750136707615e-20,4.119527366595177e-20,0.0,0.0,0.0,4.755638174655231e-47,0.0,2.113616966513436e-47,2.1388529910371774e-22,0.0,2.97806177397036e-20,0.0,0.0,0.0,6.017854607588975e-22,3.5103576775284007e-22
8.400000000000784,5.307790809761757,-3.5971177988782133,2.0015716588906454,-45.162629414532034,-6.177938306634323e-05,1.6663612799337396e-22,2.2284258344342636e-22,0.0,0,1.7105000911384098e-20,2.7463515777301174e-20,0.0,0.0,0.0,3.170425449770154e-47,0.0,1.409077977675624e-47,1.425901994024785e-22,0.0,1.9853745159802398e-20,0.0,0.0,0.0,4.011903071725983e-22,2.3402384516856e-22
8.420000000000773,5.3215663734839485,-3.6128179958350928,2.001255710920617,-45.16262981802081,-1.132529458230921e-05,1.1109075199558263e-22,1.4856172229561755e-22,0.0,0,1.1403333940922731e-20,1.830901051820078e-20,0.0,0.0,0.0,2.113616966513436e-47,0.0,9.39385318450416e-48,9.506013293498566e-23,0.0,1.3235830106534931e-20,0.0,0.0,0.0,2.674602047817322e-22,1.5601589677904e-22
8.440000000000762,5.3353495584384225,-3.628507481603751,2.0009539919342143,-45.16263017574903,3.180829867205299e-05,7.406050133038842e-23,9.904114819707837e-23,0.0,0,7.60222262728182e-21,1.2206007012133854e-20,0.0,0.0,0.0,1.409077977675624e-47,0.0,6.26256878966944e-48,6.33734219566571e-23,0.0,8.823886737689953e-21,0.0,0.0,0.0,1.7830680318782147e-22,1.0401059785269334e-22
8.46000000000075,5.349140273866493,-3.644186351988597,2.0006660057560466,-45.162630492907184,6.8068606314115e-05,4.937366755359228e-23,6.602743213138557e-23,0.0,0,5.0681484181878804e-21,8.137338008089235e-21,0.0,0.0,0.0,9.39385318450416e-48,0.0,4.175045859779626e-48,4.224894797110473e-23,0.0,5.882591158459968e-21,0.0,0.0,0.0,1.188712021252143e-22,6.934039856846222e-23
8.48000000000074,5.362938430485136,-3.6598547017483978,2.0003912685505036,-45.162630774096996,9.793832708641578e-05,3.291577836906151e-23,4.401828808759038e-23,0.0,0,3.3787656121252534e-21,5.424892005392824e-21,0.0,0.0,0.0,6.26256878966944e-48,0.0,2.7833639065197506e-48,2.816596531406982e-23,0.0,3.921727438973312e-21,0.0,0.0,0.0,7.92474680834762e-23,4.6226932378974807e-23
8.500000000000728,5.376743940451539,-3.6755126246327907,2.000129308734784,-45.162631023398205,0.00012192322929345124,2.1943852246041008e-23,2.934552539172692e-23,0.0,0,2.252510408083502e-21,3.616594670261882e-21,0.0,0.0,0.0,4.175045859779626e-48,0.0,1.8555759376798337e-48,1.877731020937988e-23,0.0,2.614484959315541e-21,0.0,0.0,0.0,5.283164538898413e-23,3.0817954919316536e-23
8.520000000000717,5.390556717326691,-3.6911602134193084,1.9998796668788392,-45.16263124442777,0.0001405412323259255,1.4629234830694004e-23,1.9563683594484612e-23,0.0,0,1.5016736053890014e-21,2.411063113507921e-21,0.0,0.0,0.0,2.7833639065197506e-48,0.0,1.237050625119889e-48,1.2518206806253253e-23,0.0,1.7429899728770274e-21,0.0,0.0,0.0,3.5221096925989415e-23,2.0545303279544356e-23
8.540000000000706,5.4043766760384795,-3.706797559950355,1.999641895593285,-45.16263144039225,0.00015431292833790317,9.75282322046267e-24,1.3042455729656408e-23,0.0,0,1.0011157369260009e-21,1.6073754090052806e-21,0.0,0.0,0.0,1.8555759376798337e-48,0.0,8.247004167465926e-49,8.345471204168835e-24,0.0,1.1619933152513516e-21,0.0,0.0,0.0,2.3480731283992943e-23,1.369686885302957e-23
8.560000000000695,5.4182037328447405,-3.722424755169636,1.999415559406281,-45.162631614134455,0.0001637534708440903,6.501882146975113e-24,8.694970486437605e-24,0.0,0,6.674104912840006e-22,1.0715836060035203e-21,0.0,0.0,0.0,1.237050625119889e-48,0.0,5.498002778310617e-49,5.56364746944589e-24,0.0,7.746622101675677e-22,0.0,0.0,0.0,1.5653820855995295e-23,9.131245902019714e-24
8.580000000000684,5.432037805296641,-3.7380418891576492,1.9992002346303042,-45.16263176817471,0.00016936574759450322,4.3345880979834086e-24,5.7966469909584025e-24,0.0,0,4.44940327522667e-22,7.143890706690135e-22,0.0,0.0,0.0,8.247004167465926e-49,0.0,3.665335185540411e-49,3.709098312963926e-24,0.0,5.164414734450451e-22,0.0,0.0,0.0,1.043588057066353e-23,6.087497268013142e-24
8.600000000000673,5.445878812202694,-3.753649051165885,1.998995509219718,-45.16263190474744,0.00017163474834431646,2.8897253986556053e-24,3.864431327305602e-24,0.0,0,2.9662688501511133e-22,4.76259380446009e-22,0.0,0.0,0.0,5.498002778310617e-49,0.0,2.443556790360274e-49,2.4727322086426172e-24,0.0,3.4429431563003004e-22,0.0,0.0,0.0,6.957253713775687e-24,4.058331512008761e-24
8.620000000000662,5.459726673593642,-3.769246329649468,1.9988009826199817,-45.16263202583352,0.00017102303365831978,1.9264835991037368e-24,2.5762875515370673e-24,0.0,0,1.9775125667674089e-22,3.175062536306726e-22,0.0,0.0,0.0,3.665335185540411e-49,0.0,1.6290378602401827e-49,1.648488139095078e-24,0.0,2.2952954375335333e-22,0.0,0.0,0.0,4.638169142517124e-24,2.705554341339174e-24
8.64000000000065,5.473581310688456,-3.784833812298035,1.9986162656092987,-45.162632133189184,0.00016796720852126963,1.2843223994024911e-24,1.7175250343580448e-24,0.0,0,1.3183417111782725e-22,2.1167083575378173e-22,0.0,0.0,0.0,2.443556790360274e-49,0.0,1.0860252401601217e-49,1.098992092730052e-24,0.0,1.5301969583556888e-22,0.0,0.0,0.0,3.0921127616780825e-24,1.8037028942261157e-24
8.66000000000064,5.487442645861564,-3.800411586064678,1.9984409801334635,-45.16263222837146,0.00016287530390539278,8.562149329349939e-25,1.1450166895720298e-24,0.0,0,8.788944741188483e-23,1.4111389050252114e-22,0.0,0.0,0.0,1.6290378602401827e-49,0.0,7.240168267734144e-50,7.326613951533679e-25,0.0,1.0201313055704591e-22,0.0,0.0,0.0,2.0614085077853883e-24,1.2024685961507437e-24
8.680000000000629,5.501310602611423,-3.815979737192861,1.9982747591346273,-45.16263231276073,0.0001561249703630958,5.708099552899959e-25,7.633444597146865e-25,0.0,0,5.859296494125655e-23,9.407592700168075e-23,0.0,0.0,0.0,1.0860252401601217e-49,0.0,4.826778845156096e-50,4.884409301022453e-25,0.0,6.800875370469727e-23,0.0,0.0,0.0,1.3742723385235921e-24,8.016457307671624e-25
8.700000000000617,5.515185105530541,-3.831538351241231,1.9981172463746528,-45.16263238758083,0.0001480623899142335,3.8053997019333064e-25,5.088963064764576e-25,0.0,0,3.906197662750436e-23,6.271728466778716e-23,0.0,0.0,0.0,7.240168267734144e-50,0.0,3.2178525634373973e-50,3.256272867348302e-25,0.0,4.533916913646484e-23,0.0,0.0,0.0,9.16181559015728e-25,5.344304871781083e-25
8.720000000000606,5.529066080276973,-3.8470875131063145,1.997968096253707,-45.16263245391685,0.00013900181576112882,2.536933134622204e-25,3.3926420431763843e-25,0.0,0,2.6041317751669573e-23,4.181152311185811e-23,0.0,0.0,0.0,4.826778845156096e-50,0.0,2.145235042291598e-50,2.1708485782322013e-25,0.0,3.022611275764323e-23,0.0,0.0,0.0,6.107877060104853e-25,3.5628699145207215e-25
8.740000000000595,5.542953453547284,-3.862627307043097,1.9978269736246885,-45.16263251273077,0.0001292256534848605,1.6912887564148027e-25,2.261761362117589e-25,0.0,0,1.7360878501113047e-23,2.787434874123874e-23,0.0,0.0,0.0,3.2178525634373973e-50,0.0,1.4301566948610653e-50,1.447232385488134e-25,0.0,2.0150741838428818e-23,0.0,0.0,0.0,4.071918040069902e-25,2.3752466096804807e-25
8.760000000000584,5.556847153051036,-3.878157816683525,1.9976935536040634,-45.16263256487549,0.00011898500216494898,1.1275258376098683e-25,1.507840908078393e-25,0.0,0,1.157391900074203e-23,1.8582899160825825e-23,0.0,0.0,0.0,2.145235042291598e-50,0.0,9.534377965740435e-51,9.648215903254226e-26,0.0,1.3433827892285876e-23,0.0,0.0,0.0,2.7146120267132677e-25,1.583497739786987e-25
8.780000000000573,5.570747107486697,-3.893679125052991,1.9975675213796367,-45.16263261110723,0.00010850057915133654,7.516838917399121e-26,1.0052272720522618e-25,0.0,0,7.715946000494686e-24,1.238859944055055e-23,0.0,0.0,0.0,1.4301566948610653e-50,0.0,6.35625197716029e-51,6.432143935502817e-26,0.0,8.955885261523917e-24,0.0,0.0,0.0,1.8097413511421783e-25,1.0556651598579912e-25
8.800000000000562,5.584653246518974,-3.909191314584888,1.9974485720157795,-45.16263265209644,9.796395785017445e-05,5.011225944932747e-26,6.701515147015077e-26,0.0,0,5.143964000329791e-24,8.259066293700365e-24,0.0,0.0,0.0,9.534377965740435e-51,0.0,4.2375013181068596e-51,4.2880959570018776e-26,0.0,5.970590174349278e-24,0.0,0.0,0.0,1.2064942340947855e-25,7.037767732386608e-26
8.820000000000551,5.598565500757505,-3.9246944671333175,1.997336410256569,-45.16263268843758,8.753905372859476e-05,3.340817296621831e-26,4.4676767646767186e-26,0.0,0,3.4293093335531935e-24,5.5060441958002435e-24,0.0,0.0,0.0,6.35625197716029e-51,0.0,2.8250008787379064e-51,2.8587306380012513e-26,0.0,3.980393449566185e-24,0.0,0.0,0.0,8.043294893965237e-26,4.691845154924405e-26
8.84000000000054,5.612483801736823,-3.940188663984069,1.997230750327294,-45.16263272065766,7.736379968042256e-05,2.2272115310812205e-26,2.978451176451145e-26,0.0,0,2.2862062223687956e-24,3.670696130533496e-24,0.0,0.0,0.0,4.2375013181068596e-51,0.0,1.883333919158604e-51,1.9058204253341675e-26,0.0,2.653595633044123e-24,0.0,0.0,0.0,5.362196595976824e-26,3.127896769949603e-26
8.860000000000529,5.626408081897539,-3.9556739858639904,1.9971313157347477,-45.16263274922397,6.755195782286527e-05,1.4848076873874804e-26,1.985634117634097e-26,0.0,0,1.524137481579197e-24,2.447130753688997e-24,0.0,0.0,0.0,2.8250008787379064e-51,0.0,1.255555946105736e-51,1.2705469502227783e-26,0.0,1.7690637553627486e-24,0.0,0.0,0.0,3.574797730651216e-26,2.0852645132997352e-26
8.880000000000518,5.640338274568656,-3.971150512948858,1.997037839066683,-45.1626327745508,5.819502062703143e-05,9.898717915916536e-27,1.3237560784227312e-26,0.0,0,1.0160916543861312e-24,1.6314205024593314e-24,0.0,0.0,0.0,1.883333919158604e-51,0.0,8.370372974038239e-52,8.470313001485187e-27,0.0,1.179375836908499e-24,0.0,0.0,0.0,2.3831984871008106e-26,1.3901763421998235e-26
8.900000000000507,5.654274313950915,-3.98661832486989,1.9969500617908187,-45.16263279700553,4.9364159950365036e-05,6.59914527727769e-27,8.825040522818209e-27,0.0,0,6.773944362574207e-25,1.0876136683062209e-24,0.0,0.0,0.0,1.255555946105736e-51,0.0,5.580248649358825e-52,5.646875334323458e-27,0.0,7.862505579389993e-25,0.0,0.0,0.0,1.5887989914005402e-26,9.267842281332156e-27
8.920000000000496,5.668216135101123,-4.002077500719017,1.9968677340537118,-45.162632816913835,4.111218797764318e-05,4.3994301848517925e-27,5.8833603485454716e-27,0.0,0,4.515962908382805e-25,7.250757788708139e-25,0.0,0.0,0.0,8.370372974038239e-52,0.0,3.720165766239217e-52,3.764583556215638e-27,0.0,5.241670386259995e-25,0.0,0.0,0.0,1.0591993276003601e-26,6.178561520888104e-27
8.940000000000484,5.682163673917327,-4.017528119053047,1.9967906144798377,-45.16263283456447,3.347549924210284e-05,2.9329534565678617e-27,3.9222402323636475e-27,0.0,0,3.0106419389218695e-25,4.833838525805425e-25,0.0,0.0,0.0,5.580248649358825e-52,0.0,2.4801105108261443e-52,2.5097223708104255e-27,0.0,3.49444692417333e-25,0.0,0.0,0.0,7.061328850669067e-27,4.1190410139254026e-27
8.960000000000473,5.6961168671248,-4.032970257896842,1.996718469971161,-45.16263285021347,2.647596775360113e-05,1.9553023043785746e-27,2.6148268215757647e-27,0.0,0,2.0070946259479128e-25,3.222559017203617e-25,0.0,0.0,0.0,3.720165766239217e-52,0.0,1.6534070072174294e-52,1.67314824720695e-27,0.0,2.32963128278222e-25,0.0,0.0,0.0,4.7075525671127116e-27,2.746027342616935e-27
8.980000000000462,5.7100756522627325,-4.048403994745622,1.9966510755074753,-45.16263286408778,2.0122777780451323e-05,1.3035348695857164e-27,1.7432178810505096e-27,0.0,0,1.338063083965275e-25,2.1483726781357443e-25,0.0,0.0,0.0,2.4801105108261443e-52,0.0,1.102271338144953e-52,1.1154321648046333e-27,0.0,1.5530875218548133e-25,0.0,0.0,0.0,3.1383683780751408e-27,1.8306848950779563e-27
9.000000000000451,5.724039967671542,-4.063829406566528,1.9965882139477733,-45.162632876388706,1.441417099853315e-05,8.690232463904775e-28,1.1621452540336732e-27,0.0,0,8.9204205597685e-26,1.4322484520904962e-25,0.0,0.0,0.0,1.6534070072174294e-52,0.0,7.348475587633019e-53,7.436214432030888e-28,0.0,1.0353916812365421e-25,0.0,0.0,0.0,2.092245585383427e-27,1.2204565967186375e-27
