t,x,y,z,yaw,roll,turn,gf,drive,nact,DNp01_left,DNp01_right,DNa02_left,DNa02_right,DNa01_left,DNa01_right,DNb01_left,DNb01_right,DNp03_left,DNp03_right,DNp11_left,DNp11_right,DNg02_left,DNg02_right,DN_all_left,DN_all_right
0.02000000000000001,1.4571815406777403e-07,0.0,1.999999999987818,0.0,0.0,0.0,0.0,0.0,0,0.0,0.0,0.0,0.0,0.0,0.0,0.0,0.0,0.0,0.0,0.0,0.0,0.0,0.0,0.0,0.0
0.04000000000000003,2.1536263519904297e-06,0.0,1.999999999332486,0.0,0.0,0.0,0.0,0.0,0,0.0,0.0,0.0,0.0,0.0,0.0,0.0,0.0,0.0,0.0,0.0,0.0,0.0,0.0,0.0,0.0
0.060000000000000046,1.036354957609535e-05,0.0,1.9999999932081178,0.0,0.0,0.0,0.0,0.0,0,0.0,0.0,0.0,0.0,0.0,0.0,0.0,0.0,0.0,0.0,0.0,0.0,0.0,0.0,0.0,0.0
0.08000000000000006,3.136371810636784e-05,0.0,1.9999999655518297,0.0,0.0,0.0,0.0,0.0,0,0.0,0.0,0.0,0.0,0.0,0.0,0.0,0.0,0.0,0.0,0.0,0.0,0.0,0.0,0.0,0.0
0.10000000000000007,7.352971132205969e-05,0.0,1.9999998809301798,0.0,0.0,0.0,0.0,0.0,0,0.0,0.0,0.0,0.0,0.0,0.0,0.0,0.0,0.0,0.0,0.0,0.0,0.0,0.0,0.0,0.0
0.12000000000000009,0.00014660560134487793,0.0,1.9999996773644733,0.0,0.0,0.0,0.0,0.0,0,0.0,0.0,0.0,0.0,0.0,0.0,0.0,0.0,0.0,0.0,0.0,0.0,0.0,0.0,0.0,0.0
0.1400000000000001,0.0002613272442826191,0.0,1.9999992613301947,0.0,0.0,0.0,0.0,0.0,0,0.0,0.0,0.0,0.0,0.0,0.0,0.0,0.0,0.0,0.0,0.0,0.0,0.0,0.0,0.0,0.0
0.16000000000000011,0.0004290870588310342,0.0,1.9999985054922111,0.0,0.0,0.0,0.0,0.0,0,0.0,0.0,0.0,0.0,0.0,0.0,0.0,0.0,0.0,0.0,0.0,0.0,0.0,0.0,0.0,0.0
0.18000000000000013,0.0006616391197984689,0.0,1.9999972492567384,0.0,0.0,0.0,0.0,0.0,0,0.0,0.0,0.0,0.0,0.0,0.0,0.0,0.0,0.0,0.0,0.0,0.0,0.0,0.0,0.0,0.0
0.20000000000000015,0.000970842970800769,0.0,1.9999953018901322,0.0,0.0,0.0,0.0,0.0,0,0.0,0.0,0.0,0.0,0.0,0.0,0.0,0.0,0.0,0.0,0.0,0.0,0.0,0.0,0.0,0.0
0.22000000000000017,0.0013684442199030577,0.0,1.9999924477485258,0.0,0.0,0.0,0.0,0.0,0,0.0,0.0,0.0,0.0,0.0,0.0,0.0,0.0,0.0,0.0,0.0,0.0,0.0,0.0,0.0,0.0
0.24000000000000019,0.0018658897184885934,0.0,1.9999884530562884,0.0,0.0,0.0,0.0,0.0,0,0.0,0.0,0.0,0.0,0.0,0.0,0.0,0.0,0.0,0.0,0.0,0.0,0.0,0.0,0.0,0.0
0.2600000000000002,0.0024741749309993588,0.0,1.999983073641975,0.0,0.0,0.0,0.0,0.0,0,0.0,0.0,0.0,0.0,0.0,0.0,0.0,0.0,0.0,0.0,0.0,0.0,0.0,0.0,0.0,0.0
0.2800000000000002,0.0032037209749218956,0.0,1.999976063066719,0.0,0.0,0.0,0.0,0.0,0,0.0,0.0,0.0,0.0,0.0,0.0,0.0,0.0,0.0,0.0,0.0,0.0,0.0,0.0,0.0,0.0
0.3000000000000002,0.0040642787396416085,0.0,1.9999671806437211,0.0,0.0,0.0,0.0,0.0,0,0.0,0.0,0.0,0.0,0.0,0.0,0.0,0.0,0.0,0.0,0.0,0.0,0.0,0.0,0.0,0.0
0.32000000000000023,0.005064857472507533,0.0,1.9999561989333736,0.0,0.0,0.0,0.0,0.0,0,0.0,0.0,0.0,0.0,0.0,0.0,0.0,0.0,0.0,0.0,0.0,0.0,0.0,0.0,0.0,0.0
0.34000000000000025,0.00621367524356189,0.0,1.9999429103945274,0.0,0.0,0.0,0.0,0.0,0,0.0,0.0,0.0,0.0,0.0,0.0,0.0,0.0,0.0,0.0,0.0,0.0,0.0,0.0,0.0,0.0
0.36000000000000026,0.007518128759983879,0.0,1.9999271329691868,0.0,0.0,0.0,0.0,0.0,0,0.0,0.0,0.0,0.0,0.0,0.0,0.0,0.0,0.0,0.0,0.0,0.0,0.0,0.0,0.0,0.0
0.3800000000000003,0.0089847800907941,0.0,1.9999087144688035,0.0,0.0,0.0,0.0,0.0,0,0.0,0.0,0.0,0.0,0.0,0.0,0.0,0.0,0.0,0.0,0.0,0.0,0.0,0.0,0.0,0.0
0.4000000000000003,0.010619357975642542,0.0,1.99988753571098,0.0,0.0,0.0,0.0,0.0,0,0.0,0.0,0.0,0.0,0.0,0.0,0.0,0.0,0.0,0.0,0.0,0.0,0.0,0.0,0.0,0.0
0.4200000000000003,0.01242677152298219,0.0,1.9998635124231203,0.0,0.0,0.0,0.0,0.0,0,0.0,0.0,0.0,0.0,0.0,0.0,0.0,0.0,0.0,0.0,0.0,0.0,0.0,0.0,0.0,0.0
0.44000000000000034,0.014411134247627752,0.0,1.9998365959834041,0.0,0.0,0.0,0.0,0.0,0,0.0,0.0,0.0,0.0,0.0,0.0,0.0,0.0,0.0,0.0,0.0,0.0,0.0,0.0,0.0,0.0
0.46000000000000035,0.01657579655123656,0.0,1.9998067731094025,0.0,0.0,0.0,0.0,0.0,0,0.0,0.0,0.0,0.0,0.0,0.0,0.0,0.0,0.0,0.0,0.0,0.0,0.0,0.0,0.0,0.0
0.48000000000000037,0.018923384907840513,0.0,1.9997740646315858,0.0,0.0,0.0,0.0,0.0,0,0.0,0.0,0.0,0.0,0.0,0.0,0.0,0.0,0.0,0.0,0.0,0.0,0.0,0.0,0.0,0.0
0.5000000000000003,0.021455846176979862,0.0,1.9997385235043457,0.0,0.0,0.0,0.0,0.0,0,0.0,0.0,0.0,0.0,0.0,0.0,0.0,0.0,0.0,0.0,0.0,0.0,0.0,0.0,0.0,0.0
0.5200000000000004,0.02417449562653423,0.0,1.9997002322126325,0.0,0.0,0.0,0.0,0.0,0,0.0,0.0,0.0,0.0,0.0,0.0,0.0,0.0,0.0,0.0,0.0,0.0,0.0,0.0,0.0,0.0
0.5400000000000004,0.027080067403775464,0.0,1.9996592997297886,0.0,0.0,0.0,0.0,0.0,0,0.0,0.0,0.0,0.0,0.0,0.0,0.0,0.0,0.0,0.0,0.0,0.0,0.0,0.0,0.0,0.0
0.5600000000000004,0.03017276634465895,0.0,1.9996158581734818,0.0,0.0,0.0,0.0,0.0,0,0.0,0.0,0.0,0.0,0.0,0.0,0.0,0.0,0.0,0.0,0.0,0.0,0.0,0.0,0.0,0.0
0.5800000000000004,0.033452320156473564,0.0,1.999570059293494,0.0,0.0,0.0,0.0,0.0,0,0.0,0.0,0.0,0.0,0.0,0.0,0.0,0.0,0.0,0.0,0.0,0.0,0.0,0.0,0.0,0.0
0.6000000000000004,0.03691803114655573,0.0,1.9995220709091146,0.0,0.0,0.0,0.0,0.0,0,0.0,0.0,0.0,0.0,0.0,0.0,0.0,0.0,0.0,0.0,0.0,0.0,0.0,0.0,0.0,0.0
0.6200000000000004,0.04056882679899369,0.0,1.9994720733963056,0.0,0.0,0.0,0.0,0.0,0,0.0,0.0,0.0,0.0,0.0,0.0,0.0,0.0,0.0,0.0,0.0,0.0,0.0,0.0,0.0,0.0
0.6400000000000005,0.04440330862150246,0.0,1.9994202563067829,0.0,0.0,0.0,0.0,0.0,0,0.0,0.0,0.0,0.0,0.0,0.0,0.0,0.0,0.0,0.0,0.0,0.0,0.0,0.0,0.0,0.0
0.6600000000000005,0.048419798795549425,0.0,1.9993668151835307,0.0,0.0,0.0,0.0,0.0,0,0.0,0.0,0.0,0.0,0.0,0.0,0.0,0.0,0.0,0.0,0.0,0.0,0.0,0.0,0.0,0.0
0.6800000000000005,0.05261638426415224,0.0,1.999311948620723,0.0,0.0,0.0,0.0,0.0,0,0.0,0.0,0.0,0.0,0.0,0.0,0.0,0.0,0.0,0.0,0.0,0.0,0.0,0.0,0.0,0.0
0.7000000000000005,0.056990957983509644,0.0,1.9992558556009528,0.0,0.0,0.0,0.0,0.0,0,0.0,0.0,0.0,0.0,0.0,0.0,0.0,0.0,0.0,0.0,0.0,0.0,0.0,0.0,0.0,0.0
0.7200000000000005,0.06154125714685572,0.0,1.9991987331294323,0.0,0.0,0.0,0.0,0.0,0,0.0,0.0,0.0,0.0,0.0,0.0,0.0,0.0,0.0,0.0,0.0,0.0,0.0,0.0,0.0,0.0
0.7400000000000005,0.06626489826185744,0.0,1.9991407741734626,0.0,0.0,0.0,0.0,0.0,0,0.0,0.0,0.0,0.0,0.0,0.0,0.0,0.0,0.0,0.0,0.0,0.0,0.0,0.0,0.0,0.0
0.7600000000000006,0.07115940902681253,0.0,1.999082165906066,0.0,0.0,0.0,0.0,0.0,0,0.0,0.0,0.0,0.0,0.0,0.0,0.0,0.0,0.0,0.0,0.0,0.0,0.0,0.0,0.0,0.0
0.7800000000000006,0.07622225700623532,0.0,1.9990230882451419,0.0,0.0,0.0,0.0,0.0,0,0.0,0.0,0.0,0.0,0.0,0.0,0.0,0.0,0.0,0.0,0.0,0.0,0.0,0.0,0.0,0.0
0.8000000000000006,0.08145087515360026,0.0,1.9989637126736974,0.0,0.0,0.0,0.0,0.0,0,0.0,0.0,0.0,0.0,0.0,0.0,0.0,0.0,0.0,0.0,0.0,0.0,0.0,0.0,0.0,0.0
0.8200000000000006,0.08684268426854129,0.0,1.9989042013224865,0.0,0.0,0.0,0.0,0.0,0,0.0,0.0,0.0,0.0,0.0,0.0,0.0,0.0,0.0,0.0,0.0,0.0,0.0,0.0,0.0,0.0
0.8400000000000006,0.09239511250823075,0.0,1.9988447062935037,0.0,0.0,0.0,0.0,0.0,0,0.0,0.0,0.0,0.0,0.0,0.0,0.0,0.0,0.0,0.0,0.0,0.0,0.0,0.0,0.0,0.0
0.8600000000000007,0.09810561209853795,0.0,1.9987853692011064,0.0,0.0,0.0,0.0,0.0,0,0.0,0.0,0.0,0.0,0.0,0.0,0.0,0.0,0.0,0.0,0.0,0.0,0.0,0.0,0.0,0.0
0.8800000000000007,0.10397167341048194,0.0,1.998726320906792,0.0,0.0,0.0,0.0,0.0,0,0.0,0.0,0.0,0.0,0.0,0.0,0.0,0.0,0.0,0.0,0.0,0.0,0.0,0.0,0.0,0.0
0.9000000000000007,0.10999083658201994,0.0,1.9986676814237099,0.0,0.0,0.0,0.0,0.0,0,0.0,0.0,0.0,0.0,0.0,0.0,0.0,0.0,0.0,0.0,0.0,0.0,0.0,0.0,0.0,0.0
0.9200000000000007,0.11616070087493283,0.0,1.9986095599676281,0.0,0.0,0.0,0.0,0.0,0,0.0,0.0,0.0,0.0,0.0,0.0,0.0,0.0,0.0,0.0,0.0,0.0,0.0,0.0,0.0,0.0
0.9400000000000007,0.12247893196204244,0.0,1.9985520551321663,0.0,0.0,0.0,0.0,0.0,0,0.0,0.0,0.0,0.0,0.0,0.0,0.0,0.0,0.0,0.0,0.0,0.0,0.0,0.0,0.0,0.0
0.9600000000000007,0.12894326734176667,0.0,1.998495255167517,0.0,0.0,0.0,0.0,0.0,0,0.0,0.0,0.0,0.0,0.0,0.0,0.0,0.0,0.0,0.0,0.0,0.0,0.0,0.0,0.0,0.0
0.9800000000000008,0.13555152007560822,0.0,1.998439238343475,0.0,0.0,0.0,0.0,0.0,0,0.0,0.0,0.0,0.0,0.0,0.0,0.0,0.0,0.0,0.0,0.0,0.0,0.0,0.0,0.0,0.0
1.0000000000000007,0.14230158104006693,0.0,1.9983840733793223,0.0,0.0,0.0,0.0,0.0,0,0.0,0.0,0.0,0.0,0.0,0.0,0.0,0.0,0.0,0.0,0.0,0.0,0.0,0.0,0.0,0.0
1.0199999999999985,0.1491914198781305,0.0,1.998329819924867,0.0,0.0,0.0,0.0,0.0,0,0.0,0.0,0.0,0.0,0.0,0.0,0.0,0.0,0.0,0.0,0.0,0.0,0.0,0.0,0.0,0.0
1.0399999999999963,0.15621908482734834,0.0,1.9982765290786793,0.0,0.0,0.0,0.0,0.0,0,0.0,0.0,0.0,0.0,0.0,0.0,0.0,0.0,0.0,0.0,0.0,0.0,0.0,0.0,0.0,0.0
1.059999999999994,0.16338270159192655,0.0,1.9982242439312499,0.0,0.0,0.0,0.0,0.0,0,0.0,0.0,0.0,0.0,0.0,0.0,0.0,0.0,0.0,0.0,0.0,0.0,0.0,0.0,0.0,0.0
1.0799999999999919,0.17068047141564477,0.0,1.998173000122393,0.0,0.0,0.0,0.0,0.0,0,0.0,0.0,0.0,0.0,0.0,0.0,0.0,0.0,0.0,0.0,0.0,0.0,0.0,0.0,0.0,0.0
1.0999999999999897,0.17811066850100835,0.0,1.9981228264037143,0.0,0.0,0.0,0.0,0.0,0,0.0,0.0,0.0,0.0,0.0,0.0,0.0,0.0,0.0,0.0,0.0,0.0,0.0,0.0,0.0,0.0
1.1199999999999875,0.18567163690818786,0.0,1.9980737451983437,0.0,0.0,0.0,0.0,0.0,0,0.0,0.0,0.0,0.0,0.0,0.0,0.0,0.0,0.0,0.0,0.0,0.0,0.0,0.0,0.0,0.0
1.1399999999999852,0.1933617870552186,0.0,1.9980257731513893,0.0,0.0,0.0,0.0,0.0,0,0.0,0.0,0.0,0.0,0.0,0.0,0.0,0.0,0.0,0.0,0.0,0.0,0.0,0.0,0.0,0.0
1.159999999999983,0.20117959192883356,0.0,1.9979789216657178,0.0,0.0,0.0,0.0,0.0,0,0.0,0.0,0.0,0.0,0.0,0.0,0.0,0.0,0.0,0.0,0.0,0.0,0.0,0.0,0.0,0.0
1.1799999999999808,0.20912358310338144,0.0,1.9979331974186902,0.0,0.0,0.0,0.0,0.0,0,0.0,0.0,0.0,0.0,0.0,0.0,0.0,0.0,0.0,0.0,0.0,0.0,0.0,0.0,0.0,0.0
1.1999999999999786,0.21719234665367976,0.0,1.9978886028563936,0.0,0.0,0.0,0.0,0.0,0,0.0,0.0,0.0,0.0,0.0,0.0,0.0,0.0,0.0,0.0,0.0,0.0,0.0,0.0,0.0,0.0
1.2199999999999764,0.22538451903649656,0.0,1.9978451366627388,0.0,0.0,0.0,0.0,0.0,0,0.0,0.0,0.0,0.0,0.0,0.0,0.0,0.0,0.0,0.0,0.0,0.0,0.0,0.0,0.0,0.0
1.2399999999999742,0.2336987830047481,0.0,1.997802794201483,0.0,0.0,0.0,0.0,0.0,0,0.0,0.0,0.0,0.0,0.0,0.0,0.0,0.0,0.0,0.0,0.0,0.0,0.0,0.0,0.0,0.0
1.259999999999972,0.24213386360851466,0.0,1.997761567929904,0.0,0.0,0.0,0.0,0.0,0,0.0,0.0,0.0,0.0,0.0,0.0,0.0,0.0,0.0,0.0,0.0,0.0,0.0,0.0,0.0,0.0
1.2799999999999698,0.2506885243276718,0.0,1.9977214477833551,0.0,0.0,0.0,0.0,0.0,0,0.0,0.0,0.0,0.0,0.0,0.0,0.0,0.0,0.0,0.0,0.0,0.0,0.0,0.0,0.0,0.0
1.2999999999999676,0.25936156337234595,0.0,1.9976824215304367,0.0,0.0,0.0,0.0,0.0,0,0.0,0.0,0.0,0.0,0.0,0.0,0.0,0.0,0.0,0.0,0.0,0.0,0.0,0.0,0.0,0.0
1.3199999999999654,0.2681518101795512,0.0,1.9976444750989182,0.0,0.0,0.0,0.0,0.0,0,0.0,0.0,0.0,0.0,0.0,0.0,0.0,0.0,0.0,0.0,0.0,0.0,0.0,0.0,0.0,0.0
1.3399999999999632,0.2770581221272617,0.0,1.997607592872867,0.0,0.0,0.0,0.0,0.0,0,0.0,0.0,0.0,0.0,0.0,0.0,0.0,0.0,0.0,0.0,0.0,0.0,0.0,0.0,0.0,0.0
1.359999999999961,0.2860793814808031,0.0,1.9975717579617618,0.0,0.0,0.0,0.0,0.0,0,0.0,0.0,0.0,0.0,0.0,0.0,0.0,0.0,0.0,0.0,0.0,0.0,0.0,0.0,0.0,0.0
1.3799999999999588,0.29521449258080934,0.0,1.9975369524425766,0.0,0.0,0.0,0.0,0.0,0,0.0,0.0,0.0,0.0,0.0,0.0,0.0,0.0,0.0,0.0,0.0,0.0,0.0,0.0,0.0,0.0
1.3999999999999566,0.3044623792770476,0.0,1.9975031575760274,0.0,0.0,0.0,0.0,0.0,0,0.0,0.0,0.0,0.0,0.0,0.0,0.0,0.0,0.0,0.0,0.0,0.0,0.0,0.0,0.0,0.0
1.4199999999999544,0.3138219826081449,0.0,1.9974703539983172,0.0,0.0,0.0,0.0,0.0,0,0.0,0.0,0.0,0.0,0.0,0.0,0.0,0.0,0.0,0.0,0.0,0.0,0.0,0.0,0.0,0.0
1.4399999999999522,0.32329225872360856,0.0,1.9974385218898274,0.0,0.0,0.0,0.0,0.0,0,0.0,0.0,0.0,0.0,0.0,0.0,0.0,0.0,0.0,0.0,0.0,0.0,0.0,0.0,0.0,0.0
1.45999999999995,0.3328721770414936,0.0,1.9974076411222847,0.0,0.0,0.0,0.0,0.0,0,0.0,0.0,0.0,0.0,0.0,0.0,0.0,0.0,0.0,0.0,0.0,0.0,0.0,0.0,0.0,0.0
1.4799999999999478,0.342560718632573,0.0,1.997377691385977,0.0,0.0,0.0,0.0,0.0,0,0.0,0.0,0.0,0.0,0.0,0.0,0.0,0.0,0.0,0.0,0.0,0.0,0.0,0.0,0.0,0.0
1.4999999999999456,0.3523568748198818,0.0,1.9973486522986135,0.0,0.0,0.0,0.0,0.0,0,0.0,0.0,0.0,0.0,0.0,0.0,0.0,0.0,0.0,0.0,0.0,0.0,0.0,0.0,0.0,0.0
1.5199999999999434,0.3622596459809757,0.0,1.9973205034974264,0.0,0.0,0.0,0.0,0.0,0,0.0,0.0,0.0,0.0,0.0,0.0,0.0,0.0,0.0,0.0,0.0,0.0,0.0,0.0,0.0,0.0
1.5399999999999412,0.372268040539133,0.0,1.9972932247160855,0.0,0.0,0.0,0.0,0.0,0,0.0,0.0,0.0,0.0,0.0,0.0,0.0,0.0,0.0,0.0,0.0,0.0,0.0,0.0,0.0,0.0
1.559999999999939,0.382381074128987,0.0,1.9972667958479595,0.0,0.0,0.0,0.0,0.0,0,0.0,0.0,0.0,0.0,0.0,0.0,0.0,0.0,0.0,0.0,0.0,0.0,0.0,0.0,0.0,0.0
1.5799999999999368,0.3925977689216533,0.0,1.9972411969972048,0.0,0.0,0.0,0.0,0.0,0,0.0,0.0,0.0,0.0,0.0,0.0,0.0,0.0,0.0,0.0,0.0,0.0,0.0,0.0,0.0,0.0
1.5999999999999346,0.402917153094285,0.0,1.9972164085190958,0.0,0.0,0.0,0.0,0.0,0,0.0,0.0,0.0,0.0,0.0,0.0,0.0,0.0,0.0,0.0,0.0,0.0,0.0,0.0,0.0,0.0
1.6199999999999324,0.4133382604290958,0.0,1.9971924110509378,0.0,0.0,0.0,0.0,0.0,0,0.0,0.0,0.0,0.0,0.0,0.0,0.0,0.0,0.0,0.0,0.0,0.0,0.0,0.0,0.0,0.0
1.6399999999999302,0.423860130027207,0.0,1.997169185534818,0.0,0.0,0.0,0.0,0.0,0,0.0,0.0,0.0,0.0,0.0,0.0,0.0,0.0,0.0,0.0,0.0,0.0,0.0,0.0,0.0,0.0
1.659999999999928,0.4344818061231552,0.0,1.997146713233366,0.0,0.0,0.0,0.0,0.0,0,0.0,0.0,0.0,0.0,0.0,0.0,0.0,0.0,0.0,0.0,0.0,0.0,0.0,0.0,0.0,0.0
1.6799999999999258,0.44520233798652337,0.0,1.9971249757396043,0.0,0.0,0.0,0.0,0.0,0,0.0,0.0,0.0,0.0,0.0,0.0,0.0,0.0,0.0,0.0,0.0,0.0,0.0,0.0,0.0,0.0
1.6999999999999236,0.4560207798978862,0.0,1.9971039549818725,0.0,0.0,0.0,0.0,0.0,0,0.0,0.0,0.0,0.0,0.0,0.0,0.0,0.0,0.0,0.0,0.0,0.0,0.0,0.0,0.0,0.0
1.7199999999999214,0.4669361911870751,0.0,1.99708363322473,0.0,0.0,0.0,0.0,0.0,0,0.0,0.0,0.0,0.0,0.0,0.0,0.0,0.0,0.0,0.0,0.0,0.0,0.0,0.0,0.0,0.0
1.7399999999999192,0.47794763632263265,0.0,1.9970639930666285,0.0,0.0,0.0,0.0,0.0,0,0.0,0.0,0.0,0.0,0.0,0.0,0.0,0.0,0.0,0.0,0.0,0.0,0.0,0.0,0.0,0.0
1.759999999999917,0.48905418504223835,0.0,1.9970450174350838,0.0,0.0,0.0,0.0,0.0,0,0.0,0.0,0.0,0.0,0.0,0.0,0.0,0.0,0.0,0.0,0.0,0.0,0.0,0.0,0.0,0.0
1.7799999999999148,0.5002549125148009,0.0,1.997026689579964,0.0,0.0,0.0,0.0,0.0,0,0.0,0.0,0.0,0.0,0.0,0.0,0.0,0.0,0.0,0.0,0.0,0.0,0.0,0.0,0.0,0.0
1.7999999999999126,0.5115488995258445,0.0,1.997008993065456,0.0,0.0,0.0,0.0,0.0,0,0.0,0.0,0.0,0.0,0.0,0.0,0.0,0.0,0.0,0.0,0.0,0.0,0.0,0.0,0.0,0.0
1.8199999999999104,0.5229352326787168,0.0,1.9969919117611725,0.0,0.0,0.0,0.0,0.0,0,0.0,0.0,0.0,0.0,0.0,0.0,0.0,0.0,0.0,0.0,0.0,0.0,0.0,0.0,0.0,0.0
1.8399999999999082,0.534413004605043,0.0,1.9969754298328068,0.0,0.0,0.0,0.0,0.0,0,0.0,0.0,0.0,0.0,0.0,0.0,0.0,0.0,0.0,0.0,0.0,0.0,0.0,0.0,0.0,0.0
1.859999999999906,0.5459813141786899,0.0,1.9969595317326685,0.0,0.0,0.0,0.0,0.0,0,0.0,0.0,0.0,0.0,0.0,0.0,0.0,0.0,0.0,0.0,0.0,0.0,0.0,0.0,0.0,0.0
1.8799999999999037,0.5576392667283233,0.0,1.996944202190368,0.0,0.0,0.0,0.0,0.0,0,0.0,0.0,0.0,0.0,0.0,0.0,0.0,0.0,0.0,0.0,0.0,0.0,0.0,0.0,0.0,0.0
1.8999999999999015,0.5693859742444013,0.0,1.9969294262038757,0.0,0.0,0.0,0.0,0.0,0,0.0,0.0,0.0,0.0,0.0,0.0,0.0,0.0,0.0,0.0,0.0,0.0,0.0,0.0,0.0,0.0
1.9199999999998993,0.5812205555771572,0.0,1.9969151890311216,0.0,0.0,0.0,0.0,0.0,0,0.0,0.0,0.0,0.0,0.0,0.0,0.0,0.0,0.0,0.0,0.0,0.0,0.0,0.0,0.0,0.0
1.9399999999998971,0.59314213662278,0.0,1.9969014761822572,0.0,0.0,0.0,0.0,0.0,0,0.0,0.0,0.0,0.0,0.0,0.0,0.0,0.0,0.0,0.0,0.0,0.0,0.0,0.0,0.0,0.0
1.959999999999895,0.6051498504956057,0.0,1.9968882734126665,0.0,0.0,0.0,0.0,0.0,0,0.0,0.0,0.0,0.0,0.0,0.0,0.0,0.0,0.0,0.0,0.0,0.0,0.0,0.0,0.0,0.0
1.9799999999998927,0.6172428376846713,0.0,1.9968755667167852,0.0,0.0,0.0,0.0,0.0,0,0.0,0.0,0.0,0.0,0.0,0.0,0.0,0.0,0.0,0.0,0.0,0.0,0.0,0.0,0.0,0.0
1.9999999999998905,0.629420246193475,0.0,1.996863342322736,0.0,0.0,0.0,0.0,0.0,0,0.0,0.0,0.0,0.0,0.0,0.0,0.0,0.0,0.0,0.0,0.0,0.0,0.0,0.0,0.0,0.0
2.0199999999998886,0.6416812316622131,0.0,1.9968515866877907,0.0,0.0,0.0,0.0,0.0,0,0.0,0.0,0.0,0.0,0.0,0.0,0.0,0.0,0.0,0.0,0.0,0.0,0.0,0.0,0.0,0.0
2.0399999999998863,0.6540249574721471,0.0,1.9968402864946369,0.0,0.0,0.0,0.0,0.0,0,0.0,0.0,0.0,0.0,0.0,0.0,0.0,0.0,0.0,0.0,0.0,0.0,0.0,0.0,0.0,0.0
2.059999999999884,0.6664505948320806,0.0,1.9968294286484025,0.0,0.0,0.0,0.0,0.0,0,0.0,0.0,0.0,0.0,0.0,0.0,0.0,0.0,0.0,0.0,0.0,0.0,0.0,0.0,0.0,0.0
2.079999999999882,0.6789573228472014,0.0,1.9968190002743935,0.0,0.0,0.0,0.0,0.0,0,0.0,0.0,0.0,0.0,0.0,0.0,0.0,0.0,0.0,0.0,0.0,0.0,0.0,0.0,0.0,0.0
2.0999999999998797,0.6915443285707876,0.0,1.996808988716485,0.0,0.0,0.0,0.0,0.0,0,0.0,0.0,0.0,0.0,0.0,0.0,0.0,0.0,0.0,0.0,0.0,0.0,0.0,0.0,0.0,0.0
2.1199999999998775,0.7042108070394516,0.0,1.9967993815360932,0.0,0.0,0.0,0.0,0.0,0,0.0,0.0,0.0,0.0,0.0,0.0,0.0,0.0,0.0,0.0,0.0,0.0,0.0,0.0,0.0,0.0
2.1399999999998753,0.7169559612927682,0.0,1.9967901665116585,0.0,0.0,0.0,0.0,0.0,0,0.0,0.0,0.0,0.0,0.0,0.0,0.0,0.0,0.0,0.0,0.0,0.0,0.0,0.0,0.0,0.0
2.159999999999873,0.7297790023782343,0.0,1.996781331638566,0.0,0.0,0.0,0.0,0.0,0,0.0,0.0,0.0,0.0,0.0,0.0,0.0,0.0,0.0,0.0,0.0,0.0,0.0,0.0,0.0,0.0
2.179999999999871,0.7426791493426065,0.0,1.996772865129426,0.0,0.0,0.0,0.0,0.0,0,0.0,0.0,0.0,0.0,0.0,0.0,0.0,0.0,0.0,0.0,0.0,0.0,0.0,0.0,0.0,0.0
2.1999999999998687,0.7556556292107108,0.0,1.9967647554146402,0.0,0.0,0.0,0.0,0.0,0,0.0,0.0,0.0,0.0,0.0,0.0,0.0,0.0,0.0,0.0,0.0,0.0,0.0,0.0,0.0,0.0
2.2199999999998665,0.7687076769528591,0.0,1.9967569911431875,0.0,0.0,0.0,0.0,0.0,0,0.0,0.0,0.0,0.0,0.0,0.0,0.0,0.0,0.0,0.0,0.0,0.0,0.0,0.0,0.0,0.0
2.2399999999998643,0.7818345354420101,0.0,1.9967495611835506,0.0,0.0,0.0,0.0,0.0,0,0.0,0.0,0.0,0.0,0.0,0.0,0.0,0.0,0.0,0.0,0.0,0.0,0.0,0.0,0.0,0.0
2.259999999999862,0.7950354554018157,0.0,1.99674245462473,0.0,0.0,0.0,0.0,0.0,0,0.0,0.0,0.0,0.0,0.0,0.0,0.0,0.0,0.0,0.0,0.0,0.0,0.0,0.0,0.0,0.0
2.27999999999986,0.8083096953466606,0.0,1.9967356607772813,0.0,0.0,0.0,0.0,0.0,0,0.0,0.0,0.0,0.0,0.0,0.0,0.0,0.0,0.0,0.0,0.0,0.0,0.0,0.0,0.0,0.0
2.2999999999998577,0.8216565215147715,0.0,1.9967291691743176,0.0,0.0,0.0,0.0,0.0,0,0.0,0.0,0.0,0.0,0.0,0.0,0.0,0.0,0.0,0.0,0.0,0.0,0.0,0.0,0.0,0.0
2.3199999999998555,0.8350752077954222,0.0,1.9967229695724398,0.0,0.0,0.0,0.0,0.0,0,0.0,0.0,0.0,0.0,0.0,0.0,0.0,0.0,0.0,0.0,0.0,0.0,0.0,0.0,0.0,0.0
2.3399999999998533,0.8485650356512096,0.0,1.9967170519525403,0.0,0.0,0.0,0.0,0.0,0,0.0,0.0,0.0,0.0,0.0,0.0,0.0,0.0,0.0,0.0,0.0,0.0,0.0,0.0,0.0,0.0
2.359999999999851,0.8621252940363123,0.0,1.996711406520451,0.0,0.0,0.0,0.0,0.0,0,0.0,0.0,0.0,0.0,0.0,0.0,0.0,0.0,0.0,0.0,0.0,0.0,0.0,0.0,0.0,0.0
2.379999999999849,0.8757552793115728,0.0,1.9967060237073977,0.0,0.0,0.0,0.0,0.0,0,0.0,0.0,0.0,0.0,0.0,0.0,0.0,0.0,0.0,0.0,0.0,0.0,0.0,0.0,0.0,0.0
2.3999999999998467,0.8894542951571838,0.0,1.9967008941702444,0.0,0.0,0.0,0.0,0.0,0,0.0,0.0,0.0,0.0,0.0,0.0,0.0,0.0,0.0,0.0,0.0,0.0,0.0,0.0,0.0,0.0
2.4199999999998445,0.9032216524836817,0.0,1.9966960087915002,0.0,0.0,0.0,0.0,0.0,0,0.0,0.0,0.0,0.0,0.0,0.0,0.0,0.0,0.0,0.0,0.0,0.0,0.0,0.0,0.0,0.0
2.4399999999998423,0.9170566693418836,0.0,1.996691358679072,0.0,0.0,0.0,0.0,20.015212344183265,66,0.0,0.0,0.0,0.0,0.0,0.0,0.0,0.0,0.0,0.0,0.0,0.0,0.0,0.0,0.07751937984496125,0.0
2.45999999999984,0.9309648220894414,-1.4271574324083295e-07,1.9968043109457931,-0.020250866904469596,0.021103486007198507,0.1388888888888889,0.16666666666666669,20.258911675678736,138,16.666666666666668,16.666666666666668,0.0,0.0,0.0,0.0,0.0,0.0,0.0,0.0,16.666666666666668,0.0,0.0,0.0,0.3875968992248063,0.15479876160990713
2.479999999999838,0.9449545541939094,-2.1085264732131296e-06,1.9972087324483685,-0.06930690236587436,0.07088090516822847,0.09259259259259259,0.2777777777777778,20.514408154836136,103,44.44444444444444,11.11111111111111,0.0,0.0,0.0,0.0,0.0,0.0,0.0,0.0,11.11111111111111,0.0,0.0,0.0,0.49095607235142125,0.2063983488132095
2.4999999999998357,0.9590304922018102,-9.75734104810222e-06,1.998005610116508,-0.13353440476415038,0.13356789755308643,0.061728395061728385,0.3518518518518519,20.785577848901934,106,46.2962962962963,24.074074074074076,0.0,0.0,0.0,0.0,0.0,0.0,0.0,0.0,7.4074074074074066,0.0,0.0,0.0,0.5340223944875108,0.29239766081871343
2.5199999999998335,0.9732009015534407,-2.8401912138946606e-05,1.9993654194061055,-0.2043014757773652,0.19914601363170495,0.04115226337448559,0.5679012345679013,21.065508508966463,128,64.19753086419753,49.38271604938272,0.0,0.0,0.0,0.0,0.0,0.0,0.0,0.0,4.93827160493827,0.0,0.0,0.0,0.6660924490381854,0.47872950349730536
2.5399999999998313,0.9874692157997464,-6.355288706803362e-05,2.001366510897261,-0.27625889863183717,0.2614384183862067,0.027434842249657056,0.5452674897119342,21.358681359681412,130,59.465020576131685,49.58847736625515,0.0,0.0,0.0,0.0,0.0,0.0,0.0,0.0,3.292181069958847,0.0,0.0,0.0,0.7282993587903148,0.4223521767381416
2.559999999999829,1.0018310294131185,-0.00011997744298897079,2.0039376782724756,-0.3461999357476254,0.3168313872604685,0.018289894833104704,0.5301783264746228,21.657095131918968,124,56.31001371742112,49.725651577503434,0.0,0.0,0.0,0.0,0.0,0.0,0.0,0.0,2.1947873799725643,0.0,0.0,0.0,0.7439308386767474,0.5395660538419397
2.579999999999827,1.016285649822762,-0.0002021417259718428,2.0070785742953587,-0.4123054097907118,0.3634142705496065,0.012193263222069801,0.6034522176497485,21.948589317891688,131,54.20667581161408,66.48376771833563,0.0,0.0,0.0,0.0,0.0,0.0,0.0,0.0,1.4631915866483762,0.0,0.0,0.0,0.7543518252677024,0.5661090513745026
2.5999999999998247,1.0308312489320157,-0.00031374227747808954,2.0107671094075705,-0.4938954971241572,0.4215028241246272,0.1470177310369354,0.5689681450998324,22.23831565536067,124,52.80445054107606,60.989178478890416,0.0,0.0,0.0,0.0,0.0,0.0,0.0,0.0,17.64212772443225,0.0,0.0,0.0,0.9163379093515949,0.5322047958595755
2.6199999999998225,1.045462936129523,-0.0004588228770184711,2.0149228520059164,-0.5991545699103665,0.4986106488774764,0.09801182069129027,0.5459787633998883,22.524391296212354,107,51.869633694050705,57.326118985926946,0.0,0.0,0.0,0.0,0.0,0.0,0.0,0.0,11.761418482954832,0.0,0.0,0.0,0.7400909059759986,0.45800237164632174
2.6399999999998203,1.0601767048959474,-0.0006429243144368508,2.0194826240816237,-0.7346748720600518,0.6004852318418615,0.20423010268308242,0.5306525089332588,22.801649449230077,113,51.24642246270047,54.8840793239513,0.0,0.0,0.0,0.0,0.0,0.0,0.0,0.0,24.50761232196989,0.0,0.0,0.0,0.7001122835705623,0.40853408883748593
2.659999999999818,1.0749660689035518,-0.0008728396316912779,2.0243365523130206,-0.9208088469284718,0.7464735607881965,0.27504229067761055,0.43710167262217253,23.07021893586031,117,34.164281641800315,53.2560528826342,0.0,0.0,0.0,0.0,0.0,0.0,0.0,0.0,33.00507488131326,0.0,0.0,0.0,0.6476200753519511,0.323955646428293
2.679999999999816,1.089832628653391,-0.001160433108777706,2.029531007470429,-1.1474228608323116,0.9230576547354273,0.183361527118407,0.6247344484147818,23.32580201385973,117,56.10952109453355,68.8373685884228,0.0,0.0,0.0,0.0,0.0,0.0,0.0,0.0,22.003383254208842,0.0,0.0,0.0,0.6384650631545307,0.4997681605703584
2.6999999999998137,1.1047722677215,-0.001518092339456888,2.0350048788740334,-1.4298938650522786,1.1439747338022703,0.4000187958567158,0.4164896322765212,23.57588616660408,118,37.4063473963557,45.89157905894854,0.0,0.0,0.0,0.0,0.0,0.0,16.666666666666668,0.0,31.33558883613923,0.0,0.0,0.0,0.6323617216895837,0.35897856731522343
2.7199999999998115,1.1197767067501407,-0.0019598571121909472,2.040620502771719,-1.769899981779498,1.4072020344439662,0.2666791972378106,0.44432642151768076,23.811745998913267,113,24.937564930903797,63.92771937263236,0.0,0.0,0.0,0.0,0.0,0.0,11.11111111111111,0.0,20.890392557426154,0.0,0.0,0.0,0.5249336542530041,0.39411780648672273
2.7399999999998093,1.1348482588992068,-0.002507040828151415,2.0464482410835867,-2.1715518350386938,1.7137575093295982,0.45556390926965146,0.5462176143451205,24.02705637565741,125,49.958376620602536,59.285146248421576,0.0,0.0,0.0,0.0,0.0,0.0,7.4074074074074066,0.0,47.26026170495077,0.0,0.0,0.0,0.737552668726809,0.4175439659343889
2.759999999999807,1.1499897523795521,-0.003185234322399772,2.0525753396806494,-2.629651490938091,2.05403045424357,0.3037092728464343,0.6141450762300803,24.229460160612643,130,66.63891774706836,56.190097498947715,0.0,0.0,0.0,0.0,0.0,0.0,4.93827160493827,0.0,31.506841136633845,0.0,0.0,0.0,0.8534588850943585,0.4589611991678176
2.779999999999805,1.1652013302060757,-0.004021733311141196,2.0590453856303927,-3.1038071902790807,2.3826789366863315,0.20247284856428954,0.6594300508200536,24.41435232345926,164,61.09261183137891,70.79339833263181,0.0,0.0,0.0,0.0,0.0,0.0,3.292181069958847,0.0,21.004560757755897,0.0,0.0,0.0,0.8015307295977894,0.6413714496000105
2.7999999999998026,1.180472454605983,-0.005034076692300588,2.0656977553329345,-3.5695439581141923,2.6730700374096807,0.13498189904285968,0.4396200338800357,24.574946150724944,132,40.72840788758594,47.1955988884212,0.0,0.0,0.0,0.0,0.0,0.0,2.1947873799725643,0.0,14.003040505170597,0.0,0.0,0.0,0.7669119592667433,0.47918055360330936
2.8199999999998004,1.19579620569868,-0.0062395484778636,2.072444998495404,-4.032947147831585,2.9320427774552282,0.22887682158412873,0.5430800225866905,24.705940741006497,124,60.48560525839063,48.13039925894747,0.0,0.0,0.0,0.0,0.0,0.0,1.4631915866483762,0.0,26.00202700344707,0.0,0.0,0.0,0.7955123656093533,0.422652876808811
2.8399999999997982,1.2111718738311088,-0.007658256907609737,2.079323595241066,-4.495057868918361,3.1610318128578383,0.15258454772275248,0.5287200150577936,24.811594487307563,138,56.990403505593754,48.75359950596498,0.0,0.0,0.0,0.0,0.0,0.0,0.9754610577655841,0.0,17.334684668964712,0.0,0.0,0.0,0.8662588897344009,0.48816693335241684
2.859999999999796,1.2265893072331988,-0.00929710290953132,2.086180318046925,-4.959184191394846,3.3645047392159873,0.24061192070405724,0.3524800100385291,24.894597868192452,100,37.9936023370625,32.502399670643314,0.0,0.0,0.0,0.0,0.0,0.0,0.6503073718437227,0.0,28.223123112643144,0.0,0.0,0.0,0.6808650996162156,0.3254446222349445
2.879999999999794,1.2420474449229684,-0.011172111113392504,2.093047433135142,-5.4447821591653796,3.5635392045731336,0.2992968360249271,0.5683200066923527,24.956794926676256,156,58.662401558041665,55.001599780428876,0.0,0.0,0.0,0.0,0.0,0.0,0.4335382478958151,0.0,35.482082075095434,0.0,0.0,0.0,0.8931865521989241,0.4749610175064749
2.8999999999997916,1.257548665056095,-0.01330350787563912,2.100030865934024,-5.962540475091039,3.769303818840001,0.338420112905507,0.5455466711282352,24.997986556696336,158,55.77493437202778,53.33439985361925,0.0,0.0,0.0,0.0,0.0,0.0,0.28902549859721005,0.0,40.321388050063625,0.0,0.0,0.0,0.931375014127448,0.5746386143541619
2.9199999999997894,1.2730850318899143,-0.015697909174784298,2.1070276488871578,-6.497354373678906,3.9655942300116154,0.2256134086036713,0.44703111408549007,25.014464301663498,122,53.84995624801852,35.5562665690795,0.0,0.0,0.0,0.0,0.0,0.0,0.19268366573147336,0.0,26.880925366709082,0.0,0.0,0.0,0.9309941954648103,0.4604917903743948
2.9399999999997872,1.2886532338429129,-0.01836821693722971,2.1140348830671867,-7.042298149565589,4.145813530382848,0.2892978279580031,0.5480207427236601,25.00973266086387,132,69.23330416534569,40.370844379386334,0.0,0.0,0.0,0.0,0.0,0.0,0.12845577715431555,0.0,34.587283577806055,0.0,0.0,0.0,0.9307403163563852,0.48759308212782154
2.959999999999785,1.3042571117579969,-0.021339283077143067,2.121208567641397,-7.707656364018907,4.425489363249187,1.0,0.6986804951491067,24.980530728952175,146,79.48886944356379,60.24722958625756,0.0,16.666666666666668,0.0,16.666666666666668,0.0,0.0,16.752303851436213,0.0,39.72485571853737,0.0,0.0,0.0,1.0080904434623963,0.5830599907683929
2.979999999999783,1.3198930880464377,-0.024632726297720897,2.128571821451506,-8.523695593071876,4.829518307132655,0.6841323679813347,0.6324536634327379,24.915987836124735,111,69.6592462957092,56.83148639083837,0.0,11.11111111111111,0.0,11.11111111111111,0.0,0.0,11.168202567624142,0.0,26.48323714569158,0.0,0.0,0.0,0.9562980217397887,0.543505422122169
2.9999999999997806,1.3355503520083727,-0.02826836214839113,2.1360260132489466,-9.420463240238472,5.278229125578391,0.5949771342097787,0.5883024422884919,24.811647610708988,132,63.106164197139464,54.554324260558914,0.0,7.4074074074074066,0.0,7.4074074074074066,0.0,0.0,7.445468378416095,0.0,34.32215809712772,0.0,0.0,0.0,0.89592994730973,0.5687352968946555
3.0199999999997784,1.3512135039217341,-0.03225877313964545,2.143385790195199,-10.368932906860014,5.737216373113455,0.535540311695408,0.3922016281923279,24.664579819808328,111,42.07077613142631,36.369549507039274,0.0,4.93827160493827,0.0,4.93827160493827,0.0,0.0,4.963645585610729,0.0,39.54810539808515,0.0,0.0,0.0,0.7781651845113962,0.379156864596437
3.039999999999776,1.3668698736450702,-0.036623388326473716,2.150546779031543,-11.329868104106502,6.1630136280138945,0.3570268744636053,0.42813441879488523,24.481280272584222,108,44.7138507542842,40.91303300469285,0.0,3.292181069958847,0.0,3.292181069958847,0.0,0.0,3.3090970570738194,0.0,26.365403598723432,0.0,0.0,0.0,0.7771747224908016,0.40757000467419846
3.059999999999774,1.382514330154534,-0.04140060891348577,2.157605644832731,-12.26212741511297,6.512935549794404,0.23801791630907018,0.5354229458632568,24.254939722437282,135,46.475900502856135,60.608688669795235,0.0,2.1947873799725643,0.0,2.1947873799725643,0.0,0.0,2.2060647047158795,0.0,17.576935732482287,0.0,0.0,0.0,0.8540337943220331,0.6329104468725824
3.079999999999772,1.3981399808531958,-0.04661923781270474,2.1646137224738564,-13.202899166238403,6.8284658105942695,0.5753452775393801,0.5236152972421713,23.960817146676256,146,47.65060033523742,57.07245911319682,0.0,1.4631915866483762,0.0,1.4631915866483762,0.0,16.666666666666668,1.4707098031439196,0.0,28.384623821654863,0.0,0.0,0.0,0.9052731755428541,0.6025388531266133
3.0999999999997696,1.4137389256061659,-0.05230411701568623,2.1716064127424874,-14.165992197950882,7.124380574718759,0.3835635183595868,0.5990768648281142,23.60410476623884,122,65.10040022349162,54.714972742131216,0.0,0.9754610577655841,0.0,0.9754610577655841,0.0,11.11111111111111,0.9804732020959464,0.0,18.92308254776991,0.0,0.0,0.0,0.784394003333479,0.608090917564285
3.1199999999997674,1.429300492642171,-0.05846697841826159,2.1785367255123567,-15.106285278732814,7.354946522505085,0.2557090122397245,0.4827179098854094,23.184538663511354,111,60.06693348232775,36.476648494754144,0.0,0.6503073718437227,0.0,0.6503073718437227,0.0,7.4074074074074066,0.6536488013972975,0.0,12.615388365179939,0.0,0.0,0.0,0.8330068549354976,0.43119373864450783
3.139999999999765,1.4448121773570164,-0.06510243800301482,2.1852700713966304,-16.018091852929018,7.518019347334808,0.30936156371537193,0.4051452732569396,22.716332316333755,117,40.04462232155183,40.984432329836096,0.0,0.4335382478958151,0.0,0.4335382478958151,0.0,4.93827160493827,0.43576586759819835,0.0,25.07692557678663,0.0,0.0,0.0,0.7103766629802543,0.4164614604379278
3.159999999999763,1.4602671259383238,-0.07222366799186458,2.191840122928211,-16.89652027023685,7.612645913305319,0.2062410424769146,0.5200968488379597,22.22345800869842,126,60.029748214367885,43.98962155322406,0.0,0.28902549859721005,0.0,0.28902549859721005,0.0,3.292181069958847,0.2905105783987989,0.0,16.717950384524418,0.0,0.0,0.0,0.7836619613666811,0.45823952883684355
3.179999999999761,1.4756575706112052,-0.07982666737841318,2.1981967254231956,-17.74256458864969,7.644945259723275,0.27638291720683195,0.34673123255863986,21.677467179542305,98,40.01983214291192,29.32641436881604,0.0,0.19268366573147336,0.0,0.19268366573147336,0.0,2.1947873799725643,0.1936737189325326,0.0,27.81196692301628,0.0,0.0,0.0,0.7291596538310173,0.30549301922456235
3.1999999999997586,1.4909738829959662,-0.0878834019504368,2.2041564755500382,-18.55541578699713,7.618987988584351,0.18425527813788797,0.23115415503909317,21.103271703164967,94,26.679888095274613,19.550942912544023,0.0,0.12845577715431555,0.0,0.12845577715431555,0.0,1.4631915866483762,0.1291158126216884,0.0,18.541311282010852,0.0,0.0,0.0,0.5636258157323061,0.2036620128163749
3.2199999999997564,1.506211997968838,-0.0963903858935897,2.209728174380078,-19.338465919599994,7.543723156471328,0.2617257409808142,0.3207694366927288,20.542438162464876,83,34.45325873018308,29.700628608362685,0.0,0.0856371847695437,0.0,0.0856371847695437,0.0,0.9754610577655841,0.08607720841445893,0.0,29.0275408546739,0.0,0.0,0.0,0.5566290967931136,0.21317405601587014
3.239999999999754,1.521371001344877,-0.10535661803555173,2.215026769976002,-20.092214469052944,7.424580898436999,0.1744838273205428,0.3805129577951526,0.0,39,39.635505820122056,36.46708573890846,0.0,0.05709145651302913,0.0,0.05709145651302913,0.0,0.6503073718437227,0.05738480560963928,0.0,19.351693903115933,0.0,0.0,0.0,0.47444523765535734,0.27111500535216937
3.259999999999752,1.5364500469428195,-0.11478221743159533,2.2201280185241883,-20.80056406998161,7.250098222579493,0.11632255154702852,0.420341971863435,0.0,23,43.090337213414706,40.9780571592723,0.0,0.038060971008686086,0.0,0.038060971008686086,0.0,0.4335382478958151,0.03825653707309285,0.0,12.901129268743954,0.0,0.0,0.0,0.4196559982301865,0.4129414793163069
3.27999999999975,1.5514469597409764,-0.12464318776350752,2.224965477966524,-21.45565949663491,7.0180594980663615,0.077548367698019,0.28022798124229004,0.0,0,28.726891475609804,27.3187047728482,0.0,0.02537398067245739,0.0,0.02537398067245739,0.0,0.28902549859721005,0.025504358048728568,0.0,8.600752845829302,0.0,0.0,0.0,0.27977066548679097,0.2752943195442046
3.2999999999997476,1.5663597439059227,-0.1349020111227972,2.2293994974038194,-22.054809197458663,6.731888550264019,0.05169891179867934,0.18681865416152668,0.0,0,19.151260983739867,18.212469848565465,0.0,0.01691598711497159,0.0,0.01691598711497159,0.0,0.19268366573147336,0.017002905365819044,0.0,5.7338352305528675,0.0,0.0,0.0,0.18651377699119398,0.18352954636280305
3.3199999999997454,1.5811889648628064,-0.1455273639672938,2.2333512576059316,-22.59847420307249,6.398252503474403,0.03446594119911955,0.12454576944101778,0.0,0,12.767507322493245,12.14164656571031,0.0,0.011277324743314394,0.0,0.011277324743314394,0.0,0.12845577715431555,0.011335270243879363,0.0,3.822556820368578,0.0,0.0,0.0,0.12434251799412932,0.12235303090853536
3.339999999999743,1.5959372067115134,-0.15649126811346015,2.2367819048993214,-23.088963493276133,6.025480105581171,0.022977294132746365,0.08303051296067851,0.0,0,8.51167154832883,8.094431043806873,0.0,0.007518216495542929,0.0,0.007518216495542929,0.0,0.0856371847695437,0.007556846829252908,0.0,2.5483712135790517,0.0,0.0,0.0,0.0828950119960862,0.0815686872723569
3.359999999999741,1.6106086637903787,-0.16776736711488974,2.2396786240714,-23.529595557552938,5.622527668282933,0.015318196088497577,0.055353675307119,0.0,0,5.674447698885886,5.396287362537915,0.0,0.005012144330361953,0.0,0.005012144330361953,0.0,0.05709145651302913,0.005037897886168605,0.0,1.6989141423860343,0.0,0.0,0.0,0.055263341330724136,0.05437912484823793
3.3799999999997388,1.6252088086413434,-0.17932995798788,2.242045343271872,-23.924166485008218,5.198313515367981,0.01021213072566505,0.036902450204746,0.0,0,3.7829651325905904,3.59752490835861,0.0,0.003341429553574635,0.0,0.003341429553574635,0.0,0.038060971008686086,0.0033585985907790697,0.0,1.1326094282573562,0.0,0.0,0.0,0.03684222755381609,0.036252749898825286
3.3999999999997366,1.6397441055087563,-0.1911535213690532,2.2438965344077366,-24.276618660960967,4.761300705404324,0.006808087150443366,0.02460163346983067,0.0,0,2.5219767550603933,2.39834993890574,0.0,0.0022276197023830898,0.0,0.0022276197023830898,0.0,0.02537398067245739,0.0022390657271860463,0.0,0.7550729521715708,0.0,0.0,0.0,0.024561485035877392,0.02416849993255019
3.4199999999997344,1.6542217547488858,-0.2032125710002097,2.2452530850855412,-24.59083994576352,4.3192472047778185,0.004538724766962244,0.01640108897988711,0.0,0,1.6813178367069288,1.598899959270493,0.0,0.0014850798015887264,0.0,0.0014850798015887264,0.0,0.01691598711497159,0.0014927104847906976,0.0,0.5033819681143805,0.0,0.0,0.0,0.016374323357251593,0.016112333288366792
3.439999999999732,1.6686494623561927,-0.21548169851641205,2.2461395588903565,-24.87054704253962,3.879069036056954,0.003025816511308163,0.01093405931992474,0.0,0,1.1208785578046192,1.0659333061803287,0.0,0.000990053201059151,0.0,0.000990053201059151,0.0,0.011277324743314394,0.0009951403231937984,0.0,0.33558797874292035,0.0,0.0,0.0,0.010916215571501062,0.01074155552557786
3.45999999999973,1.6830352330273073,-0.22793572876397142,2.246582387342997,-25.11922261128386,3.4467795417927385,0.002017211007538775,0.007289372879949826,0.0,0,0.7472523718697461,0.710622204120219,0.0,0.0006600354673727672,0.0,0.0006600354673727672,0.0,0.007518216495542929,0.0006634268821291988,0.0,0.22372531916194688,0.0,0.0,0.0,0.0072774770476673745,0.007161037017051907
3.4799999999997278,1.6973871867818606,-0.2405499287243699,2.2466086876406637,-25.34008621345805,3.0274796929713967,0.0013448073383591833,0.00485958191996655,0.0,0,0.49816824791316405,0.473748136080146,0.0,0.0004400236449151781,0.0,0.0004400236449151781,0.0,0.005012144330361953,0.00044228458808613256,0.0,0.14915021277463125,0.0,0.0,0.0,0.004851651365111583,0.004774024678034604
3.4999999999997256,1.7117133994157567,-0.25330023270602686,2.246245500765298,-25.536086144478215,2.62538228033175,0.0008965382255727889,0.0032397212799777,0.0,0,0.3321121652754427,0.3158320907200973,0.0,0.0002933490966101187,0.0,0.0002933490966101187,0.0,0.003341429553574635,0.0002948563920574217,0.0,0.0994334751830875,0.0,0.0,0.0,0.0032344342434077215,0.003182683118689736
3.5199999999997234,1.7260217667263384,-0.2661634600991177,2.245519311650166,-25.70990381329187,2.243858153311462,0.0005976921503818591,0.0021598141866518,0.0,0,0.22140811018362844,0.21055472714673154,0.0,0.0001955660644067458,0.0,0.0001955660644067458,0.0,0.0022276197023830898,0.00019657092803828112,0.0,0.06628898345539166,0.0,0.0,0.0,0.0021562894956051477,0.002121788745793157
3.539999999999721,1.7403198919272327,-0.27911751137798174,2.2444557580327764,-25.86396534902666,1.8854962786469835,0.00039846143358790616,0.001439876124434533,0.0,0,0.14760540678908562,0.140369818097821,0.0,0.00013037737627116385,0.0,0.00013037737627116385,0.0,0.0014850798015887264,0.00013104728535885408,0.0,0.04419265563692777,0.0,0.0,0.0,0.0014375263304034318,0.0014145258305287714
3.559999999999719,1.7546149951642358,-0.2921415344308603,2.2430794648121477,-26.000457083844143,1.552171851732035,0.0002656409557252707,0.0009599174162896887,0.0,0,0.09840360452605708,0.09357987873188067,0.0,8.691825084744256e-05,0.0,8.691825084744256e-05,0.0,0.000990053201059151,8.736485690590272e-05,0.0,0.029461770424618512,0.0,0.0,0.0,0.0009583508869356211,0.0009430172203525142
3.5799999999997167,1.7689138436367957,-0.3052160575986883,2.2414139610871353,-26.121342833513996,1.2451183888868733,0.00017709397048351383,0.0006399449441931258,0.0,0,0.06560240301737139,0.06238658582125378,0.0,5.79455005649617e-05,0.0,5.79455005649617e-05,0.0,0.0006600354673727672,5.824323793726848e-05,0.0,0.019641180283079006,0.0,0.0,0.0,0.0006389005912904141,0.0006286781469016761
3.5999999999997145,1.7832227005455727,-0.31832308865362074,2.2394816508389654,-26.228381710614297,0.9650009097836912,0.00011806264698900918,0.00042662996279541716,0.0,0,0.04373493534491425,0.04159105721416918,0.0,3.8630333709974463e-05,0.0,3.8630333709974463e-05,0.0,0.0004400236449151781,3.8828825291512316e-05,0.0,0.013094120188719336,0.0,0.0,0.0,0.0004259337275269427,0.00041911876460111735
3.6199999999997123,1.7975472909188845,-0.33144618079346605,2.2373038175982356,-26.323145718701042,0.7119881536322549,7.870843132600611e-05,0.0002844199751969448,0.0,0,0.02915662356327617,0.02772737147611279,0.0,2.5753555806649642e-05,0.0,2.5753555806649642e-05,0.0,0.0002933490966101187,2.5885883527674878e-05,0.0,0.008729413459146223,0.0,0.0,0.0,0.0002839558183512951,0.00027941250973407823
3.63999999999971,1.8118927823014614,-0.3445704678830727,2.2349006498420247,-26.407036695233103,0.4858223714024404,5.247228755067075e-05,0.00018961331679796318,0.0,0,0.01943774904218411,0.018484914317408525,0.0,1.7169037204433095e-05,0.0,1.7169037204433095e-05,0.0,0.0001955660644067458,1.7257255685116584e-05,0.0,0.005819608972764148,0.0,0.0,0.0,0.0001893038789008634,0.0001862750064893855
3.659999999999708,1.8262637782965951,-0.35768267185440544,2.2322912782584843,-26.481302366663297,0.28588567322750846,3.498152503378049e-05,0.0001264088778653088,0.0,0,0.012958499361456073,0.012323276211605682,0.0,1.1446024802955397e-05,0.0,1.1446024802955397e-05,0.0,0.00013037737627116385,1.1504837123411055e-05,0.0,0.003879739315176099,0.0,0.0,0.0,0.00012620258593390893,0.00012418333765959032
3.6799999999997057,1.8406643230175481,-0.37077108553279703,2.229493819034738,-26.54705139697004,0.11126223448142132,2.3321016689186992e-05,8.427258524353917e-05,0.0,0,0.008638999574304048,0.008215517474403787,0.0,7.630683201970264e-06,0.0,7.630683201970264e-06,0.0,8.691825084744256e-05,7.669891415607369e-06,0.0,0.0025864928767840656,0.0,0.0,0.0,8.413505728927262e-05,8.278889177306022e-05
3.6999999999997035,1.8550979146089253,-0.38382553429060345,2.226525419399447,-26.605267380879596,-0.03920409113711437,1.5547344459457996e-05,5.618172349569278e-05,0.0,0,0.005759333049536032,0.005477011649602525,0.0,5.087122134646843e-06,0.0,5.087122134646843e-06,0.0,5.79455005649617e-05,5.113260943738246e-06,0.0,0.0017243285845227104,0.0,0.0,0.0,5.6090038192848406e-05,5.519259451537348e-05
3.7199999999997013,1.8695675261297626,-0.3968373199123447,2.223402303074604,-26.656821774179228,-0.1668570156275007,1.036489630630533e-05,3.745448233046186e-05,0.0,0,0.0038395553663573543,0.0036513410997350165,0.0,3.3914147564312283e-06,0.0,3.3914147564312283e-06,0.0,3.8630333709974463e-05,3.4088406291588307e-06,0.0,0.0011495523896818069,0.0,0.0,0.0,3.7393358795232266e-05,3.6795063010248985e-05
3.739999999999699,1.8840756322366266,-0.4097991499367823,2.220139814260257,-26.702485777762604,-0.27318003658615886,6.9099308708702205e-06,2.496965488697457e-05,0.0,0,0.0025597035775715695,0.0024342273998233443,0.0,2.260943170954152e-06,0.0,2.260943170954152e-06,0.0,2.5753555806649642e-05,2.27256041943922e-06,0.0,0.0007663682597878712,0.0,0.0,0.0,2.4928905863488177e-05,2.4530042006832654e-05
3.759999999999697,1.8986242402589,-0.4227050555558216,2.2167524594268695,-26.742941206625648,-0.35975363828110496,4.606620580580145e-06,1.664643659131638e-05,0.0,0,0.0017064690517143797,0.001622818266548896,0.0,1.507295447302768e-06,0.0,1.507295447302768e-06,0.0,1.7169037204433095e-05,1.5150402796261467e-06,0.0,0.0005109121731919141,0.0,0.0,0.0,1.6619270575658783e-05,1.6353361337888434e-05
3.7799999999996947,1.913214924413648,-0.4355503009219886,2.213253946617763,-26.77879038419803,-0.42821739042152324,3.0710803870534306e-06,1.1097624394210918e-05,0.0,0,0.001137646034476253,0.0010818788443659306,0.0,1.0048636315351785e-06,0.0,1.0048636315351785e-06,0.0,1.1446024802955397e-05,1.0100268530840976e-06,0.0,0.00034060811546127607,0.0,0.0,0.0,1.1079513717105855e-05,1.0902240891925622e-05
3.7999999999996925,1.9278488620597656,-0.4483312864629156,2.2096572222349025,-26.81056510852794,-0.48023679195850194,2.047386924702287e-06,7.3984162628072775e-06,0.0,0,0.0007584306896508353,0.0007212525629106204,0.0,6.69909087690119e-07,0.0,6.69909087690119e-07,0.0,7.630683201970264e-06,6.733512353893984e-07,0.0,0.00022707207697418404,0.0,0.0,0.0,7.38634247807057e-06,7.268160594617081e-06
3.8199999999996903,1.9425268710374242,-0.4610454485352723,2.2059745054425486,-26.83873474118024,-0.517474653969323,1.3649246164681913e-06,4.932277508538186e-06,0.0,0,0.0005056204597672235,0.0004808350419404136,0.0,4.4660605846007933e-07,0.0,4.4660605846007933e-07,0.0,5.087122134646843e-06,4.4890082359293225e-07,0.0,0.00015138138464945602,0.0,0.0,0.0,4.924228318713713e-06,4.845440396411388e-06
3.839999999999688,1.957249447277249,-0.4736911574810394,2.2022173204089897,-26.86371347284708,-0.5415667755279076,9.099497443121274e-07,3.288185005692123e-06,0.0,0,0.0003370803065114823,0.0003205566946269424,0.0,2.9773737230671954e-07,0.0,2.9773737230671954e-07,0.0,3.3914147564312283e-06,2.9926721572862146e-07,0.0,0.00010092092309963734,0.0,0.0,0.0,3.2828188791424753e-06,3.2302935976075917e-06
3.859999999999686,1.9720168019927924,-0.4862676158826301,2.1983965266410803,-26.885866821846495,-0.5541016373100194,6.066331628747515e-07,2.192123337128082e-06,0.0,0,0.00022472020434098817,0.00021370446308462826,0.0,1.9849158153781303e-07,0.0,1.9849158153781303e-07,0.0,2.260943170954152e-06,1.995114771524143e-07,0.0,6.728061539975822e-05,0.0,0.0,0.0,2.1885459194283167e-06,2.1535290650717277e-06
3.8799999999996837,1.9868288978890523,-0.4987747585550707,2.1945223476676,-26.90551742297024,-0.5566038178127843,4.0442210858316767e-07,1.4614155580853881e-06,0.0,0,0.00014981346956065877,0.00014246964205641882,0.0,1.3232772102520867e-07,0.0,1.3232772102520867e-07,0.0,1.507295447302768e-06,1.3300765143494284e-07,0.0,4.485374359983881e-05,0.0,0.0,0.0,1.4590306129522112e-06,1.4356860433811517e-06
3.8999999999996815,2.0016854839286484,-0.5112131555669087,2.190604398308203,-26.9229501645563,-0.5505208250688967,2.696147390554451e-07,9.74277038723592e-07,0.0,0,9.987564637377251e-05,9.497976137094588e-05,0.0,8.821848068347244e-08,0.0,8.821848068347244e-08,0.0,1.0048636315351785e-06,8.867176762329522e-08,0.0,2.990249573322587e-05,0.0,0.0,0.0,9.72687075301474e-07,9.571240289207676e-07
3.9199999999996793,2.0165861282957396,-0.5235839193493778,2.1866517107342185,-26.938416731221494,-0.5372130314036572,1.7974315937029672e-07,6.495180258157279e-07,0.0,0,6.658376424918168e-05,6.331984091396392e-05,0.0,5.881232045564829e-08,0.0,5.881232045564829e-08,0.0,6.69909087690119e-07,5.911451174886348e-08,0.0,1.9934997155483912e-05,0.0,0.0,0.0,6.484580502009827e-07,6.380826859471783e-07
3.939999999999677,2.031530249286023,-0.5358886167374916,2.182672759492275,-26.952139608439094,-0.5179463990705074,1.1982877291353115e-07,4.3301201721048525e-07,0.0,0,4.438917616612112e-05,4.221322727597594e-05,0.0,3.9208213637098857e-08,0.0,3.9208213637098857e-08,0.0,4.4660605846007933e-07,3.940967449924232e-08,0.0,1.3289998103655941e-05,0.0,0.0,0.0,4.323053668006551e-07,4.253884572981189e-07
3.959999999999675,2.0465171439294414,-0.5481291865884294,2.1786754856259405,-26.964315603162323,-0.493887689584354,7.988584860902075e-08,2.8867467814032353e-07,0.0,0,2.959278411074741e-05,2.8142151517317294e-05,0.0,2.6138809091399238e-08,0.0,2.6138809091399238e-08,0.0,2.9773737230671954e-07,2.6273116332828213e-08,0.0,8.859998735770627e-06,0.0,0.0,0.0,2.882035778671034e-07,2.8359230486541256e-07
3.9799999999996727,2.0615460142210136,-0.5603078634425379,2.1746673199972735,-26.97511893207989,-0.4661018584262854,5.325723240601384e-08,1.924497854268823e-07,0.0,0,1.9728522740498272e-05,1.8761434344878195e-05,0.0,1.742587272759949e-08,0.0,1.742587272759949e-08,0.0,1.9849158153781303e-07,1.751541088855214e-08,0.0,5.9066658238470845e-06,0.0,0.0,0.0,1.9213571857806891e-07,1.890615365769417e-07
3.9999999999996705,2.076615990894889,-0.5724271075308283,2.1706552058808826,-26.984703925971324,-0.43555134878008633,3.5504821604009234e-08,1.2829985695125488e-07,0.0,0,1.3152348493665514e-05,1.2507622896585463e-05,0.0,1.1617248485066327e-08,0.0,1.1617248485066327e-08,0.0,1.3232772102520867e-07,1.1676940592368093e-08,0.0,3.937777215898056e-06,0.0,0.0,0.0,1.2809047905204593e-07,1.260410243846278e-07
4.019999999999677,2.0917261547278923,-0.5844895412899302,2.1666456208787825,-26.99320739513875,-0.403097012417541,2.3669881069339485e-08,8.553323796750326e-08,0.0,0,8.768232329110341e-06,8.338415264390309e-06,0.0,7.74483232337755e-09,0.0,7.74483232337755e-09,0.0,8.821848068347244e-08,7.784627061578728e-09,0.0,2.625184810598704e-06,0.0,0.0,0.0,8.539365270136395e-08,8.402734958975186e-08
4.039999999999684,2.1068755554020777,-0.5964978924207327,2.1626445981850577,-27.00075069716575,-0.3695004021839202,1.5779920712892986e-08,5.7022158645002166e-08,0.0,0,5.845488219406894e-06,5.5589435095935384e-06,0.0,5.163221548918367e-09,0.0,5.163221548918367e-09,0.0,5.881232045564829e-08,5.189751374385819e-09,0.0,1.7501232070658026e-06,0.0,0.0,0.0,5.69291018009093e-08,5.601823305983457e-08
4.0599999999996905,2.122063227991612,-0.6084549434197613,2.158657747215055,-27.007441544416583,-0.3354271982205401,1.051994714192866e-08,3.8014772430001444e-08,0.0,0,3.8969921462712625e-06,3.7059623397290256e-06,0.0,3.4421476992789113e-09,0.0,3.4421476992789113e-09,0.0,3.9208213637098857e-08,3.4598342495905457e-09,0.0,1.166748804710535e-06,0.0,0.0,0.0,3.795273453393953e-08,3.7345488706556376e-08
4.079999999999697,2.1372882071684325,-0.6203634874219217,2.1546902736038613,-27.01337558485582,-0.30145154863279106,7.013298094619105e-09,2.5343181620000958e-08,0.0,0,2.5979947641808415e-06,2.4706415598193504e-06,0.0,2.2947651328526076e-09,0.0,2.2947651328526076e-09,0.0,2.6138809091399238e-08,2.306556166393697e-09,0.0,7.7783253647369e-07,0.0,0.0,0.0,2.530182302262635e-08,2.489699247103758e-08
4.099999999999704,2.152549539244064,-0.6322262901185779,2.1507469985727643,-27.018637786034134,-0.26806112436245566,4.675532063079403e-09,1.6895454413333972e-08,0.0,0,1.7319965094538943e-06,1.6470943732129001e-06,0.0,1.5298434219017384e-09,0.0,1.5298434219017384e-09,0.0,1.742587272759949e-08,1.5377041109291311e-09,0.0,5.185550243157933e-07,0.0,0.0,0.0,1.6867882015084232e-08,1.659799498069172e-08
4.119999999999711,2.16784629218238,-0.6440460574549515,2.1468323776593583,-27.023303648527985,-0.23566270720005078,3.117021375386268e-09,1.1263636275555981e-08,0.0,0,1.1546643396359295e-06,1.0980629154752668e-06,0.0,1.019895614601159e-09,0.0,1.019895614601159e-09,0.0,1.1617248485066327e-08,1.025136073952754e-09,0.0,3.457033495438622e-07,0.0,0.0,0.0,1.124525467672282e-08,1.1065329987127813e-08
4.139999999999717,2.183177563730583,-0.6558254087643283,2.142950518806389,-27.02744027179568,-0.20458814887504512,2.078014250257512e-09,7.509090850370654e-09,0.0,0,7.69776226423953e-07,7.320419436501778e-07,0.0,6.799304097341059e-10,0.0,6.799304097341059e-10,0.0,7.74483232337755e-09,6.834240493018359e-10,0.0,2.304688996959081e-07,0.0,0.0,0.0,7.496836451148546e-09,7.376886658085209e-09
4.159999999999724,2.198542487823749,-0.667566854962301,2.139105199805586,-27.031107292360836,-0.1751005577354402,1.3853428335050084e-09,5.006060566913769e-09,0.0,0,5.131841509493019e-07,4.880279624334518e-07,0.0,4.5328693982273727e-10,0.0,4.5328693982273727e-10,0.0,5.163221548918367e-09,4.5561603286789063e-10,0.0,1.536459331306054e-07,0.0,0.0,0.0,4.9978909674323635e-09,4.917924438723472e-09
4.179999999999731,2.213940239422632,-0.6792727814010135,2.135299885095142,-27.034357711476684,-0.14740058746387197,9.235618890033388e-10,3.3373737112758457e-09,0.0,0,3.421227672995346e-07,3.253519749556345e-07,0.0,3.0219129321515816e-10,0.0,3.0219129321515816e-10,0.0,3.4421476992789113e-09,3.0374402191192707e-10,0.0,1.0243062208707027e-07,0.0,0.0,0.0,3.3319273116215754e-09,3.2786162924823146e-09
4.199999999999737,2.229370037945382,-0.6909454349698471,2.1315377419125197,-27.037238626970414,-0.12163271940591408,6.157079260022258e-10,2.22491580751723e-09,0.0,0,2.280818448663564e-07,2.1690131663708964e-07,0.0,2.0146086214343877e-10,0.0,2.0146086214343877e-10,0.0,2.2947651328526076e-09,2.0249601460795137e-10,0.0,6.828708139138017e-08,0.0,0.0,0.0,2.2212848744143833e-09,2.1857441949882095e-09
4.219999999999744,2.244831149452119,-0.7025869150239542,2.127821655807696,-27.03979188181179,-0.09789144627546871,4.1047195066815047e-10,1.4832772050114868e-09,0.0,0,1.5205456324423758e-07,1.4460087775805975e-07,0.0,1.3430724142895917e-10,0.0,1.3430724142895917e-10,0.0,1.5298434219017384e-09,1.3499734307196758e-10,0.0,4.552472092758678e-08,0.0,0.0,0.0,1.4808565829429222e-09,1.4571627966588062e-09
4.239999999999751,2.2603228877372046,-0.7141991677243448,2.1241542455252533,-27.042054640081698,-0.07622728015301232,2.7364796711210035e-10,9.888514700076577e-10,0.0,0,1.0136970882949172e-07,9.640058517203982e-08,0.0,8.953816095263944e-11,0.0,8.953816095263944e-11,0.0,1.019895614601159e-09,8.999822871464505e-11,0.0,3.034981395172452e-08,0.0,0.0,0.0,9.87237721961948e-10,9.71441864439204e-10
4.259999999999757,2.275844614478074,-0.7257839833817051,2.120537877266936,-27.04405989941398,-0.056652521735849226,1.8243197807473355e-10,6.592343133384385e-10,0.0,0,6.75798058863278e-08,6.426705678135988e-08,0.0,5.969210730175962e-11,0.0,5.969210730175962e-11,0.0,6.799304097341059e-10,5.99988191430967e-11,0.0,2.0233209301149677e-08,0.0,0.0,0.0,6.581584813079654e-10,6.47627909626136e-10
4.279999999999764,2.2913957385820596,-0.7373429964097371,2.1169746783489907,-27.045836947625872,-0.03914674069263327,1.2162131871648902e-10,4.394895422256256e-10,0.0,0,4.5053203924218535e-08,4.2844704520906584e-08,0.0,3.979473820117308e-11,0.0,3.979473820117308e-11,0.0,4.5328693982273727e-10,3.9999212762064465e-11,0.0,1.3488806200766451e-08,0.0,0.0,0.0,4.387723208719769e-10,4.3175193975075734e-10
4.299999999999771,2.3069757148639787,-0.748877687511561,2.1134665502709136,-27.047411770109566,-0.023661928697549663,8.108087914432601e-11,2.9299302815041706e-10,0.0,0,3.0035469282812355e-08,2.8563136347271054e-08,0.0,2.6529825467448718e-11,0.0,2.6529825467448718e-11,0.0,3.0219129321515816e-10,2.666614184137631e-11,0.0,8.992537467177633e-09,0.0,0.0,0.0,2.925148805813179e-10,2.8783462650050486e-10
4.319999999999777,2.32258404217788,-0.7603893877437072,2.110015181214008,-27.04880741360532,-0.010127297273044778,5.405391942955067e-11,1.9532868543361136e-10,0.0,0,2.0023646188541567e-08,1.9042090898180703e-08,0.0,1.7686550311632478e-11,0.0,1.7686550311632478e-11,0.0,2.0146086214343877e-10,1.7777427894250872e-11,0.0,5.995024978118422e-09,0.0,0.0,0.0,1.9500992038754527e-10,1.9188975100033657e-10
4.339999999999784,2.3382202611163088,-0.7718792841256534,2.1066220579894224,-27.05004431118689,0.0015462980287055063,3.603594628636711e-11,1.3021912362240756e-10,0.0,0,1.3349097459027712e-08,1.26947272654538e-08,0.0,1.1791033541088317e-11,0.0,1.1791033541088317e-11,0.0,1.3430724142895917e-10,1.1851618596167248e-11,0.0,3.996683318745614e-09,0.0,0.0,0.0,1.3000661359169685e-10,1.2792650066689104e-10
4.359999999999791,2.3538839513802152,-0.7833484264879437,2.1032884774561267,-27.051140572638435,0.011462317294580755,2.4023964190911407e-11,8.681274908160504e-11,0.0,0,8.899398306018474e-09,8.463151510302533e-09,0.0,7.860689027392212e-12,0.0,7.860689027392212e-12,0.0,8.953816095263944e-11,7.901079064111498e-12,0.0,2.6644555458304095e-09,0.0,0.0,0.0,8.667107572779789e-11,8.528433377792736e-11
4.379999999999797,2.3695747289122355,-0.79479773527809,2.1000155574296606,-27.052112243864364,0.019734882754668337,1.6015976127274268e-11,5.787516605440336e-11,0.0,0,5.932932204012316e-09,5.6421010068683545e-09,0.0,5.240459351594807e-12,0.0,5.240459351594807e-12,0.0,5.969210730175962e-11,5.267386042740999e-12,0.0,1.7763036972202729e-09,0.0,0.0,0.0,5.7780717151865255e-11,5.685622251861824e-11
4.399999999999804,2.385292242875832,-0.8062280100700557,2.096804247102483,-27.052973538531027,0.02648550892703468,1.0677317418182846e-11,3.858344403626889e-11,0.0,0,3.95528813600821e-09,3.761400671245569e-09,0.0,3.4936395677298714e-12,0.0,3.4936395677298714e-12,0.0,3.979473820117308e-11,3.511590695160666e-12,0.0,1.1842024648135153e-09,0.0,0.0,0.0,3.85204781012435e-11,3.790414834574549e-11
4.419999999999811,2.4010361725527254,-0.8176399385497244,2.0936553369964637,-27.05373704477084,0.03184020799230682,7.118211612121897e-12,2.5722296024179262e-11,0.0,0,2.6368587573388063e-09,2.507600447497046e-09,0.0,2.3290930451532474e-12,0.0,2.3290930451532474e-12,0.0,2.6529825467448718e-11,2.3410604634404438e-12,0.0,7.894683098756768e-10,0.0,0.0,0.0,2.5680318734162332e-11,2.5269432230496995e-11
4.439999999999817,2.416806224221424,-0.8290341057749183,2.090569468467499,-27.054413909473205,0.03592695766946463,4.745474408081265e-12,1.7148197349452838e-11,0.0,0,1.7579058382258707e-09,1.671733631664697e-09,0.0,1.5527286967688314e-12,0.0,1.5527286967688314e-12,0.0,1.7686550311632478e-11,1.5607069756269625e-12,0.0,5.263122065837845e-10,0.0,0.0,0.0,1.7120212489441554e-11,1.6846288153664662e-11
4.459999999999824,2.432602128070456,-0.840411003533925,2.0875471427815526,-27.055014002426407,0.03887351537562005,3.1636496053875096e-12,1.1432131566301892e-11,0.0,0,1.1719372254839138e-09,1.1144890877764647e-09,0.0,1.0351524645125542e-12,0.0,1.0351524645125542e-12,0.0,1.1791033541088317e-11,1.0404713170846415e-12,0.0,3.5087480438918967e-10,0.0,0.0,0.0,1.1413474992961036e-11,1.1230858769109775e-11
4.479999999999831,2.4484236351912534,-0.8517710396508136,2.0845887297805743,-27.055546062353375,0.04080555972189551,2.1090997369250063e-12,7.621421044201262e-12,0.0,0,7.812914836559425e-10,7.429927251843098e-10,0.0,6.901016430083694e-13,0.0,6.901016430083694e-13,0.0,7.860689027392212e-12,6.936475447230944e-13,0.0,2.3391653625945975e-10,0.0,0.0,0.0,7.60898332864069e-12,7.487239179406515e-12
4.4999999999998375,2.464270514687607,-0.8631145471088882,2.0816944761558793,-27.056017826690454,0.04184513835301278,1.4060664912833374e-12,5.080947362800841e-12,0.0,0,5.208609891039616e-10,4.953284834562065e-10,0.0,4.600677620055795e-13,0.0,4.600677620055795e-13,0.0,5.240459351594807e-12,4.624316964820629e-13,0.0,1.5594435750630648e-10,0.0,0.0,0.0,5.072655552427127e-12,4.99149278627101e-12
4.519999999999844,2.4801425509312036,-0.8744417928852263,2.0788645133456183,-27.056436146787995,0.042109399708405985,9.373776608555581e-13,3.387298241867227e-12,0.0,0,3.4724065940264105e-10,3.3021898897080433e-10,0.0,3.0671184133705303e-13,0.0,3.0671184133705303e-13,0.0,3.4936395677298714e-12,3.082877976547086e-13,0.0,1.0396290500420431e-10,0.0,0.0,0.0,3.3817703682847513e-12,3.3276618575140063e-12
4.539999999999851,2.4960395409859704,-0.8857529864092964,2.0760988650720913,-27.056807090058946,0.04170958539773731,6.24918440570372e-13,2.2581988279114842e-12,0.0,0,2.3149377293509403e-10,2.2014599264720288e-10,0.0,2.0447456089136867e-13,0.0,2.0447456089136867e-13,0.0,2.3290930451532474e-12,2.0552519843647237e-13,0.0,6.930860333613621e-11,0.0,0.0,0.0,2.254513578856501e-12,2.2184412383426708e-12
4.5599999999998575,2.5119612922178973,-0.8970482875770612,2.073397454533714,-27.057136030461802,0.04075025947573277,4.1661229371358137e-13,1.5054658852743228e-12,0.0,0,1.5432918195672933e-10,1.4676399509813524e-10,0.0,1.3631637392757911e-13,0.0,1.3631637392757911e-13,0.0,1.5527286967688314e-12,1.3701679895764825e-13,0.0,4.6205735557424137e-11,0.0,0.0,0.0,1.5030090525710005e-12,1.4789608255617805e-12
4.579999999999864,2.5279076201015456,-0.9083278142686823,2.0707601112656717,-27.05742772857808,0.03932875090594312,2.777415291423876e-13,1.0036439235162153e-12,0.0,0,1.0288612130448621e-10,9.784266339875683e-11,0.0,9.087758261838608e-14,0.0,9.087758261838608e-14,0.0,1.0351524645125542e-12,9.134453263843216e-14,0.0,3.080382370494942e-11,0.0,0.0,0.0,1.0020060350473336e-12,9.859738837078536e-13
4.599999999999871,2.543878346229663,-0.919591649332992,2.0681865776824364,-27.05768640242581,0.03753478585866595,1.8516101942825834e-13,6.690959490108101e-13,0.0,0,6.859074753632414e-11,6.522844226583788e-11,0.0,6.058505507892404e-14,0.0,6.058505507892404e-14,0.0,6.901016430083694e-13,6.08963550922881e-14,0.0,2.053588246996628e-11,0.0,0.0,0.0,6.68004023364889e-13,6.573159224719023e-13
4.6199999999998775,2.559873296528176,-0.9308398470152563,2.06567651531466,-27.057915790042074,0.03545028713774952,1.234406796188389e-13,4.460639660072067e-13,0.0,0,4.572716502421609e-11,4.348562817722525e-11,0.0,4.039003671928269e-14,0.0,4.039003671928269e-14,0.0,4.600677620055795e-13,4.0597570061525396e-14,0.0,1.3690588313310852e-11,0.0,0.0,0.0,4.4533601557659264e-13,4.382106149812682e-13
4.639999999999884,2.5758922996752327,-0.942072438816504,2.063229510752269,-27.05811920476592,0.03314931892103787,8.229378641255924e-14,2.9737597733813777e-13,0.0,0,3.0484776682810724e-11,2.8990418784816833e-11,0.0,2.692669114618846e-14,0.0,2.692669114618846e-14,0.0,3.0671184133705303e-13,2.7065046707683597e-14,0.0,9.127058875540567e-12,0.0,0.0,0.0,2.968906770510617e-13,2.9214040998751214e-13
4.659999999999891,2.591935185719961,-0.953289438782873,2.0608450813049903,-27.058299584058826,0.03069815608082099,5.4862524275039497e-14,1.9825065155875851e-13,0.0,0,2.032318445520715e-11,1.9326945856544555e-11,0.0,1.7951127430792306e-14,0.0,1.7951127430792306e-14,0.0,2.0447456089136867e-13,1.8043364471789064e-14,0.0,6.084705917027044e-12,0.0,0.0,0.0,1.9792711803404115e-13,1.9476027332500808e-13
4.679999999999898,2.6080017848941024,-0.964490848232133,2.058522680391032,-27.05845953261335,0.028155458579395883,3.6575016183359656e-14,1.3216710103917235e-13,0.0,0,1.3548789636804765e-11,1.2884630571029703e-11,0.0,1.196741828719487e-14,0.0,1.196741828719487e-14,0.0,1.3631637392757911e-13,1.2028909647859375e-14,0.0,4.056470611351362e-12,0.0,0.0,0.0,1.3195141202269408e-13,1.2984018221667206e-13
4.699999999999904,2.6240919266076883,-0.9756766599318283,2.0562617026641514,-27.05860136041945,0.02557253277061416,2.4383344122239772e-14,8.811140069278155e-14,0.0,0,9.03252642453651e-12,8.589753714019801e-12,0.0,7.978278858129912e-15,0.0,7.978278858129912e-15,0.0,9.087758261838608e-14,8.019273098572916e-15,0.0,2.7043137409009082e-12,0.0,0.0,0.0,8.796760801512938e-14,8.656012147778137e-14
4.719999999999911,2.6402054386183322,-0.9868468617494999,2.0540614888889017,-27.05872711638502,0.02299366284536805,1.6255562748159847e-14,5.87409337951877e-14,0.0,0,6.02168428302434e-12,5.726502476013201e-12,0.0,5.318852572086608e-15,0.0,5.318852572086608e-15,0.0,6.058505507892404e-14,5.346182065715277e-15,0.0,1.802875827267272e-12,0.0,0.0,0.0,5.864507201008625e-14,5.770674765185424e-14
4.739999999999918,2.6563421463625256,-0.9980014398002461,2.05192133057351,-27.05883861803949,0.020456497105881447,1.0837041832106567e-14,3.9160622530125126e-14,0.0,0,4.0144561886828926e-12,3.817668317342133e-12,0.0,3.545901714724405e-15,0.0,3.545901714724405e-15,0.0,4.039003671928269e-14,3.564121377143518e-15,0.0,1.2019172181781813e-12,0.0,0.0,0.0,3.909671467339083e-14,3.847116510123616e-14
4.759999999999924,2.6725018724365395,-1.0091403811205824,2.049840474369463,-27.05893747778812,0.01799247521302546,7.22469455473771e-15,2.6107081686750084e-14,0.0,0,2.676304125788595e-12,2.545112211561422e-12,0.0,2.3639344764829367e-15,0.0,2.3639344764829367e-15,0.0,2.692669114618846e-14,2.3760809180956783e-15,0.0,8.012781454521208e-13,0.0,0.0,0.0,2.606447644892722e-14,2.5647443400824104e-14
4.779999999999931,2.688684436214,-1.0202636759003014,2.0478181262465696,-27.05902512612976,0.015627283999166113,4.8164630364918066e-15,1.7404721124500056e-14,0.0,0,1.7842027505257298e-12,1.6967414743742814e-12,0.0,1.5759563176552912e-15,0.0,1.5759563176552912e-15,0.0,1.7951127430792306e-14,1.5840539453971187e-15,0.0,5.341854303014138e-13,0.0,0.0,0.0,1.7376317632618147e-14,1.7098295600549402e-14
4.799999999999938,2.7048896535869655,-1.0313713193058733,2.0458534554519963,-27.05910283220143,0.013381330856419878,3.2109753576612037e-15,1.1603147416333369e-14,0.0,0,1.1894685003504864e-12,1.1311609829161875e-12,0.0,1.0506375451035274e-15,0.0,1.0506375451035274e-15,0.0,1.196741828719487e-14,1.056035963598079e-15,0.0,3.561236202009425e-13,0.0,0.0,0.0,1.1584211755078764e-14,1.1398863733699602e-14
4.819999999999944,2.7211173368173847,-1.042463312929989,2.0439455982615042,-27.059171721968248,0.011270225080199496,2.1406502384408024e-15,7.735431610888913e-15,0.0,0,7.929790002336576e-13,7.54107321944125e-13,0.0,7.004250300690183e-16,0.0,7.004250300690183e-16,0.0,7.978278858129912e-15,7.040239757320527e-16,0.0,2.3741574680062835e-13,0.0,0.0,0.0,7.722807836719175e-15,7.599242489133067e-15
4.839999999999951,2.737367294485983,-1.0535396659022498,2.042093661530873,-27.059232794339046,0.00930525885728011,1.427100158960535e-15,5.156954407259276e-15,0.0,0,5.286526668224383e-13,5.027382146294167e-13,0.0,4.669500200460121e-16,0.0,4.669500200460121e-16,0.0,5.318852572086608e-15,4.693493171547017e-16,0.0,1.5827716453375221e-13,0.0,0.0,0.0,5.148538557812783e-15,5.066161659422044e-15
4.859999999999958,2.7536393315259975,-1.0646003956958183,2.0402967260552427,-27.059286935452313,0.007493880825881717,9.514001059736899e-16,3.4379696048395167e-15,0.0,0,3.524351112149589e-13,3.351588097529444e-13,0.0,3.1130001336400804e-16,0.0,3.1130001336400804e-16,0.0,3.545901714724405e-15,3.128995447698011e-16,0.0,1.0551810968916814e-13,0.0,0.0,0.0,3.432359038541855e-15,3.3774411062813627e-15
4.879999999999964,2.769933249329745,-1.075645528664149,2.0385538497439186,-27.05933493134774,0.005840156294635622,6.342667373157931e-16,2.2919797365596773e-15,0.0,0,2.349567408099726e-13,2.2343920650196293e-13,0.0,2.0753334224267203e-16,0.0,2.0753334224267203e-16,0.0,2.3639344764829367e-15,2.0859969651320074e-16,0.0,7.034540645944542e-14,0.0,0.0,0.0,2.2882393590279033e-15,2.251627404187575e-15
4.899999999999971,2.786248845916567,-1.086675100340847,2.036864070617936,-27.059377479211026,0.004345209282288078,4.228444915438621e-16,1.527986491039785e-15,0.0,0,1.5663782720664838e-13,1.489594710013086e-13,0.0,1.3835556149511467e-16,0.0,1.3835556149511467e-16,0.0,1.5759563176552912e-15,1.3906646434213382e-16,0.0,4.689693763963028e-14,0.0,0.0,0.0,1.5254929060186022e-15,1.50108493612505e-15
4.919999999999978,2.8025859161514393,-1.0976891555342565,2.0352264096375006,-27.059415197356934,0.003007642527184293,2.818963276959081e-16,1.01865766069319e-15,0.0,0,1.0442521813776559e-13,9.93063140008724e-14,0.0,9.223704099674311e-17,0.0,9.223704099674311e-17,0.0,1.0506375451035274e-15,9.271097622808921e-17,0.0,3.1264625093086853e-14,0.0,0.0,0.0,1.016995270679068e-15,1.0007232907500332e-15
4.939999999999984,2.8189442520042842,-1.1086877482467232,2.0336398733661993,-27.059448634095148,0.0018239325133540668,1.8793088513060538e-16,6.791051071287932e-16,0.0,0,6.961681209184372e-14,6.620420933391493e-14,0.0,6.14913606644954e-17,0.0,6.14913606644954e-17,0.0,7.004250300690183e-16,6.18073174853928e-17,0.0,2.0843083395391234e-14,0.0,0.0,0.0,6.779968471193787e-16,6.671488605000221e-16
4.959999999999991,2.8353236428408324,-1.1196709414465749,2.0321034564786893,-27.059478275605755,0.0007887973683544744,1.252872567537369e-16,4.527367380858622e-16,0.0,0,4.641120806122915e-14,4.413613955594328e-14,0.0,4.099424044299693e-17,0.0,4.099424044299693e-17,0.0,4.669500200460121e-16,4.1204878323595196e-17,0.0,1.3895388930260822e-14,0.0,0.0,0.0,4.519978980795858e-16,4.447659070000147e-16
4.979999999999998,2.851723875736698,-1.1306388067188617,2.0306161441183646,-27.059504552936218,-0.00010446379179918382,8.35248378358246e-17,3.0182449205724143e-16,0.0,0,3.094080537415276e-14,2.942409303729552e-14,0.0,2.7329493628664617e-17,0.0,2.7329493628664617e-17,0.0,3.1130001336400804e-16,2.7469918882396795e-17,0.0,9.26359262017388e-15,0.0,0.0,0.0,3.013319320530572e-16,2.9651060466667644e-16
5.000000000000004,2.868144735807173,-1.1415914238187905,2.029176914111331,-27.059527848217883,-0.0008636608608606516,5.568322522388306e-17,2.0121632803816092e-16,0.0,0,2.062720358276851e-14,1.9616062024863676e-14,0.0,1.8219662419109743e-17,0.0,1.8219662419109743e-17,0.0,2.0753334224267203e-16,1.8313279254931195e-17,0.0,6.1757284134492534e-15,0.0,0.0,0.0,2.0088795470203813e-16,1.9767373644445094e-16
5.020000000000011,2.8845860065460416,-1.1525288801496327,2.0277847390428096,-27.059548500189106,-0.001497432321983115,3.712215014925537e-17,1.3414421869210727e-16,0.0,0,1.3751469055179005e-14,1.307737468324245e-14,0.0,1.2146441612739828e-17,0.0,1.2146441612739828e-17,0.0,1.3835556149511467e-16,1.2208852836620796e-17,0.0,4.117152275632835e-15,0.0,0.0,0.0,1.339253031346921e-16,1.3178249096296728e-16
5.040000000000018,2.901047470167553,-1.1634512701847428,2.0264385882019,-27.059566809101813,-0.0020149941733786417,2.474810009950358e-17,8.942947912807151e-17,0.0,0,9.167646036786002e-15,8.7182497888283e-15,0.0,8.097627741826551e-18,0.0,8.097627741826551e-18,0.0,9.223704099674311e-17,8.139235224413863e-18,0.0,2.7447681837552234e-15,0.0,0.0,0.0,8.928353542312805e-17,8.785499397531152e-17
5.0600000000000245,2.9175289079464357,-1.1743586948511953,2.0251374294004885,-27.059583041079346,-0.002425917564777216,1.649873339966905e-17,5.961965275204767e-17,0.0,0,6.111764024524001e-15,5.8121665258855324e-15,0.0,5.398418494551034e-18,0.0,5.398418494551034e-18,0.0,6.14913606644954e-17,5.426156816275908e-18,0.0,1.8298454558368153e-15,0.0,0.0,0.0,5.952235694875203e-17,5.856999598354101e-17
5.080000000000031,2.934030100551578,-1.185251260890485,2.0238802306718404,-27.059597431986223,-0.002739934178342798,1.0999155599779366e-17,3.974643516803178e-17,0.0,0,4.0745093496826674e-15,3.874777683923688e-15,0.0,3.598945663034022e-18,0.0,3.598945663034022e-18,0.0,4.099424044299693e-17,3.617437877517272e-18,0.0,1.2198969705578768e-15,0.0,0.0,0.0,3.968157129916802e-17,3.904666398902734e-17
5.100000000000038,2.9505508283697144,-1.196129080209748,2.02266596185431,-27.05961019086353,-0.0029667681200443155,7.33277039985291e-18,2.649762344535452e-17,0.0,0,2.7163395664551115e-15,2.583185122615792e-15,0.0,2.399297108689348e-18,0.0,2.399297108689348e-18,0.0,2.7329493628664617e-17,2.411625251678181e-18,0.0,8.132646470385845e-16,0.0,0.0,0.0,2.6454380866112014e-17,2.6031109326018226e-17
5.1200000000000445,2.96709087181608,-1.206992269235067,2.0214935960653735,-27.05962150297772,-0.0031159928778178953,4.888513599901941e-18,1.766508229690301e-17,0.0,0,1.8108930443034074e-15,1.7221234150771946e-15,0.0,1.5995314057928986e-18,0.0,1.5995314057928986e-18,0.0,1.8219662419109743e-17,1.6077501677854538e-18,0.0,5.421764313590563e-16,0.0,0.0,0.0,1.763625391074134e-17,1.735407288401215e-17
5.140000000000051,2.983650011629603,-1.2178409482766384,2.0203621110710275,-27.059631532525415,-0.003196911745698274,3.2590090666012937e-18,1.1776721531268672e-17,0.0,0,1.207262029535605e-15,1.1480822767181297e-15,0.0,1.066354270528599e-18,0.0,1.066354270528599e-18,0.0,1.2146441612739828e-17,1.0718334451903025e-18,0.0,3.6145095423937086e-16,0.0,0.0,0.0,1.1757502607160893e-17,1.1569381922674765e-17
5.160000000000058,3.0002280291507666,-1.2286752409139385,2.0192704905554684,-27.05964042503242,-0.0032184600029720486,2.172672711067529e-18,7.851147687512449e-18,0.0,0,8.048413530237366e-16,7.653881844787531e-16,0.0,7.109028470190659e-19,0.0,7.109028470190659e-19,0.0,8.097627741826551e-18,7.145556301268683e-19,0.0,2.409673028262472e-16,0.0,0.0,0.0,7.838335071440596e-18,7.712921281783176e-18
5.1800000000000646,3.016824706580757,-1.2394952734074725,2.018217725295723,-27.059648309480753,-0.0031891270689871974,1.4484484740450192e-18,5.234098458341632e-18,0.0,0,5.365609020158244e-16,5.10258789652502e-16,0.0,4.739352313460439e-19,0.0,4.739352313460439e-19,0.0,5.398418494551034e-18,4.763704200845789e-19,0.0,1.6064486855083147e-16,0.0,0.0,0.0,5.22555671429373e-18,5.1419475211887834e-18
5.200000000000071,3.033439827220961,-1.250301174142292,2.0172028142458296,-27.059655300193892,-0.0031168968223164446,9.656323160300127e-19,3.489398972227755e-18,0.0,0,3.577072680105496e-16,3.401725264350013e-16,0.0,3.159568208973626e-19,0.0,3.159568208973626e-19,0.0,3.598945663034022e-18,3.175802800563859e-19,0.0,1.0709657903388765e-16,0.0,0.0,0.0,3.48370447619582e-18,3.4279650141258556e-18
5.220000000000078,3.050073175692271,-1.261093073107215,2.0162247655349312,-27.05966149850756,-0.003009204272672654,6.437548773533418e-19,2.3262659814851693e-18,0.0,0,2.3847151200703306e-16,2.2678168429000083e-16,0.0,2.1063788059824172e-19,0.0,2.1063788059824172e-19,0.0,2.399297108689348e-18,2.1172018670425725e-19,0.0,7.13977193559251e-17,0.0,0.0,0.0,2.322469650797213e-18,2.2853100094172368e-18
5.240000000000085,3.0667245381340233,-1.2718711014125297,2.015282597383533,-27.05966699424988,-0.0028729068004791814,4.2916991823556115e-19,1.5508439876567797e-18,0.0,0,1.589810080046887e-16,1.511877895266672e-16,0.0,1.4042525373216114e-19,0.0,1.4042525373216114e-19,0.0,1.5995314057928986e-18,1.411467911361715e-19,0.0,4.759847957061673e-17,0.0,0.0,0.0,1.5483131005314753e-18,1.5235400062781577e-18
5.260000000000091,3.0833937023826525,-1.282635390847958,2.0143753389420116,-27.059671867052586,-0.0027142682280985784,2.861132788237074e-19,1.0338959917711864e-18,0.0,0,1.0598733866979245e-16,1.0079185968444481e-16,0.0,9.361683582144076e-20,0.0,9.361683582144076e-20,0.0,1.066354270528599e-18,9.409786075744766e-20,0.0,3.1732319713744485e-17,0.0,0.0,0.0,1.03220873368765e-18,1.0156933375187718e-18
5.280000000000098,3.1000804581304457,-1.293386073481773,2.0135020310553084,-27.059676187512256,-0.0025389540542046264,1.9074218588247164e-19,6.8926399451412425e-19,0.0,0,7.065822577986163e-17,6.71945731229632e-17,0.0,6.24112238809605e-20,0.0,6.24112238809605e-20,0.0,7.109028470190659e-19,6.273190717163177e-20,0.0,2.115487980916299e-17,0.0,0.0,0.0,6.881391557917667e-19,6.771288916791812e-19
5.300000000000105,3.1167845970649584,-1.3041232813012087,2.012661726957601,-27.059680018218845,-0.0023520362649979685,1.271614572549811e-19,4.595093296760828e-19,0.0,0,4.710548385324108e-17,4.4796382081975463e-17,0.0,4.1607482587306996e-20,0.0,4.1607482587306996e-20,0.0,4.739352313460439e-19,4.182127144775451e-20,0.0,1.410325320610866e-17,0.0,0.0,0.0,4.587594371945111e-19,4.514192611194541e-19
5.320000000000111,3.1335059129898633,-1.3148471458936384,2.011853492900592,-27.05968341466641,-0.0021580062294764423,8.477430483665407e-20,3.0633955311738845e-19,0.0,0,3.140365590216072e-17,2.9864254721316974e-17,0.0,2.7738321724871327e-20,0.0,2.7738321724871327e-20,0.0,3.159568208973626e-19,2.7880847631836337e-20,0.0,9.40216880407244e-18,0.0,0.0,0.0,3.058396247963407e-19,3.0094617407963602e-19
5.340000000000118,3.1502442019281047,-1.3255577981674547,2.0110764087189494,-27.059686426059876,-0.001960794287726392,5.651620322443604e-20,2.0422636874492562e-19,0.0,0,2.0935770601440476e-17,1.990950314754465e-17,0.0,1.849221448324755e-20,0.0,1.849221448324755e-20,0.0,2.1063788059824172e-19,1.8587231754557558e-20,0.0,6.268112536048293e-18,0.0,0.0,0.0,2.0389308319756047e-19,2.0063078271975734e-19
5.360000000000125,3.166999262208374,-1.3362553681111478,2.010329568336242,-27.0596890960293,-0.0017637947484675166,3.7677468816290687e-20,1.3615091249661707e-19,0.0,0,1.3957180400960315e-17,1.32730020983631e-17,0.0,1.23281429888317e-20,0.0,1.23281429888317e-20,0.0,1.4042525373216114e-19,1.2391487836371704e-20,0.0,4.178741690698862e-18,0.0,0.0,0.0,1.3592872213170698e-19,1.337538551465049e-19
5.380000000000131,3.183770894535956,-1.346939984588703,2.0096120802146307,-27.059691463262737,-0.0015698951224538888,2.5118312544193788e-20,9.07672749977447e-20,0.0,0,9.304786933973543e-18,8.848668065575399e-18,0.0,8.218761992554467e-21,0.0,8.218761992554467e-21,0.0,9.361683582144076e-20,8.260991890914469e-21,0.0,2.7858277937992413e-18,0.0,0.0,0.0,9.061914808780464e-20,8.916923676433659e-20
5.400000000000138,3.200558902049119,-1.3576117751691839,2.0089230677514296,-27.059693562066744,-0.001381508529712157,1.6745541696129193e-20,6.051151666516313e-20,0.0,0,6.2031912893156946e-18,5.899112043716932e-18,0.0,5.479174661702978e-21,0.0,5.479174661702978e-21,0.0,6.24112238809605e-20,5.507327927276313e-21,0.0,1.857218529199494e-18,0.0,0.0,0.0,6.041276539186975e-20,5.944615784289106e-20
5.420000000000145,3.2173630903621575,-1.3682708659881488,2.0082616696255102,-27.05969542286298,-0.0012006083291832678,1.1163694464086129e-20,4.034101111010875e-20,0.0,0,4.135460859543796e-18,3.932741362477954e-18,0.0,3.652783107801985e-21,0.0,3.652783107801985e-21,0.0,4.1607482587306996e-20,3.671551951517541e-21,0.0,1.238145686132996e-18,0.0,0.0,0.0,4.0275176927913167e-20,3.9630771895260706e-20
5.440000000000151,3.2341832675962814,-1.3789173816384193,2.0076270400964336,-27.0596970726283,-0.0010287641276103543,7.44246297605742e-21,2.6894007406739166e-20,0.0,0,2.7569739063625307e-18,2.6218275749853026e-18,0.0,2.4351887385346565e-21,0.0,2.4351887385346565e-21,0.0,2.7738321724871327e-20,2.447701301011694e-21,0.0,8.254304574219973e-19,0.0,0.0,0.0,2.685011795194211e-20,2.642051459684047e-20
5.460000000000158,3.251019244399498,-1.3895514450876416,2.007018349259043,-27.05969853528476,-0.0008671784292123227,4.961641984038279e-21,1.7929338271159444e-20,0.0,0,1.837982604241687e-18,1.7478850499902016e-18,0.0,1.6234591590231043e-21,0.0,1.6234591590231043e-21,0.0,1.849221448324755e-20,1.6318008673411292e-21,0.0,5.502869716146648e-19,0.0,0.0,0.0,1.790007863462807e-20,1.7613676397893646e-20
5.480000000000165,3.267870833956619,-1.400173177620059,2.0064347832561507,-27.059699832045357,-0.0007167232877894656,3.3077613226921858e-21,1.1952892180772962e-20,0.0,0,1.2253217361611246e-18,1.1652566999934676e-18,0.0,1.0823061060154028e-21,0.0,1.0823061060154028e-21,0.0,1.23281429888317e-20,1.087867244894086e-21,0.0,3.668579810764432e-19,0.0,0.0,0.0,1.1933385756418713e-20,1.1742450931929098e-20
5.500000000000171,3.284737851990492,-1.4107826987999104,2.005875544451846,-27.0597009817205,-0.0005779764176140168,2.2051742151281235e-21,7.968594787181974e-21,20.006507721857012,78,8.168811574407497e-19,7.76837799995645e-19,0.0,7.2153740401026845e-22,0.0,7.2153740401026845e-22,0.0,8.218761992554467e-21,7.252448299293907e-22,0.0,2.4457198738429545e-19,0.0,0.0,0.0,0.07751937984496125,7.828300621286065e-21
5.520000000000178,3.3016255950518376,-1.4213829237417248,2.0054572273648223,-27.05970200098978,-0.00045125630816941124,1.4701161434187489e-21,0.16666666666666669,20.157858603510284,106,16.666666666666668,16.666666666666668,0.0,4.810249360068456e-22,0.0,4.810249360068456e-22,0.0,5.479174661702978e-21,4.834965532862604e-22,0.0,1.630479915895303e-19,0.0,0.0,0.0,0.23255813953488375,0.07739938080495357
5.540000000000185,3.3185391944073013,-1.4319768423582881,2.0052942550774335,-27.079953766929773,0.020766844679232874,0.1388888888888889,0.19444444444444442,20.316661073431305,84,27.77777777777778,11.11111111111111,0.0,3.2068329067123035e-22,0.0,3.2068329067123035e-22,0.0,3.652783107801985e-21,3.223310355241736e-22,0.0,16.666666666666668,0.0,0.0,0.0,0.31007751937984496,0.10319917440660475
5.5600000000001915,3.335475654594418,-1.4425649443291841,2.0053412513949787,-27.129010581911395,0.07064686760264191,0.09259259259259259,0.12962962962962962,20.482923216690256,92,18.51851851851852,7.4074074074074066,0.0,2.137888604474869e-22,0.0,2.137888604474869e-22,0.0,2.4351887385346565e-21,2.1488735701611573e-22,0.0,11.11111111111111,0.0,0.0,0.0,0.31007751937984496,0.09459924320605435
5.580000000000198,3.352434574048966,-1.4531515833507878,2.00563053631728,-27.21348959500443,0.1545281423029208,0.20061728395061731,0.25308641975308643,20.646925098862624,124,29.01234567901235,21.60493827160494,0.0,1.4252590696499124e-22,0.0,1.4252590696499124e-22,0.0,1.6234591590231043e-21,1.432582380107438e-22,0.0,24.074074074074076,0.0,0.0,0.0,0.4909560723514212,0.16626533654397435
5.600000000000205,3.3694209166395543,-1.4637472038101698,2.0063387600423166,-27.33331320682268,0.26996272552248174,0.1337448559670782,0.41872427983539096,20.811322543796397,122,52.674897119341566,31.06995884773663,0.0,9.501727130999416e-23,0.0,9.501727130999416e-23,0.0,1.0823061060154028e-21,9.550549200716253e-23,0.0,16.049382716049383,0.0,0.0,0.0,0.5598621877691645,0.26564231930589
5.6200000000002115,3.3864395938155676,-1.4743661263082206,2.0076760134258738,-27.50999976257951,0.43721555324087685,0.36694101508916327,0.6124828532235941,20.982002830177343,152,68.44993141289439,54.04663923182442,0.0,6.33448475399961e-23,0.0,16.666666666666668,0.0,7.2153740401026845e-22,6.367032800477502e-23,0.0,10.699588477366255,0.0,0.0,0.0,0.8383577375825438,0.46089260915542307
5.640000000000218,3.4034812171525965,-1.4850184930273016,2.0095744253377097,-27.76906905171528,0.6788941534338888,0.38351623228166437,0.4083219021490626,21.158070775473423,111,45.633287608596255,36.031092821216276,0.0,4.22298983599974e-23,0.0,11.11111111111111,0.0,4.810249360068456e-22,4.2446885336516676e-23,0.0,23.799725651577504,0.0,0.0,0.0,0.7656235046415926,0.4104609138435535
5.660000000000225,3.420530382829476,-1.49571681919658,2.0118873565584505,-28.10488909105071,0.9840446975640117,0.39456637707666514,0.4388812680993751,21.32116264076738,116,47.08885840573084,40.68739521414418,0.0,2.81532655733316e-23,0.0,7.4074074074074066,0.0,3.2068329067123035e-22,2.8297923557677784e-23,0.0,32.53315043438501,0.0,0.0,0.0,0.7688136025775992,0.3510399900339892
5.6800000000002315,3.4375735375455525,-1.5064797713906108,2.0145575452239655,-28.490980783583176,1.3200176915975084,0.26304425138444343,0.37592084539958337,21.462448875286206,88,48.05923893715389,27.124930142762786,0.0,1.87688437155544e-23,0.0,4.93827160493827,0.0,2.137888604474869e-22,1.886528237178519e-23,0.0,21.68876695625667,0.0,0.0,0.0,0.6159015748450145,0.25982645362431067
5.700000000000238,3.454596668649523,-1.5173283871557834,2.0175461362884253,-28.8921957857352,1.6466959276799071,0.1753628342562956,0.41728056359972227,21.582413752511286,116,48.70615929143593,34.749953428508526,0.0,1.2512562477036265e-23,0.0,3.292181069958847,0.0,1.4252590696499124e-22,1.257685491452346e-23,0.0,14.45917797083778,0.0,0.0,0.0,0.6689989827132138,0.3022166037577964
5.720000000000245,3.4715879557934106,-1.5282853835487027,2.0208714978393987,-29.307431724083848,1.9613688135674914,0.25579744505975266,0.4448537090664816,21.678924193172527,99,49.137439527623954,39.83330228567235,0.0,8.341708318024176e-24,0.0,2.1947873799725643,0.0,9.501727130999416e-23,8.38456994301564e-24,0.0,26.30611864722519,0.0,0.0,0.0,0.575198288217078,0.27887711664348447
5.740000000000252,3.488538575245826,-1.5393783691791307,2.0246523723340015,-29.732859005227564,2.258620350432086,0.1705316300398351,0.6299024727109878,21.75305844856089,126,66.09162635174931,59.888868190448235,0.0,5.5611388786827836e-24,0.0,1.4631915866483762,0.0,6.33448475399961e-23,5.5897132953437595e-24,0.0,17.53741243148346,0.0,0.0,0.0,0.796902217984512,0.3923164265755325
5.760000000000258,3.5054348470839685,-1.5506227164847408,2.028818644061847,-30.16847304294002,2.537946082059602,0.25257664224877896,0.41993498180732514,21.805796996124798,114,44.06108423449954,39.925912126965486,0.0,3.7074259191218555e-24,0.0,0.9754610577655841,0.0,4.22298983599974e-23,3.7264755302291725e-24,0.0,28.358274954322308,0.0,0.0,0.0,0.737986491576238,0.3647434587902931
5.780000000000265,3.5222617698284377,-1.5620276083195992,2.0332251248192756,-30.631471610140554,2.8167932211896436,0.3072733170547416,0.44662332120488346,21.83193420687448,110,46.04072282299969,43.28394141797699,0.0,2.4716172794145703e-24,0.0,0.6503073718437227,0.0,2.81532655733316e-23,2.4843170201527814e-24,0.0,35.57218330288154,0.0,0.0,0.0,0.7503889272006962,0.3979610674701025
5.800000000000272,3.5390072095153378,-1.5736065608124385,2.0378183096594906,-31.11075397205064,3.0825666318800984,0.20484887803649435,0.38108221413658894,21.83047692575086,89,47.360481881999796,28.855960945317992,0.0,1.6477448529430468e-24,0.0,0.4335382478958151,0.0,1.87688437155544e-23,1.656211346768521e-24,0.0,23.714788868587693,0.0,0.0,0.0,0.6811378377720403,0.29110717191505286
5.820000000000278,3.555660852255315,-1.585377715253616,2.0426232122556196,-31.601788473752183,3.330585325690227,0.2754548075798851,0.5040548094243927,21.803155927874244,143,48.24032125466653,52.570640630212,0.0,1.0984965686286977e-24,0.0,0.28902549859721005,0.0,1.2512562477036265e-23,1.1041408978456806e-24,0.0,32.47652591239179,0.0,0.0,0.0,0.8416887910728331,0.5036689711631828
5.840000000000285,3.5722124722841517,-1.5973554025601964,2.047633966497716,-32.11903038550663,3.576056936750925,0.32252542727547895,0.4193698729495951,21.749578926437042,99,48.82688083644435,35.04709375347466,0.0,7.323310457524651e-25,0.0,0.19268366573147336,0.0,8.341708318024176e-24,7.360939318971203e-25,0.0,38.31768394159453,0.0,0.0,0.0,0.8453635868134133,0.41317869491374204
5.860000000000292,3.5886496666808454,-1.6095398457875698,2.0526769758298316,-32.64982003774624,3.805414940207161,0.21501695151698597,0.27957991529973003,21.6695202099087,94,32.5512538909629,23.364729168983107,0.0,4.8822069716831e-25,0.0,0.12845577715431555,0.0,5.5611388786827836e-24,4.9072928793141355e-25,0.0,25.545122627729686,0.0,0.0,0.0,0.6927746909505442,0.275452463275828
5.880000000000298,3.604962006781733,-1.6219347636630412,2.0576474656871624,-33.16860070211093,3.9927367262013753,0.1433446343446573,0.2697199435331534,21.564778856044725,115,38.36750259397527,15.576486112655404,0.0,3.254804647788733e-25,0.0,0.0856371847695437,0.0,3.7074259191218555e-24,3.2715285862094234e-25,0.0,17.03008175181979,0.0,0.0,0.0,0.6685681402202595,0.18363497551721866
5.900000000000305,3.621142605423517,-1.63455887453708,2.062648098788147,-33.66072800981826,4.124936968056623,0.09556308956310486,0.42981329568876897,21.436620182652664,137,42.24500172931685,43.71765740843694,0.0,2.1698697651924884e-25,0.0,0.05709145651302913,0.0,2.4716172794145703e-24,2.181019057472949e-25,0.0,11.353387834546526,0.0,0.0,0.0,0.7816294061416718,0.509420221036247
5.920000000000312,3.6371866193464544,-1.6474334787551563,2.067842785820651,-34.138759564333796,4.218303354134924,0.20259761526429218,0.5365421971258459,21.281876443652852,115,61.49666781954457,45.81177160562463,0.0,1.4465798434616588e-25,0.0,0.038060971008686086,0.0,1.6477448529430468e-24,1.4540127049819658e-25,0.0,24.235591889697687,0.0,0.0,0.0,0.7278046170143445,0.44281265509743606
5.940000000000318,3.653089681525141,-1.6605661086445587,2.0732675797492948,-34.608014125338606,4.280895424397242,0.13506507684286143,0.524361464750564,21.0989809833208,107,57.664445213029715,47.207847737083085,0.0,9.643865623077725e-26,0.0,0.02537398067245739,0.0,1.0984965686286977e-24,9.693418033213104e-26,0.0,16.157061259798457,0.0,0.0,0.0,0.7694408041077542,0.3984076111382288
5.960000000000325,3.668847911641798,-1.6739446402649294,2.0787678989080494,-35.074612025085514,4.321807999380038,0.22893227345079656,0.34957430983370924,20.892604456762495,97,38.44296347535314,31.47189849138872,0.0,6.429243748718483e-26,0.0,0.01691598711497159,0.0,7.323310457524651e-25,6.462278688808736e-26,0.0,27.438040839865643,0.0,0.0,0.0,0.6679992957617585,0.3172046612954549
5.980000000000332,3.684458615453532,-1.6875617954987372,2.084256607850022,-35.55983476351701,4.365285277538185,0.2915104045227533,0.3997162065558062,20.673150221539967,112,42.29530898356876,37.64793232759248,0.0,4.286162499145655e-26,0.0,0.011277324743314394,0.0,4.8822069716831e-25,4.3081857925391573e-26,0.0,34.95869389324376,0.0,0.0,0.0,0.7037307966577099,0.4436679166118306
6.000000000000338,3.6999196744145393,-1.701445071413844,2.0900143676925165,-36.05536907074113,4.403626693119773,0.1943402696818355,0.7664774710372041,20.440346102215905,147,78.19687265571251,75.09862155172831,0.0,2.857441666097103e-26,0.0,0.007518216495542929,0.0,3.254804647788733e-25,2.872123861692771e-26,0.0,23.305795928829173,0.0,0.0,0.0,0.9601099367898944,0.6827755150993216
6.020000000000345,3.7152287047822434,-1.7155969727003724,2.0960621260251573,-36.53835905015853,4.414572948800657,0.12956017978789033,0.5109849806914695,20.172507274073457,108,52.13124843714167,50.065747701152205,0.0,1.9049611107314022e-26,0.0,0.005012144330361953,0.0,2.1698697651924884e-25,1.914749241128514e-26,0.0,15.537197285886116,0.0,0.0,0.0,0.8467916374464929,0.5583828511394857
6.040000000000352,3.730384294385278,-1.7299982006720787,2.1022097585169655,-36.99576688720519,4.387122681843021,0.08637345319192688,0.5073233204609796,0.0,20,51.42083229142778,50.04383180076814,0.0,1.2699740738209347e-26,0.0,0.003341429553574635,0.0,1.4465798434616588e-25,1.276499494085676e-26,0.0,10.358131523924076,0.0,0.0,0.0,0.6678869314242769,0.449654614897944
6.060000000000358,3.745386871699166,-1.7446322225380066,2.1083201542954786,-37.42084736932381,4.317500545242788,0.05758230212795125,0.33821554697398637,0.0,0,34.28055486095185,33.362554533845426,0.0,8.466493825472898e-27,0.0,0.0022276197023830898,0.0,9.643865623077725e-26,8.50999662723784e-27,0.0,6.905421015949384,0.0,0.0,0.0,0.44525795428285125,0.299769743265296
6.080000000000365,3.760238677343754,-1.7594751674465452,2.11420261844218,-37.81082684164624,4.20645773658381,0.038388201418634166,0.22547703131599092,0.0,0,22.853703240634566,22.241703022563616,0.0,5.644329216981932e-27,0.0,0.0014850798015887264,0.0,6.429243748718483e-26,5.673331084825226e-27,0.0,4.603614010632922,0.0,0.0,0.0,0.2968386361885675,0.19984649551019731
6.100000000000372,3.7749435338307062,-1.7745083854662744,2.1197412128193225,-38.165382102806795,4.057467862884985,0.025592134279089445,0.15031802087732726,0.0,0,15.235802160423043,14.82780201504241,0.0,3.762886144654621e-27,0.0,0.000990053201059151,0.0,4.286162499145655e-26,3.782220723216817e-27,0.0,3.069076007088615,0.0,0.0,0.0,0.19789242412571165,0.1332309970067982
6.1200000000003785,3.789506670268034,-1.7897162380123455,2.1248694075749532,-38.48564959146698,3.875525037705322,0.017061422852726292,0.10021201391821817,0.0,0,10.157201440282028,9.885201343361606,0.0,2.5085907631030806e-27,0.0,0.0006600354673727672,0.0,2.857441666097103e-26,2.5214804821445445e-27,0.0,2.04605067139241,0.0,0.0,0.0,0.1319282827504744,0.08882066467119878
6.140000000000385,3.8039345564395983,-1.8050847004737027,2.1295531817802016,-38.77358534425006,3.666347683395995,0.011374281901817529,0.06680800927881211,0.0,0,6.771467626854685,6.590134228907737,0.0,1.67239384206872e-27,0.0,0.0004400236449151781,0.0,1.9049611107314022e-26,1.6809869880963628e-27,0.0,1.3640337809282732,0.0,0.0,0.0,0.08795218850031628,0.05921377644746585
6.160000000000392,3.818234729416954,-1.8206005182720986,2.133779757531761,-39.03155633458528,3.435856200349018,0.007582854601211686,0.04453867285254141,0.0,0,4.514311751236456,4.393422819271825,0.0,1.1149292280458134e-27,0.0,0.0002933490966101187,0.0,1.2699740738209347e-26,1.1206579920642417e-27,0.0,0.9093558539521821,0.0,0.0,0.0,0.05863479233354418,0.03947585096497723
6.1800000000003985,3.8324156088338883,-1.8362507358411175,2.137550091601877,-39.26208387410515,3.1898359571362285,0.005055236400807791,0.029692448568360934,0.0,0,3.009541167490971,2.9289485461812164,0.0,7.432861520305423e-28,0.0,0.0001955660644067458,0.0,8.466493825472898e-27,7.471053280428278e-28,0.0,0.6062372359681214,0.0,0.0,0.0,0.03908986155569612,0.026317233976651484
6.200000000000405,3.8464863044442685,-1.8520224716139515,2.140873874722161,-39.46768644900733,2.933726012247493,0.0033701576005385273,0.019794965712240622,0.0,0,2.0063607783273136,1.9526323641208108,0.0,4.955241013536948e-28,0.0,0.00013037737627116385,0.0,5.644329216981932e-27,4.980702186952185e-28,0.0,0.40415815731208093,0.0,0.0,0.0,0.02605990770379741,0.017544822651100987
6.220000000000412,3.86045642258217,-1.86790285020391,2.1437662054041553,-39.65078713506561,2.672493344917519,0.0022467717336923515,0.013196643808160413,0.0,0,1.337573852218209,1.3017549094138738,0.0,3.303494009024632e-28,0.0,8.691825084744256e-05,0.0,3.762886144654621e-27,3.32046812463479e-28,0.0,0.2694387715413873,0.0,0.0,0.0,0.017373271802531606,0.011696548434067325
6.2400000000004185,3.874335878399059,-1.8838790303087631,2.1462453826956014,-39.81366256234822,2.4105653321727742,0.0014978478224615677,0.00879776253877361,0.0,0,0.891715901478806,0.8678366062759159,0.0,2.2023293393497546e-28,0.0,5.79455005649617e-05,0.0,2.5085907631030806e-27,2.2136454164231933e-28,0.0,0.17962584769425818,0.0,0.0,0.0,0.011582181201687736,0.007797698956044883
6.260000000000425,3.8881347196636598,-1.8999382864290768,2.1483314470435495,-39.95841826665928,2.1518018927387836,0.0009985652149743782,0.005865175025849072,0.0,0,0.5944772676525373,0.5785577375172772,0.0,1.468219559566503e-28,0.0,3.8630333709974463e-05,0.0,1.67239384206872e-27,1.4757636109487955e-28,0.0,0.11975056512950545,0.0,0.0,0.0,0.00772145413445849,0.005198465970696588
6.280000000000432,3.9018629663561404,-1.9160681163495046,2.1500452215176535,-40.08698048998592,1.8994945500381022,0.0006657101433162522,0.0039101166838993815,0.0,0,0.3963181784350248,0.3857051583448515,0.0,9.78813039711002e-29,0.0,2.5753555806649642e-05,0.0,1.1149292280458134e-27,9.838424072991969e-29,0.0,0.07983371008633697,0.0,0.0,0.0,0.005147636089638993,0.003465643980464392
6.300000000000439,3.915530468741553,-1.932256356044537,2.1514076876898165,-40.201097957046734,1.656383596527657,0.0004438067622108348,0.0026067444559329206,0.0,0,0.2642121189566832,0.25713677222990095,0.0,6.525420264740013e-29,0.0,1.7169037204433095e-05,0.0,7.432861520305423e-28,6.558949381994646e-29,0.0,0.05322247339089131,0.0,0.0,0.0,0.003431757393092662,0.0023104293203095945
6.320000000000445,3.929146785278246,-1.9484912904023997,2.1524395852031817,-40.30234944647906,1.4246872033798643,0.0002958711748072232,0.0017378296372886138,0.0,0,0.17614141263778876,0.17142451481993395,0.0,4.350280176493342e-29,0.0,1.1446024802955397e-05,0.0,4.955241013536948e-28,4.372632921329764e-29,0.0,0.03548164892726087,0.0,0.0,0.0,0.0022878382620617746,0.0015402862135397296
6.340000000000452,3.9427210806683544,-1.9647617527781311,2.153161160625066,-40.392154485114354,1.2061381345974076,0.0001972474498714821,0.0011585530915257424,0.0,0,0.11742760842519251,0.11428300987995596,0.0,2.9001867843288945e-29,0.0,7.630683201970264e-06,0.0,3.303494009024632e-28,2.9150886142198424e-29,0.0,0.02365443261817391,0.0,0.0,0.0,0.001525225508041183,0.001026857475693153
6.360000000000459,3.9562620435800984,-1.9810572095204009,2.153592015635016,-40.47178548387174,1.0020249735012563,0.0001314982999143214,0.0007723687276838282,0.0,0,0.07828507228346167,0.07618867325330397,0.0,1.9334578562192628e-29,0.0,5.087122134646843e-06,0.0,2.2023293393497546e-28,1.943392409479895e-29,0.0,0.015769621745449273,0.0,0.0,0.0,0.0010168170053607886,0.000684571650462102
6.380000000000465,3.969777823026186,-1.9973678277188438,2.1537510209866366,-40.542380278870176,0.8132356385908415,8.766553327621425e-05,0.0005149124851225521,0.0,0,0.05219004818897444,0.05079244883553598,0.0,1.288971904146175e-29,0.0,3.3914147564312283e-06,0.0,1.468219559566503e-28,1.2955949396532632e-29,0.0,0.010513081163632847,0.0,0.0,0.0,0.000677878003573859,0.00045638110030806796
6.400000000000472,3.983275982023253,-2.0136845258089386,2.153656273684027,-40.60495445818618,0.6403015789772545,5.84436888508095e-05,0.00034327499008170143,0.0,0,0.03479336545931629,0.033861632557023985,0.0,8.593146027641167e-30,0.0,2.260943170954152e-06,0.0,9.78813039711002e-29,8.637299597688421e-30,0.0,0.007008720775755231,0.0,0.0,0.0,0.00045191866904923934,0.0003042540668720453
6.420000000000479,3.996763466940747,-2.029999007572448,2.1533250822163623,-40.6604131211807,0.4834414793306381,3.896245923387299e-05,0.0002288499933878009,0.0,0,0.023195576972877528,0.022574421704682657,0.0,5.7287640184274444e-30,0.0,1.507295447302768e-06,0.0,6.525420264740013e-29,5.75819973179228e-30,0.0,0.004672480517170154,0.0,0.0,0.0,0.00030127911269949286,0.00020283604458136352
6.440000000000485,4.010246590837948,-2.046303780637036,2.1527739696859105,-40.70956188538759,0.34260362537943734,2.5974972822581994e-05,0.00015256666225853393,0.0,0,0.01546371798191835,0.015049614469788437,0.0,3.819176012284963e-30,0.0,1.0048636315351785e-06,0.0,4.350280176493342e-29,3.8387998211948535e-30,0.0,0.003114987011446769,0.0,0.0,0.0,0.0002008527417996619,0.000135224029720909
6.460000000000492,4.023731029056266,-2.0625921609144533,2.1520186880379013,-40.75311706006294,0.21750631997481285,1.7316648548387993e-05,0.00010171110817235596,0.0,0,0.0103091453212789,0.01003307631319229,0.0,2.5461173415233085e-30,0.0,6.69909087690119e-07,0.0,2.9001867843288945e-29,2.559199880796569e-30,0.0,0.002076658007631179,0.0,0.0,0.0,0.00013390182786644127,9.014935314727266e-05
6.480000000000499,4.037221825358494,-2.0788582645950053,2.1510742388836652,-40.79171496844023,0.10767592098223006,1.1544432365591997e-05,6.78074054482373e-05,0.0,0,0.0068727635475192665,0.006688717542128193,0.0,1.697411561015539e-30,0.0,4.4660605846007933e-07,0.0,1.9334578562192628e-29,1.7061332538643793e-30,0.0,0.0013844386717541193,0.0,0.0,0.0,8.926788524429418e-05,6.009956876484844e-05
6.500000000000505,4.050723406970633,-2.095096989386419,2.1499548979547822,-40.8259204375064,0.012482212142966324,7.696288243727996e-06,4.520493696549153e-05,0.0,0,0.004581842365012844,0.004459145028085462,0.0,1.1316077073436925e-30,0.0,2.9773737230671954e-07,0.0,1.288971904146175e-29,1.1374221692429194e-30,0.0,0.0009229591145027461,0.0,0.0,0.0,5.951192349619612e-05,4.0066379176565626e-05
6.520000000000512,4.064239606972823,-2.1113039866816776,2.148674241272558,-40.85623449448745,-0.06882907240006919,5.1308588291519974e-06,3.013662464366102e-05,0.0,0,0.003054561576675229,0.0029727633520569745,0.0,7.544051382291283e-31,0.0,1.9849158153781303e-07,0.0,8.593146027641167e-30,7.582814461619462e-31,0.0,0.000615306076335164,0.0,0.0,0.0,3.967461566413075e-05,2.671091945104375e-05
6.540000000000519,4.077773692594467,-2.1274756262867274,2.147245171823485,-40.883101319526475,-0.1371066624767859,3.4205725527679983e-06,2.009108309577401e-05,0.0,0,0.002036374384450153,0.0019818422347046495,0.0,5.0293675881941885e-31,0.0,1.3232772102520867e-07,0.0,5.7287640184274444e-30,5.055209641079641e-31,0.0,0.00041020405089010935,0.0,0.0,0.0,2.6449743776087165e-05,1.7807279634029166e-05
6.560000000000525,4.091328398087915,-2.143608955251428,2.1456799460050227,-40.90691450827674,-0.19326712860964343,2.280381701845332e-06,1.3394055397182673e-05,0.0,0,0.0013575829229667685,0.0013212281564697662,0.0,3.352911725462792e-31,0.0,8.821848068347244e-08,0.0,3.819176012284963e-30,3.3701397607197604e-31,0.0,0.00027346936726007286,0.0,0.0,0.0,1.7633162517391443e-05,1.1871519756019443e-05
6.580000000000532,4.104905960979773,-2.1597016522377563,2.143990199420428,-40.9280226988471,-0.23827118937806974,1.5202544678968876e-06,8.929370264788448e-06,0.0,0,0.0009050552819778457,0.0008808187709798441,0.0,2.2352744836418614e-31,0.0,5.881232045564829e-08,0.0,2.5461173415233085e-30,2.2467598404798403e-31,0.0,0.00018231291150671523,0.0,0.0,0.0,1.1755441678260961e-05,7.914346504012961e-06
6.600000000000539,4.11850816062532,-2.1757519787363293,2.142186971806381,-40.94673461627904,-0.2731028739294839,1.0135029785979251e-06,5.952913509858966e-06,0.0,0,0.0006033701879852305,0.0005872125139865627,0.0,1.4901829890945742e-31,0.0,3.9208213637098857e-08,0.0,1.697411561015539e-30,1.4978398936532267e-31,0.0,0.00012154194100447681,0.0,0.0,0.0,7.83696111884064e-06,5.276231002675307e-06
6.6200000000005454,4.132136358116542,-2.1917587283121165,2.1402807310073504,-40.963323585436925,-0.298751429743207,6.756686523986167e-07,3.968609006572644e-06,0.0,0,0.0004022467919901536,0.0003914750093243751,0.0,9.934553260630494e-32,0.0,2.6138809091399238e-08,0.0,1.1316077073436925e-30,9.98559929102151e-32,0.0,8.10279606696512e-05,0.0,0.0,0.0,5.224640745893759e-06,3.517487335116871e-06
6.640000000000552,4.145791536715753,-2.2077211749273475,2.1382813959897744,-40.978031560394996,-0.3161958392678407,4.504457682657445e-07,2.645739337715096e-06,0.0,0,0.00026816452799343575,0.0002609833395495834,0.0,6.623035507086996e-32,0.0,1.742587272759949e-08,0.0,7.544051382291283e-31,6.65706619401434e-32,0.0,5.401864044643414e-05,0.0,0.0,0.0,3.4830938305958394e-06,2.3449915567445808e-06
6.660000000000559,4.159474342103232,-2.2236390212574917,2.1361983589338887,-40.99107271540905,-0.32639178929254414,3.002971788438296e-07,1.763826225143397e-06,0.0,0,0.00017877635199562382,0.00017398889303305557,0.0,4.415357004724664e-32,0.0,1.1617248485066327e-08,0.0,5.0293675881941885e-31,4.438044129342893e-32,0.0,3.6012426964289425e-05,0.0,0.0,0.0,2.3220625537305593e-06,1.5633277044963872e-06
6.6800000000005655,4.173185121837344,-2.2395123477874903,2.134040506463031,-41.00263663952713,-0.33026092290505277,2.0019811922921973e-07,1.175884150095598e-06,0.0,0,0.00011918423466374921,0.00011599259535537037,0.0,2.9435713364831093e-32,0.0,7.74483232337755e-09,0.0,3.352911725462792e-31,2.9586960862285953e-32,0.0,2.4008284642859614e-05,0.0,0.0,0.0,1.5480417024870394e-06,1.042218469664258e-06
6.700000000000572,4.18692396352849,-2.2553415633520344,2.1318162400775846,-41.01289117390103,-0.3286821948107189,1.334654128194798e-07,7.839227667303985e-07,0.0,0,7.945615644249946e-05,7.732839690358025e-05,0.0,1.9623808909887394e-32,0.0,5.163221548918367e-09,0.0,2.2352744836418614e-31,1.97246405748573e-32,0.0,1.600552309523974e-05,0.0,0.0,0.0,1.0320278016580262e-06,6.948123131095053e-07
6.720000000000579,4.200690731323479,-2.2711273576671225,2.1295334958590817,-41.02198492794342,-0.3224851459228589,8.89769418796532e-08,5.226151778202657e-07,0.0,0,5.297077096166631e-05,5.155226460238683e-05,0.0,1.3082539273258263e-32,0.0,3.4421476992789113e-09,0.0,1.4901829890945742e-31,1.31497603832382e-32,0.0,1.0670348730159827e-05,0.0,0.0,0.0,6.880185344386841e-07,4.6320820873967013e-07
6.7400000000005855,4.21448510038402,-2.2868706562914065,2.127199763503373,-41.030049507653615,-0.31244491185463946,5.931796125310214e-08,3.4841011854684377e-07,0.0,0,3.5313847307777535e-05,3.436817640159122e-05,0.0,8.721692848838841e-33,0.0,2.2947651328526076e-09,0.0,9.934553260630494e-32,8.7665069221588e-33,0.0,7.113565820106551e-06,0.0,0.0,0.0,4.586790229591227e-07,3.088054724931134e-07
6.760000000000592,4.22830658912202,-2.302572578355667,2.1248221047326794,-41.03720148671176,-0.2992787816828323,3.954530750206809e-08,2.322734123645625e-07,0.0,0,2.354256487185169e-05,2.291211760106081e-05,0.0,5.814461899225894e-33,0.0,1.5298434219017384e-09,0.0,6.623035507086996e-32,5.844337948105866e-33,0.0,4.742377213404367e-06,0.0,0.0,0.0,3.057860153060818e-07,2.0587031499540893e-07
6.780000000000599,4.242154589025112,-2.318234397307601,2.1224071711267367,-41.04354414832412,-0.2836441276070147,2.6363538334712056e-08,1.54848941576375e-07,0.0,0,1.5695043247901125e-05,1.5274745067373872e-05,0.0,3.8763079328172627e-33,0.0,1.019895614601159e-09,0.0,4.415357004724664e-32,3.896225298737244e-33,0.0,3.1615848089362445e-06,0.0,0.0,0.0,2.0385734353738785e-07,1.3724687666360594e-07
6.800000000000606,4.256028391968601,-2.3338575048371295,2.119961221404048,-41.04916902329847,-0.26613753243684884,1.757569222314137e-08,1.0323262771758332e-07,0.0,0,1.0463362165267415e-05,1.0183163378249247e-05,0.0,2.5842052885448417e-33,0.0,6.799304097341059e-10,0.0,2.9435713364831093e-32,2.5974835324914957e-33,0.0,2.107723205957496e-06,0.0,0.0,0.0,1.3590489569159188e-07,9.149791777573729e-08
6.820000000000612,4.269927214964849,-2.349443378074696,2.117490138176243,-41.05415724744071,-0.24729494979282515,1.1717128148760914e-08,6.882175181172221e-08,0.0,0,6.975574776844943e-06,6.788775585499498e-06,0.0,1.722803525696561e-33,0.0,4.5328693982273727e-10,0.0,1.9623808909887394e-32,1.7316556883276636e-33,0.0,1.4051488039716641e-06,0.0,0.0,0.0,9.060326379439458e-08,6.099861185049152e-08
6.840000000000619,4.283850222348659,-2.36499355009132,2.114999444191944,-41.05858075910705,-0.22759274113208616,7.811418765840608e-09,4.588116787448147e-08,0.0,0,4.650383184563295e-06,4.525850390332998e-06,0.0,1.1485356837977072e-33,0.0,3.0219129321515816e-10,0.0,1.3082539273258263e-32,1.1544371255517756e-33,0.0,9.367658693144427e-07,0.0,0.0,0.0,6.040217586292972e-08,4.0665741233661015e-08
6.860000000000626,4.297796545437364,-2.380509583674231,2.112494318081455,-41.06250335561926,-0.20744944387989916,5.2076125105604055e-09,3.058744524965431e-08,0.0,0,3.10025545637553e-06,3.017233593555332e-06,0.0,7.656904558651381e-34,0.0,2.0146086214343877e-10,0.0,8.721692848838841e-33,7.696247503678504e-34,0.0,6.245105795429617e-07,0.0,0.0,0.0,4.026811724195314e-08,2.711049415577401e-08
6.880000000000632,4.3117652997381075,-2.3959930483053964,2.109979609609969,-41.06598162526907,-0.1872281357655606,3.4717416737069363e-09,2.0391630166436206e-08,0.0,0,2.06683697091702e-06,2.0114890623702212e-06,0.0,5.10460303910092e-34,0.0,1.3430724142895917e-10,0.0,5.814461899225894e-33,5.130831669119002e-34,0.0,4.1634038636197445e-07,0.0,0.0,0.0,2.6845411494635426e-08,1.8073662770516006e-08
6.900000000000639,4.32575559980219,-2.411445500231596,2.1074598544446816,-41.06906576979812,-0.1672392716708588,2.3144944491379576e-09,1.359442011095747e-08,0.0,0,1.3778913139446799e-06,1.3409927082468141e-06,0.0,3.4030686927339465e-34,0.0,8.953816095263944e-11,0.0,3.8763079328172627e-33,3.420554446079335e-34,0.0,2.7756025757464964e-07,0.0,0.0,0.0,1.7896940996423618e-08,1.2049108513677336e-08
6.920000000000646,4.33976657184811,-2.42686846548343,2.1049392884399256,-41.07180033055151,-0.1477438806749348,1.542996299425305e-09,9.062946740638313e-09,0.0,0,9.185942092964532e-07,8.939951388312094e-07,0.0,2.268712461822631e-34,0.0,5.969210730175962e-11,0.0,2.5842052885448417e-33,2.2803696307195564e-34,0.0,1.8504017171643307e-07,0.0,0.0,0.0,1.1931293997615745e-08,8.032739009118223e-09
6.940000000000652,4.3537973642915615,-2.4422634256761704,2.1024218614441326,-41.07422482996205,-0.12895702232813971,1.02866419961687e-09,6.041964493758875e-09,0.0,0,6.123961395309688e-07,5.959967592208062e-07,0.0,1.5124749745484207e-34,0.0,3.979473820117308e-11,0.0,1.722803525696561e-33,1.5202464204797041e-34,0.0,1.2336011447762203e-07,0.0,0.0,0.0,7.954195998410496e-09,5.355159339412149e-09
6.960000000000659,4.367847156332547,-2.4576318064070657,2.0999112506327005,-41.07637433862642,-0.11105141234535001,6.857761330779132e-10,4.027976329172583e-09,0.0,0,4.0826409302064585e-07,3.973311728138708e-07,0.0,1.008316649698947e-34,0.0,2.6529825467448718e-11,0.0,1.1485356837977072e-33,1.013497613653136e-34,0.0,8.224007631841468e-08,0.0,0.0,0.0,5.302797332273664e-09,3.570106226274766e-09
6.980000000000666,4.381915164757539,-2.4729749680509605,2.097410873371574,-41.078279976982735,-0.09416113873950337,4.571840887186087e-10,2.685317552781722e-09,0.0,0,2.7217606201376386e-07,2.648874485425805e-07,0.0,6.72211099799298e-35,0.0,1.7686550311632478e-11,0.0,7.656904558651381e-34,6.756650757687574e-35,0.0,5.4826717545609786e-08,0.0,0.0,0.0,3.5351982215157757e-09,2.3800708175165105e-09
7.000000000000672,4.396000649118821,-2.488294198748306,2.0949238996174184,-41.07996935947938,-0.07838539980743335,3.047893924790725e-10,1.7902117018544811e-09,0.0,0,1.814507080091759e-07,1.7659163236172032e-07,0.0,4.4814073319953195e-35,0.0,1.1791033541088317e-11,0.0,5.10460303910092e-34,4.5044338384583826e-35,0.0,3.655114503040652e-08,0.0,0.0,0.0,2.3567988143438503e-09,1.5867138783443402e-09
7.020000000000679,4.410102915454068,-2.5035907093761787,2.0924532638613744,-41.08146698813534,-0.06379220524395936,2.0319292831938165e-10,1.1934744679029872e-09,0.0,0,1.2096713867278392e-07,1.1772775490781354e-07,0.0,2.9876048879968797e-35,0.0,7.860689027392212e-12,0.0,3.4030686927339465e-34,3.0029558923055884e-35,0.0,2.4367430020271014e-08,0.0,0.0,0.0,1.5711992095625667e-09,1.0578092522295601e-09
7.040000000000686,4.424221318707567,-2.5188656302932078,2.0900016766246066,-41.08279460151803,-0.05042199092912958,1.354619522129211e-10,7.956496452686581e-10,0.0,0,8.064475911518927e-08,7.848516993854236e-08,0.0,1.9917365919979196e-35,0.0,5.240459351594807e-12,0.0,2.268712461822631e-34,2.0019705948703923e-35,0.0,1.6244953346847342e-08,0.0,0.0,0.0,1.0474661397083778e-09,7.052061681530401e-10
7.060000000000692,4.438355264010437,-2.5341200096528036,2.0875716355149327,-41.083971484400436,-0.03829110655877155,9.030796814194738e-11,5.304330968457721e-10,0.0,0,5.376317274345951e-08,5.23234466256949e-08,0.0,1.3278243946652795e-35,0.0,3.4936395677298714e-12,0.0,1.5124749745484207e-34,1.334647063246928e-35,0.0,1.0829968897898227e-08,0.0,0.0,0.0,6.983107598055852e-10,4.7013744543536e-10
7.080000000000699,4.452504206971451,-2.549354813085214,2.0851654358548197,-41.08501474269212,-0.027395143238042038,6.02053120946316e-11,3.53622064563848e-10,0.0,0,3.584211516230634e-08,3.488229775046326e-08,0.0,8.852162631101863e-36,0.0,2.3290930451532474e-12,0.0,1.008316649698947e-34,8.897647088312853e-36,0.0,7.2199792652654845e-09,0.0,0.0,0.0,4.655405065370568e-10,3.1342496362357335e-10
7.100000000000706,4.466667653122668,-2.5645709245572603,2.082785180891851,-41.08593954765851,-0.017712075414166688,4.013687472975439e-11,2.3574804304256535e-10,0.0,0,2.389474344153756e-08,2.3254865166975508e-08,0.0,5.9014417540679086e-36,0.0,1.5527286967688314e-12,0.0,6.72211099799298e-35,5.931764725541902e-36,0.0,4.813319510176989e-09,0.0,0.0,0.0,3.103603376913712e-10,2.0894997574904888e-10
7.120000000000712,4.480845156655628,-2.5797691482286287,2.0804327916034047,-41.086759352941534,-0.009205198083481627,2.675791648650293e-11,1.5716536202837688e-10,0.0,0,1.592982896102504e-08,1.5503243444650337e-08,0.0,3.9342945027119386e-36,0.0,1.0351524645125542e-12,0.0,4.4814073319953195e-35,3.954509817027934e-36,0.0,3.208879673451326e-09,0.0,0.0,0.0,2.0690689179424746e-10,1.3929998383269925e-10
7.140000000000719,4.49503631857459,-2.594950211134927,2.0781100161077375,-41.087486087460334,-0.0018258460756636738,1.7838610991001948e-11,1.0477690801891792e-10,0.0,0,1.0619885974016692e-08,1.033549562976689e-08,0.0,2.622863001807959e-36,0.0,6.901016430083694e-13,0.0,2.9876048879968797e-35,2.6363398780186225e-36,0.0,2.139253115634217e-09,0.0,0.0,0.0,1.3793792786283162e-10,9.286665588846617e-11
7.160000000000726,4.5092407843832945,-2.6101147665400153,2.0758184386939558,-41.088130326896355,0.004484112589668029,1.1892407327334632e-11,6.985127201261194e-11,0.0,0,7.079923982677794e-09,6.890330419844593e-09,0.0,1.748575334538639e-36,0.0,4.600677620055795e-13,0.0,1.9917365919979196e-35,1.7575599186790817e-36,0.0,1.4261687437561447e-09,0.0,0.0,0.0,9.195861857522108e-11,6.19111039256441e-11
7.1800000000007325,4.523458241411673,-2.625263397812964,2.073559488483444,-41.088701446143716,0.009790012738630997,7.92827155155642e-12,4.656751467507462e-11,0.0,0,4.719949321785196e-09,4.593553613229729e-09,0.0,1.165716889692426e-36,0.0,3.0671184133705303e-13,0.0,1.3278243946652795e-35,1.1717066124527211e-36,0.0,9.507791625040964e-10,0.0,0.0,0.0,6.130574571681405e-11,4.127406928376273e-11
7.200000000000739,4.537688415878426,-2.640396622698221,2.0713344477353393,-41.08920775482623,0.014162357018156782,5.2855143677042806e-12,3.104500978338308e-11,0.0,0,3.1466328811901304e-09,3.0623690754864858e-09,0.0,7.771445931282839e-37,0.0,2.0447456089136867e-13,0.0,8.852162631101863e-36,7.811377416351474e-37,0.0,6.338527750027309e-10,0.0,0.0,0.0,4.0870497144542696e-11,2.7516046189175154e-11
7.220000000000746,4.55193106977524,-2.6555148978607965,2.0691444598084723,-41.08965661774008,0.01767500602832501,3.523676245136187e-12,2.069667318892205e-11,0.0,0,2.0977552541267533e-09,2.041579383657657e-09,0.0,5.1809639541885585e-37,0.0,1.3631637392757911e-13,0.0,5.9014417540679086e-36,5.207584944234315e-37,0.0,4.2256851666848727e-10,0.0,0.0,0.0,2.7246998096361797e-11,1.8344030792783436e-11
7.2400000000007525,4.566185997648279,-2.6706186236014013,2.0669905367919705,-41.09005456187136,0.02040358705087082,2.349117496757458e-12,1.3797782125948033e-11,0.0,0,1.3985035027511688e-09,1.361052922438438e-09,0.0,3.4539759694590387e-37,0.0,9.087758261838608e-14,0.0,3.9342945027119386e-36,3.47172329615621e-37,0.0,2.8171234444565815e-10,0.0,0.0,0.0,1.816466539757453e-11,1.2229353861855624e-11
7.260000000000759,4.58045302334288,-2.6857081486492427,2.064873566816407,-41.09040737145413,0.02242411254369439,1.5660783311716383e-12,9.198521417298688e-12,0.0,0,9.32335668500779e-10,9.073686149589587e-10,0.0,2.3026506463060255e-37,0.0,6.058505507892404e-14,0.0,2.622863001807959e-36,2.3144821974374732e-37,0.0,1.8780822963043875e-10,0.0,0.0,0.0,1.2109776931716352e-11,8.152902574570415e-12
7.280000000000766,4.594731996768102,-2.700783774952477,2.0627943210570505,-41.090720172374525,0.023811797769906096,1.0440522207810922e-12,6.132347611532459e-12,0.0,0,6.215571123338527e-10,6.049124099726391e-10,0.0,1.5351004308706835e-37,0.0,4.039003671928269e-14,0.0,1.748575334538639e-36,1.542988131624982e-37,0.0,1.252054864202925e-10,0.0,0.0,0.0,8.073184621144233e-12,5.435268383046943e-12
7.3000000000007725,4.609022790728978,-2.715845762398021,2.0607534604403486,-41.09099750708526,0.024640065553773075,6.960348138540615e-13,4.0882317410216395e-12,0.0,0,4.143714082225684e-10,4.0327493998175935e-10,0.0,1.0234002872471224e-37,0.0,2.692669114618846e-14,0.0,1.165716889692426e-36,1.0286587544166547e-37,0.0,8.3470324280195e-11,0.0,0.0,0.0,5.382123080762822e-12,3.6235122553646284e-12
7.320000000000779,4.623325297866132,-2.7308943334034215,2.058751542064398,-41.09124340107018,0.024979725162125,4.640232092360409e-13,2.7254878273477594e-12,0.0,0,2.762476054817123e-10,2.6884995998783955e-10,0.0,6.822668581647482e-38,0.0,1.7951127430792306e-14,0.0,7.771445931282839e-37,6.857725029444364e-38,0.0,5.564688285346333e-11,0.0,0.0,0.0,3.5880820538418813e-12,2.415674836909752e-12
7.340000000000786,4.637639427734866,-2.7459296773337543,2.056789025343738,-41.091461421788615,0.024898311656425705,3.093488061573607e-13,1.8169918848985059e-12,0.0,0,1.841650703211415e-10,1.7923330665855968e-10,0.0,4.548445721098321e-38,0.0,1.196741828719487e-14,0.0,5.1809639541885585e-37,4.5718166862962426e-38,0.0,3.7097921902308886e-11,0.0,0.0,0.0,2.392054702561254e-12,1.610449891273168e-12
7.360000000000793,4.651965104048806,-2.7609519547059644,2.0548662778884004,-41.09165473093015,0.02445957170681924,2.0623253743824042e-13,1.2113279232656707e-12,0.0,0,1.2277671354742766e-10,1.1948887110570644e-10,0.0,3.0322971473988804e-38,0.0,7.978278858129912e-15,0.0,3.4539759694590387e-37,3.0478777908641617e-38,0.0,2.473194793487259e-11,0.0,0.0,0.0,1.594703135040836e-12,1.0736332608487787e-12
7.380000000000799,4.66630226210699,-2.7759613011516926,2.052983581126765,-41.091826130722865,0.023723081765998827,1.3748835829216026e-13,8.075519488437803e-13,0.0,0,8.185114236495177e-11,7.965924740380429e-11,0.0,2.0215314315992536e-38,0.0,5.318852572086608e-15,0.0,2.3026506463060255e-37,2.0319185272427745e-38,0.0,1.6487965289915057e-11,0.0,0.0,0.0,1.0631354233605571e-12,7.157555072325191e-13
7.400000000000806,4.680650846417575,-2.7909578311174217,2.051141135681382,-41.09197810495922,0.022743984630293448,9.165890552810683e-14,5.383679658958536e-13,0.0,0,5.456742824330118e-11,5.310616493586953e-11,0.0,1.347687621066169e-38,0.0,3.545901714724405e-15,0.0,1.5351004308706835e-37,1.354612351495183e-38,0.0,1.0991976859943371e-11,0.0,0.0,0.0,7.087569489070381e-13,4.771703381550127e-13
7.420000000000813,4.695010808526396,-2.8059416412877454,2.0493390665066005,-41.09211285533304,0.021572830732966886,6.110593701873788e-14,3.5891197726390237e-13,0.0,0,3.637828549553412e-11,3.540410995724635e-11,0.0,8.984584140441126e-39,0.0,2.3639344764829367e-15,0.0,1.0234002872471224e-37,9.030749009967886e-39,0.0,7.327984573295581e-12,0.0,0.0,0.0,4.72504632604692e-13,3.1811355877000844e-13
7.440000000000819,4.7093821050541465,-2.820912813723709,2.0475774277964613,-41.092232333616636,0.020255510987759528,4.0737291345825255e-14,2.3927465150926823e-13,0.0,0,2.425219033035608e-11,2.3602739971497566e-11,0.0,5.989722760294083e-39,0.0,1.5759563176552912e-15,0.0,6.822668581647482e-38,6.02049933997859e-39,0.0,4.8853230488637206e-12,0.0,0.0,0.0,3.15003088403128e-13,2.120757058466723e-13
7.460000000000826,4.723764695942282,-2.835871418713522,2.0458562076710645,-41.092338270150975,0.018833268599032643,2.7158194230550173e-14,1.5951643433951214e-13,0.0,0,1.6168126886904053e-11,1.5735159980998375e-11,0.0,3.993148506862722e-39,0.0,1.0506375451035274e-15,0.0,4.548445721098321e-38,4.013666226652393e-39,0.0,3.2568820325758137e-12,0.0,0.0,0.0,2.1000205893541865e-13,1.4138380389778152e-13
7.480000000000833,4.738158542904419,-2.8508175173375743,2.044175332649289,-41.09243219906895,0.017342777951061598,1.8105462820366777e-14,1.0634428955967476e-13,0.0,0,1.0778751257936034e-11,1.0490106653998917e-11,0.0,2.662099004575148e-39,0.0,7.004250300690183e-16,0.0,3.0322971473988804e-38,2.6757774844349283e-39,0.0,2.1712546883838755e-12,0.0,0.0,0.0,1.4000137262361243e-13,9.425586926518767e-14
7.500000000000839,4.752563608077392,-2.8657511637535737,2.0425346719154938,-41.09251548062647,0.01581627945819677,1.2070308546911187e-14,7.089619303978317e-14,0.0,0,7.185834171957356e-12,6.993404435999277e-12,0.0,1.7747326697167652e-39,0.0,4.669500200460121e-16,0.0,2.0215314315992536e-38,1.7838516562899522e-39,0.0,1.4475031255892503e-12,0.0,0.0,0.0,9.333424841574162e-14,6.283724617679177e-14
7.520000000000846,4.766979852863872,-2.880672407210889,2.040934041387579,-41.092589320973175,0.014281760077523733,8.046872364607457e-15,4.7264128693188776e-14,0.0,0,4.790556114638237e-12,4.662269623999518e-12,0.0,1.1831551131445101e-39,0.0,3.1130001336400804e-16,0.0,1.347687621066169e-38,1.1892344375266348e-39,0.0,9.650020837261668e-13,0.0,0.0,0.0,6.222283227716107e-14,4.189149745119451e-14
7.540000000000853,4.781407236956768,-2.8955812938057632,2.0393732075935485,-41.092654789658376,0.01276317003661592,5.3645815764049705e-15,3.150941912879252e-14,0.0,0,3.1937040764254914e-12,3.1081797493330118e-12,0.0,7.887700754296734e-40,0.0,2.0753334224267203e-16,0.0,8.984584140441126e-39,7.928229583510898e-40,0.0,6.433347224841111e-13,0.0,0.0,0.0,4.148188818477405e-14,2.7927664967463007e-14
7.560000000000859,4.795845717534221,-2.910477867991174,2.03785189136351,-41.09271283513371,0.011280667193747143,3.576387717603314e-15,2.100627941919501e-14,0.0,0,2.1291360509503276e-12,2.0721198328886742e-12,0.0,5.258467169531155e-40,0.0,1.3835556149511467e-16,0.0,5.989722760294083e-39,5.285486389007265e-40,0.0,4.288898149894074e-13,0.0,0.0,0.0,2.7654592123182698e-14,1.8618443311642003e-14
7.580000000000866,4.810295248613087,-2.925362173856639,2.0363697713438325,-41.092764298483715,0.009850881311642756,2.384258478402209e-15,1.400418627946334e-14,0.0,0,1.419424033966885e-12,1.3814132219257828e-12,0.0,3.5056447796874367e-40,0.0,9.223704099674311e-17,0.0,3.993148506862722e-39,3.5236575926715098e-40,0.0,2.859265433262716e-13,0.0,0.0,0.0,1.8436394748788463e-14,1.2412295541094669e-14
7.600000000000873,4.8247557805481645,-2.940234256194381,2.034926487339971,-41.09280992558949,0.008487191375841523,1.589505652268139e-15,9.336124186308893e-15,0.0,0,9.462826893112566e-13,9.209421479505218e-13,0.0,2.3370965197916243e-40,0.0,6.14913606644954e-17,0.0,2.662099004575148e-39,2.3491050617810064e-40,0.0,1.906176955508477e-13,0.0,0.0,0.0,1.2290929832525641e-14,8.274863694063112e-15
7.620000000000879,4.839227259664021,-2.955094161368944,2.0335216434943235,-41.09285037790653,0.007200009914445858,1.059670434845426e-15,6.224082790872594e-15,0.0,0,6.308551262075044e-13,6.139614319670145e-13,0.0,1.5580643465277496e-40,0.0,4.099424044299693e-17,0.0,1.7747326697167652e-39,1.5660700411873376e-40,0.0,1.2707846370056514e-13,0.0,0.0,0.0,8.19395322168376e-15,5.516575796042074e-15
7.640000000000886,4.853709628006257,-2.9699419380076892,2.032154811305261,-41.092886242016654,0.005997069068813868,7.064469565636174e-16,4.149388527248396e-15,0.0,0,4.205700841383362e-13,4.09307621311343e-13,0.0,1.038709564351833e-40,0.0,2.7329493628664617e-17,0.0,1.1831551131445101e-39,1.0440466941248917e-40,0.0,8.471897580037675e-14,0.0,0.0,0.0,5.4626354811225064e-15,3.677717197361382e-15
7.660000000000893,4.868202823199071,-2.984777637529633,2.0308255324933273,-41.09291803809518,0.004883703917724455,4.709646377090782e-16,2.7662590181655973e-15,0.0,0,2.8038005609222413e-13,2.728717475408953e-13,0.0,6.924730429012219e-41,0.0,1.8219662419109743e-17,0.0,7.887700754296734e-40,6.960311294165944e-41,0.0,5.6479317200251166e-14,0.0,0.0,0.0,3.641756987415004e-15,2.451811464907588e-15
7.680000000000899,4.882706778396372,-2.9996013145298464,2.0295333217204212,-41.092946227418196,0.003863129265465814,3.139764251393855e-16,1.8441726787770645e-15,0.0,0,1.8692003739481609e-13,1.8191449836059687e-13,0.0,4.616486952674813e-41,0.0,1.2146441612739828e-17,0.0,5.258467169531155e-40,4.640207529443963e-41,0.0,3.7652878133500775e-14,0.0,0.0,0.0,2.4278379916100024e-15,1.6345409766050588e-15
7.700000000000906,4.897221422314068,-3.014413027036162,2.0282776691676196,-41.09297121902003,0.0029367067633495323,2.093176167595903e-16,1.229448452518043e-15,0.0,0,1.2461335826321072e-13,1.212763322403979e-13,0.0,3.077657968449875e-41,0.0,8.097627741826551e-18,0.0,3.5056447796874367e-40,3.093471686295975e-41,0.0,2.510191875566718e-14,0.0,0.0,0.0,1.6185586610733349e-15,1.0896939844033725e-15
7.720000000000913,4.911746679331781,-3.0292128366543403,2.0270580429771354,-41.092993375597835,0.0021041998418175386,1.3954507783972684e-16,8.196323016786954e-16,0.0,0,8.307557217547382e-14,8.085088816026525e-14,0.0,2.0517719789665833e-41,0.0,5.398418494551034e-18,0.0,2.3370965197916243e-40,2.0623144575306498e-41,0.0,1.673461250377812e-14,0.0,0.0,0.0,1.0790391073822231e-15,7.26462656268915e-16
7.7400000000009195,4.926282469652853,-3.044000808617009,2.0258738915637458,-41.09301301874956,0.0013640144852031604,9.303005189315124e-17,5.464215344524635e-16,0.0,0,5.538371478364921e-14,5.39005921068435e-14,0.0,1.3678479859777222e-41,0.0,3.598945663034022e-18,0.0,1.5580643465277496e-40,1.3748763050204332e-41,0.0,1.115640833585208e-14,0.0,0.0,0.0,7.19359404921482e-16,4.8430843751261e-16
7.760000000000926,4.940828709512276,-3.0587770117508466,2.0247246458008745,-41.09303043362055,0.0007134243829361849,6.202003459543416e-17,3.6428102296830904e-16,0.0,0,3.692247652243281e-14,3.5933728071229e-14,0.0,9.118986573184814e-42,0.0,2.399297108689348e-18,0.0,1.038709564351833e-40,9.165842033469554e-42,0.0,7.43760555723472e-15,0.0,0.0,0.0,4.795729366143213e-16,3.228722916750733e-16
7.780000000000933,4.955385311422953,-3.073541518375468,2.0236097210863617,-41.09304587302635,0.0001487794399970724,4.134668973028944e-17,2.42854015312206e-16,0.0,0,2.4614984348288537e-14,2.3955818714152665e-14,0.0,6.07932438212321e-42,0.0,1.5995314057928986e-18,0.0,6.924730429012219e-41,6.110561355646368e-42,0.0,4.9584037048231464e-15,0.0,0.0,0.0,3.197152910762142e-16,2.1524819445004885e-16
7.8000000000009395,4.969952184451486,-3.088294404146467,2.0225285192927958,-41.09305956111047,-0.0003343029731067367,2.7564459820192955e-17,1.61902676874804e-16,0.0,0,1.640998956552569e-14,1.5970545809435108e-14,0.0,4.0528829214154727e-42,0.0,1.066354270528599e-18,0.0,4.616486952674813e-41,4.073707570430912e-42,0.0,3.3056024698820975e-15,0.0,0.0,0.0,2.131435273841428e-16,1.4349879630003255e-16
7.820000000000946,4.984529234515548,-3.1030357478540007,2.0214804306071548,-41.09307169658996,-0.0007407643028926529,1.8376306546795303e-17,1.0793511791653599e-16,0.0,0,1.0939993043683794e-14,1.0647030539623405e-14,0.0,2.701921947610315e-42,0.0,7.109028470190659e-19,0.0,3.077657968449875e-41,2.715805046953941e-42,0.0,2.2037349799213982e-15,0.0,0.0,0.0,1.4209568492276186e-16,9.566586420002169e-17
7.840000000000953,4.999116364695662,-3.1177656311872286,2.0204648352643413,-41.09308245563463,-0.0010759485999079007,1.2250871031196868e-17,7.195674527769066e-17,0.0,0,7.293328695789196e-15,7.098020359748936e-15,0.0,1.8012812984068765e-42,0.0,4.739352313460439e-19,0.0,2.0517719789665833e-41,1.810536697969294e-42,0.0,1.469156653280932e-15,0.0,0.0,0.0,9.473045661517456e-17,6.377724280001445e-17
7.8600000000009596,5.013713475555096,-3.1324841384738673,2.0194811051790564,-41.09309199442222,-0.0013454635269377162,8.167247354131246e-18,4.7971163518460443e-17,0.0,0,4.8622191305261305e-15,4.732013573165957e-15,0.0,1.2008541989379176e-42,0.0,3.159568208973626e-19,0.0,1.3678479859777222e-41,1.2070244653128626e-42,0.0,9.794377688539547e-16,0.0,0.0,0.0,6.315363774344971e-17,4.25181618666763e-17
7.880000000000966,5.028320465462288,-3.1471913564030514,2.0185286054803355,-41.093100451404204,-0.0015550580920479949,5.44483156942083e-18,3.198077567897362e-17,0.0,0,3.2414794203507537e-15,3.154675715443971e-15,0.0,8.005694659586117e-43,0.0,2.1063788059824172e-19,0.0,9.118986573184814e-42,8.046829768752417e-43,0.0,6.529585125693031e-16,0.0,0.0,0.0,4.21024251622998e-17,2.8345441244450865e-17
7.900000000000973,5.04293723091101,-3.1618873737387307,2.017606695952902,-41.09310794931676,-0.001710516435952515,3.62988771294722e-18,2.132051711931575e-17,0.0,0,2.1609862802338356e-15,2.103117143629314e-15,0.0,5.3371297730574116e-43,0.0,1.4042525373216114e-19,0.0,6.07932438212321e-42,5.3645531791682775e-43,0.0,4.3530567504620206e-16,0.0,0.0,0.0,2.80682834415332e-17,1.889696082963391e-17
7.92000000000098,5.0575636668342,-3.176572281029832,2.016714732389403,-41.093114596963474,-0.001817566864827068,2.419925141964813e-18,1.4213678079543833e-17,0.0,0,1.4406575201558904e-15,1.4020780957528759e-15,0.0,3.5580865153716075e-43,0.0,9.361683582144076e-20,0.0,4.0528829214154727e-42,3.576368786112185e-43,0.0,2.9020378336413467e-16,0.0,0.0,0.0,1.8712188961022132e-17,1.2597973886422606e-17
7.940000000000986,5.072199666908024,-3.1912461703225024,2.0158520678574052,-41.09312049079687,-0.0018818052138419965,1.6132834279765418e-18,9.475785386362553e-18,0.0,0,9.604383467705936e-16,9.347187305019173e-16,0.0,2.372057676914405e-43,0.0,6.24112238809605e-20,0.0,2.701921947610315e-42,2.3842458574081232e-43,0.0,1.934691889094231e-16,0.0,0.0,0.0,1.2474792640681421e-17,8.39864925761507e-18
7.960000000000993,5.086845123843392,-3.2059091348789326,2.0150180538849485,-41.093125716321,-0.0019086315500930514,1.0755222853176946e-18,6.317190257575036e-18,0.0,0,6.402922311803956e-16,6.231458203346115e-16,0.0,1.5813717846096032e-43,0.0,4.1607482587306996e-20,0.0,1.8012812984068765e-42,1.589497238272082e-43,0.0,1.2897945927294874e-16,0.0,0.0,0.0,8.316528427120946e-18,5.5990995050767136e-18
7.980000000001,5.101499929662693,-3.2205612689064287,2.014212041568312,-41.093130349334665,-0.001903199173067587,7.17014856878463e-19,4.21146017171669e-18,0.0,0,4.2686148745359706e-16,4.15430546889741e-16,0.0,1.0542478564064021e-43,0.0,2.7738321724871327e-20,0.0,1.2008541989379176e-42,1.0596648255147213e-43,0.0,8.598630618196582e-17,0.0,0.0,0.0,5.544352284747297e-18,3.7327330033844755e-18
8.000000000001005,5.116163975960071,-3.2352026672996845,2.013433382605506,-41.093134457033905,-0.0018703748432029592,4.780099045856419e-19,2.8076401144777933e-18,0.0,0,2.845743249690647e-16,2.7695369792649397e-16,0.0,7.028319042709347e-44,0.0,1.849221448324755e-20,0.0,8.005694659586117e-43,7.064432170098141e-44,0.0,5.732420412131054e-17,0.0,0.0,0.0,3.6962348564981974e-18,2.4884886689229835e-18
8.020000000000994,5.1308371541439834,-3.249833425398566,2.012681430258909,-41.09313809898926,-0.0018147091613795413,3.186732697237613e-19,1.8717600763185287e-18,0.0,0,1.8971621664604313e-16,1.8463579861766264e-16,0.0,4.685546028472898e-44,0.0,1.23281429888317e-20,0.0,5.3371297730574116e-43,4.709621446732094e-44,0.0,3.821613608087369e-17,0.0,0.0,0.0,2.464156570998798e-18,1.6589924459486555e-18
8.040000000000983,5.145519355661271,-3.2644536387630816,2.0119555402503377,-41.093141328011995,-0.0017404160317096129,2.1244884648250751e-19,1.247840050879019e-18,0.0,0,1.2647747776402873e-16,1.2309053241177508e-16,0.0,3.123697352315265e-44,0.0,8.218761992554467e-21,0.0,3.5580865153716075e-43,3.139747631154729e-44,0.0,2.5477424053915793e-17,0.0,0.0,0.0,1.6427710473325319e-18,1.1059949639657703e-18
8.060000000000972,5.1602104722022855,-3.279063402966725,2.0112550715917235,-41.09314419092202,-0.001651360163762804,1.4163256432167168e-19,8.318933672526793e-19,0.0,0,8.431831850935249e-17,8.206035494118338e-17,0.0,2.08246490154351e-44,0.0,5.479174661702978e-21,0.0,2.372057676914405e-43,2.0931650874364858e-44,0.0,1.6984949369277193e-17,0.0,0.0,0.0,1.0951806982216879e-18,7.373299759771802e-19
8.080000000000961,5.174910395886961,-3.293662813408873,2.010579387354453,-41.09314672922833,-0.0015510516061948327,9.44217095477811e-20,5.545955781684528e-19,0.0,0,5.621221233956832e-17,5.4706903294122246e-17,0.0,1.38830993436234e-44,0.0,3.652783107801985e-21,0.0,1.5813717846096032e-43,1.3954433916243238e-44,0.0,1.1323299579518128e-17,0.0,0.0,0.0,7.301204654811252e-19,4.9155331731812e-19
8.10000000000095,5.1896190194320155,-3.308251965146522,2.0099278553803304,-41.09314897973224,-0.0014426463491431965,6.294780636518739e-20,3.697303854456352e-19,0.0,0,3.747480822637888e-17,3.6471268862748164e-17,0.0,9.255399562415598e-45,0.0,2.4351887385346565e-21,0.0,1.0542478564064021e-43,9.302955944162159e-45,0.0,7.548866386345418e-18,0.0,0.0,0.0,4.867469769874167e-19,3.2770221154541335e-19
8.120000000000939,5.20433623629965,-3.322830952745337,2.009299848937004,-41.093150975061796,-0.0013289520856894104,4.196520424345827e-20,2.4648692363042347e-19,0.0,0,2.4983205484252587e-17,2.4314179241832107e-17,0.0,6.170266374943732e-45,0.0,1.6234591590231043e-21,0.0,7.028319042709347e-44,6.201970629441438e-45,0.0,5.032577590896945e-18,0.0,0.0,0.0,3.244979846582778e-19,2.1846814103027557e-19
8.140000000000928,5.2190619408284045,-3.3373998701495906,2.0086947473205945,-41.09315274414561,-0.0012124382812469037,2.7976802828972174e-20,1.6432461575361564e-19,0.0,0,1.6655470322835056e-17,1.6209452827888072e-17,0.0,4.1135109166291545e-45,0.0,1.0823061060154028e-21,0.0,4.685546028472898e-44,4.134647086294292e-45,0.0,3.35505172726463e-18,0.0,0.0,0.0,2.163319897721852e-19,1.4564542735351704e-19
8.160000000000917,5.233796028346864,-3.351958810570458,2.008111936408153,-41.093154312632514,-0.001095249762215371,1.865120188598145e-20,1.0954974383574375e-19,0.0,0,1.1103646881890037e-17,1.0806301885258714e-17,0.0,2.742340611086103e-45,0.0,7.2153740401026845e-22,0.0,3.123697352315265e-44,2.756431390862861e-45,0.0,2.2367011515097534e-18,0.0,0.0,0.0,1.4422132651479012e-19,9.709695156901136e-20
8.180000000000906,5.248538395271141,-3.366507866391808,2.0075508091625154,-41.093155703263875,-0.000979223100137744,1.24341345906543e-20,7.30331625571625e-20,0.0,0,7.402431254593357e-18,7.204201256839142e-18,0.0,1.828227074057402e-45,0.0,4.810249360068456e-22,0.0,2.08246490154351e-44,1.8376209272419074e-45,0.0,1.4911341010065023e-18,0.0,0.0,0.0,9.614755100986008e-20,6.473130104600757e-20
8.200000000000895,5.263288939187094,-3.3810471290925572,2.0070107660919576,-41.093156936203265,-0.0008659051335838027,8.289423060436199e-21,4.868877503810833e-20,0.0,0,4.934954169728905e-18,4.8028008378927616e-18,0.0,1.2188180493716012e-45,0.0,3.2068329067123035e-22,0.0,1.38830993436234e-44,1.2250806181612715e-45,0.0,9.940894006710014e-19,0.0,0.0,0.0,6.409836733990671e-20,4.315420069733838e-20
8.220000000000883,5.278047558918329,-3.3955766891845,2.0064912156670274,-41.09315802932879,-0.0007565730359335557,5.5262820402907994e-21,3.2459183358738886e-20,0.0,0,3.289969446485936e-18,3.201867225261841e-18,0.0,8.12545366247734e-46,0.0,2.137888604474869e-22,0.0,9.255399562415598e-45,8.167204121075142e-46,0.0,6.627262671140009e-19,0.0,0.0,0.0,4.273224489327114e-20,2.876946713155892e-20
8.240000000000872,5.292814154581081,-3.4100966361644565,2.0059915746967927,-41.09315899849223,-0.0006522554021542496,3.684188026860533e-21,2.1639455572492588e-20,0.0,0,2.1933129643239573e-18,2.1345781501745605e-18,0.0,5.4169691083182266e-46,0.0,1.4252590696499124e-22,0.0,6.170266374943732e-45,5.444802747383428e-46,0.0,4.418175114093339e-19,0.0,0.0,0.0,2.848816326218076e-20,1.917964475437261e-20
8.260000000000861,5.307588627627056,-3.424607058479505,2.005511268666677,-41.09315985774865,-0.000553753890771199,2.4561253512403545e-21,1.442630371499506e-20,0.0,0,1.4622086428826382e-18,1.4230521001163737e-18,0.0,3.611312738878818e-46,0.0,9.501727130999416e-23,0.0,4.1135109166291545e-45,3.629868498255618e-46,0.0,2.945450076062226e-19,0.0,0.0,0.0,1.8992108841453837e-20,1.2786429836248407e-20
8.28000000000085,5.322370880875368,-3.4391080435040826,2.0050497320399665,-41.093160619560074,-0.0004616650178368574,1.6374169008269033e-21,9.617535809996705e-21,0.0,0,9.748057619217587e-19,9.487014000775824e-19,0.0,2.4075418259192116e-46,0.0,6.33448475399961e-23,0.0,2.742340611086103e-45,2.419912332170412e-46,0.0,1.963633384041484e-19,0.0,0.0,0.0,1.2661405894302557e-20,8.524286557498937e-21
8.30000000000084,5.337160818534656,-3.453599677527673,2.0046064085249724,-41.093161294976056,-0.0003764017572946158,1.0916112672179354e-21,6.411690539997804e-21,0.0,0,6.498705079478392e-19,6.324676000517216e-19,0.0,1.605027883946141e-46,0.0,4.22298983599974e-23,0.0,1.828227074057402e-45,1.613274888113608e-46,0.0,1.3090889226943225e-19,0.0,0.0,0.0,8.44093726286837e-21,5.682857704999291e-21
8.320000000000828,5.35195834621644,-3.4680820457518893,2.0041807513097756,-41.09316189379354,-0.0002982146562958734,7.277408448119568e-22,4.274460359998536e-21,0.0,0,4.3324700529855944e-19,4.2164506670114774e-19,0.0,1.0700185892974273e-46,0.0,2.81532655733316e-23,0.0,1.2188180493716012e-45,1.0755165920757386e-46,0.0,8.727259484628816e-20,0.0,0.0,0.0,5.6272915085789136e-21,3.78857180333286e-21
8.340000000000817,5.366763370940759,-3.482555232295716,2.0037722232663873,-41.09316242469898,-0.00022721222447379867,4.851605632079712e-22,2.849640239999024e-21,0.0,0,2.888313368657063e-19,2.810967111340985e-19,0.0,7.133457261982848e-47,0.0,1.87688437155544e-23,0.0,8.12545366247734e-46,7.170110613838257e-47,0.0,5.818172989752544e-20,0.0,0.0,0.0,3.751527672385942e-21,2.5257145355552398e-21
8.360000000000806,5.3815758011350585,-3.49701932020779,2.0033802971260695,-41.09316289539402,-0.00016338040270725564,3.234403754719808e-22,1.899760159999349e-21,0.0,0,1.925542245771375e-19,1.8739780742273232e-19,0.0,4.755638174655231e-47,0.0,1.2512562477036265e-23,0.0,5.4169691083182266e-46,4.780073742558837e-47,0.0,3.878781993168362e-20,0.0,0.0,0.0,2.5010184482572946e-21,1.6838096903701598e-21
8.380000000000795,5.396395546627261,-3.5114743914846063,2.003004455627521,-41.093163312707134,-0.00010660095941336892,2.1562691698132053e-22,1.2665067733328993e-21,0.0,0,1.2836948305142499e-19,1.2493187161515486e-19,0.0,3.170425449770154e-47,0.0,8.341708318024176e-24,0.0,3.611312738878818e-46,3.186715828372558e-47,0.0,2.5858546621122412e-20,0.0,0.0,0.0,1.6673456321715297e-21,1.1225397935801064e-21
8.400000000000784,5.411222518633885,-3.5259205270936342,2.002644191639526,-41.09316368269254,-5.666870085781908e-05,1.43751277987547e-22,8.443378488885994e-22,0.0,0,8.557965536761665e-20,8.328791441010323e-20,0.0,2.113616966513436e-47,0.0,5.5611388786827836e-24,0.0,2.4075418259192116e-46,2.1244772189150386e-47,0.0,1.7239031080748274e-20,0.0,0.0,0.0,1.1115637547810197e-21,7.483598623867376e-22
8.420000000000773,5.426056629744013,-3.540357807000372,2.0022990082596106,-41.093164010717985,-1.3307416396416128e-05,9.583418532503132e-23,5.628918992590663e-22,0.0,0,5.70531035784111e-20,5.552527627340215e-20,0.0,1.409077977675624e-47,0.0,3.7074259191218555e-24,0.0,1.605027883946141e-46,1.416318145943359e-47,0.0,1.1492687387165516e-20,0.0,0.0,0.0,7.410425031873464e-22,4.9890657492449165e-22
8.440000000000762,5.440897793899866,-3.554786310198472,2.001968418890182,-41.093164301542394,2.381548994885045e-05,6.388945688335423e-23,3.752612661727108e-22,0.0,0,3.8035402385607397e-20,3.7016850848934765e-20,0.0,9.39385318450416e-48,0.0,2.4716172794145703e-24,0.0,1.0700185892974273e-46,9.442120972955726e-48,0.0,7.661791591443677e-21,0.0,0.0,0.0,4.940283354582309e-22,3.326043832829944e-22
8.46000000000075,5.455745926374629,-3.569206114742128,2.001651947293568,-41.09316455938511,5.507570349385917e-05,4.259297125556948e-23,2.5017417744847386e-22,0.0,0,2.5356934923738265e-20,2.467790056595651e-20,0.0,6.26256878966944e-48,0.0,1.6477448529430468e-24,0.0,7.133457261982848e-47,6.294747315303817e-48,0.0,5.107861060962451e-21,0.0,0.0,0.0,3.293522236388206e-22,2.2173625552199625e-22
8.48000000000074,5.470600943748155,-3.5836172977799996,2.0013491276272934,-41.09316478798682,8.088003734158825e-05,2.839531417037965e-23,1.6678278496564926e-22,0.0,0,1.6904623282492175e-20,1.6451933710637673e-20,0.0,4.175045859779626e-48,0.0,1.0984965686286977e-24,0.0,4.755638174655231e-47,4.196498210202545e-48,0.0,3.405240707308301e-21,0.0,0.0,0.0,2.1956814909254702e-22,1.4782417034799749e-22
8.500000000000728,5.485462763881105,-3.5980199355900244,2.0010595044608865,-41.09316499066401,0.00010165578453102759,1.8930209446919765e-23,1.1118852331043283e-22,0.0,0,1.1269748854994783e-20,1.0967955807091781e-20,0.0,2.7833639065197506e-48,0.0,7.323310457524651e-25,0.0,3.170425449770154e-47,2.797665473468363e-48,0.0,2.2701604715388672e-21,0.0,0.0,0.0,1.46378766061698e-22,9.854944689866499e-23
8.520000000000717,5.5003313058879675,-3.61241410361456,2.000782632775428,-41.09316517035699,0.00011784134674814402,1.2620139631279846e-23,7.412568220695522e-23,0.0,0,7.513165903329855e-21,7.311970538061187e-21,0.0,1.8555759376798337e-48,0.0,4.8822069716831e-25,0.0,2.113616966513436e-47,1.865110315645575e-48,0.0,1.5134403143592448e-21,0.0,0.0,0.0,9.7585844041132e-23,6.569963126577665e-23
8.540000000000706,5.515206490109425,-3.626799876495346,2.000518077947042,-41.093165329672466,0.00012987808905159717,8.413426420853229e-24,4.9417121471303465e-23,0.0,0,5.00877726888657e-21,4.874647025374124e-21,0.0,1.237050625119889e-48,0.0,3.254804647788733e-25,0.0,1.409077977675624e-47,1.24340687709705e-48,0.0,1.0089602095728298e-21,0.0,0.0,0.0,6.505722936075466e-23,4.379975417718443e-23
8.560000000000695,5.53008823808439,-3.641177328107871,2.0002654157154183,-41.093165470921555,0.00013820335939467105,5.608950947235487e-24,3.294474764753565e-23,0.0,0,3.33918484592438e-21,3.249764683582749e-21,0.0,8.247004167465926e-49,0.0,2.1698697651924884e-25,0.0,9.39385318450416e-48,8.289379180647e-49,0.0,6.726401397152199e-22,0.0,0.0,0.0,4.3371486240503106e-23,2.919983611812295e-23
8.580000000000684,5.544976472522064,-3.655546531594784,2.0000242321384354,-41.09316559615316,0.0001432446035460077,3.7393006314903245e-24,2.1963165098357093e-23,0.0,0,2.226123230616253e-21,2.166509789055166e-21,0.0,5.498002778310617e-49,0.0,1.4465798434616588e-25,0.0,6.26256878966944e-48,5.526252787098e-49,0.0,4.484267598101466e-22,0.0,0.0,0.0,2.8914324160335404e-23,1.9466557412081966e-23
8.600000000000673,5.559871117274261,-3.669907559398057,1.999794123533906,-41.09316570718377,0.00014541450007955374,2.4928670876602156e-24,1.4642110065571396e-23,0.0,0,1.4840821537441685e-21,1.4443398593701105e-21,0.0,3.665335185540411e-49,0.0,9.643865623077725e-26,0.0,4.175045859779626e-48,3.684168524732e-49,0.0,2.9895117320676435e-22,0.0,0.0,0.0,1.9276216106890268e-23,1.2977704941387978e-23
8.620000000000662,5.5747720973082036,-3.6842604832896586,1.9995746964094046,-41.0931658056239,0.00014510703615566744,1.661911391773477e-24,9.761406710380928e-24,0.0,0,9.893881024961123e-22,9.628932395800736e-22,0.0,2.443556790360274e-49,0.0,6.429243748718483e-26,0.0,2.7833639065197506e-48,2.456112349821333e-49,0.0,1.9930078213784289e-22,0.0,0.0,0.0,1.2850810737926845e-23,8.651803294258651e-24
8.64000000000065,5.589679338679989,-3.6986053744005605,1.999365567381084,-41.093165892901276,0.0001426944426443209,1.1079409278489848e-24,6.5076044735872854e-24,0.0,0,6.595920683307415e-22,6.419288263867156e-22,0.0,1.6290378602401827e-49,0.0,4.286162499145655e-26,0.0,1.8555759376798337e-48,1.637408233214222e-49,0.0,1.3286718809189526e-22,0.0,0.0,0.0,8.567207158617896e-24,5.767868862839101e-24
8.66000000000064,5.604592768508861,-3.712942303247937,1.9991663630823644,-41.093165970281824,0.00013852490648860958,7.386272852326564e-25,4.338402982391523e-24,0.0,0,4.397280455538276e-22,4.27952550924477e-22,0.0,1.0860252401601217e-49,0.0,2.857441666097103e-26,0.0,1.237050625119889e-48,1.0916054888094814e-49,0.0,8.857812539459683e-23,0.0,0.0,0.0,5.711471439078597e-24,3.8452459085594e-24
8.680000000000629,5.619512314952361,-3.727271339760467,1.9989767200633215,-41.09316603888777,0.000132920978871837,4.924181901551042e-25,2.8922686549276823e-24,0.0,0,2.9315203036921843e-22,2.85301700616318e-22,0.0,7.240168267734144e-50,0.0,1.9049611107314022e-26,0.0,8.247004167465926e-49,7.277369925396542e-50,0.0,5.905208359639788e-23,0.0,0.0,0.0,3.8076476260523976e-24,2.5634972723729335e-24
8.700000000000617,5.634437907182471,-3.7415925533016896,1.9987962846815504,-41.093166099714146,0.00012617859952419462,3.2827879343673617e-25,1.9281791032851213e-24,0.0,0,1.9543468691281228e-22,1.90201133744212e-22,0.0,4.826778845156096e-50,0.0,1.2699740738209347e-26,0.0,5.498002778310617e-49,4.851579950264361e-50,0.0,3.936805573093192e-23,0.0,0.0,0.0,2.5384317507015984e-24,1.7089981815819556e-24
8.720000000000606,5.649369475362777,-3.7559060126913884,1.9986247129852608,-41.09316615364311,0.00011856666019546449,2.188525289578241e-25,1.2854527355234144e-24,0.0,0,1.302897912752082e-22,1.2680075582947466e-22,0.0,3.2178525634373973e-50,0.0,8.466493825472898e-27,0.0,3.665335185540411e-49,3.234386633509574e-50,0.0,2.6245370487287945e-23,0.0,0.0,0.0,1.6922878338010654e-24,1.139332121054637e-24
8.740000000000595,5.664306950626678,-3.770211786225016,1.9984616705893068,-41.09316620145679,0.00011032703375216425,1.4590168597188272e-25,8.569684903489429e-25,0.0,0,8.685986085013879e-23,8.453383721964977e-23,0.0,2.145235042291598e-50,0.0,5.644329216981932e-27,0.0,2.443556790360274e-49,2.1562577556730494e-50,0.0,1.7496913658191962e-23,0.0,0.0,0.0,1.1281918892007102e-24,7.595547473697579e-25
8.760000000000584,5.6792502650566306,-3.7845099416912023,1.9983068325448223,-41.093166243848565,0.00010167499937020451,9.72677906479218e-26,5.7131232689929515e-25,0.0,0,5.790657390009252e-23,5.635589147976651e-23,0.0,1.4301566948610653e-50,0.0,3.762886144654621e-27,0.0,1.6290378602401827e-49,1.4375051704486995e-50,0.0,1.1664609105461308e-23,0.0,0.0,0.0,7.5212792613380675e-25,5.063698315798386e-25
8.780000000000573,5.694199351664453,-3.7988005463873855,1.998159883203092,-41.093166281433255,9.279999874179496e-05,6.48451937652812e-26,3.8087488459953004e-25,0.0,0,3.8604382600061677e-23,3.7570594319844334e-23,0.0,9.534377965740435e-51,0.0,2.5085907631030806e-27,0.0,1.0860252401601217e-49,9.58336780299133e-51,0.0,7.776406070307538e-24,0.0,0.0,0.0,5.014186174225378e-25,3.3757988771989237e-25
8.800000000000562,5.709154144372623,-3.813083667133668,1.9980205160742672,-41.09316631475594,8.386666296753277e-05,4.3230129176854133e-26,2.5391658973302004e-25,0.0,0,2.5736255066707785e-23,2.5047062879896222e-23,0.0,6.35625197716029e-51,0.0,1.67239384206872e-27,0.0,7.240168267734144e-50,6.388911868660886e-51,0.0,5.184270713538359e-24,0.0,0.0,0.0,3.3427907828169186e-25,2.2505325847992825e-25
8.820000000000551,5.724114577996558,-3.8273593702849507,1.9978884336814842,-41.09316634429989,7.501605474570619e-05,2.882008611790275e-26,1.6927772648868003e-25,0.0,0,1.7157503377805188e-23,1.6698041919930814e-23,0.0,4.2375013181068596e-51,0.0,1.1149292280458134e-27,0.0,4.826778845156096e-50,4.259274579107257e-51,0.0,3.456180475692239e-24,0.0,0.0,0.0,2.2285271885446122e-25,1.5003550565328548e-25
8.84000000000054,5.739080588227814,-3.841627721741464,1.9977633474109282,-41.093166370493584,6.63670754995831e-05,1.9213390745268498e-26,1.1285181765912e-25,0.0,0,1.1438335585203458e-23,1.1132027946620542e-23,0.0,2.8250008787379064e-51,0.0,7.432861520305423e-28,0.0,3.2178525634373973e-50,2.839516386071505e-51,0.0,2.304120317128159e-24,0.0,0.0,0.0,1.4856847923630748e-25,1.0002367043552365e-25
8.860000000000529,5.754052111618171,-3.855888786957813,1.9976449773583473,-41.09316639371695,5.801799211228658e-05,1.2808927163512333e-26,7.523454510608001e-26,0.0,0,7.625557056802305e-24,7.421351964413694e-24,0.0,1.883333919158604e-51,0.0,4.955241013536948e-28,0.0,2.145235042291598e-50,1.8930109240476698e-51,0.0,1.5360802114187726e-24,0.0,0.0,0.0,9.904565282420498e-26,6.668244695701576e-26
8.880000000000518,5.769029085564522,-3.8701426309506215,1.997533052172491,-41.09316641430677,5.0048042893240215e-05,8.539284775674888e-27,5.015636340405333e-26,0.0,0,5.0837047045348694e-24,4.9475679762757956e-24,0.0,1.255555946105736e-51,0.0,3.303494009024632e-28,0.0,1.4301566948610653e-50,1.2620072826984464e-51,0.0,1.0240534742791817e-24,0.0,0.0,0.0,6.603043521613665e-26,4.445496463801051e-26
8.900000000000507,5.784011448294536,-3.8843893183048994,1.9974273088959256,-41.09316643256169,4.251908721771634e-05,5.692856517116592e-27,3.343757560270222e-26,0.0,0,3.389136469689913e-24,3.2983786508505303e-24,0.0,8.370372974038239e-52,0.0,2.2023293393497546e-28,0.0,9.534377965740435e-51,8.41338188465631e-52,0.0,6.82702316186121e-25,0.0,0.0,0.0,4.4020290144091096e-26,2.9636643092007e-26
8.920000000000496,5.798999138852995,-3.89862891317926,1.9973274928036504,-41.093166448746466,3.547726791064166e-05,3.795237678077728e-27,2.2291717068468144e-26,0.0,0,2.2594243131266086e-24,2.1989191005670202e-24,0.0,5.580248649358825e-52,0.0,1.468219559566503e-28,0.0,6.35625197716029e-51,5.6089212564375394e-52,0.0,4.55134877457414e-25,0.0,0.0,0.0,2.9346860096060727e-26,1.9757762061338e-26
8.940000000000484,5.8139920970887795,-3.9128614793100938,1.9972333572399084,-41.09316646309583,2.8954659846782968e-05,2.5301584520518184e-27,1.4861144712312094e-26,0.0,0,1.506282875417739e-24,1.4659460670446801e-24,0.0,3.720165766239217e-52,0.0,9.78813039711002e-29,0.0,4.2375013181068596e-51,3.739280837625026e-52,0.0,3.03423251638276e-25,0.0,0.0,0.0,1.9564573397373818e-26,1.3171841374225333e-26
8.960000000000473,5.8289902636424165,-3.9270870800147977,1.9971446634535714,-41.09316647581796,2.297088238045511e-05,1.6867723013678786e-27,9.907429808208065e-27,0.0,0,1.004188583611826e-24,9.772973780297868e-25,0.0,2.4801105108261443e-52,0.0,6.525420264740013e-29,0.0,2.8250008787379064e-51,2.4928538917500173e-52,0.0,2.0228216775885065e-25,0.0,0.0,0.0,1.3043048931582543e-26,8.781227582816888e-27
8.980000000000462,5.84399357993415,-3.941305778194192,1.9970611804324454,-41.09316648709734,1.753465707616898e-05,1.1245148675785859e-27,6.604953205472043e-27,0.0,0,6.694590557412173e-25,6.515315853531911e-25,0.0,1.6534070072174294e-52,0.0,4.350280176493342e-29,0.0,1.883333919158604e-51,1.6619025945000115e-52,0.0,1.3485477850590043e-25,0.0,0.0,0.0,8.695365954388361e-27,5.854151721877925e-27
9.000000000000451,5.859001988152461,-3.9555176363342164,1.996982684736825,-41.093166497097634,1.2645295771943638e-05,7.496765783857238e-28,4.40330213698136e-27,0.0,0,4.463060371608115e-25,4.343543902354607e-25,0.0,1.102271338144953e-52,0.0,2.9001867843288945e-29,0.0,1.255555946105736e-51,1.1079350630000076e-52,0.0,8.990318567060028e-26,0.0,0.0,0.0,5.796910636258907e-27,3.902767814585283e-27
