t,x,y,z,yaw,roll,turn,gf,drive,nact,DNp01_left,DNp01_right,DNa02_left,DNa02_right,DNa01_left,DNa01_right,DNb01_left,DNb01_right,DNp03_left,DNp03_right,DNp11_left,DNp11_right,DNg02_left,DNg02_right,DN_all_left,DN_all_right
0.02000000000000001,1.4571815406777403e-07,0.0,1.999999999987818,0.0,0.0,0.0,0.0,0.0,0,0.0,0.0,0.0,0.0,0.0,0.0,0.0,0.0,0.0,0.0,0.0,0.0,0.0,0.0,0.0,0.0
0.04000000000000003,2.1536263519904297e-06,0.0,1.999999999332486,0.0,0.0,0.0,0.0,0.0,0,0.0,0.0,0.0,0.0,0.0,0.0,0.0,0.0,0.0,0.0,0.0,0.0,0.0,0.0,0.0,0.0
0.060000000000000046,1.036354957609535e-05,0.0,1.9999999932081178,0.0,0.0,0.0,0.0,0.0,0,0.0,0.0,0.0,0.0,0.0,0.0,0.0,0.0,0.0,0.0,0.0,0.0,0.0,0.0,0.0,0.0
0.08000000000000006,3.136371810636784e-05,0.0,1.9999999655518297,0.0,0.0,0.0,0.0,0.0,0,0.0,0.0,0.0,0.0,0.0,0.0,0.0,0.0,0.0,0.0,0.0,0.0,0.0,0.0,0.0,0.0
0.10000000000000007,7.352971132205969e-05,0.0,1.9999998809301798,0.0,0.0,0.0,0.0,0.0,0,0.0,0.0,0.0,0.0,0.0,0.0,0.0,0.0,0.0,0.0,0.0,0.0,0.0,0.0,0.0,0.0
0.12000000000000009,0.00014660560134487793,0.0,1.9999996773644733,0.0,0.0,0.0,0.0,0.0,0,0.0,0.0,0.0,0.0,0.0,0.0,0.0,0.0,0.0,0.0,0.0,0.0,0.0,0.0,0.0,0.0
0.1400000000000001,0.0002613272442826191,0.0,1.9999992613301947,0.0,0.0,0.0,0.0,0.0,0,0.0,0.0,0.0,0.0,0.0,0.0,0.0,0.0,0.0,0.0,0.0,0.0,0.0,0.0,0.0,0.0
0.16000000000000011,0.0004290870588310342,0.0,1.9999985054922111,0.0,0.0,0.0,0.0,0.0,0,0.0,0.0,0.0,0.0,0.0,0.0,0.0,0.0,0.0,0.0,0.0,0.0,0.0,0.0,0.0,0.0
0.18000000000000013,0.0006616391197984689,0.0,1.9999972492567384,0.0,0.0,0.0,0.0,0.0,0,0.0,0.0,0.0,0.0,0.0,0.0,0.0,0.0,0.0,0.0,0.0,0.0,0.0,0.0,0.0,0.0
0.20000000000000015,0.000970842970800769,0.0,1.9999953018901322,0.0,0.0,0.0,0.0,0.0,0,0.0,0.0,0.0,0.0,0.0,0.0,0.0,0.0,0.0,0.0,0.0,0.0,0.0,0.0,0.0,0.0
0.22000000000000017,0.0013684442199030577,0.0,1.9999924477485258,0.0,0.0,0.0,0.0,0.0,0,0.0,0.0,0.0,0.0,0.0,0.0,0.0,0.0,0.0,0.0,0.0,0.0,0.0,0.0,0.0,0.0
0.24000000000000019,0.0018658897184885934,0.0,1.9999884530562884,0.0,0.0,0.0,0.0,0.0,0,0.0,0.0,0.0,0.0,0.0,0.0,0.0,0.0,0.0,0.0,0.0,0.0,0.0,0.0,0.0,0.0
0.2600000000000002,0.0024741749309993588,0.0,1.999983073641975,0.0,0.0,0.0,0.0,0.0,0,0.0,0.0,0.0,0.0,0.0,0.0,0.0,0.0,0.0,0.0,0.0,0.0,0.0,0.0,0.0,0.0
0.2800000000000002,0.0032037209749218956,0.0,1.999976063066719,0.0,0.0,0.0,0.0,0.0,0,0.0,0.0,0.0,0.0,0.0,0.0,0.0,0.0,0.0,0.0,0.0,0.0,0.0,0.0,0.0,0.0
0.3000000000000002,0.0040642787396416085,0.0,1.9999671806437211,0.0,0.0,0.0,0.0,0.0,0,0.0,0.0,0.0,0.0,0.0,0.0,0.0,0.0,0.0,0.0,0.0,0.0,0.0,0.0,0.0,0.0
0.32000000000000023,0.005064857472507533,0.0,1.9999561989333736,0.0,0.0,0.0,0.0,0.0,0,0.0,0.0,0.0,0.0,0.0,0.0,0.0,0.0,0.0,0.0,0.0,0.0,0.0,0.0,0.0,0.0
0.34000000000000025,0.00621367524356189,0.0,1.9999429103945274,0.0,0.0,0.0,0.0,0.0,0,0.0,0.0,0.0,0.0,0.0,0.0,0.0,0.0,0.0,0.0,0.0,0.0,0.0,0.0,0.0,0.0
0.36000000000000026,0.007518128759983879,0.0,1.9999271329691868,0.0,0.0,0.0,0.0,0.0,0,0.0,0.0,0.0,0.0,0.0,0.0,0.0,0.0,0.0,0.0,0.0,0.0,0.0,0.0,0.0,0.0
0.3800000000000003,0.0089847800907941,0.0,1.9999087144688035,0.0,0.0,0.0,0.0,0.0,0,0.0,0.0,0.0,0.0,0.0,0.0,0.0,0.0,0.0,0.0,0.0,0.0,0.0,0.0,0.0,0.0
0.4000000000000003,0.010619357975642542,0.0,1.99988753571098,0.0,0.0,0.0,0.0,0.0,0,0.0,0.0,0.0,0.0,0.0,0.0,0.0,0.0,0.0,0.0,0.0,0.0,0.0,0.0,0.0,0.0
0.4200000000000003,0.01242677152298219,0.0,1.9998635124231203,0.0,0.0,0.0,0.0,0.0,0,0.0,0.0,0.0,0.0,0.0,0.0,0.0,0.0,0.0,0.0,0.0,0.0,0.0,0.0,0.0,0.0
0.44000000000000034,0.014411134247627752,0.0,1.9998365959834041,0.0,0.0,0.0,0.0,0.0,0,0.0,0.0,0.0,0.0,0.0,0.0,0.0,0.0,0.0,0.0,0.0,0.0,0.0,0.0,0.0,0.0
0.46000000000000035,0.01657579655123656,0.0,1.9998067731094025,0.0,0.0,0.0,0.0,0.0,0,0.0,0.0,0.0,0.0,0.0,0.0,0.0,0.0,0.0,0.0,0.0,0.0,0.0,0.0,0.0,0.0
0.48000000000000037,0.018923384907840513,0.0,1.9997740646315858,0.0,0.0,0.0,0.0,0.0,0,0.0,0.0,0.0,0.0,0.0,0.0,0.0,0.0,0.0,0.0,0.0,0.0,0.0,0.0,0.0,0.0
0.5000000000000003,0.021455846176979862,0.0,1.9997385235043457,0.0,0.0,0.0,0.0,0.0,0,0.0,0.0,0.0,0.0,0.0,0.0,0.0,0.0,0.0,0.0,0.0,0.0,0.0,0.0,0.0,0.0
0.5200000000000004,0.02417449562653423,0.0,1.9997002322126325,0.0,0.0,0.0,0.0,0.0,0,0.0,0.0,0.0,0.0,0.0,0.0,0.0,0.0,0.0,0.0,0.0,0.0,0.0,0.0,0.0,0.0
0.5400000000000004,0.027080067403775464,0.0,1.9996592997297886,0.0,0.0,0.0,0.0,0.0,0,0.0,0.0,0.0,0.0,0.0,0.0,0.0,0.0,0.0,0.0,0.0,0.0,0.0,0.0,0.0,0.0
0.5600000000000004,0.03017276634465895,0.0,1.9996158581734818,0.0,0.0,0.0,0.0,0.0,0,0.0,0.0,0.0,0.0,0.0,0.0,0.0,0.0,0.0,0.0,0.0,0.0,0.0,0.0,0.0,0.0
0.5800000000000004,0.033452320156473564,0.0,1.999570059293494,0.0,0.0,0.0,0.0,0.0,0,0.0,0.0,0.0,0.0,0.0,0.0,0.0,0.0,0.0,0.0,0.0,0.0,0.0,0.0,0.0,0.0
0.6000000000000004,0.03691803114655573,0.0,1.9995220709091146,0.0,0.0,0.0,0.0,0.0,0,0.0,0.0,0.0,0.0,0.0,0.0,0.0,0.0,0.0,0.0,0.0,0.0,0.0,0.0,0.0,0.0
0.6200000000000004,0.04056882679899369,0.0,1.9994720733963056,0.0,0.0,0.0,0.0,0.0,0,0.0,0.0,0.0,0.0,0.0,0.0,0.0,0.0,0.0,0.0,0.0,0.0,0.0,0.0,0.0,0.0
0.6400000000000005,0.04440330862150246,0.0,1.9994202563067829,0.0,0.0,0.0,0.0,0.0,0,0.0,0.0,0.0,0.0,0.0,0.0,0.0,0.0,0.0,0.0,0.0,0.0,0.0,0.0,0.0,0.0
0.6600000000000005,0.048419798795549425,0.0,1.9993668151835307,0.0,0.0,0.0,0.0,0.0,0,0.0,0.0,0.0,0.0,0.0,0.0,0.0,0.0,0.0,0.0,0.0,0.0,0.0,0.0,0.0,0.0
0.6800000000000005,0.05261638426415224,0.0,1.999311948620723,0.0,0.0,0.0,0.0,0.0,0,0.0,0.0,0.0,0.0,0.0,0.0,0.0,0.0,0.0,0.0,0.0,0.0,0.0,0.0,0.0,0.0
0.7000000000000005,0.056990957983509644,0.0,1.9992558556009528,0.0,0.0,0.0,0.0,0.0,0,0.0,0.0,0.0,0.0,0.0,0.0,0.0,0.0,0.0,0.0,0.0,0.0,0.0,0.0,0.0,0.0
0.7200000000000005,0.06154125714685572,0.0,1.9991987331294323,0.0,0.0,0.0,0.0,0.0,0,0.0,0.0,0.0,0.0,0.0,0.0,0.0,0.0,0.0,0.0,0.0,0.0,0.0,0.0,0.0,0.0
0.7400000000000005,0.06626489826185744,0.0,1.9991407741734626,0.0,0.0,0.0,0.0,0.0,0,0.0,0.0,0.0,0.0,0.0,0.0,0.0,0.0,0.0,0.0,0.0,0.0,0.0,0.0,0.0,0.0
0.7600000000000006,0.07115940902681253,0.0,1.999082165906066,0.0,0.0,0.0,0.0,0.0,0,0.0,0.0,0.0,0.0,0.0,0.0,0.0,0.0,0.0,0.0,0.0,0.0,0.0,0.0,0.0,0.0
0.7800000000000006,0.07622225700623532,0.0,1.9990230882451419,0.0,0.0,0.0,0.0,0.0,0,0.0,0.0,0.0,0.0,0.0,0.0,0.0,0.0,0.0,0.0,0.0,0.0,0.0,0.0,0.0,0.0
0.8000000000000006,0.08145087515360026,0.0,1.9989637126736974,0.0,0.0,0.0,0.0,0.0,0,0.0,0.0,0.0,0.0,0.0,0.0,0.0,0.0,0.0,0.0,0.0,0.0,0.0,0.0,0.0,0.0
0.8200000000000006,0.08684268426854129,0.0,1.9989042013224865,0.0,0.0,0.0,0.0,0.0,0,0.0,0.0,0.0,0.0,0.0,0.0,0.0,0.0,0.0,0.0,0.0,0.0,0.0,0.0,0.0,0.0
0.8400000000000006,0.09239511250823075,0.0,1.9988447062935037,0.0,0.0,0.0,0.0,0.0,0,0.0,0.0,0.0,0.0,0.0,0.0,0.0,0.0,0.0,0.0,0.0,0.0,0.0,0.0,0.0,0.0
0.8600000000000007,0.09810561209853795,0.0,1.9987853692011064,0.0,0.0,0.0,0.0,0.0,0,0.0,0.0,0.0,0.0,0.0,0.0,0.0,0.0,0.0,0.0,0.0,0.0,0.0,0.0,0.0,0.0
0.8800000000000007,0.10397167341048194,0.0,1.998726320906792,0.0,0.0,0.0,0.0,0.0,0,0.0,0.0,0.0,0.0,0.0,0.0,0.0,0.0,0.0,0.0,0.0,0.0,0.0,0.0,0.0,0.0
0.9000000000000007,0.10999083658201994,0.0,1.9986676814237099,0.0,0.0,0.0,0.0,0.0,0,0.0,0.0,0.0,0.0,0.0,0.0,0.0,0.0,0.0,0.0,0.0,0.0,0.0,0.0,0.0,0.0
0.9200000000000007,0.11616070087493283,0.0,1.9986095599676281,0.0,0.0,0.0,0.0,0.0,0,0.0,0.0,0.0,0.0,0.0,0.0,0.0,0.0,0.0,0.0,0.0,0.0,0.0,0.0,0.0,0.0
0.9400000000000007,0.12247893196204244,0.0,1.9985520551321663,0.0,0.0,0.0,0.0,0.0,0,0.0,0.0,0.0,0.0,0.0,0.0,0.0,0.0,0.0,0.0,0.0,0.0,0.0,0.0,0.0,0.0
0.9600000000000007,0.12894326734176667,0.0,1.998495255167517,0.0,0.0,0.0,0.0,0.0,0,0.0,0.0,0.0,0.0,0.0,0.0,0.0,0.0,0.0,0.0,0.0,0.0,0.0,0.0,0.0,0.0
0.9800000000000008,0.13555152007560822,0.0,1.998439238343475,0.0,0.0,0.0,0.0,0.0,0,0.0,0.0,0.0,0.0,0.0,0.0,0.0,0.0,0.0,0.0,0.0,0.0,0.0,0.0,0.0,0.0
1.0000000000000007,0.14230158104006693,0.0,1.9983840733793223,0.0,0.0,0.0,0.0,0.0,0,0.0,0.0,0.0,0.0,0.0,0.0,0.0,0.0,0.0,0.0,0.0,0.0,0.0,0.0,0.0,0.0
1.0199999999999985,0.1491914198781305,0.0,1.998329819924867,0.0,0.0,0.0,0.0,0.0,0,0.0,0.0,0.0,0.0,0.0,0.0,0.0,0.0,0.0,0.0,0.0,0.0,0.0,0.0,0.0,0.0
1.0399999999999963,0.15621908482734834,0.0,1.9982765290786793,0.0,0.0,0.0,0.0,0.0,0,0.0,0.0,0.0,0.0,0.0,0.0,0.0,0.0,0.0,0.0,0.0,0.0,0.0,0.0,0.0,0.0
1.059999999999994,0.16338270159192655,0.0,1.9982242439312499,0.0,0.0,0.0,0.0,0.0,0,0.0,0.0,0.0,0.0,0.0,0.0,0.0,0.0,0.0,0.0,0.0,0.0,0.0,0.0,0.0,0.0
1.0799999999999919,0.17068047141564477,0.0,1.998173000122393,0.0,0.0,0.0,0.0,0.0,0,0.0,0.0,0.0,0.0,0.0,0.0,0.0,0.0,0.0,0.0,0.0,0.0,0.0,0.0,0.0,0.0
1.0999999999999897,0.17811066850100835,0.0,1.9981228264037143,0.0,0.0,0.0,0.0,0.0,0,0.0,0.0,0.0,0.0,0.0,0.0,0.0,0.0,0.0,0.0,0.0,0.0,0.0,0.0,0.0,0.0
1.1199999999999875,0.18567163690818786,0.0,1.9980737451983437,0.0,0.0,0.0,0.0,0.0,0,0.0,0.0,0.0,0.0,0.0,0.0,0.0,0.0,0.0,0.0,0.0,0.0,0.0,0.0,0.0,0.0
1.1399999999999852,0.1933617870552186,0.0,1.9980257731513893,0.0,0.0,0.0,0.0,0.0,0,0.0,0.0,0.0,0.0,0.0,0.0,0.0,0.0,0.0,0.0,0.0,0.0,0.0,0.0,0.0,0.0
1.159999999999983,0.20117959192883356,0.0,1.9979789216657178,0.0,0.0,0.0,0.0,0.0,0,0.0,0.0,0.0,0.0,0.0,0.0,0.0,0.0,0.0,0.0,0.0,0.0,0.0,0.0,0.0,0.0
1.1799999999999808,0.20912358310338144,0.0,1.9979331974186902,0.0,0.0,0.0,0.0,0.0,0,0.0,0.0,0.0,0.0,0.0,0.0,0.0,0.0,0.0,0.0,0.0,0.0,0.0,0.0,0.0,0.0
1.1999999999999786,0.21719234665367976,0.0,1.9978886028563936,0.0,0.0,0.0,0.0,0.0,0,0.0,0.0,0.0,0.0,0.0,0.0,0.0,0.0,0.0,0.0,0.0,0.0,0.0,0.0,0.0,0.0
1.2199999999999764,0.22538451903649656,0.0,1.9978451366627388,0.0,0.0,0.0,0.0,0.0,0,0.0,0.0,0.0,0.0,0.0,0.0,0.0,0.0,0.0,0.0,0.0,0.0,0.0,0.0,0.0,0.0
1.2399999999999742,0.2336987830047481,0.0,1.997802794201483,0.0,0.0,0.0,0.0,0.0,0,0.0,0.0,0.0,0.0,0.0,0.0,0.0,0.0,0.0,0.0,0.0,0.0,0.0,0.0,0.0,0.0
1.259999999999972,0.24213386360851466,0.0,1.997761567929904,0.0,0.0,0.0,0.0,0.0,0,0.0,0.0,0.0,0.0,0.0,0.0,0.0,0.0,0.0,0.0,0.0,0.0,0.0,0.0,0.0,0.0
1.2799999999999698,0.2506885243276718,0.0,1.9977214477833551,0.0,0.0,0.0,0.0,0.0,0,0.0,0.0,0.0,0.0,0.0,0.0,0.0,0.0,0.0,0.0,0.0,0.0,0.0,0.0,0.0,0.0
1.2999999999999676,0.25936156337234595,0.0,1.9976824215304367,0.0,0.0,0.0,0.0,0.0,0,0.0,0.0,0.0,0.0,0.0,0.0,0.0,0.0,0.0,0.0,0.0,0.0,0.0,0.0,0.0,0.0
1.3199999999999654,0.2681518101795512,0.0,1.9976444750989182,0.0,0.0,0.0,0.0,0.0,0,0.0,0.0,0.0,0.0,0.0,0.0,0.0,0.0,0.0,0.0,0.0,0.0,0.0,0.0,0.0,0.0
1.3399999999999632,0.2770581221272617,0.0,1.997607592872867,0.0,0.0,0.0,0.0,0.0,0,0.0,0.0,0.0,0.0,0.0,0.0,0.0,0.0,0.0,0.0,0.0,0.0,0.0,0.0,0.0,0.0
1.359999999999961,0.2860793814808031,0.0,1.9975717579617618,0.0,0.0,0.0,0.0,0.0,0,0.0,0.0,0.0,0.0,0.0,0.0,0.0,0.0,0.0,0.0,0.0,0.0,0.0,0.0,0.0,0.0
1.3799999999999588,0.29521449258080934,0.0,1.9975369524425766,0.0,0.0,0.0,0.0,0.0,0,0.0,0.0,0.0,0.0,0.0,0.0,0.0,0.0,0.0,0.0,0.0,0.0,0.0,0.0,0.0,0.0
1.3999999999999566,0.3044623792770476,0.0,1.9975031575760274,0.0,0.0,0.0,0.0,0.0,0,0.0,0.0,0.0,0.0,0.0,0.0,0.0,0.0,0.0,0.0,0.0,0.0,0.0,0.0,0.0,0.0
1.4199999999999544,0.3138219826081449,0.0,1.9974703539983172,0.0,0.0,0.0,0.0,0.0,0,0.0,0.0,0.0,0.0,0.0,0.0,0.0,0.0,0.0,0.0,0.0,0.0,0.0,0.0,0.0,0.0
1.4399999999999522,0.32329225872360856,0.0,1.9974385218898274,0.0,0.0,0.0,0.0,0.0,0,0.0,0.0,0.0,0.0,0.0,0.0,0.0,0.0,0.0,0.0,0.0,0.0,0.0,0.0,0.0,0.0
1.45999999999995,0.3328721770414936,0.0,1.9974076411222847,0.0,0.0,0.0,0.0,0.0,0,0.0,0.0,0.0,0.0,0.0,0.0,0.0,0.0,0.0,0.0,0.0,0.0,0.0,0.0,0.0,0.0
1.4799999999999478,0.342560718632573,0.0,1.997377691385977,0.0,0.0,0.0,0.0,0.0,0,0.0,0.0,0.0,0.0,0.0,0.0,0.0,0.0,0.0,0.0,0.0,0.0,0.0,0.0,0.0,0.0
1.4999999999999456,0.3523568748198818,0.0,1.9973486522986135,0.0,0.0,0.0,0.0,0.0,0,0.0,0.0,0.0,0.0,0.0,0.0,0.0,0.0,0.0,0.0,0.0,0.0,0.0,0.0,0.0,0.0
1.5199999999999434,0.3622596459809757,0.0,1.9973205034974264,0.0,0.0,0.0,0.0,0.0,0,0.0,0.0,0.0,0.0,0.0,0.0,0.0,0.0,0.0,0.0,0.0,0.0,0.0,0.0,0.0,0.0
1.5399999999999412,0.372268040539133,0.0,1.9972932247160855,0.0,0.0,0.0,0.0,0.0,0,0.0,0.0,0.0,0.0,0.0,0.0,0.0,0.0,0.0,0.0,0.0,0.0,0.0,0.0,0.0,0.0
1.559999999999939,0.382381074128987,0.0,1.9972667958479595,0.0,0.0,0.0,0.0,0.0,0,0.0,0.0,0.0,0.0,0.0,0.0,0.0,0.0,0.0,0.0,0.0,0.0,0.0,0.0,0.0,0.0
1.5799999999999368,0.3925977689216533,0.0,1.9972411969972048,0.0,0.0,0.0,0.0,0.0,0,0.0,0.0,0.0,0.0,0.0,0.0,0.0,0.0,0.0,0.0,0.0,0.0,0.0,0.0,0.0,0.0
1.5999999999999346,0.402917153094285,0.0,1.9972164085190958,0.0,0.0,0.0,0.0,0.0,0,0.0,0.0,0.0,0.0,0.0,0.0,0.0,0.0,0.0,0.0,0.0,0.0,0.0,0.0,0.0,0.0
1.6199999999999324,0.4133382604290958,0.0,1.9971924110509378,0.0,0.0,0.0,0.0,0.0,0,0.0,0.0,0.0,0.0,0.0,0.0,0.0,0.0,0.0,0.0,0.0,0.0,0.0,0.0,0.0,0.0
1.6399999999999302,0.423860130027207,0.0,1.997169185534818,0.0,0.0,0.0,0.0,0.0,0,0.0,0.0,0.0,0.0,0.0,0.0,0.0,0.0,0.0,0.0,0.0,0.0,0.0,0.0,0.0,0.0
1.659999999999928,0.4344818061231552,0.0,1.997146713233366,0.0,0.0,0.0,0.0,0.0,0,0.0,0.0,0.0,0.0,0.0,0.0,0.0,0.0,0.0,0.0,0.0,0.0,0.0,0.0,0.0,0.0
1.6799999999999258,0.44520233798652337,0.0,1.9971249757396043,0.0,0.0,0.0,0.0,0.0,0,0.0,0.0,0.0,0.0,0.0,0.0,0.0,0.0,0.0,0.0,0.0,0.0,0.0,0.0,0.0,0.0
1.6999999999999236,0.4560207798978862,0.0,1.9971039549818725,0.0,0.0,0.0,0.0,0.0,0,0.0,0.0,0.0,0.0,0.0,0.0,0.0,0.0,0.0,0.0,0.0,0.0,0.0,0.0,0.0,0.0
1.7199999999999214,0.4669361911870751,0.0,1.99708363322473,0.0,0.0,0.0,0.0,0.0,0,0.0,0.0,0.0,0.0,0.0,0.0,0.0,0.0,0.0,0.0,0.0,0.0,0.0,0.0,0.0,0.0
1.7399999999999192,0.47794763632263265,0.0,1.9970639930666285,0.0,0.0,0.0,0.0,0.0,0,0.0,0.0,0.0,0.0,0.0,0.0,0.0,0.0,0.0,0.0,0.0,0.0,0.0,0.0,0.0,0.0
1.759999999999917,0.48905418504223835,0.0,1.9970450174350838,0.0,0.0,0.0,0.0,0.0,0,0.0,0.0,0.0,0.0,0.0,0.0,0.0,0.0,0.0,0.0,0.0,0.0,0.0,0.0,0.0,0.0
1.7799999999999148,0.5002549125148009,0.0,1.997026689579964,0.0,0.0,0.0,0.0,0.0,0,0.0,0.0,0.0,0.0,0.0,0.0,0.0,0.0,0.0,0.0,0.0,0.0,0.0,0.0,0.0,0.0
1.7999999999999126,0.5115488995258445,0.0,1.997008993065456,0.0,0.0,0.0,0.0,0.0,0,0.0,0.0,0.0,0.0,0.0,0.0,0.0,0.0,0.0,0.0,0.0,0.0,0.0,0.0,0.0,0.0
1.8199999999999104,0.5229352326787168,0.0,1.9969919117611725,0.0,0.0,0.0,0.0,0.0,0,0.0,0.0,0.0,0.0,0.0,0.0,0.0,0.0,0.0,0.0,0.0,0.0,0.0,0.0,0.0,0.0
1.8399999999999082,0.534413004605043,0.0,1.9969754298328068,0.0,0.0,0.0,0.0,0.0,0,0.0,0.0,0.0,0.0,0.0,0.0,0.0,0.0,0.0,0.0,0.0,0.0,0.0,0.0,0.0,0.0
1.859999999999906,0.5459813141786899,0.0,1.9969595317326685,0.0,0.0,0.0,0.0,0.0,0,0.0,0.0,0.0,0.0,0.0,0.0,0.0,0.0,0.0,0.0,0.0,0.0,0.0,0.0,0.0,0.0
1.8799999999999037,0.5576392667283233,0.0,1.996944202190368,0.0,0.0,0.0,0.0,0.0,0,0.0,0.0,0.0,0.0,0.0,0.0,0.0,0.0,0.0,0.0,0.0,0.0,0.0,0.0,0.0,0.0
1.8999999999999015,0.5693859742444013,0.0,1.9969294262038757,0.0,0.0,0.0,0.0,0.0,0,0.0,0.0,0.0,0.0,0.0,0.0,0.0,0.0,0.0,0.0,0.0,0.0,0.0,0.0,0.0,0.0
1.9199999999998993,0.5812205555771572,0.0,1.9969151890311216,0.0,0.0,0.0,0.0,0.0,0,0.0,0.0,0.0,0.0,0.0,0.0,0.0,0.0,0.0,0.0,0.0,0.0,0.0,0.0,0.0,0.0
1.9399999999998971,0.59314213662278,0.0,1.9969014761822572,0.0,0.0,0.0,0.0,0.0,0,0.0,0.0,0.0,0.0,0.0,0.0,0.0,0.0,0.0,0.0,0.0,0.0,0.0,0.0,0.0,0.0
1.959999999999895,0.6051498504956057,0.0,1.9968882734126665,0.0,0.0,0.0,0.0,0.0,0,0.0,0.0,0.0,0.0,0.0,0.0,0.0,0.0,0.0,0.0,0.0,0.0,0.0,0.0,0.0,0.0
1.9799999999998927,0.6172428376846713,0.0,1.9968755667167852,0.0,0.0,0.0,0.0,0.0,0,0.0,0.0,0.0,0.0,0.0,0.0,0.0,0.0,0.0,0.0,0.0,0.0,0.0,0.0,0.0,0.0
1.9999999999998905,0.629420246193475,0.0,1.996863342322736,0.0,0.0,0.0,0.0,0.0,0,0.0,0.0,0.0,0.0,0.0,0.0,0.0,0.0,0.0,0.0,0.0,0.0,0.0,0.0,0.0,0.0
2.0199999999998886,0.6416812316622131,0.0,1.9968515866877907,0.0,0.0,0.0,0.0,0.0,0,0.0,0.0,0.0,0.0,0.0,0.0,0.0,0.0,0.0,0.0,0.0,0.0,0.0,0.0,0.0,0.0
2.0399999999998863,0.6540249574721471,0.0,1.9968402864946369,0.0,0.0,0.0,0.0,0.0,0,0.0,0.0,0.0,0.0,0.0,0.0,0.0,0.0,0.0,0.0,0.0,0.0,0.0,0.0,0.0,0.0
2.059999999999884,0.6664505948320806,0.0,1.9968294286484025,0.0,0.0,0.0,0.0,0.0,0,0.0,0.0,0.0,0.0,0.0,0.0,0.0,0.0,0.0,0.0,0.0,0.0,0.0,0.0,0.0,0.0
2.079999999999882,0.6789573228472014,0.0,1.9968190002743935,0.0,0.0,0.0,0.0,0.0,0,0.0,0.0,0.0,0.0,0.0,0.0,0.0,0.0,0.0,0.0,0.0,0.0,0.0,0.0,0.0,0.0
2.0999999999998797,0.6915443285707876,0.0,1.996808988716485,0.0,0.0,0.0,0.0,0.0,0,0.0,0.0,0.0,0.0,0.0,0.0,0.0,0.0,0.0,0.0,0.0,0.0,0.0,0.0,0.0,0.0
2.1199999999998775,0.7042108070394516,0.0,1.9967993815360932,0.0,0.0,0.0,0.0,0.0,0,0.0,0.0,0.0,0.0,0.0,0.0,0.0,0.0,0.0,0.0,0.0,0.0,0.0,0.0,0.0,0.0
2.1399999999998753,0.7169559612927682,0.0,1.9967901665116585,0.0,0.0,0.0,0.0,0.0,0,0.0,0.0,0.0,0.0,0.0,0.0,0.0,0.0,0.0,0.0,0.0,0.0,0.0,0.0,0.0,0.0
2.159999999999873,0.7297790023782343,0.0,1.996781331638566,0.0,0.0,0.0,0.0,0.0,0,0.0,0.0,0.0,0.0,0.0,0.0,0.0,0.0,0.0,0.0,0.0,0.0,0.0,0.0,0.0,0.0
2.179999999999871,0.7426791493426065,0.0,1.996772865129426,0.0,0.0,0.0,0.0,0.0,0,0.0,0.0,0.0,0.0,0.0,0.0,0.0,0.0,0.0,0.0,0.0,0.0,0.0,0.0,0.0,0.0
2.1999999999998687,0.7556556292107108,0.0,1.9967647554146402,0.0,0.0,0.0,0.0,0.0,0,0.0,0.0,0.0,0.0,0.0,0.0,0.0,0.0,0.0,0.0,0.0,0.0,0.0,0.0,0.0,0.0
2.2199999999998665,0.7687076769528591,0.0,1.9967569911431875,0.0,0.0,0.0,0.0,0.0,0,0.0,0.0,0.0,0.0,0.0,0.0,0.0,0.0,0.0,0.0,0.0,0.0,0.0,0.0,0.0,0.0
2.2399999999998643,0.7818345354420101,0.0,1.9967495611835506,0.0,0.0,0.0,0.0,0.0,0,0.0,0.0,0.0,0.0,0.0,0.0,0.0,0.0,0.0,0.0,0.0,0.0,0.0,0.0,0.0,0.0
2.259999999999862,0.7950354554018157,0.0,1.99674245462473,0.0,0.0,0.0,0.0,0.0,0,0.0,0.0,0.0,0.0,0.0,0.0,0.0,0.0,0.0,0.0,0.0,0.0,0.0,0.0,0.0,0.0
2.27999999999986,0.8083096953466606,0.0,1.9967356607772813,0.0,0.0,0.0,0.0,0.0,0,0.0,0.0,0.0,0.0,0.0,0.0,0.0,0.0,0.0,0.0,0.0,0.0,0.0,0.0,0.0,0.0
2.2999999999998577,0.8216565215147715,0.0,1.9967291691743176,0.0,0.0,0.0,0.0,0.0,0,0.0,0.0,0.0,0.0,0.0,0.0,0.0,0.0,0.0,0.0,0.0,0.0,0.0,0.0,0.0,0.0
2.3199999999998555,0.8350752077954222,0.0,1.9967229695724398,0.0,0.0,0.0,0.0,0.0,0,0.0,0.0,0.0,0.0,0.0,0.0,0.0,0.0,0.0,0.0,0.0,0.0,0.0,0.0,0.0,0.0
2.3399999999998533,0.8485650356512096,0.0,1.9967170519525403,0.0,0.0,0.0,0.0,0.0,0,0.0,0.0,0.0,0.0,0.0,0.0,0.0,0.0,0.0,0.0,0.0,0.0,0.0,0.0,0.0,0.0
2.359999999999851,0.8621252940363123,0.0,1.996711406520451,0.0,0.0,0.0,0.0,0.0,0,0.0,0.0,0.0,0.0,0.0,0.0,0.0,0.0,0.0,0.0,0.0,0.0,0.0,0.0,0.0,0.0
2.379999999999849,0.8757552793115728,0.0,1.9967060237073977,0.0,0.0,0.0,0.0,0.0,0,0.0,0.0,0.0,0.0,0.0,0.0,0.0,0.0,0.0,0.0,0.0,0.0,0.0,0.0,0.0,0.0
2.3999999999998467,0.8894542951571838,0.0,1.9967008941702444,0.0,0.0,0.0,0.0,0.0,0,0.0,0.0,0.0,0.0,0.0,0.0,0.0,0.0,0.0,0.0,0.0,0.0,0.0,0.0,0.0,0.0
2.4199999999998445,0.9032216524836817,0.0,1.9966960087915002,0.0,0.0,0.0,0.0,0.0,0,0.0,0.0,0.0,0.0,0.0,0.0,0.0,0.0,0.0,0.0,0.0,0.0,0.0,0.0,0.0,0.0
2.4399999999998423,0.9170566693418836,0.0,1.996691358679072,0.0,0.0,0.0,0.0,0.0,0,0.0,0.0,0.0,0.0,0.0,0.0,0.0,0.0,0.0,0.0,0.0,0.0,0.0,0.0,0.0,0.0
2.45999999999984,0.9309586708323327,0.0,1.9966869351657575,0.0,0.0,0.0,0.0,0.0,0,0.0,0.0,0.0,0.0,0.0,0.0,0.0,0.0,0.0,0.0,0.0,0.0,0.0,0.0,0.0,0.0
2.479999999999838,0.944926989014754,0.0,1.9966827298084666,0.0,0.0,0.0,0.0,0.0,0,0.0,0.0,0.0,0.0,0.0,0.0,0.0,0.0,0.0,0.0,0.0,0.0,0.0,0.0,0.0,0.0
2.4999999999998357,0.9589609628179483,0.0,1.9966787343871795,0.0,0.0,0.0,0.0,0.0,0,0.0,0.0,0.0,0.0,0.0,0.0,0.0,0.0,0.0,0.0,0.0,0.0,0.0,0.0,0.0,0.0
2.5199999999998335,0.9730599379505004,0.0,1.9966749409036204,0.0,0.0,0.0,0.0,0.0,0,0.0,0.0,0.0,0.0,0.0,0.0,0.0,0.0,0.0,0.0,0.0,0.0,0.0,0.0,0.0,0.0
2.5399999999998313,0.9872232668126124,0.0,1.9966713415796788,0.0,0.0,0.0,0.0,0.0,0,0.0,0.0,0.0,0.0,0.0,0.0,0.0,0.0,0.0,0.0,0.0,0.0,0.0,0.0,0.0,0.0
2.559999999999829,1.001450308409321,0.0,1.9966679288555627,0.0,0.0,0.0,0.0,0.0,0,0.0,0.0,0.0,0.0,0.0,0.0,0.0,0.0,0.0,0.0,0.0,0.0,0.0,0.0,0.0,0.0
2.579999999999827,1.0157404282653093,0.0,1.9966646953877027,0.0,0.0,0.0,0.0,0.0,0,0.0,0.0,0.0,0.0,0.0,0.0,0.0,0.0,0.0,0.0,0.0,0.0,0.0,0.0,0.0,0.0
2.5999999999998247,1.0300929983414728,0.0,1.9966616340464194,0.0,0.0,0.0,0.0,0.0,0,0.0,0.0,0.0,0.0,0.0,0.0,0.0,0.0,0.0,0.0,0.0,0.0,0.0,0.0,0.0,0.0
2.6199999999998225,1.0445073969533634,0.0,1.9966587379133607,0.0,0.0,0.0,0.0,0.0,0,0.0,0.0,0.0,0.0,0.0,0.0,0.0,0.0,0.0,0.0,0.0,0.0,0.0,0.0,0.0,0.0
2.6399999999998203,1.0589830086915915,0.0,1.9966560002787301,0.0,0.0,0.0,0.0,0.0,0,0.0,0.0,0.0,0.0,0.0,0.0,0.0,0.0,0.0,0.0,0.0,0.0,0.0,0.0,0.0,0.0
2.659999999999818,1.073519224344242,0.0,1.9966534146383148,0.0,0.0,0.0,0.0,0.0,0,0.0,0.0,0.0,0.0,0.0,0.0,0.0,0.0,0.0,0.0,0.0,0.0,0.0,0.0,0.0,0.0
2.679999999999816,1.0881154408213243,0.0,1.996650974690335,0.0,0.0,0.0,0.0,0.0,0,0.0,0.0,0.0,0.0,0.0,0.0,0.0,0.0,0.0,0.0,0.0,0.0,0.0,0.0,0.0,0.0
2.6999999999998137,1.1027710610812453,0.0,1.9966486743321252,0.0,0.0,0.0,0.0,0.0,0,0.0,0.0,0.0,0.0,0.0,0.0,0.0,0.0,0.0,0.0,0.0,0.0,0.0,0.0,0.0,0.0
2.7199999999998115,1.117485494059292,0.0,1.9966465076566706,0.0,0.0,0.0,0.0,0.0,0,0.0,0.0,0.0,0.0,0.0,0.0,0.0,0.0,0.0,0.0,0.0,0.0,0.0,0.0,0.0,0.0
2.7399999999998093,1.1322581545980759,0.0,1.9966444689490073,0.0,0.0,0.0,0.0,0.0,0,0.0,0.0,0.0,0.0,0.0,0.0,0.0,0.0,0.0,0.0,0.0,0.0,0.0,0.0,0.0,0.0
2.759999999999807,1.1470884633798788,0.0,1.9966425526825116,0.0,0.0,0.0,0.0,0.0,0,0.0,0.0,0.0,0.0,0.0,0.0,0.0,0.0,0.0,0.0,0.0,0.0,0.0,0.0,0.0,0.0
2.779999999999805,1.1619758468608343,0.0,1.9966407535150859,0.0,0.0,0.0,0.0,0.0,0,0.0,0.0,0.0,0.0,0.0,0.0,0.0,0.0,0.0,0.0,0.0,0.0,0.0,0.0,0.0,0.0
2.7999999999998026,1.1769197372068665,0.0,1.996639066285263,0.0,0.0,0.0,0.0,0.0,0,0.0,0.0,0.0,0.0,0.0,0.0,0.0,0.0,0.0,0.0,0.0,0.0,0.0,0.0,0.0,0.0
2.8199999999998004,1.1919195722313,0.0,1.9966374860082445,0.0,0.0,0.0,0.0,0.0,0,0.0,0.0,0.0,0.0,0.0,0.0,0.0,0.0,0.0,0.0,0.0,0.0,0.0,0.0,0.0,0.0
2.8399999999997982,1.2069747953340517,0.0,1.9966360078718783,0.0,0.0,0.0,0.0,0.0,0,0.0,0.0,0.0,0.0,0.0,0.0,0.0,0.0,0.0,0.0,0.0,0.0,0.0,0.0,0.0,0.0
2.859999999999796,1.2220848554423127,0.0,1.9966346272326028,0.0,0.0,0.0,0.0,0.0,0,0.0,0.0,0.0,0.0,0.0,0.0,0.0,0.0,0.0,0.0,0.0,0.0,0.0,0.0,0.0,0.0
2.879999999999794,1.237249206952627,0.0,1.9966333396113622,0.0,0.0,0.0,0.0,0.0,0,0.0,0.0,0.0,0.0,0.0,0.0,0.0,0.0,0.0,0.0,0.0,0.0,0.0,0.0,0.0,0.0
2.8999999999997916,1.2524673096742778,0.0,1.9966321406895038,0.0,0.0,0.0,0.0,0.0,0,0.0,0.0,0.0,0.0,0.0,0.0,0.0,0.0,0.0,0.0,0.0,0.0,0.0,0.0,0.0,0.0
2.9199999999997894,1.2677386287738817,0.0,1.9966310263046743,0.0,0.0,0.0,0.0,0.0,0,0.0,0.0,0.0,0.0,0.0,0.0,0.0,0.0,0.0,0.0,0.0,0.0,0.0,0.0,0.0,0.0
2.9399999999997872,1.2830626347211174,0.0,1.9966299924467226,0.0,0.0,0.0,0.0,0.0,0,0.0,0.0,0.0,0.0,0.0,0.0,0.0,0.0,0.0,0.0,0.0,0.0,0.0,0.0,0.0,0.0
2.959999999999785,1.2984388032354937,0.0,1.9966290352536185,0.0,0.0,0.0,0.0,0.0,0,0.0,0.0,0.0,0.0,0.0,0.0,0.0,0.0,0.0,0.0,0.0,0.0,0.0,0.0,0.0,0.0
2.979999999999783,1.3138666152340779,0.0,1.9966281510073958,0.0,0.0,0.0,0.0,0.0,0,0.0,0.0,0.0,0.0,0.0,0.0,0.0,0.0,0.0,0.0,0.0,0.0,0.0,0.0,0.0,0.0
2.9999999999997806,1.3293455567801147,0.0,1.9966273361301299,0.0,0.0,0.0,0.0,0.0,0,0.0,0.0,0.0,0.0,0.0,0.0,0.0,0.0,0.0,0.0,0.0,0.0,0.0,0.0,0.0,0.0
3.0199999999997784,1.3448751190324602,0.0,1.996626587179956,0.0,0.0,0.0,0.0,0.0,0,0.0,0.0,0.0,0.0,0.0,0.0,0.0,0.0,0.0,0.0,0.0,0.0,0.0,0.0,0.0,0.0
3.039999999999776,1.36045479819577,0.0,1.996625900847131,0.0,0.0,0.0,0.0,0.0,0,0.0,0.0,0.0,0.0,0.0,0.0,0.0,0.0,0.0,0.0,0.0,0.0,0.0,0.0,0.0,0.0
3.059999999999774,1.3760840954713793,0.0,1.9966252739501482,0.0,0.0,0.0,0.0,0.0,0,0.0,0.0,0.0,0.0,0.0,0.0,0.0,0.0,0.0,0.0,0.0,0.0,0.0,0.0,0.0,0.0
3.079999999999772,1.3917625170088217,0.0,1.9966247034319138,0.0,0.0,0.0,0.0,0.0,0,0.0,0.0,0.0,0.0,0.0,0.0,0.0,0.0,0.0,0.0,0.0,0.0,0.0,0.0,0.0,0.0
3.0999999999997696,1.407489573857937,0.0,1.996624186355976,0.0,0.0,0.0,0.0,0.0,0,0.0,0.0,0.0,0.0,0.0,0.0,0.0,0.0,0.0,0.0,0.0,0.0,0.0,0.0,0.0,0.0
3.1199999999997674,1.4232647819215292,0.0,1.9966237199028292,0.0,0.0,0.0,0.0,0.0,0,0.0,0.0,0.0,0.0,0.0,0.0,0.0,0.0,0.0,0.0,0.0,0.0,0.0,0.0,0.0,0.0
3.139999999999765,1.439087661908529,0.0,1.9966233013662757,0.0,0.0,0.0,0.0,0.0,0,0.0,0.0,0.0,0.0,0.0,0.0,0.0,0.0,0.0,0.0,0.0,0.0,0.0,0.0,0.0,0.0
3.159999999999763,1.4549577392876334,0.0,1.9966229281498638,0.0,0.0,0.0,0.0,0.0,0,0.0,0.0,0.0,0.0,0.0,0.0,0.0,0.0,0.0,0.0,0.0,0.0,0.0,0.0,0.0,0.0
3.179999999999761,1.4708745442413862,0.0,1.9966225977633987,0.0,0.0,0.0,0.0,0.0,0,0.0,0.0,0.0,0.0,0.0,0.0,0.0,0.0,0.0,0.0,0.0,0.0,0.0,0.0,0.0,0.0
3.1999999999997586,1.4868376116206852,0.0,1.9966223078195244,0.0,0.0,0.0,0.0,0.0,0,0.0,0.0,0.0,0.0,0.0,0.0,0.0,0.0,0.0,0.0,0.0,0.0,0.0,0.0,0.0,0.0
3.2199999999997564,1.5028464808996813,0.0,1.9966220560303805,0.0,0.0,0.0,0.0,0.0,0,0.0,0.0,0.0,0.0,0.0,0.0,0.0,0.0,0.0,0.0,0.0,0.0,0.0,0.0,0.0,0.0
3.239999999999754,1.5189006961310654,0.0,1.9966218402043383,0.0,0.0,0.0,0.0,0.0,0,0.0,0.0,0.0,0.0,0.0,0.0,0.0,0.0,0.0,0.0,0.0,0.0,0.0,0.0,0.0,0.0
3.259999999999752,1.5349998059017151,0.0,1.9966216582428102,0.0,0.0,0.0,0.0,0.0,0,0.0,0.0,0.0,0.0,0.0,0.0,0.0,0.0,0.0,0.0,0.0,0.0,0.0,0.0,0.0,0.0
3.27999999999975,1.5511433632887053,0.0,1.9966215081371368,0.0,0.0,0.0,0.0,0.0,0,0.0,0.0,0.0,0.0,0.0,0.0,0.0,0.0,0.0,0.0,0.0,0.0,0.0,0.0,0.0,0.0
3.2999999999997476,1.5673309258156567,0.0,1.9966213879655481,0.0,0.0,0.0,0.0,0.0,0,0.0,0.0,0.0,0.0,0.0,0.0,0.0,0.0,0.0,0.0,0.0,0.0,0.0,0.0,0.0,0.0
3.3199999999997454,1.5835620554094318,0.0,1.9966212958902039,0.0,0.0,0.0,0.0,0.0,0,0.0,0.0,0.0,0.0,0.0,0.0,0.0,0.0,0.0,0.0,0.0,0.0,0.0,0.0,0.0,0.0
3.339999999999743,1.5998363183571607,0.0,1.996621230154309,0.0,0.0,0.0,0.0,0.0,0,0.0,0.0,0.0,0.0,0.0,0.0,0.0,0.0,0.0,0.0,0.0,0.0,0.0,0.0,0.0,0.0
3.359999999999741,1.6161532852636022,0.0,1.996621189079301,0.0,0.0,0.0,0.0,0.0,0,0.0,0.0,0.0,0.0,0.0,0.0,0.0,0.0,0.0,0.0,0.0,0.0,0.0,0.0,0.0,0.0
3.3799999999997388,1.6325125310088344,0.0,1.9966211710621158,0.0,0.0,0.0,0.0,0.0,0,0.0,0.0,0.0,0.0,0.0,0.0,0.0,0.0,0.0,0.0,0.0,0.0,0.0,0.0,0.0,0.0
3.3999999999997366,1.6489136347062765,0.0,1.996621174572523,0.0,0.0,0.0,0.0,0.0,0,0.0,0.0,0.0,0.0,0.0,0.0,0.0,0.0,0.0,0.0,0.0,0.0,0.0,0.0,0.0,0.0
3.4199999999997344,1.665356179661041,0.0,1.9966211981505357,0.0,0.0,0.0,0.0,0.0,0,0.0,0.0,0.0,0.0,0.0,0.0,0.0,0.0,0.0,0.0,0.0,0.0,0.0,0.0,0.0,0.0
3.439999999999732,1.681839753328617,0.0,1.9966212404038879,0.0,0.0,0.0,0.0,0.0,0,0.0,0.0,0.0,0.0,0.0,0.0,0.0,0.0,0.0,0.0,0.0,0.0,0.0,0.0,0.0,0.0
3.45999999999973,1.6983639472738898,0.0,1.9966213000055877,0.0,0.0,0.0,0.0,0.0,0,0.0,0.0,0.0,0.0,0.0,0.0,0.0,0.0,0.0,0.0,0.0,0.0,0.0,0.0,0.0,0.0
3.4799999999997278,1.7149283571304959,0.0,1.9966213756915334,0.0,0.0,0.0,0.0,0.0,0,0.0,0.0,0.0,0.0,0.0,0.0,0.0,0.0,0.0,0.0,0.0,0.0,0.0,0.0,0.0,0.0
3.4999999999997256,1.7315325825605148,0.0,1.9966214662581991,0.0,0.0,0.0,0.0,0.0,0,0.0,0.0,0.0,0.0,0.0,0.0,0.0,0.0,0.0,0.0,0.0,0.0,0.0,0.0,0.0,0.0
3.5199999999997234,1.7481762272145052,0.0,1.9966215705603874,0.0,0.0,0.0,0.0,0.0,0,0.0,0.0,0.0,0.0,0.0,0.0,0.0,0.0,0.0,0.0,0.0,0.0,0.0,0.0,0.0,0.0
3.539999999999721,1.7648588986918836,0.0,1.9966216875090448,0.0,0.0,0.0,0.0,0.0,0,0.0,0.0,0.0,0.0,0.0,0.0,0.0,0.0,0.0,0.0,0.0,0.0,0.0,0.0,0.0,0.0
3.559999999999719,1.7815802085016497,0.0,1.9966218160691425,0.0,0.0,0.0,0.0,0.0,0,0.0,0.0,0.0,0.0,0.0,0.0,0.0,0.0,0.0,0.0,0.0,0.0,0.0,0.0,0.0,0.0
3.5799999999997167,1.7983397720234604,0.0,1.9966219552576183,0.0,0.0,0.0,0.0,0.0,0,0.0,0.0,0.0,0.0,0.0,0.0,0.0,0.0,0.0,0.0,0.0,0.0,0.0,0.0,0.0,0.0
3.5999999999997145,1.815137208469054,0.0,1.9966221041413796,0.0,0.0,0.0,0.0,0.0,0,0.0,0.0,0.0,0.0,0.0,0.0,0.0,0.0,0.0,0.0,0.0,0.0,0.0,0.0,0.0,0.0
3.6199999999997123,1.8319721408440288,0.0,1.9966222618353653,0.0,0.0,0.0,0.0,0.0,0,0.0,0.0,0.0,0.0,0.0,0.0,0.0,0.0,0.0,0.0,0.0,0.0,0.0,0.0,0.0,0.0
3.63999999999971,1.848844195909976,0.0,1.9966224275006674,0.0,0.0,0.0,0.0,0.0,0,0.0,0.0,0.0,0.0,0.0,0.0,0.0,0.0,0.0,0.0,0.0,0.0,0.0,0.0,0.0,0.0
3.659999999999708,1.865753004146964,0.0,1.9966226003427088,0.0,0.0,0.0,0.0,0.0,0,0.0,0.0,0.0,0.0,0.0,0.0,0.0,0.0,0.0,0.0,0.0,0.0,0.0,0.0,0.0,0.0
3.6799999999997057,1.8826981997163843,0.0,1.9966227796094749,0.0,0.0,0.0,0.0,0.0,0,0.0,0.0,0.0,0.0,0.0,0.0,0.0,0.0,0.0,0.0,0.0,0.0,0.0,0.0,0.0,0.0
3.6999999999997035,1.8996794204241512,0.0,1.9966229645898037,0.0,0.0,0.0,0.0,0.0,0,0.0,0.0,0.0,0.0,0.0,0.0,0.0,0.0,0.0,0.0,0.0,0.0,0.0,0.0,0.0,0.0
3.7199999999997013,1.9166963076842576,0.0,1.9966231546117261,0.0,0.0,0.0,0.0,0.0,0,0.0,0.0,0.0,0.0,0.0,0.0,0.0,0.0,0.0,0.0,0.0,0.0,0.0,0.0,0.0,0.0
3.739999999999699,1.9337485064826891,0.0,1.996623349040859,0.0,0.0,0.0,0.0,0.0,0,0.0,0.0,0.0,0.0,0.0,0.0,0.0,0.0,0.0,0.0,0.0,0.0,0.0,0.0,0.0,0.0
3.759999999999697,1.9508356653416923,0.0,1.9966235472788492,0.0,0.0,0.0,0.0,0.0,0,0.0,0.0,0.0,0.0,0.0,0.0,0.0,0.0,0.0,0.0,0.0,0.0,0.0,0.0,0.0,0.0
3.7799999999996947,1.9679574362843986,0.0,1.9966237487618679,0.0,0.0,0.0,0.0,0.0,0,0.0,0.0,0.0,0.0,0.0,0.0,0.0,0.0,0.0,0.0,0.0,0.0,0.0,0.0,0.0,0.0
3.7999999999996925,1.9851134747997985,0.0,1.996623952959153,0.0,0.0,0.0,0.0,0.0,0,0.0,0.0,0.0,0.0,0.0,0.0,0.0,0.0,0.0,0.0,0.0,0.0,0.0,0.0,0.0,0.0
3.8199999999996903,2.0023034398080726,0.0,1.9966241593715988,0.0,0.0,0.0,0.0,0.0,0,0.0,0.0,0.0,0.0,0.0,0.0,0.0,0.0,0.0,0.0,0.0,0.0,0.0,0.0,0.0,0.0
3.839999999999688,2.0195269936262683,0.0,1.9966243675303896,0.0,0.0,0.0,0.0,0.0,0,0.0,0.0,0.0,0.0,0.0,0.0,0.0,0.0,0.0,0.0,0.0,0.0,0.0,0.0,0.0,0.0
3.859999999999686,2.0367838019343285,0.0,1.9966245769956854,0.0,0.0,0.0,0.0,0.0,0,0.0,0.0,0.0,0.0,0.0,0.0,0.0,0.0,0.0,0.0,0.0,0.0,0.0,0.0,0.0,0.0
3.8799999999996837,2.0540735337414526,0.0,1.9966247873553449,0.0,0.0,0.0,0.0,0.0,0,0.0,0.0,0.0,0.0,0.0,0.0,0.0,0.0,0.0,0.0,0.0,0.0,0.0,0.0,0.0,0.0
3.8999999999996815,2.071395861352819,0.0,1.9966249982236939,0.0,0.0,0.0,0.0,0.0,0,0.0,0.0,0.0,0.0,0.0,0.0,0.0,0.0,0.0,0.0,0.0,0.0,0.0,0.0,0.0,0.0
3.9199999999996793,2.0887504603366343,0.0,1.9966252092403352,0.0,0.0,0.0,0.0,0.0,0,0.0,0.0,0.0,0.0,0.0,0.0,0.0,0.0,0.0,0.0,0.0,0.0,0.0,0.0,0.0,0.0
3.939999999999677,2.1061370094915186,0.0,1.9966254200690035,0.0,0.0,0.0,0.0,0.0,0,0.0,0.0,0.0,0.0,0.0,0.0,0.0,0.0,0.0,0.0,0.0,0.0,0.0,0.0,0.0,0.0
3.959999999999675,2.123555190814236,0.0,1.9966256303964525,0.0,0.0,0.0,0.0,0.0,0,0.0,0.0,0.0,0.0,0.0,0.0,0.0,0.0,0.0,0.0,0.0,0.0,0.0,0.0,0.0,0.0
3.9799999999996727,2.1410046894677373,0.0,1.9966258399313903,0.0,0.0,0.0,0.0,0.0,0,0.0,0.0,0.0,0.0,0.0,0.0,0.0,0.0,0.0,0.0,0.0,0.0,0.0,0.0,0.0,0.0
3.9999999999996705,2.158485193749547,0.0,1.9966260484034442,0.0,0.0,0.0,0.0,0.0,0,0.0,0.0,0.0,0.0,0.0,0.0,0.0,0.0,0.0,0.0,0.0,0.0,0.0,0.0,0.0,0.0
4.019999999999677,2.175996395060462,0.0,1.9966262555621683,0.0,0.0,0.0,0.0,0.0,0,0.0,0.0,0.0,0.0,0.0,0.0,0.0,0.0,0.0,0.0,0.0,0.0,0.0,0.0,0.0,0.0
4.039999999999684,2.1935379878735786,0.0,1.9966264611760842,0.0,0.0,0.0,0.0,0.0,0,0.0,0.0,0.0,0.0,0.0,0.0,0.0,0.0,0.0,0.0,0.0,0.0,0.0,0.0,0.0,0.0
4.0599999999996905,2.2111096697036268,0.0,1.9966266650317597,0.0,0.0,0.0,0.0,0.0,0,0.0,0.0,0.0,0.0,0.0,0.0,0.0,0.0,0.0,0.0,0.0,0.0,0.0,0.0,0.0,0.0
4.079999999999697,2.228711141076627,0.0,1.9966268669329188,0.0,0.0,0.0,0.0,0.0,0,0.0,0.0,0.0,0.0,0.0,0.0,0.0,0.0,0.0,0.0,0.0,0.0,0.0,0.0,0.0,0.0
4.099999999999704,2.2463421054998483,0.0,1.9966270666995853,0.0,0.0,0.0,0.0,0.0,0,0.0,0.0,0.0,0.0,0.0,0.0,0.0,0.0,0.0,0.0,0.0,0.0,0.0,0.0,0.0,0.0
4.119999999999711,2.264002269432077,0.0,1.996627264167262,0.0,0.0,0.0,0.0,0.0,0,0.0,0.0,0.0,0.0,0.0,0.0,0.0,0.0,0.0,0.0,0.0,0.0,0.0,0.0,0.0,0.0
4.139999999999717,2.281691342254188,0.0,1.9966274591861366,0.0,0.0,0.0,0.0,0.0,0,0.0,0.0,0.0,0.0,0.0,0.0,0.0,0.0,0.0,0.0,0.0,0.0,0.0,0.0,0.0,0.0
4.159999999999724,2.2994090362400117,0.0,1.9966276516203236,0.0,0.0,0.0,0.0,0.0,0,0.0,0.0,0.0,0.0,0.0,0.0,0.0,0.0,0.0,0.0,0.0,0.0,0.0,0.0,0.0,0.0
4.179999999999731,2.3171550665274983,0.0,1.9966278413471288,0.0,0.0,0.0,0.0,0.0,0,0.0,0.0,0.0,0.0,0.0,0.0,0.0,0.0,0.0,0.0,0.0,0.0,0.0,0.0,0.0,0.0
4.199999999999737,2.334929151090173,0.0,1.996628028256351,0.0,0.0,0.0,0.0,0.0,0,0.0,0.0,0.0,0.0,0.0,0.0,0.0,0.0,0.0,0.0,0.0,0.0,0.0,0.0,0.0,0.0
4.219999999999744,2.352731010708887,0.0,1.9966282122496068,0.0,0.0,0.0,0.0,0.0,0,0.0,0.0,0.0,0.0,0.0,0.0,0.0,0.0,0.0,0.0,0.0,0.0,0.0,0.0,0.0,0.0
4.239999999999751,2.370560368943839,0.0,1.9966283932396804,0.0,0.0,0.0,0.0,0.0,0,0.0,0.0,0.0,0.0,0.0,0.0,0.0,0.0,0.0,0.0,0.0,0.0,0.0,0.0,0.0,0.0
4.259999999999757,2.388416952106889,0.0,1.9966285711499068,0.0,0.0,0.0,0.0,0.0,0,0.0,0.0,0.0,0.0,0.0,0.0,0.0,0.0,0.0,0.0,0.0,0.0,0.0,0.0,0.0,0.0
4.279999999999764,2.4063004892341513,0.0,1.9966287459135734,0.0,0.0,0.0,0.0,0.0,0,0.0,0.0,0.0,0.0,0.0,0.0,0.0,0.0,0.0,0.0,0.0,0.0,0.0,0.0,0.0,0.0
4.299999999999771,2.4242107120588625,0.0,1.9966289174733525,0.0,0.0,0.0,0.0,0.0,0,0.0,0.0,0.0,0.0,0.0,0.0,0.0,0.0,0.0,0.0,0.0,0.0,0.0,0.0,0.0,0.0
4.319999999999777,2.442147354984514,0.0,1.9966290857807518,0.0,0.0,0.0,0.0,0.0,0,0.0,0.0,0.0,0.0,0.0,0.0,0.0,0.0,0.0,0.0,0.0,0.0,0.0,0.0,0.0,0.0
4.339999999999784,2.4601101550582674,0.0,1.9966292507955945,0.0,0.0,0.0,0.0,0.0,0,0.0,0.0,0.0,0.0,0.0,0.0,0.0,0.0,0.0,0.0,0.0,0.0,0.0,0.0,0.0,0.0
4.359999999999791,2.4780988519446208,0.0,1.9966294124855153,0.0,0.0,0.0,0.0,0.0,0,0.0,0.0,0.0,0.0,0.0,0.0,0.0,0.0,0.0,0.0,0.0,0.0,0.0,0.0,0.0,0.0
4.379999999999797,2.4961131878993554,0.0,1.996629570825484,0.0,0.0,0.0,0.0,0.0,0,0.0,0.0,0.0,0.0,0.0,0.0,0.0,0.0,0.0,0.0,0.0,0.0,0.0,0.0,0.0,0.0
4.399999999999804,2.514152907743729,0.0,1.9966297257973453,0.0,0.0,0.0,0.0,0.0,0,0.0,0.0,0.0,0.0,0.0,0.0,0.0,0.0,0.0,0.0,0.0,0.0,0.0,0.0,0.0,0.0
4.419999999999811,2.5322177588389323,0.0,1.9966298773893856,0.0,0.0,0.0,0.0,0.0,0,0.0,0.0,0.0,0.0,0.0,0.0,0.0,0.0,0.0,0.0,0.0,0.0,0.0,0.0,0.0,0.0
4.439999999999817,2.550307491060806,0.0,1.9966300255959095,0.0,0.0,0.0,0.0,0.0,0,0.0,0.0,0.0,0.0,0.0,0.0,0.0,0.0,0.0,0.0,0.0,0.0,0.0,0.0,0.0,0.0
4.459999999999824,2.5684218567747967,0.0,1.9966301704168443,0.0,0.0,0.0,0.0,0.0,0,0.0,0.0,0.0,0.0,0.0,0.0,0.0,0.0,0.0,0.0,0.0,0.0,0.0,0.0,0.0,0.0
4.479999999999831,2.5865606108111647,0.0,1.9966303118573598,0.0,0.0,0.0,0.0,0.0,0,0.0,0.0,0.0,0.0,0.0,0.0,0.0,0.0,0.0,0.0,0.0,0.0,0.0,0.0,0.0,0.0
4.4999999999998375,2.604723510440435,0.0,1.9966304499275036,0.0,0.0,0.0,0.0,0.0,0,0.0,0.0,0.0,0.0,0.0,0.0,0.0,0.0,0.0,0.0,0.0,0.0,0.0,0.0,0.0,0.0
4.519999999999844,2.622910315349166,0.0,1.9966305846418553,0.0,0.0,0.0,0.0,0.0,0,0.0,0.0,0.0,0.0,0.0,0.0,0.0,0.0,0.0,0.0,0.0,0.0,0.0,0.0,0.0,0.0
4.539999999999851,2.6411207876158924,0.0,1.9966307160191943,0.0,0.0,0.0,0.0,0.0,0,0.0,0.0,0.0,0.0,0.0,0.0,0.0,0.0,0.0,0.0,0.0,0.0,0.0,0.0,0.0,0.0
4.5599999999998575,2.659354691687241,0.0,1.996630844082191,0.0,0.0,0.0,0.0,0.0,0,0.0,0.0,0.0,0.0,0.0,0.0,0.0,0.0,0.0,0.0,0.0,0.0,0.0,0.0,0.0,0.0
4.579999999999864,2.6776117943543736,0.0,1.9966309688571076,0.0,0.0,0.0,0.0,0.0,0,0.0,0.0,0.0,0.0,0.0,0.0,0.0,0.0,0.0,0.0,0.0,0.0,0.0,0.0,0.0,0.0
4.599999999999871,2.6958918647296564,0.0,1.996631090373513,0.0,0.0,0.0,0.0,0.0,0,0.0,0.0,0.0,0.0,0.0,0.0,0.0,0.0,0.0,0.0,0.0,0.0,0.0,0.0,0.0,0.0
4.6199999999998775,2.714194674223556,0.0,1.9966312086640134,0.0,0.0,0.0,0.0,0.0,0,0.0,0.0,0.0,0.0,0.0,0.0,0.0,0.0,0.0,0.0,0.0,0.0,0.0,0.0,0.0,0.0
4.639999999999884,2.7325199965217575,0.0,1.996631323763996,0.0,0.0,0.0,0.0,0.0,0,0.0,0.0,0.0,0.0,0.0,0.0,0.0,0.0,0.0,0.0,0.0,0.0,0.0,0.0,0.0,0.0
4.659999999999891,2.7508676075625154,0.0,1.9966314357113866,0.0,0.0,0.0,0.0,0.0,0,0.0,0.0,0.0,0.0,0.0,0.0,0.0,0.0,0.0,0.0,0.0,0.0,0.0,0.0,0.0,0.0
4.679999999999898,2.7692372855142238,0.0,1.9966315445464176,0.0,0.0,0.0,0.0,0.0,0,0.0,0.0,0.0,0.0,0.0,0.0,0.0,0.0,0.0,0.0,0.0,0.0,0.0,0.0,0.0,0.0
4.699999999999904,2.7876288107532194,0.0,1.9966316503114119,0.0,0.0,0.0,0.0,0.0,0,0.0,0.0,0.0,0.0,0.0,0.0,0.0,0.0,0.0,0.0,0.0,0.0,0.0,0.0,0.0,0.0
4.719999999999911,2.8060419658417954,0.0,1.9966317530505737,0.0,0.0,0.0,0.0,0.0,0,0.0,0.0,0.0,0.0,0.0,0.0,0.0,0.0,0.0,0.0,0.0,0.0,0.0,0.0,0.0,0.0
4.739999999999918,2.824476535506442,0.0,1.9966318528097935,0.0,0.0,0.0,0.0,0.0,0,0.0,0.0,0.0,0.0,0.0,0.0,0.0,0.0,0.0,0.0,0.0,0.0,0.0,0.0,0.0,0.0
4.759999999999924,2.8429323066162997,0.0,1.9966319496364635,0.0,0.0,0.0,0.0,0.0,0,0.0,0.0,0.0,0.0,0.0,0.0,0.0,0.0,0.0,0.0,0.0,0.0,0.0,0.0,0.0,0.0
4.779999999999931,2.8614090681618234,0.0,1.9966320435793024,0.0,0.0,0.0,0.0,0.0,0,0.0,0.0,0.0,0.0,0.0,0.0,0.0,0.0,0.0,0.0,0.0,0.0,0.0,0.0,0.0,0.0
4.799999999999938,2.879906611233667,0.0,1.9966321346881901,0.0,0.0,0.0,0.0,0.0,0,0.0,0.0,0.0,0.0,0.0,0.0,0.0,0.0,0.0,0.0,0.0,0.0,0.0,0.0,0.0,0.0
4.819999999999944,2.8984247290017757,0.0,1.9966322230140126,0.0,0.0,0.0,0.0,0.0,0,0.0,0.0,0.0,0.0,0.0,0.0,0.0,0.0,0.0,0.0,0.0,0.0,0.0,0.0,0.0,0.0
4.839999999999951,2.9169632166946795,0.0,1.9966323086085138,0.0,0.0,0.0,0.0,0.0,0,0.0,0.0,0.0,0.0,0.0,0.0,0.0,0.0,0.0,0.0,0.0,0.0,0.0,0.0,0.0,0.0
4.859999999999958,2.935521871579005,0.0,1.9966323915241602,0.0,0.0,0.0,0.0,0.0,0,0.0,0.0,0.0,0.0,0.0,0.0,0.0,0.0,0.0,0.0,0.0,0.0,0.0,0.0,0.0,0.0
4.879999999999964,2.9541004929391796,0.0,1.9966324718140072,0.0,0.0,0.0,0.0,0.0,0,0.0,0.0,0.0,0.0,0.0,0.0,0.0,0.0,0.0,0.0,0.0,0.0,0.0,0.0,0.0,0.0
4.899999999999971,2.9726988820573452,0.0,1.9966325495315809,0.0,0.0,0.0,0.0,0.0,0,0.0,0.0,0.0,0.0,0.0,0.0,0.0,0.0,0.0,0.0,0.0,0.0,0.0,0.0,0.0,0.0
4.919999999999978,2.991316842193468,0.0,1.9966326247307604,0.0,0.0,0.0,0.0,0.0,0,0.0,0.0,0.0,0.0,0.0,0.0,0.0,0.0,0.0,0.0,0.0,0.0,0.0,0.0,0.0,0.0
4.939999999999984,3.0099541785656783,0.0,1.9966326974656725,0.0,0.0,0.0,0.0,0.0,0,0.0,0.0,0.0,0.0,0.0,0.0,0.0,0.0,0.0,0.0,0.0,0.0,0.0,0.0,0.0,0.0
4.959999999999991,3.0286106983307812,0.0,1.9966327677905877,0.0,0.0,0.0,0.0,0.0,0,0.0,0.0,0.0,0.0,0.0,0.0,0.0,0.0,0.0,0.0,0.0,0.0,0.0,0.0,0.0,0.0
4.979999999999998,3.0472862105649217,0.0,1.9966328357598304,0.0,0.0,0.0,0.0,0.0,0,0.0,0.0,0.0,0.0,0.0,0.0,0.0,0.0,0.0,0.0,0.0,0.0,0.0,0.0,0.0,0.0
5.000000000000004,3.065980526244469,0.0,1.9966329014276925,0.0,0.0,0.0,0.0,0.0,0,0.0,0.0,0.0,0.0,0.0,0.0,0.0,0.0,0.0,0.0,0.0,0.0,0.0,0.0,0.0,0.0
5.020000000000011,3.084693458227097,0.0,1.9966329648483487,0.0,0.0,0.0,0.0,0.0,0,0.0,0.0,0.0,0.0,0.0,0.0,0.0,0.0,0.0,0.0,0.0,0.0,0.0,0.0,0.0,0.0
5.040000000000018,3.1034248212330584,0.0,1.996633026075783,0.0,0.0,0.0,0.0,0.0,0,0.0,0.0,0.0,0.0,0.0,0.0,0.0,0.0,0.0,0.0,0.0,0.0,0.0,0.0,0.0,0.0
5.0600000000000245,3.122174431826645,0.0,1.9966330851637186,0.0,0.0,0.0,0.0,0.0,0,0.0,0.0,0.0,0.0,0.0,0.0,0.0,0.0,0.0,0.0,0.0,0.0,0.0,0.0,0.0,0.0
5.080000000000031,3.140942108397828,0.0,1.9966331421655512,0.0,0.0,0.0,0.0,0.0,0,0.0,0.0,0.0,0.0,0.0,0.0,0.0,0.0,0.0,0.0,0.0,0.0,0.0,0.0,0.0,0.0
5.100000000000038,3.159727671144087,0.0,1.996633197134288,0.0,0.0,0.0,0.0,0.0,0,0.0,0.0,0.0,0.0,0.0,0.0,0.0,0.0,0.0,0.0,0.0,0.0,0.0,0.0,0.0,0.0
5.1200000000000445,3.1785309420524164,0.0,1.9966332501224942,0.0,0.0,0.0,0.0,0.0,0,0.0,0.0,0.0,0.0,0.0,0.0,0.0,0.0,0.0,0.0,0.0,0.0,0.0,0.0,0.0,0.0
5.140000000000051,3.1973517448815088,0.0,1.996633301182239,0.0,0.0,0.0,0.0,0.0,0,0.0,0.0,0.0,0.0,0.0,0.0,0.0,0.0,0.0,0.0,0.0,0.0,0.0,0.0,0.0,0.0
5.160000000000058,3.2161899051441245,0.0,1.9966333503650513,0.0,0.0,0.0,0.0,0.0,0,0.0,0.0,0.0,0.0,0.0,0.0,0.0,0.0,0.0,0.0,0.0,0.0,0.0,0.0,0.0,0.0
5.1800000000000646,3.235045250089629,0.0,1.9966333977218755,0.0,0.0,0.0,0.0,0.0,0,0.0,0.0,0.0,0.0,0.0,0.0,0.0,0.0,0.0,0.0,0.0,0.0,0.0,0.0,0.0,0.0
5.200000000000071,3.2539176086867094,0.0,1.9966334433030324,0.0,0.0,0.0,0.0,0.0,0,0.0,0.0,0.0,0.0,0.0,0.0,0.0,0.0,0.0,0.0,0.0,0.0,0.0,0.0,0.0,0.0
5.220000000000078,3.2728068116062543,0.0,1.9966334871581821,0.0,0.0,0.0,0.0,0.0,0,0.0,0.0,0.0,0.0,0.0,0.0,0.0,0.0,0.0,0.0,0.0,0.0,0.0,0.0,0.0,0.0
5.240000000000085,3.291712691204414,0.0,1.9966335293362951,0.0,0.0,0.0,0.0,0.0,0,0.0,0.0,0.0,0.0,0.0,0.0,0.0,0.0,0.0,0.0,0.0,0.0,0.0,0.0,0.0,0.0
5.260000000000091,3.3106350815058287,0.0,1.9966335698856201,0.0,0.0,0.0,0.0,0.0,0,0.0,0.0,0.0,0.0,0.0,0.0,0.0,0.0,0.0,0.0,0.0,0.0,0.0,0.0,0.0,0.0
5.280000000000098,3.3295738181870145,0.0,1.9966336088536598,0.0,0.0,0.0,0.0,0.0,0,0.0,0.0,0.0,0.0,0.0,0.0,0.0,0.0,0.0,0.0,0.0,0.0,0.0,0.0,0.0,0.0
5.300000000000105,3.3485287385599283,0.0,1.9966336462871481,0.0,0.0,0.0,0.0,0.0,0,0.0,0.0,0.0,0.0,0.0,0.0,0.0,0.0,0.0,0.0,0.0,0.0,0.0,0.0,0.0,0.0
5.320000000000111,3.367499681555685,0.0,1.9966336822320288,0.0,0.0,0.0,0.0,0.0,0,0.0,0.0,0.0,0.0,0.0,0.0,0.0,0.0,0.0,0.0,0.0,0.0,0.0,0.0,0.0,0.0
5.340000000000118,3.38648648770844,0.0,1.9966337167334396,0.0,0.0,0.0,0.0,0.0,0,0.0,0.0,0.0,0.0,0.0,0.0,0.0,0.0,0.0,0.0,0.0,0.0,0.0,0.0,0.0,0.0
5.360000000000125,3.4054889991394375,0.0,1.9966337498356956,0.0,0.0,0.0,0.0,0.0,0,0.0,0.0,0.0,0.0,0.0,0.0,0.0,0.0,0.0,0.0,0.0,0.0,0.0,0.0,0.0,0.0
5.380000000000131,3.424507059541211,0.0,1.9966337815822774,0.0,0.0,0.0,0.0,0.0,0,0.0,0.0,0.0,0.0,0.0,0.0,0.0,0.0,0.0,0.0,0.0,0.0,0.0,0.0,0.0,0.0
5.400000000000138,3.443540514161946,0.0,1.996633812015819,0.0,0.0,0.0,0.0,0.0,0,0.0,0.0,0.0,0.0,0.0,0.0,0.0,0.0,0.0,0.0,0.0,0.0,0.0,0.0,0.0,0.0
5.420000000000145,3.462589209789994,0.0,1.9966338411780997,0.0,0.0,0.0,0.0,0.0,0,0.0,0.0,0.0,0.0,0.0,0.0,0.0,0.0,0.0,0.0,0.0,0.0,0.0,0.0,0.0,0.0
5.440000000000151,3.481652994738544,0.0,1.996633869110038,0.0,0.0,0.0,0.0,0.0,0,0.0,0.0,0.0,0.0,0.0,0.0,0.0,0.0,0.0,0.0,0.0,0.0,0.0,0.0,0.0,0.0
5.460000000000158,3.5007317188304445,0.0,1.996633895851688,0.0,0.0,0.0,0.0,0.0,0,0.0,0.0,0.0,0.0,0.0,0.0,0.0,0.0,0.0,0.0,0.0,0.0,0.0,0.0,0.0,0.0
5.480000000000165,3.5198252333831794,0.0,1.996633921442231,0.0,0.0,0.0,0.0,0.0,0,0.0,0.0,0.0,0.0,0.0,0.0,0.0,0.0,0.0,0.0,0.0,0.0,0.0,0.0,0.0,0.0
5.500000000000171,3.538933391193993,0.0,1.9966339459199791,0.0,0.0,0.0,0.0,0.0,0,0.0,0.0,0.0,0.0,0.0,0.0,0.0,0.0,0.0,0.0,0.0,0.0,0.0,0.0,0.0,0.0
5.520000000000178,3.5580560465251576,0.0,1.9966339693223714,0.0,0.0,0.0,0.0,0.0,0,0.0,0.0,0.0,0.0,0.0,0.0,0.0,0.0,0.0,0.0,0.0,0.0,0.0,0.0,0.0,0.0
5.540000000000185,3.577193055089395,0.0,1.9966339916859774,0.0,0.0,0.0,0.0,0.0,0,0.0,0.0,0.0,0.0,0.0,0.0,0.0,0.0,0.0,0.0,0.0,0.0,0.0,0.0,0.0,0.0
5.5600000000001915,3.5963442740354434,0.0,1.9966340130464995,0.0,0.0,0.0,0.0,0.0,0,0.0,0.0,0.0,0.0,0.0,0.0,0.0,0.0,0.0,0.0,0.0,0.0,0.0,0.0,0.0,0.0
5.580000000000198,3.615509561933758,0.0,1.9966340334387742,0.0,0.0,0.0,0.0,0.0,0,0.0,0.0,0.0,0.0,0.0,0.0,0.0,0.0,0.0,0.0,0.0,0.0,0.0,0.0,0.0,0.0
5.600000000000205,3.6346887787623676,0.0,1.9966340528967783,0.0,0.0,0.0,0.0,0.0,0,0.0,0.0,0.0,0.0,0.0,0.0,0.0,0.0,0.0,0.0,0.0,0.0,0.0,0.0,0.0,0.0
5.6200000000002115,3.653881785892861,0.0,1.9966340714536346,0.0,0.0,0.0,0.0,0.0,0,0.0,0.0,0.0,0.0,0.0,0.0,0.0,0.0,0.0,0.0,0.0,0.0,0.0,0.0,0.0,0.0
5.640000000000218,3.673088446076519,0.0,1.9966340891416183,0.0,0.0,0.0,0.0,0.0,0,0.0,0.0,0.0,0.0,0.0,0.0,0.0,0.0,0.0,0.0,0.0,0.0,0.0,0.0,0.0,0.0
5.660000000000225,3.692308623430583,0.0,1.9966341059921633,0.0,0.0,0.0,0.0,0.0,0,0.0,0.0,0.0,0.0,0.0,0.0,0.0,0.0,0.0,0.0,0.0,0.0,0.0,0.0,0.0,0.0
5.6800000000002315,3.7115421834246574,0.0,1.9966341220358723,0.0,0.0,0.0,0.0,0.0,0,0.0,0.0,0.0,0.0,0.0,0.0,0.0,0.0,0.0,0.0,0.0,0.0,0.0,0.0,0.0,0.0
5.700000000000238,3.7307889928672577,0.0,1.9966341373025258,0.0,0.0,0.0,0.0,0.0,0,0.0,0.0,0.0,0.0,0.0,0.0,0.0,0.0,0.0,0.0,0.0,0.0,0.0,0.0,0.0,0.0
5.720000000000245,3.750048919892476,0.0,1.9966341518210893,0.0,0.0,0.0,0.0,0.0,0,0.0,0.0,0.0,0.0,0.0,0.0,0.0,0.0,0.0,0.0,0.0,0.0,0.0,0.0,0.0,0.0
5.740000000000252,3.76932183394679,0.0,1.996634165619726,0.0,0.0,0.0,0.0,0.0,0,0.0,0.0,0.0,0.0,0.0,0.0,0.0,0.0,0.0,0.0,0.0,0.0,0.0,0.0,0.0,0.0
5.760000000000258,3.788607605776003,0.0,1.9966341787258073,0.0,0.0,0.0,0.0,0.0,0,0.0,0.0,0.0,0.0,0.0,0.0,0.0,0.0,0.0,0.0,0.0,0.0,0.0,0.0,0.0,0.0
5.780000000000265,3.807906107412318,0.0,1.9966341911659227,0.0,0.0,0.0,0.0,0.0,0,0.0,0.0,0.0,0.0,0.0,0.0,0.0,0.0,0.0,0.0,0.0,0.0,0.0,0.0,0.0,0.0
5.800000000000272,3.827217212161523,0.0,1.9966342029658928,0.0,0.0,0.0,0.0,0.0,0,0.0,0.0,0.0,0.0,0.0,0.0,0.0,0.0,0.0,0.0,0.0,0.0,0.0,0.0,0.0,0.0
5.820000000000278,3.8465407945903265,0.0,1.9966342141507816,0.0,0.0,0.0,0.0,0.0,0,0.0,0.0,0.0,0.0,0.0,0.0,0.0,0.0,0.0,0.0,0.0,0.0,0.0,0.0,0.0,0.0
5.840000000000285,3.8658767305138,0.0,1.9966342247449067,0.0,0.0,0.0,0.0,0.0,0,0.0,0.0,0.0,0.0,0.0,0.0,0.0,0.0,0.0,0.0,0.0,0.0,0.0,0.0,0.0,0.0
5.860000000000292,3.88522489698296,0.0,1.996634234771855,0.0,0.0,0.0,0.0,0.0,0,0.0,0.0,0.0,0.0,0.0,0.0,0.0,0.0,0.0,0.0,0.0,0.0,0.0,0.0,0.0,0.0
5.880000000000298,3.904585172272464,0.0,1.9966342442544953,0.0,0.0,0.0,0.0,0.0,0,0.0,0.0,0.0,0.0,0.0,0.0,0.0,0.0,0.0,0.0,0.0,0.0,0.0,0.0,0.0,0.0
5.900000000000305,3.9239574358684335,0.0,1.9966342532149894,0.0,0.0,0.0,0.0,0.0,0,0.0,0.0,0.0,0.0,0.0,0.0,0.0,0.0,0.0,0.0,0.0,0.0,0.0,0.0,0.0,0.0
5.920000000000312,3.943341568456396,0.0,1.9966342616748074,0.0,0.0,0.0,0.0,20.001433424909216,61,0.0,0.0,0.0,0.0,0.0,0.0,0.0,0.0,0.0,0.0,0.0,0.0,0.0,0.0,0.0516795865633075,0.051599587203302384
5.940000000000318,3.9627405276114285,0.0,1.9966929575465036,0.0,0.0,0.0,0.08333333333333334,20.20541715553906,67,0.0,16.666666666666668,0.0,0.0,0.0,0.0,0.0,0.0,0.0,0.0,0.0,0.0,0.0,0.0,0.060292850990525414,0.06019951840385278
5.960000000000325,3.982164904008443,0.0,1.9970146545303664,0.0,0.0,0.0,0.3055555555555556,20.41570725525886,127,16.666666666666668,44.44444444444444,0.0,0.0,0.0,0.0,0.0,0.0,0.0,0.0,0.0,0.0,0.0,0.0,0.2727533735285674,0.3239307418873983
5.980000000000332,4.0016171137481145,0.0,1.9976476639482785,0.0,0.0,0.0,0.20370370370370366,20.640755725630328,69,11.11111111111111,29.629629629629626,0.0,0.0,0.0,0.0,0.0,0.0,0.0,0.0,0.0,0.0,0.0,0.0,0.207675375634032,0.24175362152658336
6.000000000000338,4.021093134188264,0.0,1.9985174166005784,0.0,0.0,0.0,0.21913580246913578,20.872064734296693,82,7.4074074074074066,36.41975308641975,0.0,0.0,0.0,0.0,0.0,0.0,0.0,0.0,0.0,0.0,0.0,0.0,0.16429004370434175,0.2127686682210246
6.020000000000345,4.040589749563898,0.0,1.9995647176512,0.0,0.0,0.0,0.14609053497942387,21.10265228530631,73,4.93827160493827,24.279835390946502,0.0,0.0,0.0,0.0,0.0,0.0,0.0,0.0,0.0,0.0,0.0,0.0,0.161206282366202,0.16764557241566758
6.040000000000352,4.060105028698462,0.0,2.0007548621180375,0.0,0.0,0.0,0.18072702331961593,21.333322800470146,79,3.292181069958847,32.85322359396434,0.0,0.0,0.0,0.0,0.0,0.0,0.0,0.0,0.0,0.0,0.0,0.0,0.13331064819245508,0.2923622701553367
6.060000000000358,4.079637164037611,0.0,2.002055482532142,0.0,0.0,0.0,0.12048468221307727,21.56546651552761,83,2.1947873799725643,21.90214906264289,0.0,0.0,0.0,0.0,0.0,0.0,0.0,0.0,0.0,0.0,0.0,0.0,0.1405533520249442,0.220707973705209
6.080000000000365,4.099188252278583,0.0,2.0035086878560184,0.0,0.0,0.0,0.24698978814205155,21.79923491010688,80,1.4631915866483762,47.93476604176193,0.0,0.0,0.0,0.0,0.0,0.0,0.0,0.0,0.0,0.0,0.0,0.0,0.11954202796494988,0.22453802994175956
6.100000000000372,4.118758614013476,0.0,2.0051226760308043,0.0,0.0,0.0,0.1646598587613677,22.039005299223785,70,0.9754610577655841,31.956510694507955,0.0,0.0,0.0,0.0,0.0,0.0,0.0,0.0,0.0,0.0,0.0,0.0,0.10553447859162032,0.20129160716447542
6.1200000000003785,4.13834888036041,0.0,2.0069115494787915,0.0,0.0,0.0,0.27643990584091177,22.28287552472198,134,17.31697403851039,37.97100712967197,0.0,0.0,0.0,0.0,0.0,0.0,0.0,0.0,0.0,0.0,0.0,0.0,0.2770746653143102,0.36639254719117764
6.140000000000385,4.15797072794267,0.0,2.0091001509138557,0.0,0.0,0.0,0.5176266038939413,22.53124308256363,104,28.211316025673597,75.31400475311466,0.0,0.0,0.0,0.0,0.0,0.0,0.0,0.0,0.0,0.0,0.0,0.0,0.33975520323279595,0.5280594277456148
6.160000000000392,4.177627032188649,1.4906737921325216e-07,2.0117453662418976,0.020250866526206765,-0.02110346289041651,-0.1388888888888889,0.4284177359292942,22.796478748828626,117,35.4742106837824,50.20933650207644,0.0,0.0,0.0,0.0,0.0,0.0,0.0,0.0,0.0,16.666666666666668,0.0,0.0,0.38154222851178643,0.5068383801069836
6.1800000000003985,4.197310749420695,1.9734065666277005e-06,2.014714805021025,0.04905603286881354,-0.04977736613821006,0.04629629629629631,0.36894515728619615,23.068693649173238,130,23.649473789188267,50.13955766805096,0.0,0.0,0.0,0.0,0.0,0.0,0.0,0.0,16.666666666666668,11.11111111111111,0.0,0.0,0.38356045208279305,0.4926910150145628
6.200000000000405,4.2170200559563975,7.549660327635262e-06,2.0179756896899974,0.06422749480863948,-0.0626869776003731,0.030864197530864203,0.41263010485746404,23.33675440549536,111,32.432982526125514,50.093038445367306,0.0,0.0,0.0,0.0,0.0,0.0,0.0,0.0,11.11111111111111,7.4074074074074066,0.0,0.0,0.35906614118181035,0.45745964468463113
6.220000000000412,4.236759125050549,1.7985375037473846e-05,2.0216096557650993,0.07076704761769408,-0.06557824534885055,0.020576131687242802,0.5250867365716426,23.60647570397382,123,38.28865501741701,66.72869229691153,0.0,0.0,0.0,0.0,0.0,0.0,0.0,0.0,7.4074074074074066,4.93827160493827,0.0,0.0,0.42025598042611645,0.5887708260745839
6.2400000000004185,4.256526520883861,3.347126277361332e-05,2.0255912744522004,0.07195737039876685,-0.0622927717792008,0.013717421124828528,0.4333911577144285,23.884376041087272,86,25.525770011611336,61.152461531274355,0.0,0.0,0.0,0.0,0.0,0.0,0.0,0.0,4.93827160493827,3.292181069958847,0.0,0.0,0.3576900334623722,0.4957130584563273
6.260000000000425,4.276315339732503,5.358792193536381e-05,2.029790745581006,0.06994094612355044,-0.055393620592336996,0.009144947416552356,0.3722607718096189,24.16417055618555,133,17.01718000774089,57.434974354182906,0.0,0.0,0.0,0.0,0.0,0.0,0.0,0.0,3.292181069958847,2.1947873799725643,0.0,0.0,0.3418191954348631,0.45947434031247414
6.280000000000432,4.296123946813558,7.761597470938209e-05,2.0341787772523348,0.04585447996314688,-0.02548033169322718,0.14498552049992383,0.414840514539746,24.440068940490946,109,28.01145333849393,54.95664956945527,0.0,0.0,0.0,0.0,0.0,0.0,0.0,0.0,18.861454046639235,1.4631915866483762,0.0,0.0,0.38291822331316455,0.46111498848488985
6.300000000000439,4.315956732996724,0.000103254679904502,2.038841017751741,-0.007967433273908019,0.03389437287452178,0.09665701366661587,0.5265603430264973,24.717929206929828,121,35.340968892329286,69.97109971297019,0.0,0.0,0.0,0.0,0.0,0.0,0.0,0.0,12.574302697759489,0.9754610577655841,0.0,0.0,0.4361573685136859,0.5138083411364694
6.320000000000445,4.335815566854785,0.00012600201741032606,2.0438150199804186,-0.0773305479592373,0.10623485501727603,0.06443800911107725,0.5177068953509982,25.00397950148883,134,40.22731259488619,63.31406647531346,0.0,0.0,0.0,0.0,0.0,0.0,0.0,0.0,8.382868465172992,0.6503073718437227,0.0,0.0,0.47165013198070016,0.5489372429041891
6.340000000000452,4.355692175176915,0.00014063727111139198,2.0489449574822385,-0.15325766811858407,0.18105690865965263,0.04295867274071816,0.34513793023399886,25.295305932814195,120,26.818208396590794,42.20937765020897,0.0,0.0,0.0,0.0,0.0,0.0,0.0,0.0,5.588578976781994,0.4335382478958151,0.0,0.0,0.36611300788377427,0.39175795553777726
6.360000000000459,4.375578672781257,0.00014205793048880508,2.0540825864472296,-0.23019455128192348,0.2518983017631536,0.02863911516047877,0.31342528682266585,25.581840691762608,101,17.878805597727194,44.80625176680598,0.0,0.0,0.0,0.0,0.0,0.0,0.0,0.0,3.7257193178546624,0.28902549859721005,0.0,0.0,0.32159471843414406,0.4417705255700765
6.380000000000465,4.395472675774384,0.0001254248341198081,2.059184798347326,-0.3048200932446853,0.3149826416182851,0.01909274344031918,0.2922835245484439,25.864753492942565,107,28.585870398484797,29.870834511203984,0.0,0.0,0.0,0.0,0.0,0.0,0.0,0.0,2.4838128785697746,0.19268366573147336,0.0,0.0,0.39527503192767227,0.3977128581199891
6.400000000000472,4.415375629210259,8.614443598981698e-05,2.0642816826937973,-0.3752586599470811,0.36832014427386556,0.01272849562687945,0.36152234969896263,26.149945205867258,142,35.72391359898987,36.58055634080266,0.0,0.0,0.0,0.0,0.0,0.0,0.0,0.0,1.6558752523798497,0.12845577715431555,0.0,0.0,0.418555447641704,0.44574046062488437
6.420000000000479,4.435294037676526,1.9644237619348995e-05,2.069499993052288,-0.44055988769639115,0.41110097601669887,0.008485663751252969,0.49101489979930846,26.441134406298332,137,40.482609065993245,57.72037089386844,0.0,0.0,0.0,0.0,0.0,0.0,0.0,0.0,1.1039168349198998,0.0856371847695437,0.0,0.0,0.5115951046293531,0.6067578303030705
6.440000000000485,4.455228172796458,-7.712459535978337e-05,2.0748474573022446,-0.5003562364637703,0.4432848670447089,0.005657109167501978,0.41067659986620564,26.742541788318025,123,26.988406043995496,55.14691392924563,0.0,0.0,0.0,0.0,0.0,0.0,0.0,0.0,0.7359445566132665,0.05709145651302913,0.0,0.0,0.5219419560578116,0.5077043946086518
6.460000000000492,4.475169349655232,-0.00020505494016852848,2.0801606456187356,-0.5546385499803372,0.4653227055416907,0.0037714061116679853,0.2737843999108037,27.04829975971074,99,17.992270695996996,36.76460928616375,0.0,0.0,0.0,0.0,0.0,0.0,0.0,0.0,0.49062970440884435,0.038060971008686086,0.0,0.0,0.3738010973201948,0.36426939000741904
6.480000000000499,4.495118527834955,-0.0003657513409093169,2.085460231133819,-0.6036098487468761,0.47796715384202904,0.0025142707411119902,0.43252293327386915,27.35135688333613,154,28.66151379733133,57.8430728574425,0.0,0.0,0.0,0.0,0.0,0.0,0.0,0.0,0.3270864696058962,0.02537398067245739,0.0,0.0,0.4559190778000265,0.5008441960214579
6.500000000000505,4.515081211922969,-0.0005608828515135292,2.090853583391764,-0.6475908903802641,0.48214354960419054,0.00167618049407466,0.4550152888492461,27.660189171593323,140,19.107675864887554,71.89538190496167,0.0,0.0,0.0,0.0,0.0,0.0,0.0,0.0,0.2180576464039308,0.01691598711497159,0.0,0.0,0.4073052249932993,0.5144946858925302
6.520000000000512,4.53506088240166,-0.0007911973587747317,2.096409267286417,-0.6869598979500455,0.4788618367571205,0.0011174536627164401,0.5533435258994974,27.977989579968384,170,29.40511724325837,81.26358793664112,0.0,0.0,0.0,0.0,0.0,0.0,0.0,0.0,0.1453717642692872,0.011277324743314394,0.0,0.0,0.4782551629154295,0.5493948060748963
6.540000000000519,4.555062034308442,-0.0010570644097692035,2.102215086067328,-0.7221147625216432,0.4691565945196933,0.0007449691084776266,0.6188956839329982,28.302628594926954,162,36.27007816217225,87.50905862442741,0.0,0.0,0.0,0.0,0.0,0.0,0.0,0.0,0.09691450951285813,0.007518216495542929,0.0,0.0,0.4997153282485292,0.7274603144730476
6.560000000000525,4.575090037636709,-0.0013584995533140875,2.1083754174364406,-0.7534499585819284,0.4540464517324589,0.0004966460723184177,0.7459304559553323,28.634183863681255,158,40.8467187747815,108.33937241628495,0.0,0.0,0.0,0.0,0.0,0.0,0.0,0.0,0.06460967300857208,0.005012144330361953,0.0,0.0,0.5140221051372623,0.8203708598034971
6.580000000000532,4.595144172986405,-0.0016940748252217974,2.114878111924296,-0.7813430286692172,0.4345069903829991,0.00033109738154561176,0.6639536373035548,28.972294273209798,159,43.897812516521,88.89291494418995,0.0,0.0,0.0,0.0,0.0,0.0,0.0,0.0,0.04307311533904805,0.003341429553574635,0.0,0.0,0.704438509367994,0.9339108105604326
6.600000000000539,4.615211801398909,-0.0020601412087663394,2.1214830847498334,-0.8061472351364711,0.4114531246153854,0.00022073158769707452,0.4426357582023698,29.312495732072442,114,29.265208344347332,59.26194329612663,0.0,0.0,0.0,0.0,0.0,0.0,0.0,0.0,0.02871541022603203,0.0022276197023830898,0.0,0.0,0.49546546619364973,0.6484070006419396
6.6200000000005454,4.635288523188737,-0.0024541770331324066,2.1281076110818704,-0.8281881349823483,0.38572820160227894,0.00014715439179804966,0.5450905054682466,29.649050951768967,165,36.176805562898224,72.8412955307511,0.0,0.0,0.0,0.0,0.0,0.0,0.0,0.0,0.019143606817354684,0.0014850798015887264,0.0,0.0,0.5111888637673427,0.6386696825745025
6.640000000000552,4.655379521885005,-0.0028749509972005208,2.134852017574682,-0.8477626029860014,0.3580979162361485,9.810292786536643e-05,0.6133936703121644,29.988101554062972,169,40.78453704193215,81.89419702050073,0.0,0.0,0.0,0.0,0.0,0.0,0.0,0.0,0.012762404544903122,0.000990053201059151,0.0,0.0,0.6250303019430864,0.7611771052044671
6.660000000000559,4.675487669350494,-0.003320703618669764,2.141772367807886,-0.8651393388580109,0.32924770107955775,6.540195191024428e-05,0.6589291135414429,30.33410688610988,149,43.85635802795476,87.92946468033382,0.0,0.0,0.0,0.0,0.0,0.0,0.0,0.0,0.00850826969660208,0.0006600354673727672,0.0,0.0,0.6750848007785951,0.8428487202911101
6.6800000000005655,4.695611253337068,-0.003789120911827473,2.1488371119009173,-0.9008108200144919,0.3208856004175128,0.13893249019016238,0.605952742360962,30.685146060944188,132,45.90423868530318,75.28630978688922,0.0,0.0,0.0,0.0,0.0,0.0,0.0,0.0,16.672338846464402,0.0004400236449151781,0.0,0.0,0.6309350868239729,0.7424977020722984
6.700000000000572,4.715746081992892,-0.004279042911812146,2.1559677179590877,-0.963548194699409,0.34110812410546704,0.09262166012677492,0.5706351615739745,31.03939941754542,175,47.26949245686878,66.85753985792614,0.0,0.0,0.0,0.0,0.0,0.0,0.0,0.0,11.114892564309601,0.0002933490966101187,0.0,0.0,0.6531815307508657,0.7529964040647108
6.720000000000579,4.7358861424971055,-0.004791042453072227,2.1630514492411437,-1.0399119127999548,0.37460199424473156,0.06174777341784995,0.46375677438264973,31.396865776594126,136,31.512994971245853,61.23835990528409,0.0,0.0,0.0,0.0,0.0,0.0,0.0,0.0,7.4099283762064,0.0001955660644067458,0.0,0.0,0.5129737336788717,0.605196777116412
6.7400000000005855,4.756030925928334,-0.005327527103829958,2.1700811784885095,-1.1416936883162243,0.43283095322621234,0.1800540711674555,0.5591711829217665,31.75854801926491,152,37.67532998083057,74.15890660352272,0.0,0.0,0.0,0.0,0.0,0.0,0.0,0.0,21.606618917470932,0.00013037737627116385,0.0,0.0,0.5487008353724777,0.6356626604924687
6.760000000000592,4.776182257961113,-0.005892911146202523,2.1770951655526907,-1.2722526125679021,0.517500115560182,0.12003604744497035,0.5394474552811777,32.12623496498362,127,41.783553320553715,66.10593773568182,0.0,0.0,0.0,0.0,0.0,0.0,0.0,0.0,14.404412611647288,8.691825084744256e-05,0.0,0.0,0.5983586964498688,0.6301734558081886
6.780000000000599,4.79634133186097,-0.006493574706731184,2.184120732047667,-1.4351358059950932,0.6305838615705044,0.21891292051886913,0.6096316368541185,32.499901248555496,210,44.52236888036914,77.40395849045454,0.0,0.0,0.0,0.0,0.0,0.0,0.0,0.0,26.26960840776486,5.79455005649617e-05,0.0,0.0,0.7089833170130908,0.7555129540269245
6.800000000000606,4.8165081630544515,-0.007137632753844767,2.1911641064574248,-1.6285683069497958,0.7679151531549178,0.14594194701257943,0.5730877579027457,32.87900615606546,140,46.34824592024609,68.26930566030303,0.0,0.0,0.0,0.0,0.0,0.0,0.0,0.0,17.51307227184324,3.8630333709974463e-05,0.0,0.0,0.6018545110836626,0.6068744770912211
6.820000000000612,4.8366826921795925,-0.007834962270812927,2.1982318610516147,-1.8327463017710126,0.906907588508994,0.09729463134171959,0.632058505268497,33.2632948097089,161,47.56549728016406,78.84620377353535,0.0,0.0,0.0,0.0,0.0,0.0,0.0,0.0,11.675381514562158,2.5753555806649642e-05,0.0,0.0,0.5821148936940179,0.5851815399390391
6.840000000000619,4.856864096086924,-0.008595232619549819,2.205316988423462,-2.0355587016690975,1.0339705913397024,0.0648630875611464,0.5880390035123314,33.65253038682265,214,48.37699818677604,69.23080251569023,0.0,0.0,0.0,0.0,0.0,0.0,0.0,0.0,7.783587676374772,1.7169037204433095e-05,0.0,0.0,0.7756734950208182,0.6997185498458403
6.860000000000626,4.8770487509623015,-0.00942632509309416,2.212359149923528,-2.2501466003413317,1.1625839846979888,0.1821309472629865,0.5586926690082209,34.04683042356294,132,48.917998791184026,62.820535010460155,0.0,0.0,0.0,0.0,0.0,0.0,0.0,0.0,21.855725117583184,1.1446024802955397e-05,0.0,0.0,0.8013533894454034,0.6212777948404673
6.880000000000632,4.897240107522106,-0.010338970582159926,2.219435505793813,-2.481182886000102,1.296629906742568,0.12142063150865767,0.7057951126721472,34.447809504588896,205,49.27866586078935,91.88035667364011,0.0,0.0,0.0,0.0,0.0,0.0,0.0,0.0,14.570483411722122,7.630683201970264e-06,0.0,0.0,0.7409539392168322,0.6721831325768234
6.900000000000639,4.917439094437401,-0.011343116466348446,2.2265758541077934,-2.713210236522686,1.4192276891585116,0.08094708767243844,0.6371967417814315,34.8520006438932,146,49.51911057385957,77.92023778242674,0.0,0.0,0.0,0.0,0.0,0.0,0.0,0.0,9.713655607814747,5.087122134646843e-06,0.0,0.0,0.6490080525011439,0.6545204371977584
6.920000000000646,4.937643427909288,-0.012446509317150535,2.23374840962441,-2.93705555419646,1.5208869215579854,0.05396472511495896,0.6747978278542877,35.25953262965532,186,49.679407049239714,85.28015852161782,0.0,0.0,0.0,0.0,0.0,0.0,0.0,0.0,6.475770405209831,3.3914147564312283e-06,0.0,0.0,0.6910699678173001,0.6685451005466996
6.940000000000652,4.957856918626651,-0.013658620622971103,2.241039436464719,-3.147606632877234,1.5969777789950466,0.03597648340997263,0.7831985519028585,35.67242095270397,174,66.45293803282648,90.18677234774522,0.0,0.0,0.0,0.0,0.0,0.0,0.0,0.0,4.317180270139887,2.260943170954152e-06,0.0,0.0,0.8999897976663138,0.8326936377225675
6.960000000000659,4.978081062869986,-0.014985810025970006,2.2484891670534304,-3.342344539473286,1.6460291630212647,0.023984322273315088,0.7721323679352389,36.08528485698124,197,60.968625355217654,93.45784823183014,0.0,0.0,0.0,0.0,0.0,0.0,0.0,0.0,2.8781201800932577,1.507295447302768e-06,0.0,0.0,0.9359105111057079,0.8131270278315569
6.980000000000666,4.998313616620615,-0.01643016733620724,2.2560631751693667,-3.5203781701358188,1.6685823589790112,0.015989548182210055,0.764754911956826,36.49869411754303,179,57.312416903478436,95.63856548788677,0.0,0.0,0.0,0.0,0.0,0.0,0.0,0.0,1.9187467867288384,1.0048636315351785e-06,0.0,0.0,0.7789791004270611,0.7484830340342474
7.000000000000672,5.018549764055439,-0.01799017653428596,2.2636745844293897,-3.7020552121806634,1.6875109032150652,0.14954858767702894,0.676503274637884,36.916408693935054,176,54.874944602318955,80.42571032525784,0.0,0.0,0.0,0.0,0.0,0.0,0.0,0.0,17.94583119115256,6.69909087690119e-07,0.0,0.0,0.7518775398195912,0.7053870381693744
7.020000000000679,5.038777534812128,-0.01965922143555936,2.2710954112760025,-3.896617101368417,1.712875501496329,0.09969905845135262,0.4510021830919226,37.343106496938645,163,36.583296401545965,53.61714021683856,0.0,0.0,0.0,0.0,0.0,0.0,0.0,0.0,11.963887460768373,4.4660605846007933e-07,0.0,0.0,0.7854894193112519,0.5992569934545056
7.040000000000686,5.058993042029089,-0.0214362973001695,2.2782568697717935,-4.1116880811279435,1.7528737647787482,0.20535492785645731,0.5506681220612818,37.79234858015797,148,41.05553093436398,69.07809347789237,0.0,0.0,0.0,0.0,0.0,0.0,0.0,0.0,24.64259164051225,2.9773737230671954e-07,0.0,0.0,0.6786983725640904,0.6059030111162133
7.060000000000692,5.079201667665298,-0.023327514925157968,2.285274126729582,-4.348351764569671,1.8080512748096105,0.1369032852376382,0.6171120813741878,38.256832362659786,201,44.03702062290932,79.38539565192825,0.0,0.0,0.0,0.0,0.0,0.0,0.0,0.0,16.428394427008165,1.9849158153781303e-07,0.0,0.0,0.814222687652546,0.7651324511672588
7.080000000000699,5.099406428212111,-0.025338888609575675,2.2922184795703404,-4.629322601359301,1.9016280113613722,0.3690466346028699,0.6614080542494585,38.721285588939864,202,62.69134708193955,69.59026376795217,0.0,0.0,0.0,0.0,0.0,0.0,16.666666666666668,0.0,27.618929618005446,1.3232772102520867e-07,0.0,0.0,0.8787324377631961,0.6906868559897309
7.100000000000706,5.119605647133209,-0.027476041541226584,2.2990735946619822,-4.981296406287425,2.0590272920767982,0.3849199786241355,0.6076053694996391,39.18669201836715,203,58.46089805462636,63.060175845301444,0.0,0.0,0.0,0.0,0.0,0.0,11.11111111111111,0.0,35.07928641200363,8.821848068347244e-08,0.0,0.0,0.8442195579920015,0.6668562528063634
7.120000000000712,5.139797772296407,-0.02974927584446492,2.305834467960196,-5.379536275443002,2.250858015345321,0.256613319082757,0.6550702463330927,39.66002164504713,209,55.640598703084244,75.37345056353429,0.0,0.0,0.0,0.0,0.0,0.0,7.4074074074074066,0.0,23.386190941335755,5.881232045564829e-08,0.0,0.0,0.9245701446044868,0.6767689776191029
7.140000000000719,5.1599834571019345,-0.03217383135445037,2.3125483001946363,-5.850792032585698,2.5026012724775994,0.5877422127218381,0.6867134975553951,40.13942358263161,217,53.7603991353895,83.58230037568953,0.0,0.0,0.0,0.0,0.0,16.666666666666668,4.93827160493827,0.0,32.25746062755717,3.9208213637098857e-08,0.0,0.0,1.0039769956277975,0.9155756032424567
7.160000000000726,5.180167399745301,-0.03477430921227835,2.319358926061441,-6.40017383203877,2.81474203318555,0.39182814181455866,0.8744756650369301,40.61740463357697,210,85.84026609025968,89.05486691712635,0.0,0.0,0.0,0.0,0.0,11.11111111111111,3.292181069958847,0.0,21.50497375170478,2.6138809091399238e-08,0.0,0.0,1.0827546895916582,0.9199812587147853
7.1800000000007325,5.200349809969122,-0.03757645381254573,2.3263357970202407,-6.995222326412215,3.149216335082283,0.40010765009859467,0.8329837766912866,41.077223478211465,199,73.89351072683978,92.70324461141756,0.0,0.0,0.0,0.0,0.0,7.4074074074074066,2.1947873799725643,0.0,31.003315834469856,1.742587272759949e-08,0.0,0.0,1.0835935656709246,0.8713187751597021
7.200000000000739,5.220520841760641,-0.04059673890554805,2.3333517924399554,-7.632611994583084,3.4994668155796225,0.40562732228795206,0.7219891844608577,41.52228994215121,181,65.92900715122651,78.46882974094504,0.0,0.0,0.0,0.0,0.0,4.93827160493827,1.4631915866483762,0.0,37.33554388964657,1.1617248485066327e-08,0.0,0.0,1.0066334365454743,0.6840783578464061
7.220000000000746,5.2406752338261935,-0.04385875567302968,2.3403881389752876,-8.308777925560962,3.859024684727999,0.4093071037475236,0.8146594563072385,41.97893103899146,219,77.28600476748434,85.64588649396336,0.0,0.0,0.0,0.0,0.0,3.292181069958847,0.9754610577655841,0.0,41.557029259764384,7.74483232337755e-09,0.0,0.0,1.1362052367667503,0.8172493489873874
7.2400000000007525,5.260809358118644,-0.04738954105661211,2.3474733597493955,-9.040356112477582,4.2428419315049055,0.5506491802761267,0.7931063042048256,42.43117067989458,233,68.19066984498956,90.43059099597558,0.0,0.0,0.0,0.0,0.0,2.1947873799725643,17.31697403851039,0.0,44.37135283984292,5.163221548918367e-09,0.0,0.0,1.067547677224345,0.8802302161463903
7.260000000000759,5.280918253306081,-0.05121730392071578,2.3546263227209074,-9.792048962343566,4.61083215645506,0.22821056462852896,0.8620708694698836,42.86863657202738,262,78.7937798966597,93.62039399731705,16.666666666666668,0.0,0.0,0.0,0.0,1.4631915866483762,11.544649359006927,0.0,46.24756855989528,3.4421476992789113e-09,0.0,0.0,1.306013696960933,0.9222174609190589
7.280000000000766,5.300990896905772,-0.05535649380370424,2.361728996613731,-10.529965252761832,4.927404761323156,0.29102926530790824,0.6580472463132558,43.28851313185085,169,52.52918659777313,79.08026266487803,11.11111111111111,0.0,0.0,0.0,0.0,0.9754610577655841,7.696432906004618,0.0,47.498379039930185,2.2947651328526076e-09,0.0,0.0,1.1032339375088391,0.7180108150193106
7.3000000000007725,5.321018973408259,-0.059823202758463784,2.3687253580620444,-11.269705325605349,5.209920533083618,0.33290839909416103,0.7720314975421707,43.717257878362545,206,68.35279106518209,86.05350844325203,7.4074074074074066,0.0,0.0,0.0,0.0,0.6503073718437227,5.1309552706697446,0.0,48.33225269328679,1.5298434219017384e-09,0.0,0.0,1.2006055707423269,0.7882713998993547
7.320000000000779,5.341001198280992,-0.06464733733787671,2.3757339697248065,-12.020426312869098,5.468774860270303,0.3608278216183296,0.8480209983614471,44.14478338467357,230,78.9018607101214,90.70233896216801,4.93827160493827,0.0,0.0,0.0,0.0,0.4335382478958151,3.4206368471131627,0.0,48.888168462191196,1.019895614601159e-09,0.0,0.0,1.1363210264897166,0.8093119962177329
7.340000000000786,5.360933982053217,-0.06985299507602699,2.382824036358187,-12.78713566011205,5.70990887222178,0.3794407699677753,0.898680665574298,44.529419893807784,213,85.9345738067476,93.801559308112,3.292181069958847,0.0,0.0,0.0,0.0,0.28902549859721005,2.280424564742108,0.0,49.25877897479413,6.799304097341059e-10,0.0,0.0,1.196823836781258,0.8491388540316361
7.360000000000793,5.380813811409793,-0.07546540610878526,2.3900797288790607,-13.592360723498768,5.957428137661931,0.530738291089628,1.0,44.87542390747582,245,107.28971587116507,112.53437287207467,2.1947873799725643,0.0,0.0,0.0,0.0,0.19268366573147336,18.186949709828074,0.0,49.50585264986275,4.5328693982273727e-10,0.0,0.0,1.3663580100505544,0.9272896797775407
7.380000000000799,5.4006324264841,-0.08149767504957575,2.3974690356042245,-14.518943641811731,6.296680213902325,1.0,0.8994136291441325,45.171523789956886,215,88.19314391411004,91.68958191471644,1.4631915866483762,16.666666666666668,0.0,16.666666666666668,0.0,0.12845577715431555,12.124633139885383,0.0,49.67056843324183,3.0219129321515816e-10,0.0,0.0,1.3501818258218166,0.9019908494698569
7.400000000000806,5.420376642015981,-0.08795839120344923,2.4048717280103786,-15.612348707041827,6.768633723734513,1.0,0.8496090860960882,45.443354408705154,253,75.46209594274002,94.45972127647762,0.9754610577655841,27.77777777777778,0.0,27.77777777777778,0.0,16.752303851436213,8.083088759923587,0.0,49.780378955494555,2.0146086214343877e-10,0.0,0.0,1.2877181164393505,1.1173231050129284
7.420000000000813,5.440028908727016,-0.09485412300248693,2.412101119084267,-16.853712029384468,7.345105495723575,1.0,0.6497393907307254,45.712261296335754,174,50.308063961826676,79.63981418431841,0.6503073718437227,18.51851851851852,0.0,35.18518518518519,0.0,11.168202567624142,5.388725839949058,0.0,49.8535859703297,1.3430724142895917e-10,0.0,0.0,1.1168766771094378,0.8738810380168749
7.440000000000819,5.459572532525417,-0.10221559461094247,2.4191108464162574,-18.226319219490072,8.000339907683248,1.0,0.766492927153817,45.998100696299396,250,66.87204264121779,86.4265427895456,0.4335382478958151,12.345679012345679,0.0,23.45679012345679,0.0,7.445468378416095,3.592483893299372,0.0,33.2357239802198,8.953816095263944e-11,0.0,0.0,1.235540523757713,0.9695842627026844
7.460000000000826,5.478991274722789,-0.11010270255020213,2.4260250293960848,-19.715375908024587,8.711027435267123,1.0,0.8443286181025447,46.24863194555183,260,77.91469509414519,90.95102852636374,0.28902549859721005,24.897119341563787,0.0,15.637860082304528,0.0,21.6303122522774,2.394989262199581,0.0,55.49048265347987,5.969210730175962e-11,0.0,0.0,1.4438487212648319,1.2139849677047825
7.480000000000833,5.498263390666815,-0.11857304619698437,2.4329160450901033,-21.30780128771823,9.456291345092865,1.0,0.8962190787350298,46.38476120364099,219,85.27646339609679,93.96735235090917,0.19268366573147336,16.598079561042525,0.0,27.091906721536354,0.0,14.420208168184931,1.596659508133054,0.0,36.99365510231991,3.979473820117308e-11,0.0,0.0,1.2984831268380532,1.2995193902345608
7.500000000000839,5.517362549467063,-0.12768166703398487,2.439822138812266,-22.992044061832352,10.21764724040138,1.0,0.9308127191566865,46.40125045820145,246,90.18430893073119,95.97823490060611,0.12845577715431555,27.732053040695018,0.0,34.727937814357574,0.0,9.613472112123286,34.39777300542204,0.0,57.995770068213275,2.6529825467448718e-11,0.0,0.0,1.5891696297783404,1.2533431641811417
7.520000000000846,5.536258583027239,-0.13748056636388487,2.4467592279985646,-24.757919345498504,10.978939056029887,1.0,0.9538751461044578,46.28939025259026,212,93.4562059538208,97.31882326707074,0.0856371847695437,18.488035360463343,0.0,23.15195854290505,0.0,6.408981408082191,39.598515336948026,0.0,55.33051337880885,1.7686550311632478e-11,0.0,0.0,1.472883112358687,1.2483588070805134
7.540000000000853,5.554918128286637,-0.14801817101705675,2.4537288340143153,-26.596464308965686,11.726254600071544,1.0,0.9692500974029719,46.03806859288721,244,95.63747063588053,98.21254884471382,0.05709145651302913,12.32535690697556,0.0,32.101305695270035,0.0,20.939320938721462,26.399010224632015,0.0,53.55367558587257,1.1791033541088317e-11,0.0,0.0,1.52455773382052,1.1934363151434588
7.560000000000859,5.573304852373804,-0.15934201984739638,2.4607375317932507,-28.499809885960243,12.447823561817398,1.0,1.0,45.63462657950424,226,113.75831375725369,98.80836589647588,0.038060971008686086,24.883571271317045,0.0,38.06753713018002,0.0,13.959547292480973,17.599340149754674,0.0,52.36911705724838,7.860689027392212e-12,0.0,0.0,1.5331676881800884,1.2084209077220582
7.580000000000866,5.591381385807378,-0.17148686899380106,2.467750708683922,-30.461065749498836,13.133900871059026,1.0,0.9585555988457652,45.05658040178284,279,92.50554250483579,99.20557726431726,0.02537398067245739,33.25571418087803,0.0,42.04502475345335,0.0,25.973031528320647,28.39956009983645,0.0,51.57941137149892,5.240459351594807e-12,0.0,0.0,1.6164270375980951,1.5280081593276056
7.600000000000873,5.6091089666859295,-0.18448226413546387,2.4747300093838507,-32.47421594223303,13.77663829623399,1.0,0.9723703992305102,44.312900996394575,213,111.67036166989053,82.8037181762115,0.01691598711497159,22.170476120585352,0.0,44.696683168968896,0.0,33.98202101888043,18.93304006655763,0.0,51.052940914332616,3.4936395677298714e-12,0.0,0.0,1.5685740974168179,1.4572685974464739
7.620000000000879,5.626449801873169,-0.1983460401177742,2.4816132653628933,-34.53402295365669,14.369947147660282,1.0,0.8982469328203401,43.393110428237,199,91.11357444659367,88.53581211747434,0.011277324743314394,14.780317413723568,0.0,46.46445544597926,0.0,22.65468067925362,29.288693377705087,0.0,50.70196060955508,2.3290930451532474e-12,0.0,0.0,1.5625119305776203,1.20371054071251
7.640000000000886,5.643364313512994,-0.21309716034239679,2.488363523712733,-36.63593856398656,14.909354876018252,1.0,0.9321646218802266,42.30718011543416,190,94.07571629772912,92.35720807831622,0.007518216495542929,9.853544942482378,0.0,30.97630363065284,0.0,15.103120452835746,19.525795585136724,0.0,67.13464040637005,1.5527286967688314e-12,0.0,0.0,1.5067908994548476,1.0604716298248518
7.660000000000893,5.659813418436381,-0.22874954294045605,2.4949477616617934,-38.77602033352351,15.391858213498171,1.0,0.8714430812534845,41.02794261429179,209,96.05047753181941,78.23813871887748,0.005012144330361953,6.569029961654918,0.0,37.31753575376856,0.0,10.068746968557164,29.683863723424484,0.0,61.4230936042467,1.0351524645125542e-12,0.0,0.0,1.4954833386546529,1.0165786097697154
7.680000000000899,5.675751340315119,-0.24533238128320337,2.5014057108239283,-40.95085313508677,15.815775297135767,1.0,0.9976287208356563,39.54730245139592,216,114.03365168787961,85.49209247925165,0.003341429553574635,21.04601997443661,0.0,41.545023835845704,0.0,23.379164645704776,19.789242482282987,0.0,57.615395736164466,6.901016430083694e-13,0.0,0.0,1.539624551351164,1.1679151516111828
7.700000000000906,5.691141751782651,-0.26284423506513366,2.5076898902926827,-43.157475557229716,16.180598951435805,1.0,0.8317524805571043,37.78654094530305,193,92.68910112525307,73.66139498616776,0.0022276197023830898,30.697346649624407,0.0,44.36334922389714,0.0,15.586109763803183,29.859494988188658,0.0,55.07693049077631,4.600677620055795e-13,0.0,0.0,1.414013266792249,1.1914067987005408
7.720000000000913,5.705944374524625,-0.2812889614905553,2.5137884469405294,-45.39331132157878,16.486853006868504,1.0,0.9711683203714029,35.82626807249532,175,111.79273408350205,82.44092999077851,0.0014850798015887264,20.46489776641627,0.0,46.24223281593142,0.0,10.390739842535455,19.90632999212577,0.0,53.38462032718421,3.0671184133705303e-13,0.0,0.0,1.3561122037012925,1.1296685159551592
7.7400000000009195,5.720116366063673,-0.30067661982454036,2.5197299946094343,-47.656106052049275,16.73595321150283,1.0,0.8974455469142686,33.62525233523244,219,91.19515605566804,88.29395332718568,0.000990053201059151,30.309931844277514,0.0,47.49482187728761,0.0,23.593826561690307,13.27088666141718,0.0,52.25641355145614,2.0447456089136867e-13,0.0,0.0,1.3950308748189495,1.294908009604781
7.760000000000926,5.733622168515121,-0.3209961104368964,2.5254880989032134,-49.94386981436185,16.93007397440072,1.0,0.9316303646095124,31.139694888788725,194,110.79677070377869,75.52930221812379,0.0006600354673727672,36.87328789618501,0.0,48.32988125152507,0.0,15.729217707793538,25.513924440944788,0.0,68.17094236763742,1.3631637392757911e-13,0.0,0.0,1.4726562421273617,1.4566672592411645
7.780000000000933,5.7464282474016555,-0.342232401124834,2.531039927938671,-52.2548258279408,17.072021878882218,1.0,0.871086909739675,28.431659210070457,163,90.53118046918578,83.6862014787492,0.0004400236449151781,24.582191930790007,0.0,32.21992083435005,0.0,10.486145138529025,17.009282960629857,0.0,45.44729491175828,9.087758261838608e-14,0.0,0.0,1.2401687609014451,1.3065088229822417
7.8000000000009395,5.758518561155401,-0.36433751138898446,2.536267170285156,-54.587365660563755,17.16511663512707,1.0,0.7473912731597833,25.507318121325678,138,77.02078697945718,72.45746765249946,0.0002933490966101187,33.05479462052667,0.0,38.1466138895667,0.0,6.9907634256860165,11.339521973753238,0.0,46.96486327450552,6.058505507892404e-14,0.0,0.0,1.1368566933141417,1.0516044371997193
7.820000000000946,5.7698616629608015,-0.387292149112526,2.5411623352041826,-56.94001107223261,17.213079913849754,1.0,0.831594182106522,22.509558362734307,146,84.68052465297146,81.63831176833297,0.0001955660644067458,22.03652974701778,0.0,25.4310759263778,0.0,4.660508950457344,7.559681315835491,0.0,31.309908849670343,4.039003671928269e-14,0.0,0.0,1.145501361434234,1.0364669416212782
7.840000000000953,5.780440395893962,-0.41105565543202977,2.5456570991252883,-59.31138250101416,17.219932320023105,1.0,0.6377294547376815,0.0,31,73.12034976864764,54.42554117888864,0.00013037737627116385,14.691019831345187,0.0,16.9540506175852,0.0,19.77367263363823,5.039787543890327,0.0,20.873272566446893,2.692669114618846e-14,0.0,0.0,0.8670267474161042,0.7425775482841545
7.8600000000009596,5.790273542484718,-0.4355349584186426,2.5495125037691535,-61.659984569912226,17.15072543586327,0.7152793640040104,0.42515296982512096,0.0,0,48.74689984576509,36.283694119259096,8.691825084744256e-05,9.79401322089679,0.0,11.302700411723466,0.0,13.182448422425487,3.359858362593551,0.0,13.915515044297928,1.7951127430792306e-14,0.0,0.0,0.578017831610736,0.49505169885610295
7.880000000000966,5.7993777317734505,-0.46065017462035845,2.5525438831388314,-63.919849302406895,16.9516218299028,0.4768529093360069,0.28343531321674725,0.0,0,32.49793323051006,24.189129412839396,5.79455005649617e-05,6.5293421472645266,0.0,7.535133607815643,0.0,8.788298948283657,2.2399055750623673,0.0,9.27701002953195,1.196741828719487e-14,0.0,0.0,0.385345221073824,0.3300344659040686
7.900000000000973,5.807761818154577,-0.4863429907663765,2.5546554195447615,-66.04833161492756,16.597412327326037,0.3179019395573379,0.18895687547783152,0.0,0,21.665288820340038,16.126086275226264,3.8630333709974463e-05,4.352894764843017,0.0,5.023422405210429,0.0,5.858865965522438,1.4932703833749115,0.0,6.1846733530213,7.978278858129912e-15,0.0,0.0,0.256896814049216,0.22002297726937906
7.92000000000098,5.81543285276159,-0.5125674092435528,2.5558103936013095,-68.0240281332541,16.086881040165633,0.21193462637155858,0.12597125031855433,0.0,0,14.44352588022669,10.750724183484175,2.5753555806649642e-05,2.901929843228678,0.0,3.3489482701402857,0.0,3.905910643681625,0.9955135889166076,0.0,4.123115568680866,5.318852572086608e-15,0.0,0.0,0.17126454269947733,0.1466819848462527
7.940000000000986,5.822399941084695,-0.5392841296806923,2.556011091551809,-69.83890343038686,15.432877738593815,0.1412897509143724,0.08398083354570288,0.0,0,9.62901725348446,7.167149455656117,1.7169037204433095e-05,1.9346198954857852,0.0,2.232632180093524,0.0,2.6039404291210833,0.663675725944405,0.0,2.7487437124539107,3.545901714724405e-15,0.0,0.0,0.11417636179965154,0.09778798989750179
7.960000000000993,5.828676601886036,-0.5664572156045902,2.5552851614981282,-71.49318905688352,14.655824269884224,0.09419316727624825,0.055987222363801915,0.0,0,6.419344835656306,4.778099637104077,1.1446024802955397e-05,1.2897465969905233,0.0,1.4884214533956825,0.0,1.7359602860807222,0.4424504839629367,0.0,1.832495808302607,2.3639344764829367e-15,0.0,0.0,0.07611757453310103,0.06519199326500119
7.980000000001,5.8342820138083225,-0.5940522052429734,2.553676279609131,-72.9920947228612,13.779533323523207,0.06279544485083217,0.037324814909201275,0.0,0,4.27956322377087,3.1853997580693845,7.630683201970264e-06,0.8598310646603489,0.0,0.992280968930455,0.0,1.1573068573871481,0.2949669893086244,0.0,1.2216638722017379,1.5759563176552912e-15,0.0,0.0,0.050745049688734015,0.043461328843334125
8.000000000001005,5.839241430315689,-0.6220351289275887,2.5512377152633445,-74.34369965142622,12.828570720363983,0.041863629900554776,0.024883209939467514,0.0,0,2.8530421491805797,2.1235998387129227,5.087122134646843e-06,0.5732207097735659,0.0,0.6615206459536367,0.0,0.7715379049247654,0.19664465953908294,0.0,0.8144425814678252,1.0506375451035274e-15,0.0,0.0,0.033830033125822674,0.028974219228889417
8.020000000000994,5.843585990729302,-0.6503720846319258,2.548027870165514,-75.55760999090758,11.826640515848856,0.02790908660036985,0.016588806626311674,0.0,0,1.9020280994537198,1.415733225808615,3.3914147564312283e-06,0.3821471398490439,0.0,0.4410137639690911,0.0,0.5143586032831768,0.13109643969272194,0.0,0.5429617209785501,7.004250300690183e-16,0.0,0.0,0.022553355417215114,0.019316146152592945
8.040000000000983,5.847352116182235,-0.679029146779041,2.544107183877941,-76.6441112226949,10.79564339877311,0.018606057733579897,0.011059204417541116,0.0,0,1.2680187329691464,0.9438221505390767,2.260943170954152e-06,0.2547647598993626,0.0,0.294009175979394,0.0,0.3429057355221179,0.08739762646181462,0.0,0.3619744806523667,4.669500200460121e-16,0.0,0.0,0.01503557027814341,0.012877430768395296
8.060000000000972,5.850580644190874,-0.7079724650128218,2.5395360025988727,-77.61363838277707,9.75517518464018,0.012404038489053266,0.00737280294502741,0.0,0,0.8453458219794309,0.6292147670260511,1.507295447302768e-06,0.1698431732662417,0.0,0.196006117319596,0.0,0.2286038236814119,0.058265084307876414,0.0,0.24131632043491114,3.1130001336400804e-16,0.0,0.0,0.010023713518762273,0.008584953845596863
8.080000000000961,5.853315823087654,-0.7371684629271438,2.534373138774873,-78.47644873476928,8.722310328041548,0.008269358992702177,0.004915201963351606,0.0,0,0.5635638813196205,0.4194765113507007,1.0048636315351785e-06,0.11322878217749446,0.0,0.13067074487973065,0.0,0.15240254912094126,0.03884338953858427,0.0,0.16087754695660741,2.0753334224267203e-16,0.0,0.0,0.0066824756791748485,0.005723302563731242
8.10000000000095,5.85560425857961,-0.7665840810368258,2.5286749328754277,-79.24242236233763,7.711567464099546,0.005512905995134784,0.0032768013089010707,0.0,0,0.3757092542130803,0.2796510075671338,6.69909087690119e-07,0.07548585478499631,0.0,0.08711382991982043,0.0,0.10160169941396083,0.02589559302572285,0.0,0.1072516979710716,1.3835556149511467e-16,0.0,0.0,0.004454983786116565,0.0038155350424874945
8.120000000000939,5.857493879839937,-0.7961870300026458,2.5224946828405304,-79.92094310576002,6.734988600159799,0.003675270663423189,0.002184534205934047,0.0,0,0.2504728361420535,0.18643400504475585,4.4660605846007933e-07,0.050323903189997535,0.0,0.05807588661321362,0.0,0.06773446627597388,0.017263728683815233,0.0,0.0715011319807144,9.223704099674311e-17,0.0,0.0,0.0029699891907443766,0.0025436900283249964
8.140000000000928,5.85903297195796,-0.8259460337428637,2.5158823425110466,-80.52082996230745,5.802286586417535,0.0024501804422821256,0.0014563561372893644,0.0,0,0.166981890761369,0.1242893366965039,2.9773737230671954e-07,0.033549268793331685,0.0,0.03871725774214241,0.0,0.04515631085064925,0.01150915245587682,0.0,0.04766742132047626,6.14913606644954e-17,0.0,0.0,0.0019799927938295844,0.0016957933522166642
8.160000000000917,5.860269305039403,-0.8558310505628892,2.508884414777727,-81.05030054224372,4.921030833345738,0.0016334536281880838,0.0009709040915262429,0.0,0,0.11132126050757932,0.08285955779766926,1.9849158153781303e-07,0.022366179195554454,0.0,0.025811505161428272,0.0,0.030104207233766167,0.00767276830391788,0.0,0.031778280880317505,4.099424044299693e-17,0.0,0.0,0.0013199951958863896,0.0011305289014777761
8.180000000000906,5.8612493773345085,-0.8858134657537393,2.501543982551989,-81.5169554631597,4.096851511175039,0.0010889690854587225,0.0006472693943508286,0.0,0,0.07421417367171954,0.055239705198446176,1.3232772102520867e-07,0.014910786130369636,0.0,0.017207670107618846,0.0,0.020069471489177444,0.005115178869278586,0.0,0.021185520586878337,2.7329493628664617e-17,0.0,0.0,0.000879996797257593,0.0007536859343185173
8.200000000000895,5.86201777996895,-0.9158662524729678,2.493900833574167,-81.92777706866613,3.333649360970004,0.000725979390305815,0.00043151292956721904,0.0,0,0.04947611578114636,0.03682647013229745,8.821848068347244e-08,0.00994052408691309,0.0,0.011471780071745897,0.0,0.013379647659451628,0.0034101192461857242,0.0,0.014123680391252225,1.8219662419109743e-17,0.0,0.0,0.000586664531505062,0.0005024572895456782
8.220000000000883,5.862616683650377,-0.9459640998815638,2.4859916450756856,-82.28913853284307,2.633802879009729,0.0004839862602038766,0.000287675286378146,0.0,0,0.032984077187430905,0.0245509800881983,5.881232045564829e-08,0.00662701605794206,0.0,0.007647853381163931,0.0,0.008919765106301086,0.0022734128307904827,0.0,0.009415786927501483,1.2146441612739828e-17,0.0,0.0,0.0003911096876700413,0.00033497152636378545
8.240000000000872,5.863085442641671,-0.976083508921308,2.4778502023010787,-82.60682092008388,1.9983677383641592,0.00032265750680258445,0.00019178352425209736,0.0,0,0.021989384791620603,0.016367320058798866,3.9208213637098857e-08,0.004418010705294706,0.0,0.005098568920775953,0.0,0.00594651007086739,0.0015156085538603216,0.0,0.006277191285000988,8.097627741826551e-18,0.0,0.0,0.0002607397917800275,0.00022331435090919028
8.260000000000861,5.863460307899762,-1.0062028570505765,2.4695076313965383,-82.88603656178147,1.4272653730836953,0.00021510500453505622,0.00012785568283473156,0.0,0,0.014659589861080402,0.01091154670586591,2.6138809091399238e-08,0.0029453404701964706,0.0,0.0033990459471839687,0.0,0.003964340047244927,0.0010104057025735478,0.0,0.004184794190000658,5.398418494551034e-18,0.0,0.0,0.00017382652785335166,0.00014887623393946019
8.28000000000085,5.863774239199815,-1.0363024338750368,2.4609926324931646,-83.13145748825787,0.919459003887436,0.00014340333635670416,8.523712188982104e-05,0.0,0,0.009773059907386934,0.0072743644705772735,1.742587272759949e-08,0.0019635603134643136,0.0,0.002266030631455979,0.0,0.0026428933648299513,0.0006736038017156984,0.0,0.0027898627933337717,3.598945663034022e-18,0.0,0.0,0.00011588435190223443,9.925082262630678e-05
8.30000000000084,5.864056804979756,-1.066364450011923,2.4523317031493135,-83.34724781229251,0.4731162591520392,9.560222423780278e-05,5.682474792654735e-05,0.0,0,0.006515373271591289,0.004849576313718182,1.1617248485066327e-08,0.001309040208976209,0.0,0.0015106870876373194,0.0,0.0017619289098866342,0.00044906920114379896,0.0,0.0018599085288891811,2.399297108689348e-18,0.0,0.0,7.725623460148962e-05,6.616721508420452e-05
8.320000000000828,5.864334158284978,-1.0963730217747647,2.4435493458034623,-83.5370990212987,0.08575810113596341,6.373481615853517e-05,3.78831652843649e-05,0.0,0,0.004343582181060859,0.003233050875812121,7.74483232337755e-09,0.000872693472650806,0.0,0.0010071247250915461,0.0,0.001174619273257756,0.0002993794674291993,0.0,0.001239939019259454,1.5995314057928986e-18,0.0,0.0,5.150415640099308e-05,4.411147672280301e-05
8.340000000000817,5.8646290773541185,-1.1263141344004715,2.434668255635086,-83.70426716942417,-0.24560588413372897,4.2489877439023456e-05,2.5255443522909935e-05,0.0,0,0.002895721454040573,0.002155367250541414,5.163221548918367e-09,0.0005817956484338706,0.0,0.000671416483394364,0.0,0.0007830795155051707,0.0001995863116194662,0.0,0.000826626012839636,1.066354270528599e-18,0.0,0.0,3.433610426732872e-05,2.9407651148535337e-05
8.360000000000806,5.86496105989685,-1.15617558659071,2.4257094873326097,-83.85161100541089,-0.5243555576266807,2.8326584959348968e-05,1.6836962348606622e-05,0.0,0,0.001930480969360382,0.0014369115003609427,3.4421476992789113e-09,0.00038786376562258037,0.0,0.000447610988929576,0.0,0.0005220530103367804,0.00013305754107964413,0.0,0.0005510840085597574,7.109028470190659e-19,0.0,0.0,2.2890736178219143e-05,1.9605100765690225e-05
8.380000000000795,5.86534646084565,-1.1859469191248422,2.4166926008152325,-83.98163014197407,-0.7541512457364451,1.8884389972899307e-05,1.1224641565737749e-05,0.0,0,0.0012869873129069211,0.0009579410002406284,2.2947651328526076e-09,0.0002585758437483869,0.0,0.0002984073259530507,0.0,0.0003480353402245203,8.870502738642941e-05,0.0,0.0003673893390398382,4.739352313460439e-19,0.0,0.0,1.526049078547943e-05,1.3070067177126816e-05
8.400000000000784,5.865798664221368,-1.2156193302373044,2.4076357870359657,-84.09650246967855,-0.9388372028784161,1.2589593315266206e-05,7.483094377158498e-06,0.0,0,0.0008579915419379474,0.0006386273334937523,1.5298434219017384e-09,0.00017238389583225792,0.0,0.00019893821730203377,0.0,0.00023202356014968018,5.913668492428627e-05,0.0,0.0002449262260265588,3.159568208973626e-19,0.0,0.0,1.0173660523652952e-05,8.713378118084543e-06
8.420000000000773,5.866328280669255,-1.2451855803495173,2.3985559756891357,-84.19812013759434,-1.0823569507819042,8.39306221017747e-06,4.988729584772331e-06,0.0,0,0.0005719943612919649,0.0004257515556625015,1.019895614601159e-09,0.00011492259722150528,0.0,0.00013262547820135583,0.0,0.0001546823734331201,3.942445661619084e-05,0.0,0.00016328415068437254,2.1063788059824172e-19,0.0,0.0,6.782440349101968e-06,5.808918745389695e-06
8.440000000000762,5.8669433631515275,-1.274639888613965,2.3894689270332945,-84.28812355603091,-1.1886798780775967,5.5953748067849794e-06,3.3258197231815544e-06,0.0,0,0.00038132957419464324,0.00028383437044166764,6.799304097341059e-10,7.661506481433685e-05,0.0,8.841698546757055e-05,0.0,0.00010312158228874672,2.628297107746056e-05,0.0,0.00010885610045624836,1.4042525373216114e-19,0.0,0.0,4.521626899401312e-06,3.872612496926463e-06
8.46000000000075,5.86764963419358,-1.3039778235727524,2.380389310189856,-84.36793301436126,-1.2617384442509294,3.730249871189986e-06,2.217213148787703e-06,0.0,0,0.0002542197161297621,0.00018922291362777842,4.5328693982273727e-10,5.1076709876224565e-05,0.0,5.894465697838036e-05,0.0,6.874772152583115e-05,1.7521980718307037e-05,0.0,7.25707336374989e-05,9.361683582144076e-20,0.0,0.0,3.0144179329342076e-06,2.5817416646176417e-06
8.48000000000074,5.868450718954224,-1.3331961900603064,2.371330770250329,-84.43877764117025,-1.30537529973879,2.4868332474599906e-06,1.4781420991918017e-06,0.0,0,0.00016947981075317474,0.0001261486090851856,3.0219129321515816e-10,3.405113991748304e-05,0.0,3.9296437985586904e-05,0.0,4.5831814350554095e-05,1.1681320478871358e-05,0.0,4.838048909166593e-05,6.24112238809605e-20,0.0,0.0,2.0096119552894714e-06,1.7211611097450944e-06
8.500000000000728,5.869348379214276,-1.362292914294472,2.362305986373921,-84.50172155810408,-1.3232996086420157,1.6578888316399938e-06,9.854280661278678e-07,0.0,0,0.00011298654050211649,8.409907272345707e-05,2.0146086214343877e-10,2.270075994498869e-05,0.0,2.61976253237246e-05,0.0,3.0554542900369394e-05,7.787546985914238e-06,0.0,3.225365939444395e-05,4.1607482587306996e-20,0.0,0.0,1.3397413035263142e-06,1.147440739830063e-06
8.520000000000717,5.870342744146076,-1.391266928906228,2.3533267228269565,-84.55768718815197,-1.31905184277422,1.1052592210933289e-06,6.56952044085245e-07,0.0,0,7.532436033474431e-05,5.606604848230471e-05,1.3430724142895917e-10,1.5133839963325794e-05,0.0,1.7465083549149732e-05,0.0,2.0369695266912928e-05,5.191697990609492e-06,0.0,2.1502439596295968e-05,2.7738321724871327e-20,0.0,0.0,8.931608690175427e-07,7.649604932200419e-07
8.540000000000706,5.871432534436412,-1.4201180594591698,2.3444038746418223,-84.60747577079562,-1.2959763062661462,7.36839480728886e-07,4.379680293901634e-07,0.0,0,5.0216240223162876e-05,3.7377365654869805e-05,8.953816095263944e-11,1.0089226642217195e-05,0.0,1.1643389032766488e-05,0.0,1.3579796844608618e-05,3.4611319937396615e-06,0.0,1.4334959730863978e-05,1.849221448324755e-20,0.0,0.0,5.954405793450285e-07,5.099736621466946e-07
8.560000000000695,5.872615276985713,-1.4488469138092774,2.335547509284285,-84.65178520931599,-1.2572006491488532,4.91226320485924e-07,2.9197868626010894e-07,0.0,0,3.347749348210858e-05,2.4918243769913202e-05,5.969210730175962e-11,6.726151094811463e-06,0.0,7.762259355177659e-06,0.0,9.053197896405744e-06,2.307421329159774e-06,0.0,9.556639820575984e-06,1.23281429888317e-20,0.0,0.0,3.9696038623001894e-07,3.3998244143112973e-07
8.580000000000684,5.873887507997742,-1.4774547754564595,2.3267669054347007,-84.69122542969838,-1.2056216362961114,3.274842136572826e-07,1.9465245750673924e-07,0.0,0,2.2318328988072386e-05,1.6612162513275467e-05,3.979473820117308e-11,4.484100729874309e-06,0.0,5.174839570118439e-06,0.0,6.035465264270496e-06,1.538280886106516e-06,0.0,6.371093213717322e-06,8.218761992554467e-21,0.0,0.0,2.646402574866793e-07,2.2665496095408648e-07
8.600000000000673,5.875244962807387,-1.5059435018449125,2.318070589725708,-84.72633146721134,-1.1438964544362062,2.183228091048551e-07,1.2976830500449284e-07,0.0,0,1.4878885992048257e-05,1.1074775008850311e-05,2.6529825467448718e-11,2.989400486582872e-06,0.0,3.449893046745626e-06,0.0,4.023643509513664e-06,1.0255205907376773e-06,0.0,4.247395475811548e-06,5.479174661702978e-21,0.0,0.0,1.7642683832445286e-07,1.511033073027243e-07
8.620000000000662,5.876682751270875,-1.534315428382182,2.309466372045759,-84.7575745177496,-1.0744388638972049,1.455485394032367e-07,8.651220333632855e-08,0.0,0,9.919257328032171e-06,7.38318333923354e-06,1.7686550311632478e-11,1.9929336577219148e-06,0.0,2.299928697830417e-06,0.0,2.682429006342442e-06,6.836803938251181e-07,0.0,2.8315969838743653e-06,3.652783107801985e-21,0.0,0.0,1.176178922163019e-07,1.007355382018162e-07
8.64000000000065,5.878195517964735,-1.5625732787692943,2.30096137981936,-84.78537119874966,-0.9994195323093752,9.70323596021578e-08,5.767480222421903e-08,0.0,0,6.612838218688114e-06,4.922122226155693e-06,1.1791033541088317e-11,1.3286224384812764e-06,0.0,1.5332857985536114e-06,0.0,1.7882860042282948e-06,4.557869292167454e-07,0.0,1.8877313225829101e-06,2.4351887385346565e-21,0.0,0.0,7.841192814420126e-08,6.715702546787746e-08
8.66000000000064,5.8797775868089195,-1.5907200820684926,2.292562091512855,-84.81009126142044,-0.9207699234750892,6.468823973477187e-08,3.844986814947935e-08,0.0,0,4.4085588124587426e-06,3.2814148174371286e-06,7.860689027392212e-12,8.857482923208509e-07,0.0,1.0221905323690742e-06,0.0,1.1921906694855298e-06,3.038579528111636e-07,0.0,1.2584875483886067e-06,1.6234591590231043e-21,0.0,0.0,5.227461876280084e-08,4.4771350311918305e-08
8.680000000000629,5.881423090048336,-1.6187590967825431,2.2842743694880503,-84.83206398468467,-0.840189154791376,4.312549315651457e-08,2.5633245432986233e-08,0.0,0,2.939039208305828e-06,2.187609878291419e-06,5.240459351594807e-12,5.904988615472339e-07,0.0,6.81460354912716e-07,0.0,7.947937796570198e-07,2.0257196854077573e-07,0.0,8.389916989257378e-07,1.0823061060154028e-21,0.0,0.0,3.4849745841867223e-08,2.98475668746122e-08
8.700000000000617,5.88312608179785,-1.6466937420814314,2.2761034922323002,-84.85158346395383,-0.7591532797559718,2.875032877100971e-08,1.708883028865749e-08,0.0,0,1.9593594722038853e-06,1.4584065855276125e-06,3.4936395677298714e-12,3.9366590769815593e-07,0.0,4.5430690327514403e-07,0.0,5.298625197713465e-07,1.350479790271838e-07,0.0,5.593277992838251e-07,7.2153740401026845e-22,0.0,0.0,2.3233163894578147e-08,1.989837791640813e-08
8.720000000000606,5.884880636581772,-1.6745275361893157,2.268054185928995,-84.86891298677088,-0.6789264970686013,1.9166885847339807e-08,1.1392553525771657e-08,0.0,0,1.3062396481359235e-06,9.722710570184083e-07,2.3290930451532474e-12,2.6244393846543725e-07,0.0,3.02871268850096e-07,0.0,3.532416798475643e-07,9.003198601812253e-08,0.0,3.7288519952255003e-07,4.810249360068456e-22,0.0,0.0,1.5488775929718763e-08,1.326558527760542e-08
8.740000000000595,5.88668093348287,-1.7022640418371695,2.2601306552923317,-84.88428866425473,-0.6005738336394332,1.2777923898226536e-08,7.595035683847773e-09,0.0,0,8.708264320906156e-07,6.481807046789388e-07,1.5527286967688314e-12,1.7496262564362483e-07,0.0,2.019141792333973e-07,0.0,2.3549445323170952e-07,6.002132401208168e-08,0.0,2.4859013301503334e-07,3.2068329067123035e-22,0.0,0.0,1.0325850619812509e-08,8.843723518403613e-09
8.760000000000584,5.888521326661447,-1.7299068185945876,2.252336613570022,-84.8979224636452,-0.5249748945601981,8.518615932151025e-09,5.063357122565181e-09,0.0,0,5.805509547270771e-07,4.321204697859592e-07,1.0351524645125542e-12,1.1664175042908321e-07,0.0,1.3460945282226487e-07,0.0,1.56996302154473e-07,4.0014216008054456e-08,0.0,1.6572675534335555e-07,2.137888604474869e-22,0.0,0.0,6.883900413208339e-09,5.895815678935742e-09
8.780000000000573,5.890396403115385,-1.7574593818173716,2.2446753116129896,-84.91000476422704,-0.4528383180491086,5.679077288100682e-09,3.3755714150434542e-09,0.0,0,3.8703396981805133e-07,2.880803131906395e-07,6.901016430083694e-13,7.776116695272214e-08,0.0,8.973963521484324e-08,0.0,1.0466420143631533e-07,2.6676144005369636e-08,0.0,1.1048450356223703e-07,1.4252590696499124e-22,0.0,0.0,4.589266942138893e-09,3.930543785957161e-09
8.800000000000562,5.892301028630842,-1.7849251678851563,2.2371495659176177,-84.92070653734316,-0.3847166169574054,3.786051525400455e-09,2.2503809433623025e-09,0.0,0,2.5802264654536756e-07,1.9205354212709297e-07,4.600677620055795e-13,5.1840777968481424e-08,0.0,5.982642347656216e-08,0.0,6.977613429087688e-08,1.7784096003579756e-08,0.0,7.365633570815801e-08,9.501727130999416e-23,0.0,0.0,3.059511294759262e-09,2.6203625239714404e-09
8.820000000000551,5.894230382924086,-1.8123075053545719,2.2297617855603926,-84.93018123166019,-0.3210211301599574,2.52403435026697e-09,1.500253962241535e-09,0.0,0,1.7201509769691169e-07,1.280356947513953e-07,3.0671184133705303e-13,3.456051864565428e-08,0.0,3.98842823177081e-08,0.0,4.651742286058459e-08,1.1856064002386503e-08,0.0,4.910422380543867e-08,6.33448475399961e-23,0.0,0.0,2.0396741965061743e-09,1.7469083493142935e-09
8.84000000000054,5.896179985001038,-1.8396095916172805,2.2225139979635795,-84.93856642764463,-0.26203684669529337,1.6826895668446464e-09,1.0001693081610231e-09,0.0,0,1.1467673179794112e-07,8.535712983426353e-08,2.0447456089136867e-13,2.3040345763769517e-08,0.0,2.6589521545138733e-08,0.0,3.1011615240389724e-08,7.904042668257668e-09,0.0,3.2736149203625775e-08,4.22298983599974e-23,0.0,0.0,1.3597827976707827e-09,1.1646055662095289e-09
8.860000000000529,5.898145709766306,-1.8668344746275307,2.215407873451375,-84.94598531048452,-0.20793690261943878,1.1217930445630974e-09,6.667795387740155e-10,0.0,0,7.645115453196074e-08,5.6904753222842354e-08,1.3631637392757911e-13,1.5360230509179675e-08,0.0,1.7726347696759155e-08,0.0,2.0674410160259814e-08,5.2693617788384454e-09,0.0,2.1824099469083848e-08,2.81532655733316e-23,0.0,0.0,9.065218651138551e-10,7.764037108063525e-10
8.880000000000518,5.90012379690036,-1.8939850392494357,2.2084447485769862,-84.95254799842523,-0.15879658502240224,7.478620297087316e-10,4.4451969251601035e-10,0.0,0,5.0967436354640495e-08,3.793650214856157e-08,9.087758261838608e-14,1.024015367278645e-08,0.0,1.181756513117277e-08,0.0,1.3782940106839875e-08,3.5129078525589636e-09,0.0,1.4549399646055898e-08,1.87688437155544e-23,0.0,0.0,6.043479100759034e-10,5.176024738709017e-10
8.900000000000507,5.902110852995887,-1.9210639977688158,2.201625648220719,-84.95835275355412,-0.1146067094237571,4.985746864724876e-10,2.9634646167734016e-10,0.0,0,3.397829090309366e-08,2.529100143237438e-08,6.058505507892404e-14,6.8267691151909665e-09,0.0,7.87837675411518e-09,0.0,9.188626737893249e-09,2.3419385683726424e-09,0.0,9.699599764037265e-09,1.2512562477036265e-23,0.0,0.0,4.0289860671726895e-10,3.4506831591393446e-10
8.920000000000496,5.904103847904294,-1.9480738841168803,2.194951306476618,-84.96348709425321,-0.07528626576783808,3.3238312431499184e-10,1.9756430778489343e-10,0.0,0,2.265219393539577e-08,1.6860667621582917e-08,4.039003671928269e-14,4.551179410127311e-09,0.0,5.25225116941012e-09,0.0,6.125751158595499e-09,1.5612923789150949e-09,0.0,6.466399842691509e-09,8.341708318024176e-24,0.0,0.0,2.6859907114484596e-10,2.3004554394262296e-10
8.940000000000484,5.906100106193956,-1.9750170513621477,2.1884221863598214,-84.96802882259436,-0.04069425447891678,2.2158874954332785e-10,1.317095385232623e-10,0.0,0,1.510146262359718e-08,1.1240445081055277e-08,2.692669114618846e-14,3.0341196067515405e-09,0.0,3.5015007796067465e-09,0.0,4.083834105730332e-09,1.0408615859433966e-09,0.0,4.310933228461006e-09,5.5611388786827836e-24,0.0,0.0,1.790660474298973e-10,1.5336369596174862e-10
8.960000000000473,5.908097294565162,-2.001895672041659,2.182038498378436,-84.97204697559783,-0.010640657549285362,1.4772583302888523e-10,8.780635901550817e-11,0.0,0,1.0067641749064785e-08,7.493630054036851e-09,1.7951127430792306e-14,2.0227464045010267e-09,0.0,2.334333853071164e-09,0.0,2.722556070486888e-09,6.939077239622643e-10,0.0,2.8739554856406703e-09,3.7074259191218555e-24,0.0,0.0,1.1937736495326487e-10,1.0224246397449908e-10
8.980000000000462,5.910093406004962,-2.028711740921696,2.1758002180222697,-84.97560270623883,0.015103489513968022,9.848388868592347e-11,5.853757267700545e-11,0.0,0,6.7117611660431894e-09,4.9957533693579e-09,1.196741828719487e-14,1.3484976030006844e-09,0.0,1.5562225687141094e-09,0.0,1.8150373803245918e-09,4.626051493081762e-10,0.0,1.9159703237604467e-09,2.4716172794145703e-24,0.0,0.0,7.958490996884324e-11,6.816164264966606e-11
9.000000000000451,5.912086741400001,-2.0554670798008727,2.169707102226524,-84.97875009810227,0.03679694077157234,6.565592579061565e-11,3.9025048451336966e-11,0.0,0,4.474507444028793e-09,3.3305022462386e-09,7.978278858129912e-15,8.989984020004563e-10,0.0,1.037481712476073e-09,0.0,1.2100249202163945e-09,3.0840343287211746e-10,0.0,1.2773135491736312e-09,1.6477448529430468e-24,0.0,0.0,5.305660664589549e-11,4.544109509977737e-11
