t,x,y,z,yaw,roll,turn,gf,drive,nact,DNp01_left,DNp01_right,DNa02_left,DNa02_right,DNa01_left,DNa01_right,DNb01_left,DNb01_right,DNp03_left,DNp03_right,DNp11_left,DNp11_right,DNg02_left,DNg02_right,DN_all_left,DN_all_right
0.02000000000000001,1.4571815406777403e-07,0.0,1.999999999987818,0.0,0.0,0.0,0.0,0.0,0,0.0,0.0,0.0,0.0,0.0,0.0,0.0,0.0,0.0,0.0,0.0,0.0,0.0,0.0,0.0,0.0
0.04000000000000003,2.1536263519904297e-06,0.0,1.999999999332486,0.0,0.0,0.0,0.0,0.0,0,0.0,0.0,0.0,0.0,0.0,0.0,0.0,0.0,0.0,0.0,0.0,0.0,0.0,0.0,0.0,0.0
0.060000000000000046,1.036354957609535e-05,0.0,1.9999999932081178,0.0,0.0,0.0,0.0,0.0,0,0.0,0.0,0.0,0.0,0.0,0.0,0.0,0.0,0.0,0.0,0.0,0.0,0.0,0.0,0.0,0.0
0.08000000000000006,3.136371810636784e-05,0.0,1.9999999655518297,0.0,0.0,0.0,0.0,0.0,0,0.0,0.0,0.0,0.0,0.0,0.0,0.0,0.0,0.0,0.0,0.0,0.0,0.0,0.0,0.0,0.0
0.10000000000000007,7.352971132205969e-05,0.0,1.9999998809301798,0.0,0.0,0.0,0.0,0.0,0,0.0,0.0,0.0,0.0,0.0,0.0,0.0,0.0,0.0,0.0,0.0,0.0,0.0,0.0,0.0,0.0
0.12000000000000009,0.00014660560134487793,0.0,1.9999996773644733,0.0,0.0,0.0,0.0,0.0,0,0.0,0.0,0.0,0.0,0.0,0.0,0.0,0.0,0.0,0.0,0.0,0.0,0.0,0.0,0.0,0.0
0.1400000000000001,0.0002613272442826191,0.0,1.9999992613301947,0.0,0.0,0.0,0.0,0.0,0,0.0,0.0,0.0,0.0,0.0,0.0,0.0,0.0,0.0,0.0,0.0,0.0,0.0,0.0,0.0,0.0
0.16000000000000011,0.0004290870588310342,0.0,1.9999985054922111,0.0,0.0,0.0,0.0,0.0,0,0.0,0.0,0.0,0.0,0.0,0.0,0.0,0.0,0.0,0.0,0.0,0.0,0.0,0.0,0.0,0.0
0.18000000000000013,0.0006616391197984689,0.0,1.9999972492567384,0.0,0.0,0.0,0.0,0.0,0,0.0,0.0,0.0,0.0,0.0,0.0,0.0,0.0,0.0,0.0,0.0,0.0,0.0,0.0,0.0,0.0
0.20000000000000015,0.000970842970800769,0.0,1.9999953018901322,0.0,0.0,0.0,0.0,0.0,0,0.0,0.0,0.0,0.0,0.0,0.0,0.0,0.0,0.0,0.0,0.0,0.0,0.0,0.0,0.0,0.0
0.22000000000000017,0.0013684442199030577,0.0,1.9999924477485258,0.0,0.0,0.0,0.0,0.0,0,0.0,0.0,0.0,0.0,0.0,0.0,0.0,0.0,0.0,0.0,0.0,0.0,0.0,0.0,0.0,0.0
0.24000000000000019,0.0018658897184885934,0.0,1.9999884530562884,0.0,0.0,0.0,0.0,0.0,0,0.0,0.0,0.0,0.0,0.0,0.0,0.0,0.0,0.0,0.0,0.0,0.0,0.0,0.0,0.0,0.0
0.2600000000000002,0.0024741749309993588,0.0,1.999983073641975,0.0,0.0,0.0,0.0,0.0,0,0.0,0.0,0.0,0.0,0.0,0.0,0.0,0.0,0.0,0.0,0.0,0.0,0.0,0.0,0.0,0.0
0.2800000000000002,0.0032037209749218956,0.0,1.999976063066719,0.0,0.0,0.0,0.0,0.0,0,0.0,0.0,0.0,0.0,0.0,0.0,0.0,0.0,0.0,0.0,0.0,0.0,0.0,0.0,0.0,0.0
0.3000000000000002,0.0040642787396416085,0.0,1.9999671806437211,0.0,0.0,0.0,0.0,0.0,0,0.0,0.0,0.0,0.0,0.0,0.0,0.0,0.0,0.0,0.0,0.0,0.0,0.0,0.0,0.0,0.0
0.32000000000000023,0.005064857472507533,0.0,1.9999561989333736,0.0,0.0,0.0,0.0,0.0,0,0.0,0.0,0.0,0.0,0.0,0.0,0.0,0.0,0.0,0.0,0.0,0.0,0.0,0.0,0.0,0.0
0.34000000000000025,0.00621367524356189,0.0,1.9999429103945274,0.0,0.0,0.0,0.0,0.0,0,0.0,0.0,0.0,0.0,0.0,0.0,0.0,0.0,0.0,0.0,0.0,0.0,0.0,0.0,0.0,0.0
0.36000000000000026,0.007518128759983879,0.0,1.9999271329691868,0.0,0.0,0.0,0.0,0.0,0,0.0,0.0,0.0,0.0,0.0,0.0,0.0,0.0,0.0,0.0,0.0,0.0,0.0,0.0,0.0,0.0
0.3800000000000003,0.0089847800907941,0.0,1.9999087144688035,0.0,0.0,0.0,0.0,0.0,0,0.0,0.0,0.0,0.0,0.0,0.0,0.0,0.0,0.0,0.0,0.0,0.0,0.0,0.0,0.0,0.0
0.4000000000000003,0.010619357975642542,0.0,1.99988753571098,0.0,0.0,0.0,0.0,0.0,0,0.0,0.0,0.0,0.0,0.0,0.0,0.0,0.0,0.0,0.0,0.0,0.0,0.0,0.0,0.0,0.0
0.4200000000000003,0.01242677152298219,0.0,1.9998635124231203,0.0,0.0,0.0,0.0,0.0,0,0.0,0.0,0.0,0.0,0.0,0.0,0.0,0.0,0.0,0.0,0.0,0.0,0.0,0.0,0.0,0.0
0.44000000000000034,0.014411134247627752,0.0,1.9998365959834041,0.0,0.0,0.0,0.0,0.0,0,0.0,0.0,0.0,0.0,0.0,0.0,0.0,0.0,0.0,0.0,0.0,0.0,0.0,0.0,0.0,0.0
0.46000000000000035,0.01657579655123656,0.0,1.9998067731094025,0.0,0.0,0.0,0.0,0.0,0,0.0,0.0,0.0,0.0,0.0,0.0,0.0,0.0,0.0,0.0,0.0,0.0,0.0,0.0,0.0,0.0
0.48000000000000037,0.018923384907840513,0.0,1.9997740646315858,0.0,0.0,0.0,0.0,0.0,0,0.0,0.0,0.0,0.0,0.0,0.0,0.0,0.0,0.0,0.0,0.0,0.0,0.0,0.0,0.0,0.0
0.5000000000000003,0.021455846176979862,0.0,1.9997385235043457,0.0,0.0,0.0,0.0,0.0,0,0.0,0.0,0.0,0.0,0.0,0.0,0.0,0.0,0.0,0.0,0.0,0.0,0.0,0.0,0.0,0.0
0.5200000000000004,0.02417449562653423,0.0,1.9997002322126325,0.0,0.0,0.0,0.0,0.0,0,0.0,0.0,0.0,0.0,0.0,0.0,0.0,0.0,0.0,0.0,0.0,0.0,0.0,0.0,0.0,0.0
0.5400000000000004,0.027080067403775464,0.0,1.9996592997297886,0.0,0.0,0.0,0.0,0.0,0,0.0,0.0,0.0,0.0,0.0,0.0,0.0,0.0,0.0,0.0,0.0,0.0,0.0,0.0,0.0,0.0
0.5600000000000004,0.03017276634465895,0.0,1.9996158581734818,0.0,0.0,0.0,0.0,0.0,0,0.0,0.0,0.0,0.0,0.0,0.0,0.0,0.0,0.0,0.0,0.0,0.0,0.0,0.0,0.0,0.0
0.5800000000000004,0.033452320156473564,0.0,1.999570059293494,0.0,0.0,0.0,0.0,0.0,0,0.0,0.0,0.0,0.0,0.0,0.0,0.0,0.0,0.0,0.0,0.0,0.0,0.0,0.0,0.0,0.0
0.6000000000000004,0.03691803114655573,0.0,1.9995220709091146,0.0,0.0,0.0,0.0,0.0,0,0.0,0.0,0.0,0.0,0.0,0.0,0.0,0.0,0.0,0.0,0.0,0.0,0.0,0.0,0.0,0.0
0.6200000000000004,0.04056882679899369,0.0,1.9994720733963056,0.0,0.0,0.0,0.0,0.0,0,0.0,0.0,0.0,0.0,0.0,0.0,0.0,0.0,0.0,0.0,0.0,0.0,0.0,0.0,0.0,0.0
0.6400000000000005,0.04440330862150246,0.0,1.9994202563067829,0.0,0.0,0.0,0.0,0.0,0,0.0,0.0,0.0,0.0,0.0,0.0,0.0,0.0,0.0,0.0,0.0,0.0,0.0,0.0,0.0,0.0
0.6600000000000005,0.048419798795549425,0.0,1.9993668151835307,0.0,0.0,0.0,0.0,0.0,0,0.0,0.0,0.0,0.0,0.0,0.0,0.0,0.0,0.0,0.0,0.0,0.0,0.0,0.0,0.0,0.0
0.6800000000000005,0.05261638426415224,0.0,1.999311948620723,0.0,0.0,0.0,0.0,0.0,0,0.0,0.0,0.0,0.0,0.0,0.0,0.0,0.0,0.0,0.0,0.0,0.0,0.0,0.0,0.0,0.0
0.7000000000000005,0.056990957983509644,0.0,1.9992558556009528,0.0,0.0,0.0,0.0,0.0,0,0.0,0.0,0.0,0.0,0.0,0.0,0.0,0.0,0.0,0.0,0.0,0.0,0.0,0.0,0.0,0.0
0.7200000000000005,0.06154125714685572,0.0,1.9991987331294323,0.0,0.0,0.0,0.0,0.0,0,0.0,0.0,0.0,0.0,0.0,0.0,0.0,0.0,0.0,0.0,0.0,0.0,0.0,0.0,0.0,0.0
0.7400000000000005,0.06626489826185744,0.0,1.9991407741734626,0.0,0.0,0.0,0.0,0.0,0,0.0,0.0,0.0,0.0,0.0,0.0,0.0,0.0,0.0,0.0,0.0,0.0,0.0,0.0,0.0,0.0
0.7600000000000006,0.07115940902681253,0.0,1.999082165906066,0.0,0.0,0.0,0.0,0.0,0,0.0,0.0,0.0,0.0,0.0,0.0,0.0,0.0,0.0,0.0,0.0,0.0,0.0,0.0,0.0,0.0
0.7800000000000006,0.07622225700623532,0.0,1.9990230882451419,0.0,0.0,0.0,0.0,0.0,0,0.0,0.0,0.0,0.0,0.0,0.0,0.0,0.0,0.0,0.0,0.0,0.0,0.0,0.0,0.0,0.0
0.8000000000000006,0.08145087515360026,0.0,1.9989637126736974,0.0,0.0,0.0,0.0,0.0,0,0.0,0.0,0.0,0.0,0.0,0.0,0.0,0.0,0.0,0.0,0.0,0.0,0.0,0.0,0.0,0.0
0.8200000000000006,0.08684268426854129,0.0,1.9989042013224865,0.0,0.0,0.0,0.0,0.0,0,0.0,0.0,0.0,0.0,0.0,0.0,0.0,0.0,0.0,0.0,0.0,0.0,0.0,0.0,0.0,0.0
0.8400000000000006,0.09239511250823075,0.0,1.9988447062935037,0.0,0.0,0.0,0.0,0.0,0,0.0,0.0,0.0,0.0,0.0,0.0,0.0,0.0,0.0,0.0,0.0,0.0,0.0,0.0,0.0,0.0
0.8600000000000007,0.09810561209853795,0.0,1.9987853692011064,0.0,0.0,0.0,0.0,0.0,0,0.0,0.0,0.0,0.0,0.0,0.0,0.0,0.0,0.0,0.0,0.0,0.0,0.0,0.0,0.0,0.0
0.8800000000000007,0.10397167341048194,0.0,1.998726320906792,0.0,0.0,0.0,0.0,0.0,0,0.0,0.0,0.0,0.0,0.0,0.0,0.0,0.0,0.0,0.0,0.0,0.0,0.0,0.0,0.0,0.0
0.9000000000000007,0.10999083658201994,0.0,1.9986676814237099,0.0,0.0,0.0,0.0,0.0,0,0.0,0.0,0.0,0.0,0.0,0.0,0.0,0.0,0.0,0.0,0.0,0.0,0.0,0.0,0.0,0.0
0.9200000000000007,0.11616070087493283,0.0,1.9986095599676281,0.0,0.0,0.0,0.0,0.0,0,0.0,0.0,0.0,0.0,0.0,0.0,0.0,0.0,0.0,0.0,0.0,0.0,0.0,0.0,0.0,0.0
0.9400000000000007,0.12247893196204244,0.0,1.9985520551321663,0.0,0.0,0.0,0.0,0.0,0,0.0,0.0,0.0,0.0,0.0,0.0,0.0,0.0,0.0,0.0,0.0,0.0,0.0,0.0,0.0,0.0
0.9600000000000007,0.12894326734176667,0.0,1.998495255167517,0.0,0.0,0.0,0.0,0.0,0,0.0,0.0,0.0,0.0,0.0,0.0,0.0,0.0,0.0,0.0,0.0,0.0,0.0,0.0,0.0,0.0
0.9800000000000008,0.13555152007560822,0.0,1.998439238343475,0.0,0.0,0.0,0.0,0.0,0,0.0,0.0,0.0,0.0,0.0,0.0,0.0,0.0,0.0,0.0,0.0,0.0,0.0,0.0,0.0,0.0
1.0000000000000007,0.14230158104006693,0.0,1.9983840733793223,0.0,0.0,0.0,0.0,0.0,0,0.0,0.0,0.0,0.0,0.0,0.0,0.0,0.0,0.0,0.0,0.0,0.0,0.0,0.0,0.0,0.0
1.0199999999999985,0.1491914198781305,0.0,1.998329819924867,0.0,0.0,0.0,0.0,0.0,0,0.0,0.0,0.0,0.0,0.0,0.0,0.0,0.0,0.0,0.0,0.0,0.0,0.0,0.0,0.0,0.0
1.0399999999999963,0.15621908482734834,0.0,1.9982765290786793,0.0,0.0,0.0,0.0,0.0,0,0.0,0.0,0.0,0.0,0.0,0.0,0.0,0.0,0.0,0.0,0.0,0.0,0.0,0.0,0.0,0.0
1.059999999999994,0.16338270159192655,0.0,1.9982242439312499,0.0,0.0,0.0,0.0,0.0,0,0.0,0.0,0.0,0.0,0.0,0.0,0.0,0.0,0.0,0.0,0.0,0.0,0.0,0.0,0.0,0.0
1.0799999999999919,0.17068047141564477,0.0,1.998173000122393,0.0,0.0,0.0,0.0,0.0,0,0.0,0.0,0.0,0.0,0.0,0.0,0.0,0.0,0.0,0.0,0.0,0.0,0.0,0.0,0.0,0.0
1.0999999999999897,0.17811066850100835,0.0,1.9981228264037143,0.0,0.0,0.0,0.0,0.0,0,0.0,0.0,0.0,0.0,0.0,0.0,0.0,0.0,0.0,0.0,0.0,0.0,0.0,0.0,0.0,0.0
1.1199999999999875,0.18567163690818786,0.0,1.9980737451983437,0.0,0.0,0.0,0.0,0.0,0,0.0,0.0,0.0,0.0,0.0,0.0,0.0,0.0,0.0,0.0,0.0,0.0,0.0,0.0,0.0,0.0
1.1399999999999852,0.1933617870552186,0.0,1.9980257731513893,0.0,0.0,0.0,0.0,0.0,0,0.0,0.0,0.0,0.0,0.0,0.0,0.0,0.0,0.0,0.0,0.0,0.0,0.0,0.0,0.0,0.0
1.159999999999983,0.20117959192883356,0.0,1.9979789216657178,0.0,0.0,0.0,0.0,0.0,0,0.0,0.0,0.0,0.0,0.0,0.0,0.0,0.0,0.0,0.0,0.0,0.0,0.0,0.0,0.0,0.0
1.1799999999999808,0.20912358310338144,0.0,1.9979331974186902,0.0,0.0,0.0,0.0,0.0,0,0.0,0.0,0.0,0.0,0.0,0.0,0.0,0.0,0.0,0.0,0.0,0.0,0.0,0.0,0.0,0.0
1.1999999999999786,0.21719234665367976,0.0,1.9978886028563936,0.0,0.0,0.0,0.0,0.0,0,0.0,0.0,0.0,0.0,0.0,0.0,0.0,0.0,0.0,0.0,0.0,0.0,0.0,0.0,0.0,0.0
1.2199999999999764,0.22538451903649656,0.0,1.9978451366627388,0.0,0.0,0.0,0.0,0.0,0,0.0,0.0,0.0,0.0,0.0,0.0,0.0,0.0,0.0,0.0,0.0,0.0,0.0,0.0,0.0,0.0
1.2399999999999742,0.2336987830047481,0.0,1.997802794201483,0.0,0.0,0.0,0.0,0.0,0,0.0,0.0,0.0,0.0,0.0,0.0,0.0,0.0,0.0,0.0,0.0,0.0,0.0,0.0,0.0,0.0
1.259999999999972,0.24213386360851466,0.0,1.997761567929904,0.0,0.0,0.0,0.0,0.0,0,0.0,0.0,0.0,0.0,0.0,0.0,0.0,0.0,0.0,0.0,0.0,0.0,0.0,0.0,0.0,0.0
1.2799999999999698,0.2506885243276718,0.0,1.9977214477833551,0.0,0.0,0.0,0.0,0.0,0,0.0,0.0,0.0,0.0,0.0,0.0,0.0,0.0,0.0,0.0,0.0,0.0,0.0,0.0,0.0,0.0
1.2999999999999676,0.25936156337234595,0.0,1.9976824215304367,0.0,0.0,0.0,0.0,0.0,0,0.0,0.0,0.0,0.0,0.0,0.0,0.0,0.0,0.0,0.0,0.0,0.0,0.0,0.0,0.0,0.0
1.3199999999999654,0.2681518101795512,0.0,1.9976444750989182,0.0,0.0,0.0,0.0,0.0,0,0.0,0.0,0.0,0.0,0.0,0.0,0.0,0.0,0.0,0.0,0.0,0.0,0.0,0.0,0.0,0.0
1.3399999999999632,0.2770581221272617,0.0,1.997607592872867,0.0,0.0,0.0,0.0,0.0,0,0.0,0.0,0.0,0.0,0.0,0.0,0.0,0.0,0.0,0.0,0.0,0.0,0.0,0.0,0.0,0.0
1.359999999999961,0.2860793814808031,0.0,1.9975717579617618,0.0,0.0,0.0,0.0,0.0,0,0.0,0.0,0.0,0.0,0.0,0.0,0.0,0.0,0.0,0.0,0.0,0.0,0.0,0.0,0.0,0.0
1.3799999999999588,0.29521449258080934,0.0,1.9975369524425766,0.0,0.0,0.0,0.0,0.0,0,0.0,0.0,0.0,0.0,0.0,0.0,0.0,0.0,0.0,0.0,0.0,0.0,0.0,0.0,0.0,0.0
1.3999999999999566,0.3044623792770476,0.0,1.9975031575760274,0.0,0.0,0.0,0.0,0.0,0,0.0,0.0,0.0,0.0,0.0,0.0,0.0,0.0,0.0,0.0,0.0,0.0,0.0,0.0,0.0,0.0
1.4199999999999544,0.3138219826081449,0.0,1.9974703539983172,0.0,0.0,0.0,0.0,0.0,0,0.0,0.0,0.0,0.0,0.0,0.0,0.0,0.0,0.0,0.0,0.0,0.0,0.0,0.0,0.0,0.0
1.4399999999999522,0.32329225872360856,0.0,1.9974385218898274,0.0,0.0,0.0,0.0,0.0,0,0.0,0.0,0.0,0.0,0.0,0.0,0.0,0.0,0.0,0.0,0.0,0.0,0.0,0.0,0.0,0.0
1.45999999999995,0.3328721770414936,0.0,1.9974076411222847,0.0,0.0,0.0,0.0,0.0,0,0.0,0.0,0.0,0.0,0.0,0.0,0.0,0.0,0.0,0.0,0.0,0.0,0.0,0.0,0.0,0.0
1.4799999999999478,0.342560718632573,0.0,1.997377691385977,0.0,0.0,0.0,0.0,0.0,0,0.0,0.0,0.0,0.0,0.0,0.0,0.0,0.0,0.0,0.0,0.0,0.0,0.0,0.0,0.0,0.0
1.4999999999999456,0.3523568748198818,0.0,1.9973486522986135,0.0,0.0,0.0,0.0,0.0,0,0.0,0.0,0.0,0.0,0.0,0.0,0.0,0.0,0.0,0.0,0.0,0.0,0.0,0.0,0.0,0.0
1.5199999999999434,0.3622596459809757,0.0,1.9973205034974264,0.0,0.0,0.0,0.0,0.0,0,0.0,0.0,0.0,0.0,0.0,0.0,0.0,0.0,0.0,0.0,0.0,0.0,0.0,0.0,0.0,0.0
1.5399999999999412,0.372268040539133,0.0,1.9972932247160855,0.0,0.0,0.0,0.0,0.0,0,0.0,0.0,0.0,0.0,0.0,0.0,0.0,0.0,0.0,0.0,0.0,0.0,0.0,0.0,0.0,0.0
1.559999999999939,0.382381074128987,0.0,1.9972667958479595,0.0,0.0,0.0,0.0,0.0,0,0.0,0.0,0.0,0.0,0.0,0.0,0.0,0.0,0.0,0.0,0.0,0.0,0.0,0.0,0.0,0.0
1.5799999999999368,0.3925977689216533,0.0,1.9972411969972048,0.0,0.0,0.0,0.0,0.0,0,0.0,0.0,0.0,0.0,0.0,0.0,0.0,0.0,0.0,0.0,0.0,0.0,0.0,0.0,0.0,0.0
1.5999999999999346,0.402917153094285,0.0,1.9972164085190958,0.0,0.0,0.0,0.0,0.0,0,0.0,0.0,0.0,0.0,0.0,0.0,0.0,0.0,0.0,0.0,0.0,0.0,0.0,0.0,0.0,0.0
1.6199999999999324,0.4133382604290958,0.0,1.9971924110509378,0.0,0.0,0.0,0.0,0.0,0,0.0,0.0,0.0,0.0,0.0,0.0,0.0,0.0,0.0,0.0,0.0,0.0,0.0,0.0,0.0,0.0
1.6399999999999302,0.423860130027207,0.0,1.997169185534818,0.0,0.0,0.0,0.0,0.0,0,0.0,0.0,0.0,0.0,0.0,0.0,0.0,0.0,0.0,0.0,0.0,0.0,0.0,0.0,0.0,0.0
1.659999999999928,0.4344818061231552,0.0,1.997146713233366,0.0,0.0,0.0,0.0,0.0,0,0.0,0.0,0.0,0.0,0.0,0.0,0.0,0.0,0.0,0.0,0.0,0.0,0.0,0.0,0.0,0.0
1.6799999999999258,0.44520233798652337,0.0,1.9971249757396043,0.0,0.0,0.0,0.0,0.0,0,0.0,0.0,0.0,0.0,0.0,0.0,0.0,0.0,0.0,0.0,0.0,0.0,0.0,0.0,0.0,0.0
1.6999999999999236,0.4560207798978862,0.0,1.9971039549818725,0.0,0.0,0.0,0.0,0.0,0,0.0,0.0,0.0,0.0,0.0,0.0,0.0,0.0,0.0,0.0,0.0,0.0,0.0,0.0,0.0,0.0
1.7199999999999214,0.4669361911870751,0.0,1.99708363322473,0.0,0.0,0.0,0.0,0.0,0,0.0,0.0,0.0,0.0,0.0,0.0,0.0,0.0,0.0,0.0,0.0,0.0,0.0,0.0,0.0,0.0
1.7399999999999192,0.47794763632263265,0.0,1.9970639930666285,0.0,0.0,0.0,0.0,0.0,0,0.0,0.0,0.0,0.0,0.0,0.0,0.0,0.0,0.0,0.0,0.0,0.0,0.0,0.0,0.0,0.0
1.759999999999917,0.48905418504223835,0.0,1.9970450174350838,0.0,0.0,0.0,0.0,0.0,0,0.0,0.0,0.0,0.0,0.0,0.0,0.0,0.0,0.0,0.0,0.0,0.0,0.0,0.0,0.0,0.0
1.7799999999999148,0.5002549125148009,0.0,1.997026689579964,0.0,0.0,0.0,0.0,0.0,0,0.0,0.0,0.0,0.0,0.0,0.0,0.0,0.0,0.0,0.0,0.0,0.0,0.0,0.0,0.0,0.0
1.7999999999999126,0.5115488995258445,0.0,1.997008993065456,0.0,0.0,0.0,0.0,0.0,0,0.0,0.0,0.0,0.0,0.0,0.0,0.0,0.0,0.0,0.0,0.0,0.0,0.0,0.0,0.0,0.0
1.8199999999999104,0.5229352326787168,0.0,1.9969919117611725,0.0,0.0,0.0,0.0,0.0,0,0.0,0.0,0.0,0.0,0.0,0.0,0.0,0.0,0.0,0.0,0.0,0.0,0.0,0.0,0.0,0.0
1.8399999999999082,0.534413004605043,0.0,1.9969754298328068,0.0,0.0,0.0,0.0,0.0,0,0.0,0.0,0.0,0.0,0.0,0.0,0.0,0.0,0.0,0.0,0.0,0.0,0.0,0.0,0.0,0.0
1.859999999999906,0.5459813141786899,0.0,1.9969595317326685,0.0,0.0,0.0,0.0,0.0,0,0.0,0.0,0.0,0.0,0.0,0.0,0.0,0.0,0.0,0.0,0.0,0.0,0.0,0.0,0.0,0.0
1.8799999999999037,0.5576392667283233,0.0,1.996944202190368,0.0,0.0,0.0,0.0,0.0,0,0.0,0.0,0.0,0.0,0.0,0.0,0.0,0.0,0.0,0.0,0.0,0.0,0.0,0.0,0.0,0.0
1.8999999999999015,0.5693859742444013,0.0,1.9969294262038757,0.0,0.0,0.0,0.0,0.0,0,0.0,0.0,0.0,0.0,0.0,0.0,0.0,0.0,0.0,0.0,0.0,0.0,0.0,0.0,0.0,0.0
1.9199999999998993,0.5812205555771572,0.0,1.9969151890311216,0.0,0.0,0.0,0.0,0.0,0,0.0,0.0,0.0,0.0,0.0,0.0,0.0,0.0,0.0,0.0,0.0,0.0,0.0,0.0,0.0,0.0
1.9399999999998971,0.59314213662278,0.0,1.9969014761822572,0.0,0.0,0.0,0.0,0.0,0,0.0,0.0,0.0,0.0,0.0,0.0,0.0,0.0,0.0,0.0,0.0,0.0,0.0,0.0,0.0,0.0
1.959999999999895,0.6051498504956057,0.0,1.9968882734126665,0.0,0.0,0.0,0.0,0.0,0,0.0,0.0,0.0,0.0,0.0,0.0,0.0,0.0,0.0,0.0,0.0,0.0,0.0,0.0,0.0,0.0
1.9799999999998927,0.6172428376846713,0.0,1.9968755667167852,0.0,0.0,0.0,0.0,0.0,0,0.0,0.0,0.0,0.0,0.0,0.0,0.0,0.0,0.0,0.0,0.0,0.0,0.0,0.0,0.0,0.0
1.9999999999998905,0.629420246193475,0.0,1.996863342322736,0.0,0.0,0.0,0.0,0.0,0,0.0,0.0,0.0,0.0,0.0,0.0,0.0,0.0,0.0,0.0,0.0,0.0,0.0,0.0,0.0,0.0
2.0199999999998886,0.6416812316622131,0.0,1.9968515866877907,0.0,0.0,0.0,0.0,0.0,0,0.0,0.0,0.0,0.0,0.0,0.0,0.0,0.0,0.0,0.0,0.0,0.0,0.0,0.0,0.0,0.0
2.0399999999998863,0.6540249574721471,0.0,1.9968402864946369,0.0,0.0,0.0,0.0,0.0,0,0.0,0.0,0.0,0.0,0.0,0.0,0.0,0.0,0.0,0.0,0.0,0.0,0.0,0.0,0.0,0.0
2.059999999999884,0.6664505948320806,0.0,1.9968294286484025,0.0,0.0,0.0,0.0,0.0,0,0.0,0.0,0.0,0.0,0.0,0.0,0.0,0.0,0.0,0.0,0.0,0.0,0.0,0.0,0.0,0.0
2.079999999999882,0.6789573228472014,0.0,1.9968190002743935,0.0,0.0,0.0,0.0,0.0,0,0.0,0.0,0.0,0.0,0.0,0.0,0.0,0.0,0.0,0.0,0.0,0.0,0.0,0.0,0.0,0.0
2.0999999999998797,0.6915443285707876,0.0,1.996808988716485,0.0,0.0,0.0,0.0,0.0,0,0.0,0.0,0.0,0.0,0.0,0.0,0.0,0.0,0.0,0.0,0.0,0.0,0.0,0.0,0.0,0.0
2.1199999999998775,0.7042108070394516,0.0,1.9967993815360932,0.0,0.0,0.0,0.0,0.0,0,0.0,0.0,0.0,0.0,0.0,0.0,0.0,0.0,0.0,0.0,0.0,0.0,0.0,0.0,0.0,0.0
2.1399999999998753,0.7169559612927682,0.0,1.9967901665116585,0.0,0.0,0.0,0.0,0.0,0,0.0,0.0,0.0,0.0,0.0,0.0,0.0,0.0,0.0,0.0,0.0,0.0,0.0,0.0,0.0,0.0
2.159999999999873,0.7297790023782343,0.0,1.996781331638566,0.0,0.0,0.0,0.0,0.0,0,0.0,0.0,0.0,0.0,0.0,0.0,0.0,0.0,0.0,0.0,0.0,0.0,0.0,0.0,0.0,0.0
2.179999999999871,0.7426791493426065,0.0,1.996772865129426,0.0,0.0,0.0,0.0,0.0,0,0.0,0.0,0.0,0.0,0.0,0.0,0.0,0.0,0.0,0.0,0.0,0.0,0.0,0.0,0.0,0.0
2.1999999999998687,0.7556556292107108,0.0,1.9967647554146402,0.0,0.0,0.0,0.0,0.0,0,0.0,0.0,0.0,0.0,0.0,0.0,0.0,0.0,0.0,0.0,0.0,0.0,0.0,0.0,0.0,0.0
2.2199999999998665,0.7687076769528591,0.0,1.9967569911431875,0.0,0.0,0.0,0.0,0.0,0,0.0,0.0,0.0,0.0,0.0,0.0,0.0,0.0,0.0,0.0,0.0,0.0,0.0,0.0,0.0,0.0
2.2399999999998643,0.7818345354420101,0.0,1.9967495611835506,0.0,0.0,0.0,0.0,0.0,0,0.0,0.0,0.0,0.0,0.0,0.0,0.0,0.0,0.0,0.0,0.0,0.0,0.0,0.0,0.0,0.0
2.259999999999862,0.7950354554018157,0.0,1.99674245462473,0.0,0.0,0.0,0.0,0.0,0,0.0,0.0,0.0,0.0,0.0,0.0,0.0,0.0,0.0,0.0,0.0,0.0,0.0,0.0,0.0,0.0
2.27999999999986,0.8083096953466606,0.0,1.9967356607772813,0.0,0.0,0.0,0.0,0.0,0,0.0,0.0,0.0,0.0,0.0,0.0,0.0,0.0,0.0,0.0,0.0,0.0,0.0,0.0,0.0,0.0
2.2999999999998577,0.8216565215147715,0.0,1.9967291691743176,0.0,0.0,0.0,0.0,0.0,0,0.0,0.0,0.0,0.0,0.0,0.0,0.0,0.0,0.0,0.0,0.0,0.0,0.0,0.0,0.0,0.0
2.3199999999998555,0.8350752077954222,0.0,1.9967229695724398,0.0,0.0,0.0,0.0,0.0,0,0.0,0.0,0.0,0.0,0.0,0.0,0.0,0.0,0.0,0.0,0.0,0.0,0.0,0.0,0.0,0.0
2.3399999999998533,0.8485650356512096,0.0,1.9967170519525403,0.0,0.0,0.0,0.0,0.0,0,0.0,0.0,0.0,0.0,0.0,0.0,0.0,0.0,0.0,0.0,0.0,0.0,0.0,0.0,0.0,0.0
2.359999999999851,0.8621252940363123,0.0,1.996711406520451,0.0,0.0,0.0,0.0,0.0,0,0.0,0.0,0.0,0.0,0.0,0.0,0.0,0.0,0.0,0.0,0.0,0.0,0.0,0.0,0.0,0.0
2.379999999999849,0.8757552793115728,0.0,1.9967060237073977,0.0,0.0,0.0,0.0,0.0,0,0.0,0.0,0.0,0.0,0.0,0.0,0.0,0.0,0.0,0.0,0.0,0.0,0.0,0.0,0.0,0.0
2.3999999999998467,0.8894542951571838,0.0,1.9967008941702444,0.0,0.0,0.0,0.0,0.0,0,0.0,0.0,0.0,0.0,0.0,0.0,0.0,0.0,0.0,0.0,0.0,0.0,0.0,0.0,0.0,0.0
2.4199999999998445,0.9032216524836817,0.0,1.9966960087915002,0.0,0.0,0.0,0.0,0.0,0,0.0,0.0,0.0,0.0,0.0,0.0,0.0,0.0,0.0,0.0,0.0,0.0,0.0,0.0,0.0,0.0
2.4399999999998423,0.9170597449945378,0.0,1.996750046573376,0.0,0.0,0.0,0.08333333333333334,20.015212344183265,70,16.666666666666668,0.0,0.0,0.0,0.0,0.0,0.0,0.0,0.0,0.0,0.0,0.0,0.0,0.0,0.07751937984496125,0.0
2.45999999999984,0.9309786051797849,0.0,1.9970673125408083,0.0,0.0,0.0,0.3055555555555556,20.263523467891087,135,44.44444444444444,16.666666666666668,0.0,0.0,0.0,0.0,0.0,0.0,0.0,0.0,0.0,0.0,0.0,0.0,0.33591731266149877,0.10319917440660477
2.479999999999838,0.9449862481262485,0.0,1.9978134853492253,0.0,0.0,0.0,0.3703703703703704,20.530671786073935,123,29.629629629629626,44.44444444444444,0.0,0.0,0.0,0.0,0.0,0.0,0.0,0.0,0.0,0.0,0.0,0.0,0.3531438415159346,0.17199862401100796
2.4999999999998357,0.9590872169716388,0.0,1.999087863363408,0.0,0.0,0.0,0.49691358024691357,20.813937222863895,154,53.08641975308642,46.2962962962963,0.0,0.0,0.0,0.0,0.0,0.0,0.0,0.0,0.0,0.0,0.0,0.0,0.726385300028711,0.5790620341703934
2.5199999999998335,0.9732799725114555,0.0,2.0008735542075486,0.0,0.0,0.0,0.41460905349794236,21.108058578718403,111,35.39094650205761,47.53086419753087,0.0,0.0,0.0,0.0,0.0,0.0,0.0,0.0,0.0,0.0,0.0,0.0,0.5876160398124224,0.41184114971524677
2.5399999999998313,0.9875541246870362,0.0,2.002984647829499,0.0,0.0,0.0,0.2764060356652949,21.403539198492247,87,23.59396433470507,31.68724279835391,0.0,0.0,0.0,0.0,0.0,0.0,0.0,0.0,0.0,0.0,0.0,0.0,0.4434236131049224,0.30036056007848233
2.559999999999829,1.0019059506642598,-1.46315342320645e-07,2.0053623304100126,-0.02025086473952806,0.02110349854513588,0.1388888888888889,0.35093735711019663,21.68677990919291,123,32.395976223136714,37.79149519890261,0.0,0.0,0.0,0.0,0.0,0.0,0.0,0.0,16.666666666666668,0.0,0.0,0.0,0.5798534681681395,0.27763975419060843
2.579999999999827,1.016337943077896,-2.1301701324681433e-06,2.0080662801917835,-0.06930689065982067,0.07088094296355756,0.09259259259259259,0.400624904740131,21.967716390053358,121,38.26398414875781,41.860996799268406,0.0,0.0,0.0,0.0,0.0,0.0,0.0,0.0,11.11111111111111,0.0,0.0,0.0,0.6191271183136434,0.365691724671964
2.5999999999998247,1.0308478613703398,-9.669490624391301e-06,2.011065814764993,-0.1335343751542133,0.1335679616366332,0.061728395061728385,0.3504166031600874,22.254545979435452,116,25.509322765838537,44.573997866178935,0.0,0.0,0.0,0.0,0.0,0.0,0.0,0.0,7.4074074074074066,0.0,0.0,0.0,0.4644309987724031,0.2695942767162938
2.6199999999998225,1.0454339819711767,-2.750778100281544e-05,2.014340156552053,-0.20430142163398407,0.1991460997727263,0.04115226337448559,0.40027773544005824,22.53873268492429,116,33.672881843892355,46.38266524411929,0.0,0.0,0.0,0.0,0.0,0.0,0.0,0.0,4.93827160493827,0.0,0.0,0.0,0.5163390121014987,0.38612786662407206
2.6399999999998203,1.0600972788207537,-6.08661733587176e-05,2.017920088413653,-0.2965095400263598,0.2825418725171376,0.16632373113854595,0.4335184902933722,22.820201207366473,115,39.115254562594906,47.58844349607953,0.0,0.0,0.0,0.0,0.0,0.0,0.0,0.0,19.958847736625515,0.0,0.0,0.0,0.6026239408842032,0.3606177521559861
2.659999999999818,1.0748345535829231,-0.0001158735290669364,2.021756990146345,-0.4155061934180063,0.38771142990834656,0.1108824874256973,0.37234566019558146,23.102213534618596,98,26.07683637506327,48.392295664053016,0.0,0.0,0.0,0.0,0.0,0.0,0.0,0.0,13.305898491083676,0.0,0.0,0.0,0.5051084670494171,0.34361100917726217
2.679999999999816,1.0896404101685078,-0.00019975650872631912,2.0257607061566882,-0.5458386316291576,0.4969791333569665,0.0739216582837982,0.33156377346372096,23.37792414236607,86,17.38455758337551,48.928197109368675,0.0,0.0,0.0,0.0,0.0,0.0,0.0,0.0,8.870598994055783,0.0,0.0,0.0,0.414258357877906,0.33227318052477955
2.6999999999998137,1.1045139722989048,-0.0003206721882743587,2.0299278569949815,-0.6981948996400903,0.6206414051025213,0.18816999441142102,0.3877091823091473,23.643573926319103,113,28.256371722250343,49.28546473957912,0.0,0.0,0.0,0.0,0.0,0.0,0.0,0.0,22.580399329370522,0.0,0.0,0.0,0.5087303781201544,0.4021140088947447
2.7199999999998115,1.1194537208737572,-0.000487495799827647,2.0342434815037995,-0.8754100451776671,0.7600335627579405,0.12544666294094733,0.3418061215394315,23.904665144512773,129,18.837581148166894,49.52364315971941,0.0,0.0,0.0,0.0,0.0,0.0,0.0,0.0,15.053599552913681,0.0,0.0,0.0,0.44251275854005123,0.34547538673478334
2.7399999999998093,1.1344645649458225,-0.0007120051794974833,2.038816672169461,-1.0606200236896506,0.8961858495996037,0.08363110862729822,0.5612040810262877,24.15951135013497,141,62.558387432111275,49.68242877314628,0.0,0.0,0.0,0.0,0.0,0.0,0.0,0.0,10.035733035275786,0.0,0.0,0.0,0.6567656116365199,0.4109154797014139
2.759999999999807,1.14955382443874,-0.0010068155719428265,2.043803665202082,-1.2435551982011008,1.0178639679845776,0.05575407241819881,0.6241360540175251,24.413624451450662,140,58.372258288074185,66.45495251543085,0.0,0.0,0.0,0.0,0.0,0.0,0.0,0.0,6.690488690183857,0.0,0.0,0.0,0.7996008470341658,0.48034200194748544
2.779999999999805,1.1647192816281267,-0.001380884201799752,2.049178640003938,-1.4384794243140102,1.140062440576197,0.17605827050102144,0.5827573693450168,24.667608499600554,145,55.58150552538279,60.969968343620565,0.0,0.0,0.0,0.0,0.0,0.0,0.0,0.0,21.126992460122572,0.0,0.0,0.0,0.8173049574543018,0.5524261437131843
2.7999999999998026,1.1799528037710776,-0.0018408764039247506,2.054803015091004,-1.6912145836129375,1.3098131766670622,0.39514995811179204,0.47183824623001114,24.91086738145743,121,37.054337016921856,57.313312229080374,0.0,0.0,0.0,16.666666666666668,0.0,0.0,0.0,0.0,14.084661640081714,0.0,0.0,0.0,0.6482291447628161,0.4456834766137431
2.8199999999998004,1.1952517859903087,-0.0023988447426610154,2.060647209821294,-2.0037618360108143,1.525934122678133,0.26343330540786136,0.5645588308200075,25.13815124006744,138,58.03622467794791,54.875541486053585,0.0,0.0,0.0,11.11111111111111,0.0,0.0,0.0,0.0,9.389774426721143,0.0,0.0,0.0,0.819749662400017,0.5551202537590073
2.8399999999997982,1.2106158990080633,-0.0030711752149444726,2.0667294793293127,-2.3600933363602463,1.7688162928515585,0.31451109249412984,0.5430392205466716,25.351935291444406,128,55.35748311863194,53.25036099070239,0.0,0.0,0.0,7.4074074074074066,0.0,0.0,0.0,0.0,22.926516284480762,0.0,0.0,0.0,0.7273783279049209,0.6022783115875322
2.859999999999796,1.2260440910850978,-0.0038762929003687916,2.073058976454717,-2.7464336518260817,2.0215037674615446,0.20967406166275318,0.6120261470311145,25.550487025691726,141,70.23832207908796,52.16690732713493,0.0,0.0,0.0,4.93827160493827,0.0,0.0,0.0,0.0,15.28434418965384,0.0,0.0,0.0,0.8466759912130997,0.5047180487982929
2.879999999999794,1.24153707778856,-0.0048348191572308765,2.0796838678002496,-3.1561534949310355,2.275543707740722,0.2786715966640577,0.6580174313540763,25.730077590140446,147,63.492214719391974,68.11127155142329,0.0,0.0,0.0,3.292181069958847,0.0,0.0,0.0,0.0,26.85622945976923,0.0,0.0,0.0,0.7711690070619631,0.5686768416137226
2.8999999999997916,1.257090874810138,-0.005964023601411495,2.086564775349523,-3.58180557734861,2.5217677254968214,0.1857810644427051,0.6053449542360508,25.888725183731285,113,58.99480981292798,62.07418103428219,0.0,0.0,0.0,2.1947873799725643,0.0,0.0,0.0,0.0,17.904152973179485,0.0,0.0,0.0,0.7466708109095258,0.5855162432223578
2.9199999999997894,1.272701914438155,-0.007280958537628307,2.093674156129968,-4.021031964935613,2.7572224788026536,0.2627429318506923,0.653563302824034,26.023295655885534,122,55.99653987528532,74.71612068952146,0.0,0.0,0.0,1.4631915866483762,0.0,0.0,0.0,0.0,28.602768648786324,0.0,0.0,0.0,0.7820182667045418,0.5709427173597968
2.9399999999997872,1.2883720647985415,-0.008807216334426774,2.1010959848699096,-4.46928266540363,2.9766742352770725,0.1751619545671282,0.7690422018826893,26.13321620777726,155,70.66435991685688,83.14408045968098,0.0,0.0,0.0,0.9754610577655841,0.0,0.0,0.0,0.0,19.068512432524216,0.0,0.0,0.0,0.8831026170795137,0.6902260014596788
2.959999999999785,1.3040918531515961,-0.010550648004898876,2.1086883730731523,-4.905948236810055,3.158951249399637,0.11677463637808547,0.5126948012551261,26.216200050116374,122,47.10957327790459,55.42938697312065,0.0,0.0,0.0,0.6503073718437227,0.0,0.0,0.0,0.0,12.71234162168281,0.0,0.0,0.0,0.7437738377429316,0.5117502548430882
2.979999999999783,1.3198525813359008,-0.012516799128278846,2.116323625359063,-5.339510954664286,3.3144509231891237,0.2167386464742792,0.5917965341700842,26.275795037009715,152,48.07304885193639,70.28625798208043,0.0,0.0,0.0,0.4335382478958151,0.0,0.0,0.0,0.0,25.141561081121875,0.0,0.0,0.0,0.8059267445417994,0.5733649789769195
2.9999999999997806,1.3356525495974974,-0.014716683587813584,2.12401406494946,-5.772460314772063,3.4468634028043628,0.14449243098285278,0.5611976894467228,26.316021386946712,132,48.71536590129093,63.52417198805362,0.0,0.0,0.0,0.28902549859721005,0.0,0.0,0.0,0.0,16.761040720747914,0.0,0.0,0.0,0.899041602304352,0.5112422873262022
3.0199999999997784,1.3514870988555474,-0.017155588342435815,2.1317101701919667,-6.1887195333055045,3.5409449828031034,0.09632828732190185,0.5407984596311485,26.33511556831576,138,49.143577267527284,59.01611465870241,0.0,0.0,0.0,0.19268366573147336,0.0,0.0,0.0,0.0,11.174027147165276,0.0,0.0,0.0,0.7802396211744775,0.46982715955905746
3.039999999999776,1.3673524729529436,-0.019836911404764856,2.139377015704076,-6.599634425107084,3.610949042377237,0.20310774710349014,0.5271989730874322,26.336713764665948,98,49.429051511684854,56.01074310580161,0.0,0.0,0.0,0.12845577715431555,0.0,0.0,0.0,0.0,24.116018098110185,0.0,0.0,0.0,0.7268780937028817,0.5196164551859145
3.059999999999774,1.3832400111791507,-0.02275464448375761,2.1468724632045597,-7.009473084157141,3.663016763526128,0.13540516473566008,0.35146598205828816,26.32298162878853,126,32.9527010077899,37.340495403867735,0.0,0.0,0.0,0.0856371847695437,0.0,0.0,0.0,0.0,16.07734539874012,0.0,0.0,0.0,0.6137843622101898,0.34641097012394295
3.079999999999772,1.3991498483994,-0.02591430665239712,2.154239017663963,-7.423445013317816,3.7044418312426806,0.2291589987126623,0.5676439880388588,26.304324054541713,173,55.30180067185994,58.22699693591183,0.0,0.0,0.0,0.05709145651302913,0.0,0.0,0.0,0.0,27.384896932493415,0.0,0.0,0.0,0.9001456471582144,0.5405381699691095
3.0999999999997696,1.4150801487955207,-0.02931736593038175,2.1614751222511606,-7.841833849263518,3.7367615608483176,0.1527726658084415,0.37842932535923923,26.269733147589427,136,36.867867114573286,38.81799795727455,0.0,0.0,0.0,0.038060971008686086,0.0,0.0,0.0,0.0,18.25659795499561,0.0,0.0,0.0,0.83265523764036,0.5151575415893135
3.1199999999997674,1.4310302947069289,-0.03296670905660721,2.168606311194492,-8.247073787722604,3.743195076978823,0.10184844387229433,0.5856195502394929,26.222519000767406,147,57.91191140971553,59.21199863818303,0.0,0.0,0.0,0.02537398067245739,0.0,0.0,0.0,0.0,12.171065303330405,0.0,0.0,0.0,0.9685401842667,0.6530358842793565
3.139999999999765,1.4469981584427898,-0.03686073413140921,2.1756201223333287,-8.649490485604003,3.7367987777661793,0.20678785147041845,0.39041303349299517,26.15977332014829,110,38.60794093981035,39.47466575878869,0.0,0.0,0.0,0.01691598711497159,0.0,0.0,0.0,0.0,24.78071020222027,0.0,0.0,0.0,0.8007322158677225,0.46115704978788885
3.159999999999763,1.4629777678458054,-0.040990665552565815,2.1824180792853842,-9.052653797906745,3.7227477768423873,0.13785856764694562,0.42694202232866346,26.086474493891522,112,42.40529395987357,42.98311050585912,0.0,0.0,0.0,0.011277324743314394,0.0,0.0,0.0,0.0,16.520473468146847,0.0,0.0,0.0,0.7663796167800321,0.38483741399687943
3.179999999999761,1.4789749643382686,-0.04536620281932731,2.1891612047920073,-9.46129163089041,3.7075035629185114,0.2307946006535193,0.617961348219109,26.013840201979622,131,61.60352930658238,61.98874033723942,0.0,0.0,0.0,0.007518216495542929,0.0,0.0,0.0,0.0,27.680315645431232,0.0,0.0,0.0,0.8468370571815201,0.591955592819385
3.1999999999997586,1.494986839314245,-0.04998276898172113,2.1958167361757566,-9.8753512184352,3.691853974879607,0.1538630671023462,0.4119742321460727,25.911746453718045,133,41.06901953772159,41.325826891492945,0.0,0.0,0.0,0.005012144330361953,0.0,0.0,0.0,0.0,18.45354376362082,0.0,0.0,0.0,0.6937570045292821,0.4720364426845436
3.2199999999997564,1.5110095132765788,-0.05483434583573255,2.202331590326601,-10.297242210782422,3.6793493892767963,0.2414642669571197,0.5246494880973818,25.80142970263354,141,44.04601302514772,60.883884594328634,0.0,0.0,0.0,0.003341429553574635,0.0,0.0,0.0,0.0,28.969029175747217,0.0,0.0,0.0,0.8242617756293406,0.5468891042045564
3.239999999999754,1.5270442550304966,-0.059923670367590345,2.2087694512775724,-10.72545212204346,3.6688567291613015,0.16097617797141311,0.5164329920649212,25.68627176329652,120,46.030675350098484,57.255923062885756,0.0,0.0,0.0,0.0022276197023830898,0.0,0.0,0.0,0.0,19.31268611716481,0.0,0.0,0.0,0.7303864033911366,0.46779191054297564
3.259999999999752,1.5430938979603823,-0.06525677751517854,2.2152337547551357,-11.181709608290642,3.6836817948604152,0.3850952297587199,0.6776219947099474,25.549358958987707,164,64.02045023339899,71.50394870859051,0.0,0.0,0.0,0.0014850798015887264,0.0,0.0,16.666666666666668,0.0,29.54179074477654,0.0,0.0,0.0,0.9003609614338843,0.5956590033134801
3.27999999999975,1.5591583893533139,-0.07083723810122099,2.221771158465618,-11.672520405040691,3.729384605592881,0.25673015317247994,0.6184146631399651,25.381077297719077,148,59.34696682226599,64.33596580572701,0.0,0.0,0.0,0.000990053201059151,0.0,0.0,11.11111111111111,0.0,19.69452716318436,0.0,0.0,0.0,0.9619977468990754,0.577704557420545
3.2999999999997476,1.5752340642235554,-0.07666635549339426,2.2283604158611285,-12.266359076995244,3.8760317736461483,0.8655978798927644,0.66227644209331,25.18473003712908,145,72.89797788151066,59.557310537151345,0.0,16.666666666666668,0.0,16.66732670213404,0.0,0.0,7.4074074074074066,0.0,29.79635144212291,0.0,0.0,0.0,1.0289287304908565,0.6689341012318597
3.3199999999997454,1.5913155426320373,-0.08275182337544432,2.234976367191796,-12.986610107980686,4.141325457233618,0.577065253261843,0.6081842947288734,24.9660963963435,125,65.26531858767378,56.371540358100894,0.0,11.11111111111111,0.0,11.111551134756027,0.0,0.0,4.93827160493827,0.0,19.864234294748606,0.0,0.0,0.0,0.9443504198104419,0.52335544829286
3.339999999999743,1.6073934844268845,-0.08910529387767441,2.2415467751057716,-13.774696689487731,4.45774143329352,0.5235990577301176,0.5721228631525822,24.715385106100932,150,60.17687905844918,54.24769357206726,0.0,7.4074074074074066,0.0,7.407700756504018,0.0,0.0,3.292181069958847,0.0,29.909489529832406,0.0,0.0,0.0,0.8879648793568321,0.5295021874067983
3.359999999999741,1.6234605431767515,-0.0957486745282366,2.248082143922808,-14.59081151964397,4.779345765979113,0.349066038486745,0.6314152421017215,24.429316208164316,158,73.45125270563278,52.83179571471151,0.0,4.93827160493827,0.0,4.938467171002678,0.0,0.0,2.1947873799725643,0.0,19.939659686554936,0.0,0.0,0.0,1.0312530720260018,0.5336000134827572
3.3799999999997388,1.6395082289254572,-0.1027026386883898,2.2545789753139722,-15.41301593720364,5.08119914691196,0.3715995812133856,0.5876101614011476,24.083400594157233,145,65.63416847042186,51.887863809807676,0.0,3.292181069958847,0.0,3.2923114473351185,0.0,0.0,1.4631915866483762,0.0,29.95977312436996,0.0,0.0,0.0,0.9975795673971795,0.5621316911350477
3.3999999999997366,1.6555240649583238,-0.10997501565782351,2.2609219359614334,-16.245671272599747,5.366791240381017,0.3866219430311459,0.4750734409340984,23.677056672168234,123,60.42277898028124,34.591909206538446,0.0,2.1947873799725643,0.0,2.194874298223412,0.0,0.0,0.9754610577655841,0.0,36.639848749579976,0.0,0.0,0.0,0.9234509777479905,0.4263540479600008
3.4199999999997344,1.6714991430781914,-0.11758292211432629,2.2671042999061912,-17.09096880554748,5.637582541205493,0.39663685090965284,0.566715627289399,23.240319056090573,118,56.94851932018749,56.3946061376923,0.0,1.4631915866483762,0.0,1.4632495321489414,0.0,0.0,0.6503073718437227,0.0,41.09323249971998,0.0,0.0,0.0,0.9515512978268257,0.439034793583241
3.439999999999732,1.6874291994052155,-0.12556037094246442,2.273283490613805,-17.949736575393104,5.893868383530224,0.4033134561619908,0.711143751526266,22.746094386727165,120,87.96567954679166,54.26307075846153,0.0,0.9754610577655841,0.0,0.9754996880992942,0.0,0.0,0.4335382478958151,0.0,44.06215499981332,0.0,0.0,0.0,0.9444450512643954,0.6022873856086416
3.45999999999973,1.703308817184939,-0.13394008584431558,2.279605183734536,-18.80181133149963,6.1144290067933,0.26887563744132714,0.8074291676841773,22.141758995263647,147,91.97711969786111,69.50871383897436,0.0,0.6503073718437227,0.0,0.6503331253995295,0.0,0.0,0.28902549859721005,0.0,29.374769999875546,0.0,0.0,0.0,1.0430667266827236,0.7627220341622111
3.4799999999997278,1.719127964879542,-0.14273169664192048,2.286036164346152,-19.658314194597725,6.312199275799829,0.45702820273866257,0.7049527784561183,21.421207185176982,127,77.98474646524073,63.00580922598291,0.0,0.4335382478958151,0.0,17.10022208359969,0.0,0.0,0.19268366573147336,0.0,19.58317999991703,0.0,0.0,0.0,0.9279359573233661,0.7406794985230014
3.4999999999997256,1.7348722578321696,-0.15191607635795804,2.2923297613412634,-20.540556161171562,6.50969400701612,0.4435743573813306,0.46996851897074543,20.64220038601718,85,51.98983097682715,42.003872817321934,0.0,0.28902549859721005,0.0,11.400148055733126,0.0,0.0,0.12845577715431555,0.0,29.722119999944688,0.0,0.0,0.0,0.7736627312388332,0.4937863323486676
3.5199999999997234,1.7505311159347103,-0.1614933856179194,2.298403939050173,-21.422536274772185,6.679809818132767,0.2957162382542204,0.5633123459804971,0.0,42,67.99322065121811,44.66924854488129,0.0,0.19268366573147336,0.0,7.600098703822084,0.0,0.0,0.0856371847695437,0.0,19.81474666662979,0.0,0.0,0.0,0.6708139138491446,0.458189856240701
3.539999999999721,1.7660952416120157,-0.17146236808058357,2.304189180099122,-22.27139707243534,6.790157680613472,0.19714415883614694,0.37554156398699795,0.0,1,45.328813767478735,29.77949902992086,0.0,0.12845577715431555,0.0,5.066732469214722,0.0,0.0,0.05709145651302913,0.0,13.209831111086526,0.0,0.0,0.0,0.47304906918108347,0.3054599041604673
3.559999999999719,1.7815548585070553,-0.18180098714691467,2.309491571764638,-23.068956045768715,6.825534166762802,0.13142943922409794,0.25036104265799863,0.0,0,30.219209178319154,19.852999353280573,0.0,0.0856371847695437,0.0,3.377821646143148,0.0,0.0,0.038060971008686086,0.0,8.806554074057683,0.0,0.0,0.0,0.3153660461207223,0.2036399361069782
3.5799999999997167,1.796903686067434,-0.19249311701851668,2.3141994167612907,-23.806378068973316,6.7817423227727405,0.08761962614939861,0.16690736177199908,0.0,0,20.14613945221277,13.235332902187048,0.0,0.05709145651302913,0.0,2.251881097428765,0.0,0.0,0.02537398067245739,0.0,5.871036049371789,0.0,0.0,0.0,0.21024403074714818,0.13575995740465213
3.5999999999997145,1.8121383052197628,-0.20352528537330072,2.3182552313672287,-24.48067679586762,6.661448726754199,0.05841308409959908,0.11127157451466604,0.0,0,13.430759634808512,8.823555268124698,0.0,0.038060971008686086,0.0,1.50125406495251,0.0,0.0,0.01691598711497159,0.0,3.9140240329145257,0.0,0.0,0.0,0.14016268716476543,0.09050663826976808
3.6199999999997123,1.8272577378393537,-0.2148846106295923,2.321637065253434,-25.092429495732073,6.471412736937737,0.038942056066399375,0.07418104967644404,0.0,0,8.953839756539008,5.882370178749799,0.0,0.02537398067245739,0.0,1.0008360433016732,0.0,0.0,0.011277324743314394,0.0,2.6093493552763505,0.0,0.0,0.0,0.09344179144317695,0.06033775884651205
3.63999999999971,1.8422631388187527,-0.22655756094132778,2.3243460308976305,-25.64429498260607,6.220640514288267,0.025961370710932918,0.04945403311762935,0.0,0,5.969226504359338,3.9215801191665323,0.0,0.01691598711497159,0.0,0.6672240288677821,0.0,0.0,0.007518216495542929,0.0,1.7395662368509002,0.0,0.0,0.0,0.06229452762878463,0.04022517256434137
3.659999999999708,1.8571575367938309,-0.2385292881368877,2.3263979711172325,-26.14006167980185,5.919162707214409,0.017307580473955277,0.0329693554117529,0.0,0,3.9794843362395587,2.6143867461110215,0.0,0.011277324743314394,0.0,0.44481601924518804,0.0,0.0,0.005012144330361953,0.0,1.1597108245672667,0.0,0.0,0.0,0.041529685085856416,0.02681678170956091
3.6799999999997057,1.871945589760694,-0.25078335976896377,2.3278178878386053,-26.584044485378264,5.577233311872558,0.011538386982636852,0.021979570274501935,0.0,0,2.652989557493039,1.7429244974073477,0.0,0.007518216495542929,0.0,0.2965440128301253,0.0,0.0,0.003341429553574635,0.0,0.7731405497115111,0.0,0.0,0.0,0.027686456723904275,0.017877854473040605
3.6999999999997035,1.8866333418220242,-0.26330175894830155,2.3286362172478015,-26.980710099616587,5.204813551345026,0.007692257988424567,0.014653046849667955,0.0,0,1.7686597049953594,1.1619496649382317,0.0,0.005012144330361953,0.0,0.19769600855341687,0.0,0.0,0.0022276197023830898,0.0,0.5154270331410074,0.0,0.0,0.0,0.018457637815936182,0.011918569648693736
3.7199999999997013,1.9012279787951014,-0.2760650559545147,2.3288863430709017,-27.334451062132153,4.811249126618289,0.005128171992283045,0.009768697899778637,0.0,0,1.1791064699969063,0.7746331099588211,0.0,0.003341429553574635,0.0,0.13179733903561125,0.0,0.0,0.0014850798015887264,0.0,0.3436180220940049,0.0,0.0,0.0,0.012305091877290788,0.007945713099129156
3.739999999999699,1.9157375860225172,-0.2890526818341686,2.3286029429039834,-27.64945575624839,4.405079008672115,0.0034187813281886963,0.006512465266519091,0.0,0,0.7860709799979375,0.5164220733058806,0.0,0.0022276197023830898,0.0,0.0878648926904075,0.0,0.0,0.000990053201059151,0.0,0.22907868139600324,0.0,0.0,0.0,0.008203394584860524,0.005297142066086104
3.759999999999697,1.9301709137281835,-0.30224325419940734,2.327820897079911,-27.929639615350794,3.9939338972601144,0.002279187552125797,0.004341643511012727,0.0,0,0.524047319998625,0.3442813822039204,0.0,0.0014850798015887264,0.0,0.05857659512693833,0.0,0.0,0.0006600354673727672,0.0,0.1527191209306688,0.0,0.0,0.0,0.005468929723240349,0.0035314280440574023
3.7799999999996947,1.9445371552814432,-0.31561492049550494,2.326574578730561,-28.178614726420562,3.5844958319112723,0.0015194583680838648,0.0028944290073418177,0.0,0,0.3493648799990833,0.22952092146928027,0.0,0.000990053201059151,0.0,0.03905106341795889,0.0,0.0,0.0004400236449151781,0.0,0.10181274728711254,0.0,0.0,0.0,0.003645953148826899,0.002354285362704935
3.7999999999996925,1.9588457428091903,-0.32914569516079384,2.324897402883895,-28.399682973012172,3.182499398625082,0.0010129722453892432,0.0019296193382278785,0.0,0,0.23290991999938884,0.15301394764618684,0.0,0.0006600354673727672,0.0,0.026034042278639258,0.0,0.0,0.0002933490966101187,0.0,0.06787516485807502,0.0,0.0,0.0,0.002430635432551266,0.0015695235751366232
3.8199999999996903,1.9731061633384954,-0.3428137752531233,2.3228215518196866,-28.595843126404223,2.7927610009524537,0.0006753148302594954,0.0012864128921519188,0.0,0,0.15527327999959256,0.10200929843079122,0.0,0.0004400236449151781,0.0,0.017356028185759504,0.0,0.0,0.0001955660644067458,0.0,0.04525010990538334,0.0,0.0,0.0,0.001620423621700844,0.0010463490500910821
3.839999999999688,1.9873277973868886,-0.35659782500399717,2.3203778202256227,-28.7698057686297,2.4192267370361336,0.0004502098868396636,0.000857608594767946,0.0,0,0.10351551999972837,0.06800619895386081,0.0,0.0002933490966101187,0.0,0.011570685457173002,0.0,0.0,0.00013037737627116385,0.0,0.030166739936922225,0.0,0.0,0.0,0.0010802824144672293,0.0006975660333940547
3.859999999999686,2.0015197807994713,-0.3704772239720738,2.317595541381852,-28.924012209383566,2.065032197052975,0.0003001399245597757,0.0005717390631786305,0.0,0,0.06901034666648558,0.04533746596924054,0.0,0.0001955660644067458,0.0,0.007713790304782001,0.0,0.0,8.691825084744256e-05,0.0,0.020111159957948148,0.0,0.0,0.0,0.0007201882763114861,0.00046504402226270314
3.8799999999996837,2.015690889719368,-0.3844322764509731,2.314502567575184,-29.060655039355375,1.7325694014743713,0.00020009328303985044,0.00038115937545242035,0.0,0,0.04600689777765705,0.030224977312827028,0.0,0.00013037737627116385,0.0,0.005142526869854667,0.0,0.0,5.79455005649617e-05,0.0,0.013407439971965432,0.0,0.0,0.0,0.0004801255175409907,0.0003100293481751354
3.8999999999996815,2.029849447876947,-0.39844438187681064,2.3111252861225684,-29.18169891340339,1.4235574267963238,0.00013339552202656699,0.00025410625030161357,0.0,0,0.0306712651851047,0.02014998487521802,0.0,8.691825084744256e-05,0.0,0.003428351246569778,0.0,0.0,3.8630333709974463e-05,0.0,0.00893829331464362,0.0,0.0,0.0,0.0003200836783606605,0.00020668623211675692
3.9199999999996793,2.0440032548752636,-0.4124961674230824,2.3074886580277227,-29.28890075839269,1.1391142021263132,8.89303480177113e-05,0.00016940416686774237,0.0,0,0.02044751012340313,0.013433323250145346,0.0,5.79455005649617e-05,0.0,0.0022855674977131854,0.0,0.0,2.5753555806649642e-05,0.0,0.005958862209762413,0.0,0.0,0.0,0.00021338911890710698,0.00013779082141117128
3.939999999999677,2.0581595338061915,-0.42657158494135006,2.3036162702335066,-29.38382897348836,0.8798276332772169,5.9286898678474195e-05,0.00011293611124516158,0.0,0,0.013631673415602086,0.00895554883343023,0.0,3.8630333709974463e-05,0.0,0.0015237116651421235,0.0,0.0,1.7169037204433095e-05,0.0,0.003972574806508275,0.0,0.0,0.0,0.00014225941260473797,9.186054760744751e-05
3.959999999999675,2.0723248963233933,-0.44065597503303944,2.299530395211316,-29.46788141622343,0.6458247043619535,3.9524599118982794e-05,7.529074083010771e-05,0.0,0,0.009087782277068057,0.005970365888953486,0.0,2.5753555806649642e-05,0.0,0.0010158077767614157,0.0,0.0,1.1446024802955397e-05,0.0,0.0026483832043388495,0.0,0.0,0.0,9.483960840315864e-05,6.124036507163167e-05
3.9799999999996727,2.0865053231965747,-0.4547361014125222,2.295252053608138,-29.54230209962778,0.4368375757940074,2.6349732745988527e-05,5.0193827220071805e-05,0.0,0,0.006058521518045371,0.00398024392596899,0.0,1.7169037204433095e-05,0.0,0.0006772051845076104,0.0,0.0,7.630683201970264e-06,0.0,0.0017655888028925662,0.0,0.0,0.0,6.322640560210576e-05,4.0826910047754445e-05
3.9999999999996705,2.1007061583513855,-0.4688001589112893,2.2908010770915124,-29.608196599612018,0.25226597903560677,1.7566488497325687e-05,3.3462551480047866e-05,0.0,0,0.00403901434536358,0.0026534959506459934,0.0,1.1446024802955397e-05,0.0,0.0004514701230050736,0.0,0.0,5.087122134646843e-06,0.0,0.0011770592019283775,0.0,0.0,0.0,4.21509370680705e-05,2.7217940031836294e-05
4.019999999999677,2.1149321144402284,-0.48283775852639604,2.2861961695540134,-29.666546210725524,0.09123542712133556,1.1710992331550457e-05,2.230836765336524e-05,0.0,0,0.0026926762302423865,0.0017689973004306621,0.0,7.630683201970264e-06,0.0,0.0003009800820033824,0.0,0.0,3.3914147564312283e-06,0.0,0.0007847061346189183,0.0,0.0,0.0,2.8100624712046997e-05,1.8145293354557527e-05
4.039999999999684,2.1291872880739007,-0.49683989286980296,2.281454965571655,-29.718220907072237,-0.047349067429664736,7.807328221033636e-06,1.4872245102243495e-05,0.0,0,0.0017951174868282575,0.0011793315336204413,0.0,5.087122134646843e-06,0.0,0.0002006533880022549,0.0,0.0,2.260943170954152e-06,0.0,0.0005231374230792788,0.0,0.0,0.0,1.873374980803133e-05,1.2096862236371685e-05
4.0599999999996905,2.1434751829588943,-0.5107988852560369,2.276594085531471,-29.76399117272294,-0.1647539378959733,5.2048854806890916e-06,9.91483006816233e-06,0.0,0,0.0011967449912188384,0.0007862210224136275,0.0,3.3914147564312283e-06,0.0,0.0001337689253348366,0.0,0.0,1.507295447302768e-06,0.0,0.0003487582820528525,0.0,0.0,0.0,1.2489166538687553e-05,8.06457482424779e-06
4.079999999999697,2.157798739319495,-0.5247083254944997,2.2716291872067202,-29.804538767899157,-0.26237273159333935,3.4699236537927273e-06,6.609886712108219e-06,0.0,0,0.0007978299941458922,0.0005241473482757516,0.0,2.260943170954152e-06,0.0,8.917928355655773e-05,0.0,0.0,1.0048636315351785e-06,0.0,0.0002325055213685683,0.0,0.0,0.0,8.3261110257917e-06,5.376383216165193e-06
4.099999999999704,2.172160368129287,-0.5385629952457478,2.2665750138035348,-29.840466496647576,-0.34168647152556314,2.3132824358618178e-06,4.40659114140548e-06,0.0,0,0.0005318866627639281,0.00034943156551716774,0.0,1.507295447302768e-06,0.0,5.945285570437182e-05,0.0,0.0,6.69909087690119e-07,0.0,0.00015500368091237886,0.0,0.0,0.0,5.550740683861134e-06,3.5842554774434614e-06
4.119999999999711,2.186561988827004,-0.5523587855705185,2.2614454386599827,-29.87230704032229,-0.4042286101725828,1.5421882905745451e-06,2.9377274276036528e-06,0.0,0,0.0003545911085092854,0.00023295437701144515,0.0,1.0048636315351785e-06,0.0,3.9635237136247876e-05,0.0,0.0,4.4660605846007933e-07,0.0,0.00010333578727491923,0.0,0.0,0.0,3.7004937892407558e-06,2.389503651628974e-06
4.139999999999717,2.2010050693420427,-0.566092609055956,2.2562535068703102,-29.90053091969473,-0.45155441708156296,1.0281255270496966e-06,1.9584849517357685e-06,0.0,0,0.0002363940723395236,0.0001553029180076301,0.0,6.69909087690119e-07,0.0,2.642349142416525e-05,0.0,0.0,2.9773737230671954e-07,0.0,6.889052484994615e-05,0.0,0.0,0.0,2.466995859493837e-06,1.593002434419316e-06
4.159999999999724,2.2154906674020145,-0.5797623086529883,2.251011474151066,-29.9255536471625,-0.48521459730382216,6.854170180331311e-07,1.3056566344905122e-06,0.0,0,0.00015759604822634905,0.0001035352786717534,0.0,4.4660605846007933e-07,0.0,1.7615660949443498e-05,0.0,0.0,1.9849158153781303e-07,0.0,4.592701656663077e-05,0.0,0.0,0.0,1.6446639063292246e-06,1.0620016229462107e-06
4.179999999999731,2.2300194722358206,-0.5933665651082133,2.2457308432758842,-29.94774212930945,-0.5067329037590595,4.569446786887541e-07,8.704377563270081e-07,0.0,0,0.00010506403215089936,6.902351911450226e-05,0.0,2.9773737230671954e-07,0.0,1.1743773966295664e-05,0.0,0.0,1.3232772102520867e-07,0.0,3.061801104442051e-05,0.0,0.0,0.0,1.096442604219483e-06,7.080010819641404e-07
4.199999999999737,2.244591845919305,-0.6069048046277276,2.240422398392574,-29.967420378853834,-0.5175874818442968,3.0462978579250267e-07,5.802918375513386e-07,0.0,0,7.004268810059956e-05,4.601567940966817e-05,0.0,1.9849158153781303e-07,0.0,7.829182644197108e-06,0.0,0.0,8.821848068347244e-08,0.0,2.0412007362947004e-05,0.0,0.0,0.0,7.30961736146322e-07,4.720007213094269e-07
4.219999999999744,2.259207863735247,-0.6203771081728149,2.235096237508459,-29.984874593659047,-0.5191956677905925,2.0308652386166845e-07,3.8686122503422575e-07,0.0,0,4.6695125400399706e-05,3.0677119606445446e-05,0.0,1.3232772102520867e-07,0.0,5.219455096131406e-06,0.0,0.0,5.881232045564829e-08,0.0,1.3608004908631335e-05,0.0,0.0,0.0,4.873078240975479e-07,3.1466714753961793e-07
4.239999999999751,2.2738673530346523,-0.6337841235612297,2.2297618033939144,-30.000357658852014,-0.5129019523149287,1.3539101590777895e-07,2.579074833561505e-07,0.0,0,3.113008360026647e-05,2.045141307096363e-05,0.0,8.821848068347244e-08,0.0,3.4796367307542703e-06,0.0,0.0,3.9208213637098857e-08,0.0,9.072003272420889e-06,0.0,0.0,0.0,3.248718827316986e-07,2.0977809835974527e-07
4.259999999999757,2.2885699301916613,-0.6471269813351256,2.2244279131147695,-30.014093126116276,-0.49996881704560087,9.026067727185263e-08,1.7193832223743365e-07,0.0,0,2.075338906684431e-05,1.3634275380642418e-05,0.0,5.881232045564829e-08,0.0,2.3197578205028467e-06,0.0,0.0,2.6138809091399238e-08,0.0,6.048002181613926e-06,0.0,0.0,0.0,2.1658125515446572e-07,1.398520655731635e-07
4.279999999999764,2.3033150353396112,-0.6604072151591465,2.219102786365048,-30.02627872187453,-0.4815701521397379,6.017378484790176e-08,1.146255481582891e-07,0.0,0,1.3835592711229539e-05,9.089516920428278e-06,0.0,3.9208213637098857e-08,0.0,1.5465052136685645e-06,0.0,0.0,1.742587272759949e-08,0.0,4.032001454409284e-06,0.0,0.0,0.0,1.4438750343631046e-07,9.3234710382109e-08
4.299999999999771,2.3181019646611274,-0.6736266873308571,2.2137940727348577,-30.03708943335906,-0.45878696866439644,4.011585656526783e-08,7.641703210552605e-08,0.0,0,9.223728474153026e-06,6.059677946952185e-06,0.0,2.6138809091399238e-08,0.0,1.0310034757790428e-06,0.0,0.0,1.1617248485066327e-08,0.0,2.6880009696061892e-06,0.0,0.0,0.0,9.625833562420697e-08,6.215647358807266e-08
4.319999999999777,2.332929900080657,-0.6867875198212149,2.208508878015641,-30.04668021854012,-0.4326051279530006,2.674390437684522e-08,5.0944688070350696e-08,0.0,0,6.149152316102017e-06,4.039785297968123e-06,0.0,1.742587272759949e-08,0.0,6.873356505193619e-07,0.0,0.0,7.74483232337755e-09,0.0,1.7920006464041262e-06,0.0,0.0,0.0,6.417222374947131e-08,4.143764905871511e-08
4.339999999999784,2.3477979362740387,-0.6998920311154462,2.203253789617184,-30.05518838260898,-0.4039148216173119,1.7829269584563477e-08,3.39631253802338e-08,0.0,0,4.099434877401345e-06,2.6931901986454155e-06,0.0,1.1617248485066327e-08,0.0,4.5822376701290787e-07,0.0,0.0,5.163221548918367e-09,0.0,1.1946670976027507e-06,0.0,0.0,0.0,4.2781482499647536e-08,2.7625099372476736e-08
4.359999999999791,2.3627051049668157,-0.7129426789944023,2.19803490114813,-30.06273566028008,-0.3735115495948393,1.188617972304232e-08,2.2642083586822532e-08,0.0,0,2.73295658493423e-06,1.7954601324302769e-06,0.0,7.74483232337755e-09,0.0,3.054825113419386e-07,0.0,0.0,3.4421476992789113e-09,0.0,7.964447317351671e-07,0.0,0.0,0.0,2.8520988333098357e-08,1.841673291498449e-08
4.379999999999797,2.3776503965417746,-0.7259420092829165,2.192857836194031,-30.069430039669143,-0.3420983590050902,7.924119815361544e-09,1.5094722391215022e-08,0.0,0,1.8219710566228199e-06,1.1969734216201846e-06,0.0,5.163221548918367e-09,0.0,2.0365500756129237e-07,0.0,0.0,2.2947651328526076e-09,0.0,5.309631544901113e-07,0.0,0.0,0.0,1.901399222206557e-08,1.2277821943322993e-08
4.399999999999804,2.3926327790168855,-0.7388926104942614,2.187727771313936,-30.075367360007874,-0.3102891231950943,5.282746543574364e-09,1.0063148260810015e-08,0.0,0,1.21464737108188e-06,7.97982281080123e-07,0.0,3.4421476992789113e-09,0.0,1.3577000504086158e-07,0.0,0.0,1.5298434219017384e-09,0.0,3.5397543632674085e-07,0.0,0.0,0.0,1.267599481471038e-08,8.185214628881995e-09
4.419999999999811,2.4076512144883067,-0.751797074217789,2.1826494582674814,-30.080632712041155,-0.27861265774970323,3.521831029049575e-09,6.708765507206676e-09,0.0,0,8.097649140545866e-07,5.319881873867487e-07,0.0,2.2947651328526076e-09,0.0,9.051333669390772e-08,0.0,0.0,1.019895614601159e-09,0.0,2.3598362421782722e-07,0.0,0.0,0.0,8.45066320980692e-09,5.456809752587996e-09
4.439999999999817,2.4227046731597808,-0.7646579610292583,2.177627245478891,-30.085301666685034,-0.2475174880521171,2.3478873526997168e-09,4.472510338137784e-09,0.0,0,5.39843276036391e-07,3.5465879159116577e-07,0.0,1.5298434219017384e-09,0.0,6.034222446260514e-08,0.0,0.0,6.799304097341059e-10,0.0,1.5732241614521815e-07,0.0,0.0,0.0,5.633775473204613e-09,3.637873168391997e-09
4.459999999999824,2.437792145100338,-0.7774777716492519,2.17266509874147,-30.089441354451456,-0.21737710088144038,1.5652582351331444e-09,2.9816735587585225e-09,0.0,0,3.59895517357594e-07,2.3643919439411051e-07,0.0,1.019895614601159e-09,0.0,4.022814964173676e-08,0.0,0.0,4.5328693982273727e-10,0.0,1.0488161076347876e-07,0.0,0.0,0.0,3.755850315469742e-09,2.425248778927998e-09
4.479999999999831,2.4529126498873217,-0.7902589230332921,2.167766621165528,-30.093111415301852,-0.18849553025021007,1.043505490088763e-09,1.9877823725056814e-09,0.0,0,2.3993034490506263e-07,1.5762612959607366e-07,0.0,6.799304097341059e-10,0.0,2.6818766427824505e-08,0.0,0.0,3.0219129321515816e-10,0.0,6.992107384231916e-08,0.0,0.0,0.0,2.503900210313161e-09,1.6168325192853318e-09
4.4999999999998375,2.468065244301939,-0.8030037290466965,2.1629350723735294,-30.096364836002174,-0.1611131449828565,6.956703267258419e-10,1.3251882483371208e-09,0.0,0,1.5995356327004173e-07,1.0508408639738243e-07,0.0,4.5328693982273727e-10,0.0,1.787917761854967e-08,0.0,0.0,2.0146086214343877e-10,0.0,4.6614049228212774e-08,0.0,0.0,0.0,1.6692668068754407e-09,1.0778883461902211e-09
4.519999999999844,2.4832490282504747,-0.8157143853566471,2.1581733869481563,-30.099248689723456,-0.13541252222370467,4.6378021781722797e-10,8.834588322247472e-10,0.0,0,1.0663570884669448e-07,7.005605759825495e-08,0.0,3.0219129321515816e-10,0.0,1.1919451745699779e-08,0.0,0.0,1.3430724142895917e-10,0.0,3.1076032818808516e-08,0.0,0.0,0.0,1.1128445379169603e-09,7.185922307934808e-10
4.539999999999851,2.498463149086482,-0.828392958162267,2.1534841921415167,-30.101804790566895,-0.11152430698552364,3.091868118781519e-10,5.88972554816498e-10,0.0,0,7.109047256446298e-08,4.670403839883663e-08,0.0,2.0146086214343877e-10,0.0,7.946301163799852e-09,0.0,0.0,8.953816095263944e-11,0.0,2.071735521253901e-08,0.0,0.0,0.0,7.418963586113069e-10,4.790614871956538e-10
4.5599999999998575,2.513706804508282,-0.841041376379542,2.148869824856456,-30.104070273882204,-0.08953297288594328,2.0612454125210127e-10,3.926483698776653e-10,0.0,0,4.7393648376308655e-08,3.113602559922442e-08,0.0,1.3430724142895917e-10,0.0,5.297534109199901e-09,0.0,0.0,5.969210730175962e-11,0.0,1.3811570141692672e-08,0.0,0.0,0.0,4.945975724075379e-10,3.1937432479710256e-10
4.579999999999864,2.52897924420244,-0.8536614269006022,2.144332347913695,-30.10607811167818,-0.06948241327918904,1.3741636083473416e-10,2.6176557991844353e-10,0.0,0,3.1595765584205766e-08,2.0757350399482944e-08,0.0,8.953816095263944e-11,0.0,3.531689406133267e-09,0.0,0.0,3.979473820117308e-11,0.0,9.207713427795115e-09,0.0,0.0,0.0,3.2973171493835855e-10,2.129162165314017e-10
4.599999999999871,2.544279770398055,-0.8662547525551797,2.1398735656210524,-30.107857571076845,-0.05138130501211017,9.161090722315612e-11,1.745103866122957e-10,0.0,0,2.106384372280384e-08,1.3838233599655295e-08,0.0,5.969210730175962e-11,0.0,2.3544596040888448e-09,0.0,0.0,2.6529825467448718e-11,0.0,6.138475618530076e-09,0.0,0.0,0.0,2.1982114329223902e-10,1.419441443542678e-10
4.6199999999998775,2.5596077374890362,-0.8788228524149505,2.1354950386631963,-30.109434622616465,-0.03520819897824678,6.107393814877073e-11,1.1634025774153045e-10,0.0,0,1.4042562481869227e-08,9.225489066436862e-09,0.0,3.979473820117308e-11,0.0,1.5696397360592297e-09,0.0,0.0,1.7686550311632478e-11,0.0,4.092317079020051e-09,0.0,0.0,0.0,1.4654742886149267e-10,9.462942956951186e-11
4.639999999999884,2.5749625508726144,-0.8913670840981257,2.131198098332196,-30.110832304239832,-0.020916302495029435,4.0715958765847156e-11,7.756017182768695e-11,0.0,0,9.36170832124615e-09,6.150326044291241e-09,0.0,2.6529825467448718e-11,0.0,1.046426490706153e-09,0.0,0.0,1.1791033541088317e-11,0.0,2.728211386013367e-09,0.0,0.0,0.0,9.769828590766178e-11,6.308628637967457e-11
4.659999999999891,2.5903436651422824,-0.9038886677511817,2.1269838601204496,-30.112071045992163,-0.008437928288879595,2.714397251056477e-11,5.170678121845797e-11,0.0,0,6.241138880830767e-09,4.100217362860827e-09,0.0,1.7686550311632478e-11,0.0,6.976176604707687e-10,0.0,0.0,7.860689027392212e-12,0.0,1.818807590675578e-09,0.0,0.0,0.0,6.513219060510784e-11,4.2057524253116376e-11
4.679999999999898,2.605750581762717,-0.9163886914063114,2.1228532366985373,-30.11316895977384,0.002311406441437934,1.8095981673709846e-11,3.447118747897198e-11,0.0,0,4.1607592538871775e-09,2.733478241907218e-09,0.0,1.1791033541088317e-11,0.0,4.6507844031384576e-10,0.0,0.0,5.240459351594807e-12,0.0,1.2125383937837186e-09,0.0,0.0,0.0,4.3421460403405225e-11,2.8038349502077582e-11
4.699999999999904,2.621182846343118,-0.9288681174363507,2.1188069503009896,-30.11414209792745,0.011429239770692094,1.206398778247323e-11,2.298079165264798e-11,0.0,0,2.7738395025914517e-09,1.8223188279381451e-09,0.0,7.860689027392212e-12,0.0,3.100522935425638e-10,0.0,0.0,3.4936395677298714e-12,0.0,8.083589291891457e-10,0.0,0.0,0.0,2.8947640268936814e-11,1.8692233001385054e-11
4.719999999999911,2.636640045614123,-0.9413277898529908,2.114845544543164,-30.115004683967268,0.01902278584941142,8.04265852164882e-12,1.532052776843199e-11,0.0,0,1.8492263350609677e-09,1.21487921862543e-09,0.0,5.240459351594807e-12,0.0,2.0670152902837588e-10,0.0,0.0,2.3290930451532474e-12,0.0,5.389059527927638e-10,0.0,0.0,0.0,1.9298426845957874e-11,1.2461488667590036e-11
4.739999999999918,2.6521218042022503,-0.9537684422185364,2.110969395692222,-30.115769318365086,0.025205913320913025,5.36177234776588e-12,1.0213685178954658e-11,0.0,0,1.2328175567073118e-09,8.099194790836199e-10,0.0,3.4936395677298714e-12,0.0,1.3780101935225058e-10,0.0,0.0,1.5527286967688314e-12,0.0,3.5927063519517583e-10,0.0,0.0,0.0,1.286561789730525e-11,8.30765911172669e-12
4.759999999999924,2.6676277812847786,-0.9661907059658277,2.107178723414774,-30.11644716197639,0.03009647311779015,3.5745148985105865e-12,6.809123452636439e-12,0.0,0,8.218783711382078e-10,5.399463193890799e-10,0.0,2.3290930451532474e-12,0.0,9.186734623483371e-11,0.0,0.0,1.0351524645125542e-12,0.0,2.3951375679678385e-10,0.0,0.0,0.0,8.577078598203499e-12,5.538439407817793e-12
4.779999999999931,2.6831576671973294,-0.9785951189448937,2.1034736010231523,-30.117048099410777,0.033813963441954094,2.38300993234039e-12,4.539415635090959e-12,0.0,0,5.479189140921385e-10,3.5996421292605324e-10,0.0,1.5527286967688314e-12,0.0,6.124489748988914e-11,0.0,0.0,6.901016430083694e-13,0.0,1.5967583786452255e-10,0.0,0.0,0.0,5.718052398802332e-12,3.692292938545195e-12
4.799999999999938,2.6987111800562125,-0.9909821340380705,2.099853965241513,-30.117580884412167,0.03647751654025235,1.588673288226927e-12,3.026277090060639e-12,0.0,0,3.6527927606142563e-10,2.3997614195070215e-10,0.0,1.0351524645125542e-12,0.0,4.082993165992609e-11,0.0,0.0,4.600677620055795e-13,0.0,1.0645055857634836e-10,0.0,0.0,0.0,3.812034932534888e-12,2.4615286256967966e-12
4.819999999999944,2.714288062447997,-1.0033521277075108,2.0963196255120935,-30.11805326910733,0.038204189397369664,1.0591155254846179e-12,2.0175180600404255e-12,0.0,0,2.435195173742837e-10,1.5998409463380142e-10,0.0,6.901016430083694e-13,0.0,2.7219954439950727e-11,0.0,0.0,3.0671184133705303e-13,0.0,7.09670390508989e-11,0.0,0.0,0.0,2.541356621689925e-12,1.6410190837978644e-12
4.839999999999951,2.7298880782297457,-1.0157054083599855,2.0928702728610618,-30.118472118801506,0.03910753861218788,7.060770169897453e-13,1.3450120400269506e-12,0.0,0,1.6234634491618915e-10,1.0665606308920094e-10,0.0,4.600677620055795e-13,0.0,1.8146636293300483e-11,0.0,0.0,2.0447456089136867e-13,0.0,4.731135936726593e-11,0.0,0.0,0.0,1.6942377477932832e-12,1.0940127225319096e-12
4.859999999999958,2.745511009475054,-1.0280422244335174,2.0895054883424473,-30.118843513838634,0.03929645843624516,4.707180113264968e-13,8.966746933513002e-13,0.0,0,1.0823089661079276e-10,7.110404205946729e-11,0.0,3.0671184133705303e-13,0.0,1.2097757528866988e-11,0.0,0.0,1.3631637392757911e-13,0.0,3.154090624484395e-11,0.0,0.0,0.0,1.1294918318621887e-12,7.29341815021273e-13
4.879999999999964,2.761156653593415,-1.0403627721285762,2.086224751077733,-30.119172839900646,0.03887426016841677,3.138120075509978e-13,5.977831289008667e-13,0.0,0,7.215393107386183e-11,4.7402694706311524e-11,0.0,2.0447456089136867e-13,0.0,8.065171685911325e-12,0.0,0.0,9.087758261838608e-14,0.0,2.1027270829895967e-11,0.0,0.0,0.0,7.529945545747925e-13,4.862278766808486e-13
4.899999999999971,2.776824820643554,-1.0526672027232253,2.083027445907794,-30.11946486799082,0.03793797075532284,2.0920800503399854e-13,3.9852208593391117e-13,0.0,0,4.810262071590788e-11,3.160179647087435e-11,0.0,1.3631637392757911e-13,0.0,5.376781123940883e-12,0.0,0.0,6.058505507892404e-14,0.0,1.4018180553263977e-11,0.0,0.0,0.0,5.019963697165282e-13,3.241519177872324e-13
4.919999999999978,2.79251533085518,-1.0649556294267395,2.079912870673027,-30.119723825225694,0.036577828482113266,1.3947200335599903e-13,2.656813906226074e-13,0.0,0,3.206841381060525e-11,2.106786431391623e-11,0.0,9.087758261838608e-14,0.0,3.584520749293922e-12,0.0,0.0,4.039003671928269e-14,0.0,9.345453702175984e-12,0.0,0.0,0.0,3.3466424647768546e-13,2.1610127852482158e-13
4.939999999999984,2.8082280123681578,-1.0772281337397915,2.0768802431366935,-30.11995345745306,0.034876953996481296,9.298133557066601e-14,1.7712092708173826e-13,0.0,0,2.13789425404035e-11,1.4045242875944153e-11,0.0,6.058505507892404e-14,0.0,2.389680499529281e-12,0.0,0.0,2.692669114618846e-14,0.0,6.2303024681173226e-12,0.0,0.0,0.0,2.231094976517903e-13,1.440675190165477e-13
4.959999999999991,2.823962699193319,-1.0894847713013338,2.073928707565809,-30.12015708461206,0.03291117553645126,6.198755704711067e-14,1.1808061805449218e-13,0.0,0,1.4252628360269e-11,9.363495250629435e-12,0.0,4.039003671928269e-14,0.0,1.5931203330195207e-12,0.0,0.0,1.7951127430792306e-14,0.0,4.153534978744882e-12,0.0,0.0,0.0,1.4873966510119352e-13,9.604501267769847e-14
4.979999999999998,2.839719229394982,-1.1017255772128773,2.0710573409831925,-30.120337649658737,0.03074898808064181,4.132503803140711e-14,7.872041203632811e-14,0.0,0,9.501752240179332e-12,6.24233016708629e-12,0.0,2.692669114618846e-14,0.0,1.0620802220130136e-12,0.0,0.0,1.196741828719487e-14,0.0,2.7690233191632542e-12,0.0,0.0,0.0,9.915977673412901e-14,6.403000845179897e-14
5.000000000000004,2.855497443491776,-1.1139505708399993,2.06826515910368,-30.120497761796454,0.028451627162841026,2.7550025354271404e-14,5.24802746908854e-14,0.0,0,6.334501493452888e-12,4.161553444724193e-12,0.0,1.7951127430792306e-14,0.0,7.080534813420091e-13,0.0,0.0,7.978278858129912e-15,0.0,1.846015546108836e-12,0.0,0.0,0.0,6.610651782275266e-14,4.268667230119931e-14
5.020000000000011,2.871297183069427,-1.1261597600986943,2.0655511219669638,-30.120639734670956,0.02607323924974091,1.8366683569514267e-14,3.49868497939236e-14,0.0,0,4.2230009956352586e-12,2.774368963149462e-12,0.0,1.196741828719487e-14,0.0,4.720356542280061e-13,0.0,0.0,5.318852572086608e-15,0.0,1.230677030739224e-12,0.0,0.0,0.0,4.407101188183511e-14,2.8457781534132873e-14
5.040000000000018,2.887118289596783,-1.1383531452406919,2.0629141392789774,-30.120765620119297,0.0236611318345085,1.2244455713009513e-14,2.33245665292824e-14,0.0,0,2.8153339970901722e-12,1.8495793087663077e-12,0.0,7.978278858129912e-15,0.0,3.14690436152004e-13,0.0,0.0,3.545901714724405e-15,0.0,8.204513538261492e-13,0.0,0.0,0.0,2.938067458789007e-14,1.8971854356088582e-14
5.0600000000000245,2.902960603434446,-1.1505307221572068,2.0603530754732953,-30.120877237995643,0.021256087716531313,8.162970475339675e-15,1.55497110195216e-14,0.0,0,1.876889331393448e-12,1.2330528725108717e-12,0.0,5.318852572086608e-15,0.0,2.09793624101336e-13,0.0,0.0,2.3639344764829367e-15,0.0,5.469675692174328e-13,0.0,0.0,0.0,1.9587116391926712e-14,1.2647902904059054e-14
5.080000000000031,2.9188239630239847,-1.1626924852248284,2.0578667545035745,-30.120976202537985,0.01889272929013462,5.441980316893117e-15,1.0366474013014398e-14,0.0,0,1.2512595542622985e-12,8.220352483405811e-13,0.0,3.545901714724405e-15,0.0,1.3986241606755733e-13,0.0,0.0,1.5759563176552912e-15,0.0,3.646450461449552e-13,0.0,0.0,0.0,1.3058077594617808e-14,8.431935269372703e-15
5.100000000000038,2.9347082042446013,-1.1748384297205212,2.055453964377694,-30.12106394568618,0.016599920027089838,3.627986877928744e-15,6.910982675342932e-15,0.0,0,8.341730361748657e-13,5.480234988937207e-13,0.0,2.3639344764829367e-15,0.0,9.324161071170488e-14,0.0,0.0,1.0506375451035274e-15,0.0,2.430966974299701e-13,0.0,0.0,0.0,8.705385063078539e-15,5.6212901795818014e-15
5.1200000000000445,2.950613159923511,-1.1869685538350776,2.0531134614438535,-30.12114173771317,0.014401191687681086,2.4186579186191626e-15,4.6073217835619545e-15,0.0,0,5.561153574499104e-13,3.653489992624804e-13,0.0,1.5759563176552912e-15,0.0,6.216107380780325e-14,0.0,0.0,7.004250300690183e-16,0.0,1.6206446495331338e-13,0.0,0.0,0.0,5.803590042052359e-15,3.747526786387868e-15
5.140000000000051,2.966538659485868,-1.1990828603159442,2.050843974438571,-30.12121070548798,0.012315187114736365,1.6124386124127747e-15,3.071547855707969e-15,0.0,0,3.7074357163327357e-13,2.4356599950832024e-13,0.0,1.0506375451035274e-15,0.0,4.144071587186883e-14,0.0,0.0,4.669500200460121e-16,0.0,1.0804297663554225e-13,0.0,0.0,0.0,3.8690600280349055e-15,2.498351190925245e-15
5.160000000000058,2.9824845287300277,-1.2111813577712294,2.0486442083061975,-30.121271848651137,0.010356109739276238,1.0749590749418499e-15,2.047698570471979e-15,0.0,0,2.47162381088849e-13,1.6237733300554682e-13,0.0,7.004250300690183e-16,0.0,2.7627143914579217e-14,0.0,0.0,3.1130001336400804e-16,0.0,7.20286510903615e-14,0.0,0.0,0.0,2.57937335202327e-15,1.6655674606168299e-15
5.1800000000000646,2.9984505897140608,-1.2232640616669594,2.0465128477992627,-30.121326053948554,0.008534172143122893,7.166393832945665e-16,1.3651323803146527e-15,0.0,0,1.6477492072589934e-13,1.0825155533703121e-13,0.0,4.669500200460121e-16,0.0,1.841809594305281e-14,0.0,0.0,2.0753334224267203e-16,0.0,4.801910072690766e-14,0.0,0.0,0.0,1.71958223468218e-15,1.1103783070778865e-15
5.200000000000071,3.014436660739746,-1.235330995049423,2.0444485608686636,-30.121374107939697,0.006856037173442248,4.777595888630442e-16,9.100882535431018e-16,0.0,0,1.0984994715059955e-13,7.21677035580208e-14,0.0,3.1130001336400804e-16,0.0,1.2278730628701873e-14,0.0,0.0,1.3835556149511467e-16,0.0,3.201273381793844e-14,0.0,0.0,0.0,1.1463881564547865e-15,7.40252204718591e-16
5.220000000000078,3.0304425564208177,-1.2473821890237373,2.0424500018524427,-30.121416708269948,0.005325246179660943,3.1850639257536287e-16,6.067255023620678e-16,0.0,0,7.32332981003997e-14,4.8111802372013866e-14,0.0,2.0753334224267203e-16,0.0,8.185820419134581e-15,0.0,0.0,9.223704099674311e-17,0.0,2.1341822545292292e-14,0.0,0.0,0.0,7.642587709698577e-16,4.93501469812394e-16
5.240000000000085,3.0464680878228254,-1.2594176830187385,2.040515814471638,-30.121454473673293,0.003942629939568019,2.123375950502419e-16,4.0448366824137853e-16,0.0,0,4.8822198733599794e-14,3.207453491467591e-14,0.0,1.3835556149511467e-16,0.0,5.457213612756387e-15,0.0,0.0,6.14913606644954e-17,0.0,1.4227881696861526e-14,0.0,0.0,0.0,5.095058473132384e-16,3.290009798749293e-16
5.260000000000091,3.0625130626627226,-1.2714375248669478,2.0386446346414,-30.121487952851435,0.0027066987556460674,1.4155839670016123e-16,2.6965577882758565e-16,0.0,0,3.254813248906653e-14,2.1383023276450603e-14,0.0,9.223704099674311e-17,0.0,3.638142408504257e-15,0.0,0.0,4.099424044299693e-17,0.0,9.48525446457435e-15,0.0,0.0,0.0,3.3967056487549226e-16,2.193339865832862e-16
5.280000000000098,3.0785772855570803,-1.283441770726789,2.036835093105335,-30.12151763235755,0.0016140090334050329,9.437226446677415e-17,1.7977051921839044e-16,0.0,0,2.169875499271102e-14,1.4255348850967068e-14,0.0,6.14913606644954e-17,0.0,2.4254282723361713e-15,0.0,0.0,2.7329493628664617e-17,0.0,6.3235029763829e-15,0.0,0.0,0.0,2.2644704325032816e-16,1.4622265772219079e-16
5.300000000000105,3.094660558308689,-1.2954304848725056,2.035085817900787,-30.121543943597736,0.0006595044008011337,6.291484297784944e-17,1.1984701281226027e-16,0.0,0,1.4465836661807346e-14,9.503565900644711e-15,0.0,4.099424044299693e-17,0.0,1.6169521815574475e-15,0.0,0.0,1.8219662419109743e-17,0.0,4.215668650921933e-15,0.0,0.0,0.0,1.5096469550021876e-16,9.748177181479385e-17
5.320000000000111,3.110762680222195,-1.3074037393753517,2.0333954366625093,-30.121567269049454,-0.000163169906994587,4.1943228651899613e-17,7.989800854150685e-17,0.0,0,9.643891107871564e-15,6.335710600429807e-15,0.0,2.7329493628664617e-17,0.0,1.0779681210382983e-15,0.0,0.0,1.2146441612739828e-17,0.0,2.8104457672812884e-15,0.0,0.0,0.0,1.0064313033347916e-16,6.498784787652923e-17
5.340000000000118,3.126883448440294,-1.3193616136977073,2.031762578771941,-30.12158794778468,-0.0008613800878239947,2.796215243459974e-17,5.326533902767124e-17,0.0,0,6.4292607385810425e-15,4.223807066953205e-15,0.0,1.8219662419109743e-17,0.0,7.186454140255321e-16,0.0,0.0,8.097627741826551e-18,0.0,1.8736305115208587e-15,0.0,0.0,0.0,6.709542022231944e-17,4.332523191768615e-17
5.360000000000125,3.1430226582929257,-1.3313041942197839,2.0301858773590835,-30.12160628037527,-0.00144324441935525,1.8641434956399824e-17,3.551022601844749e-17,0.0,0,4.286173825720695e-15,2.815871377968803e-15,0.0,1.2146441612739828e-17,0.0,4.79096942683688e-16,0.0,0.0,5.398418494551034e-18,0.0,1.2490870076805723e-15,0.0,0.0,0.0,4.4730280148212956e-17,2.88834879451241e-17
5.380000000000131,3.159180103652755,-1.3432315737166423,2.0286639711637178,-30.121622533249653,-0.001917401258111017,1.242762330426655e-17,2.367348401229832e-17,0.0,0,2.8574492171471296e-15,1.877247585312535e-15,0.0,8.097627741826551e-18,0.0,3.1939796178912534e-16,0.0,0.0,3.598945663034022e-18,0.0,8.327246717870482e-16,0.0,0.0,0.0,2.9820186765475304e-17,1.925565863008273e-17
5.400000000000138,3.1753555772910986,-1.3551438508012896,2.0271955062624922,-30.121636942560453,-0.0022928037688419237,8.285082202844365e-18,1.5782322674865547e-17,0.0,0,1.9049661447647528e-15,1.2514983902083567e-15,0.0,5.398418494551034e-18,0.0,2.1293197452608356e-16,0.0,0.0,2.399297108689348e-18,0.0,5.551497811913654e-16,0.0,0.0,0.0,1.9880124510316868e-17,1.2837105753388486e-17
5.420000000000145,3.191548871229264,-1.3670411293477527,2.025779137668182,-30.121649717618663,-0.0025785404586167802,5.523388135229577e-18,1.0521548449910364e-17,0.0,0,1.2699774298431684e-15,8.343322601389045e-16,0.0,3.598945663034022e-18,0.0,1.419546496840557e-16,0.0,0.0,1.5995314057928986e-18,0.0,3.7009985412757695e-16,0.0,0.0,0.0,1.3253416340211245e-17,8.55807050225899e-18
5.440000000000151,3.207759777081007,-1.3789235179062083,2.0244135308072098,-30.121661043941074,-0.00278368034503568,3.682258756819718e-18,7.014365633273575e-18,0.0,0,8.466516198954455e-16,5.562215067592696e-16,0.0,2.399297108689348e-18,0.0,9.46364331227038e-17,0.0,0.0,1.066354270528599e-18,0.0,2.467332360850513e-16,0.0,0.0,0.0,8.835610893474163e-18,5.705380334839326e-18
5.460000000000158,3.2239880863825916,-1.3907911291205473,2.023097362881291,-30.121671085954382,-0.0029171413966939154,2.454839171213145e-18,4.676243755515717e-18,0.0,0,5.6443441326363035e-16,3.7081433783951303e-16,0.0,1.5995314057928986e-18,0.0,6.309095541513586e-17,0.0,0.0,7.109028470190659e-19,0.0,1.6448882405670084e-16,0.0,0.0,0.0,5.8904072623161084e-18,3.803586889892884e-18
5.480000000000165,3.2402335909075415,-1.4026440791571255,2.021829324118869,-30.12167998939395,-0.002987580741313435,1.6365594474754301e-18,3.117495837010478e-18,0.0,0,3.762896088424202e-16,2.4720955855967533e-16,0.0,1.066354270528599e-18,0.0,4.2060636943423905e-17,0.0,0.0,4.739352313460439e-19,0.0,1.0965921603780055e-16,0.0,0.0,0.0,3.926938174877405e-18,2.5357245932619226e-18
5.500000000000171,3.2564960829638365,-1.4144824871519628,2.020608118921811,-30.121687883430862,-0.0030033050377087866,1.0910396316502869e-18,2.0783305580069847e-18,0.0,0,2.508597392282801e-16,1.6480637237311687e-16,0.0,7.109028470190659e-19,0.0,2.804042462894927e-17,0.0,0.0,3.159568208973626e-19,0.0,7.310614402520036e-17,0.0,0.0,0.0,2.6179587832516034e-18,1.690483062174615e-18
5.520000000000178,3.272775355671834,-1.4263064746822585,2.0194324669126047,-30.121694882557815,-0.002972199347018161,7.273597544335245e-19,1.3855537053379897e-18,0.0,0,1.6723982615218673e-16,1.0987091491541124e-16,0.0,4.739352313460439e-19,0.0,1.8693616419299513e-17,0.0,0.0,2.1063788059824172e-19,0.0,4.8737429350133574e-17,0.0,0.0,0.0,1.745305855501069e-18,1.12698870811641e-18
5.540000000000185,3.2890712032217175,-1.4381161652668322,2.018301103887139,-30.12170108826083,-0.002901672811513963,4.849065029556829e-19,9.237024702253265e-19,0.0,0,1.1149321743479116e-16,7.324727661027416e-17,0.0,3.159568208973626e-19,0.0,1.2462410946199676e-17,0.0,0.0,1.4042525373216114e-19,0.0,3.2491619566755714e-17,0.0,0.0,0.0,1.1635372370007126e-18,7.513258054109399e-19
5.5600000000001915,3.305383421109725,-1.449911683898961,2.0172127826779382,-30.121706590500477,-0.00279861945136884,3.2327100197045528e-19,6.158016468168843e-19,0.0,0,7.43288116231941e-17,4.8831517740182773e-17,0.0,2.1063788059824172e-19,0.0,8.308273964133117e-18,0.0,0.0,9.361683582144076e-20,0.0,2.1661079711170474e-17,0.0,0.0,0.0,7.756914913338083e-19,5.008838702739599e-19
5.580000000000198,3.3217118063527726,-1.461693156614054,2.016166273932538,-30.121711469024422,-0.0026693924164510295,2.1551400131363683e-19,4.1053443121125628e-19,0.0,0,4.95525410821294e-17,3.255434516012185e-17,0.0,1.4042525373216114e-19,0.0,5.5388493094220774e-18,0.0,0.0,6.24112238809605e-20,0.0,1.4440719807446982e-17,0.0,0.0,0.0,5.171276608892055e-19,3.339225801826399e-19
5.600000000000205,3.3380561576814847,-1.4734607100937034,2.015160366811523,-30.121715794530118,-0.0025197900776629425,1.4367600087575787e-19,2.736896208075041e-19,0.0,0,3.303502738808626e-17,2.1702896773414563e-17,0.0,9.361683582144076e-20,0.0,3.692566206281385e-18,0.0,0.0,4.1607482587306996e-20,0.0,9.627146538297987e-18,0.0,0.0,0.0,3.44751773926137e-19,2.2261505345509327e-19
5.6200000000002115,3.354416275711892,-1.485214471306857,2.014193869610554,-30.121719629694944,-0.002355052406640826,9.578400058383859e-20,1.8245974720500274e-19,0.0,0,2.2023351592057508e-17,1.4468597848943042e-17,0.0,6.24112238809605e-20,0.0,2.4617108041875897e-18,0.0,0.0,2.7738321724871327e-20,0.0,6.418097692198658e-18,0.0,0.0,0.0,2.29834515950758e-19,1.4841003563672885e-19
5.640000000000218,3.37079196309633,-1.4969545671881865,2.013265610310559,-30.12172303008832,-0.0021798661703951463,6.385600038922572e-20,1.2163983147000183e-19,0.0,0,1.4682234394705003e-17,9.645731899295361e-18,0.0,4.1607482587306996e-20,0.0,1.6411405361250596e-18,0.0,0.0,1.849221448324755e-20,0.0,4.2787317947991055e-18,0.0,0.0,0.0,1.5322301063383867e-19,9.894002375781923e-20
5.660000000000225,3.38718302465426,-1.5086811243531253,2.012374437060073,-30.12172604498006,-0.0019983775555161743,4.2570666926150474e-20,8.109322098000121e-20,0.0,0,9.788156263136668e-18,6.430487932863574e-18,0.0,2.7738321724871327e-20,0.0,1.0940936907500396e-18,0.0,0.0,1.23281429888317e-20,0.0,2.8524878631994035e-18,0.0,0.0,0.0,1.0214867375589244e-19,6.596001583854615e-20
5.6800000000002315,3.4035919286074416,-1.5203958104950217,2.0115779064994777,-30.12172871805586,-0.0018142109320816082,2.838044461743365e-20,0.08333333333333334,20.06426882467579,85,16.666666666666668,4.286991955242382e-18,0.0,1.849221448324755e-20,0.0,7.293957938333597e-19,0.0,0.0,8.218761992554467e-21,0.0,1.901658575466269e-18,0.0,0.0,0.0,0.20671834625323,0.025799793601651192
5.700000000000238,3.4200249408993857,-1.5321028291441423,2.0110205340935434,-30.162232807484532,0.040576608165633514,0.2777777777777778,0.2222222222222222,20.197397647622996,139,27.77777777777778,16.666666666666668,0.0,1.23281429888317e-20,0.0,4.862638625555731e-19,0.0,0.0,16.666666666666668,0.0,16.666666666666668,0.0,0.0,0.0,0.4478897502153317,0.2235982112143103
5.720000000000245,3.4364836922884847,-1.5438073861250612,2.010779977804336,-30.28059778416665,0.16141576447591072,0.32407407407407407,0.23148148148148148,20.33839036949464,140,18.51851851851852,27.77777777777778,0.0,8.218761992554467e-21,0.0,3.241759083703821e-19,0.0,0.0,11.11111111111111,0.0,27.77777777777778,0.0,0.0,0.0,0.5053115130634511,0.20066506134617593
5.740000000000252,3.4529628711158304,-1.5555173493839396,2.0108452709913083,-30.478361410667244,0.3578449920164127,0.3549382716049383,0.23765432098765435,20.48138305676419,116,29.01234567901235,18.51851851851852,0.0,5.479174661702978e-21,0.0,2.1611727224692139e-19,0.0,0.0,7.4074074074074066,0.0,35.18518518518519,0.0,0.0,0.0,0.621112068140492,0.26277567557237325
5.760000000000258,3.4694614513373243,-1.5672510871230572,2.0113783545785098,-30.733180863519955,0.6016275901007077,0.2366255144032922,0.4917695473251029,20.616851713611826,95,52.674897119341566,45.67901234567901,0.0,3.652783107801985e-21,0.0,1.440781814979476e-19,0.0,0.0,4.93827160493827,0.0,23.45679012345679,0.0,0.0,0.0,0.6983124381918525,0.3557823389264738
5.780000000000265,3.4859700847353876,-1.5790251957679566,2.0123893454090678,-31.012093136049593,0.8546199132275016,0.15775034293552812,0.3278463648834019,20.747829600881282,84,35.116598079561044,30.45267489711934,0.0,2.4351887385346565e-21,0.0,9.605212099863172e-20,0.0,0.0,3.292181069958847,0.0,15.637860082304528,0.0,0.0,0.0,0.5947405918695038,0.3145876067559361
5.800000000000272,3.5024702204354297,-1.590848572520141,2.0136651288765157,-31.314953151129835,1.1144946357164747,0.24405578417924098,0.21856424325560128,20.862957125756253,85,23.411065386374027,20.301783264746227,0.0,1.6234591590231043e-21,0.0,6.403474733242115e-20,0.0,0.0,2.1947873799725643,0.0,27.091906721536354,0.0,0.0,0.0,0.4998529010396175,0.20972507117062406
5.820000000000278,3.5189505792359395,-1.6027371585732624,2.0151835366006474,-31.63812036104931,1.3752004563077511,0.162703856119494,0.3123761621704009,20.950685824526687,125,32.27404359091602,30.201188843164154,0.0,1.0823061060154028e-21,0.0,4.268983155494743e-20,0.0,0.0,1.4631915866483762,0.0,18.061271147690903,0.0,0.0,0.0,0.5141138203313212,0.3462150629269589
5.840000000000285,3.535403447478649,-1.6147113571372675,2.017027816697321,-31.96107732550526,1.6138687564301033,0.108469237412996,0.3749174414469339,21.018027851681342,112,38.18269572727735,36.800792562109436,0.0,7.2153740401026845e-22,0.0,2.8459887703298285e-20,0.0,0.0,0.9754610577655841,0.0,12.040847431793935,0.0,0.0,0.0,0.5494608931407775,0.3082094227562595
5.860000000000292,3.551816857197397,-1.6267823814211475,2.0191235663512646,-32.271705768091515,1.8176715999732365,0.07231282494199733,0.2499449609646226,21.067431215159946,91,25.455130484851566,24.533861708072955,0.0,4.810249360068456e-22,0.0,1.8973258468865522e-20,0.0,0.0,0.6503073718437227,0.0,8.027231621195956,0.0,0.0,0.0,0.4438266419388129,0.205472948504173
5.880000000000298,3.568178005218264,-1.6389543366032382,2.0213136946491916,-32.58355035728148,2.0015083908173468,0.18709743885022048,0.16662997397641505,21.094247814425266,88,16.97008698990104,16.355907805381968,0.0,3.2068329067123035e-22,0.0,1.2648838979243682e-20,0.0,0.0,0.4335382478958151,0.0,22.018154414130642,0.0,0.0,0.0,0.4509231876491311,0.13698196566944865
5.900000000000305,3.584479892135729,-1.6512390532852441,2.0236143764213708,-32.901922996520696,2.171073858613415,0.12473162590014698,0.2777533159842767,21.098449329404954,96,27.980057993267362,27.57060520358798,0.0,2.137888604474869e-22,0.0,8.432559319495788e-21,0.0,0.0,0.28902549859721005,0.0,14.678769609420428,0.0,0.0,0.0,0.4814940114043303,0.24612007205620623
5.920000000000312,3.600719654880892,-1.6636566073365042,2.0261940394985203,-33.23236273318246,2.3326095496333266,0.22204330615565354,0.43516887732285114,21.08491781858334,114,35.32003866217824,51.71373680239199,0.0,1.4252590696499124e-22,0.0,5.621706212997191e-21,0.0,0.0,0.19268366573147336,0.0,26.452513072946953,0.0,0.0,0.0,0.605233733701078,0.44787777765563386
5.940000000000318,3.6168937121226015,-1.6762259961753638,2.029201114885253,-33.5750414126204,2.486298498174331,0.1480288707704357,0.5401125848819008,21.055369659531053,112,56.880025774785494,51.14249120159466,0.0,9.501727130999416e-23,0.0,3.747804141998127e-21,0.0,0.0,0.12845577715431555,0.0,17.635008715297968,0.0,0.0,0.0,0.7394064684622175,0.5565831211202679
5.960000000000325,3.6329957384843072,-1.6889579332114895,2.032657426362576,-33.91201207789573,2.6138668960067797,0.09868591384695713,0.5267417232546004,21.007333577610236,96,54.586683849856996,50.76166080106311,0.0,6.33448475399961e-23,0.0,2.498536094665418e-21,0.0,0.0,0.0856371847695437,0.0,11.756672476865312,0.0,0.0,0.0,0.6479764053314008,0.4484547948851321
5.980000000000332,3.6490167480854883,-1.70184874485287,2.0363949868407123,-34.253115755239044,2.7269734212783905,0.20467949812019365,0.3511611488364003,20.93823294392335,117,36.391122566571326,33.841107200708734,0.0,4.22298983599974e-23,0.0,1.6656907297769454e-21,0.0,0.0,0.05709145651302913,0.0,24.50444831791021,0.0,0.0,0.0,0.5870230299108563,0.29896986325675473
6.000000000000338,3.664949748997453,-1.7148982169516034,2.040314319113526,-34.64182670721894,2.8716530004919285,0.4142307765245736,0.4007740992242669,20.84900387911126,117,40.927415044380886,39.22740480047249,0.0,2.81532655733316e-23,0.0,16.666666666666668,0.0,0.0,0.038060971008686086,0.0,16.336298878606804,0.0,0.0,0.0,0.6239068261421212,0.3799117973827282
6.020000000000345,3.680788819617864,-1.7281171848399168,2.0444506443190367,-35.119621339459734,3.089376028698129,0.5539316287941601,0.43384939948284457,20.741054892397493,117,43.95161002958726,42.81826986698166,0.0,1.87688437155544e-23,0.0,11.11111111111111,0.0,0.0,0.02537398067245739,0.0,44.22419925240454,0.0,0.0,0.0,0.7001756101929387,0.3564737059950902
6.040000000000352,3.6965245210688558,-1.7415192318359785,2.0488181243716346,-35.66719608642579,3.3559431200318257,0.36928775252944007,0.45589959965522975,20.610737696129593,110,45.967740019724836,45.21217991132111,0.0,1.2512562477036265e-23,0.0,7.4074074074074066,0.0,0.0,0.01691598711497159,0.0,29.482799501603026,0.0,0.0,0.0,0.6993418796635096,0.39244789893996723
6.060000000000358,3.7121458582265614,-1.75512928211683,2.0535344660817194,-36.2555737141993,3.6382986847867644,0.38508072390851555,0.6372663997701532,20.451188466472818,141,63.978493346483226,63.47478660754741,0.0,8.341708318024176e-24,0.0,4.93827160493827,0.0,0.0,0.011277324743314394,0.0,36.32186633440202,0.0,0.0,0.0,0.8538248190004794,0.571229455846459
6.080000000000365,3.7276391544550433,-1.7689580075273978,2.058530895567161,-36.883664222616524,3.9333684822151884,0.39560937149456593,0.4248442665134354,20.253087323481736,127,42.65232889765548,42.3165244050316,0.0,5.5611388786827836e-24,0.0,3.292181069958847,0.0,0.0,0.007518216495542929,0.0,40.881244222934676,0.0,0.0,0.0,0.8534542720985108,0.5098186052392286
6.100000000000372,3.742989783808261,-1.783015241132406,2.063723516621122,-37.52912116650209,4.216076049638131,0.2637395809963773,0.5332295110089569,20.01819523035237,112,61.76821926510365,44.877682936687734,0.0,3.7074259191218555e-24,0.0,2.1947873799725643,0.0,0.0,0.005012144330361953,0.0,27.25416281528978,0.0,0.0,0.0,0.827367447548878,0.4688780381677417
6.1200000000003785,3.7581843797410803,-1.797314212452489,2.0690905739225496,-38.160529963405544,4.45351271297398,0.17582638733091818,0.43881967400597127,0.0,19,41.17881284340243,46.58512195779182,0.0,2.4716172794145703e-24,0.0,1.4631915866483762,0.0,0.0,0.003341429553574635,0.0,18.169441876859853,0.0,0.0,0.0,0.6290976782108799,0.38998473958344804
6.140000000000385,3.7732119801464172,-1.811849777812284,2.0744494027560645,-38.7598650801372,4.6285955473602245,0.11721759155394545,0.29254644933731416,0.0,0,27.45254189560162,31.056747971861213,0.0,1.6477448529430468e-24,0.0,0.9754610577655841,0.0,0.0,0.0022276197023830898,0.0,12.112961251239902,0.0,0.0,0.0,0.4193984521405866,0.25998982638896534
6.160000000000392,3.7880650855679656,-1.8266134340396063,2.079632092590583,-39.31768919228623,4.734541818203071,0.07814506103596361,0.19503096622487612,0.0,0,18.301694597067744,20.704498647907474,0.0,1.0984965686286977e-24,0.0,0.6503073718437227,0.0,0.0,0.0014850798015887264,0.0,8.0753075008266,0.0,0.0,0.0,0.27959896809372436,0.17332655092597687
6.1800000000003985,3.802739289312782,-1.8415985611380086,2.0845357987472837,-39.82999212014993,4.771151038495436,0.05209670735730908,0.1300206441499174,0.0,0,12.201129731378495,13.802999098604982,0.0,7.323310457524651e-25,0.0,0.4335382478958151,0.0,0.0,0.000990053201059151,0.0,5.3835383338844,0.0,0.0,0.0,0.1863993120624829,0.11555103395065125
6.200000000000405,3.8172329879313165,-1.8567989313951316,2.089100796857182,-40.296118624158225,4.742303979635571,0.03473113823820605,0.08668042943327825,0.0,0,8.134086487585662,9.201999399069987,0.0,4.8822069716831e-25,0.0,0.28902549859721005,0.0,0.0,0.0006600354673727672,0.0,3.589025555922933,0.0,0.0,0.0,0.12426620804165525,0.07703402263376749
6.220000000000412,3.8315471429637338,-1.8722077942140147,2.0932958405982496,-40.71741796096438,4.654282143114742,0.023154092158804034,0.057786952955518826,0.0,0,5.422724325057108,6.134666266046658,0.0,3.254804647788733e-25,0.0,0.19268366573147336,0.0,0.0,0.0004400236449151781,0.0,2.392683703948622,0.0,0.0,0.0,0.08284413869443683,0.05135601508917832
6.2400000000004185,3.845685048222139,-1.8878173679374826,2.097108384706742,-41.09637094091382,4.514641399257506,0.015436061439202687,0.038524635303679215,0.0,0,3.6151495500380717,4.089777510697772,0.0,2.1698697651924884e-25,0.0,0.12845577715431555,0.0,0.0,0.0002933490966101187,0.0,1.5951224692990813,0.0,0.0,0.0,0.05522942579629121,0.034237343392785544
6.260000000000425,3.859652080938523,-1.903618617709256,2.100538050919438,-41.436032106266325,4.331460858394943,0.010290707626135126,0.02568309020245281,0.0,0,2.410099700025381,2.726518340465181,0.0,1.4465798434616588e-25,0.0,0.0856371847695437,0.0,0.0,0.0001955660644067458,0.0,1.0634149795327208,0.0,0.0,0.0,0.03681961719752747,0.02282489559519036
6.280000000000432,3.8734554324235013,-1.9196012289042177,2.1035922578288795,-41.739679155417235,4.112846640357019,0.006860471750756749,0.01712206013496854,0.0,0,1.606733133350254,1.8176788936434538,0.0,9.643865623077725e-26,0.0,0.05709145651302913,0.0,0.0,0.00013037737627116385,0.0,0.7089433196884805,0.0,0.0,0.0,0.024546411465018313,0.015216597063460239
6.300000000000439,3.887103823452373,-1.9357537083643308,2.106283296990203,-42.01059800713995,3.8666094898924763,0.004573647833837832,0.011414706756645692,0.0,0,1.0711554222335025,1.2117859290956359,0.0,6.429243748718483e-26,0.0,0.038060971008686086,0.0,0.0,8.691825084744256e-05,0.0,0.47262887979232027,0.0,0.0,0.0,0.01636427431001221,0.010144398042306825
6.320000000000445,3.9006072135008005,-1.95206356349028,2.1086263776714707,-42.25195603400205,3.600061499718571,0.003049098555891888,0.0076098045044304605,0.0,0,0.714103614822335,0.8078572860637572,0.0,4.286162499145655e-26,0.0,0.02537398067245739,0.0,0.0,5.79455005649617e-05,0.0,0.3150859198615468,0.0,0.0,0.0,0.010909516206674805,0.00676293202820455
6.340000000000452,3.913976513460212,-1.9685175231850065,2.1106383219988443,-42.46673205826105,3.319894825607456,0.002032732370594592,0.00507320300295364,0.0,0,0.4760690765482233,0.5385715240425047,0.0,2.857441666097103e-26,0.0,0.01691598711497159,0.0,0.0,3.8630333709974463e-05,0.0,0.21005727990769787,0.0,0.0,0.0,0.0072730108044498695,0.004508621352136366
6.360000000000459,3.9272233102527245,-1.9851017753437878,2.1123366980200693,-42.6576823963522,3.032117085252735,0.0013551549137297276,0.0033821353353024265,0.0,0,0.3173793843654822,0.35904768269500315,0.0,1.9049611107314022e-26,0.0,0.011277324743314394,0.0,0.0,2.5753555806649642e-05,0.0,0.1400381866051319,0.0,0.0,0.0,0.004848673869633246,0.0030057475680909107
6.380000000000465,3.940359609888213,-2.001802203606987,2.1137392484426214,-42.82732935292272,2.7420260550475506,0.0009034366091531518,0.002254756890201618,0.0,0,0.2115862562436548,0.23936512179666875,0.0,1.2699740738209347e-26,0.0,0.007518216495542929,0.0,0.0,1.7169037204433095e-05,0.0,0.09335879107008793,0.0,0.0,0.0,0.003232449246422164,0.002003831712060607
6.400000000000472,3.9533976035431966,-2.018604611984526,2.1148635194878227,-42.9779632943944,2.4542116091028605,0.0006022910727687679,0.0015031712601344116,0.0,0,0.1410575041624365,0.1595767478644458,0.0,8.466493825472898e-27,0.0,0.005012144330361953,0.0,0.0,1.1446024802955397e-05,0.0,0.06223919404672529,0.0,0.0,0.0,0.0021549661642814425,0.0013358878080404046
6.420000000000479,3.9663494594721302,-2.0354949302182996,2.115726625392291,-43.11165256880043,2.1725764466481117,0.00040152738184584525,0.001002114173422941,0.0,0,0.094038336108291,0.1063844985762972,0.0,5.644329216981932e-27,0.0,0.003341429553574635,0.0,0.0,7.630683201970264e-06,0.0,0.04149279603115019,0.0,0.0,0.0,0.0014366441095209617,0.0008905918720269364
6.440000000000485,3.979227142092165,-2.0524593957822295,2.1163451048507684,-43.230257612254604,1.9003696034145383,0.00026768492123056353,0.0006680761156152939,0.0,0,0.06269222407219399,0.0709229990508648,0.0,3.762886144654621e-27,0.0,0.0022276197023830898,0.0,0.0,5.087122134646843e-06,0.0,0.027661864020766792,0.0,0.0,0.0,0.0009577627396806411,0.0005937279146846242
6.460000000000492,3.99204225842663,-2.069484710555676,2.1167348396144514,-43.335446946322506,1.6402284231616933,0.00017845661415370897,0.0004453840770768626,0.0,0,0.041794816048129325,0.0472819993672432,0.0,2.5085907631030806e-27,0.0,0.0014850798015887264,0.0,0.0,3.3914147564312283e-06,0.0,0.018441242680511193,0.0,0.0,0.0,0.0006385084931204274,0.00039581860978974944
6.480000000000499,4.004805931222753,-2.0865581716924213,2.1169110148393115,-43.42871366128894,1.394225832069242,0.00011897107610247265,0.0002969227180512417,0.0,0,0.02786321069875288,0.03152133291149546,0.0,1.67239384206872e-27,0.0,0.000990053201059151,0.0,0.0,2.260943170954152e-06,0.0,0.01229416178700746,0.0,0.0,0.0,0.0004256723287469516,0.0002638790731931663
6.500000000000505,4.017528697432085,-2.1036677772272014,2.1168881071409023,-43.51139155633531,1.1639205805278998,7.931405073498176e-05,0.00019794847870082782,0.0,0,0.018575473799168588,0.021014221940996974,0.0,1.1149292280458134e-27,0.0,0.0006600354673727672,0.0,0.0,1.507295447302768e-06,0.0,0.008196107858004974,0.0,0.0,0.0,0.0002837815524979677,0.0001759193821287775
6.520000000000512,4.030220430312851,-2.1208023076471876,2.116679890659779,-43.58467047522334,0.950408706218337,5.2876033823321165e-05,0.00013196565246721855,0.0,0,0.012383649199445724,0.014009481293997983,0.0,7.432861520305423e-28,0.0,0.0004400236449151781,0.0,0.0,1.0048636315351785e-06,0.0,0.0054640719053366486,0.0,0.0,0.0,0.0001891877016653118,0.00011727958808585166
6.540000000000519,4.042890283140856,-2.1379513851013114,2.116299454438218,-43.64961060647233,0.7543749037437258,3.5250689215547436e-05,8.797710164481235e-05,0.0,0,0.008255766132963815,0.009339654195998654,0.0,4.955241013536948e-28,0.0,0.0002933490966101187,0.0,0.0,6.69909087690119e-07,0.0,0.0036427146035577654,0.0,0.0,0.0,0.0001261251344435412,7.818639205723444e-05
6.560000000000525,4.055546652364772,-2.155105512193033,2.115759226492429,-43.70715565789433,0.5761428088933307,2.350045947703163e-05,5.865140109654156e-05,0.0,0,0.005503844088642543,0.006226436130665769,0.0,3.303494009024632e-28,0.0,0.0001955660644067458,0.0,0.0,4.4660605846007933e-07,0.0,0.0024284764023718435,0.0,0.0,0.0,8.408342296236079e-05,5.212426137148963e-05
6.580000000000532,4.068197157983927,-2.172256092449732,2.1150710014255454,-43.75814489852912,0.41572345268274014,1.566697298468775e-05,3.9100934064361036e-05,0.0,0,0.003669229392428362,0.004150957420443846,0.0,2.2023293393497546e-28,0.0,0.00013037737627116385,0.0,0.0,2.9773737230671954e-07,0.0,0.0016189842682478956,0.0,0.0,0.0,5.605561530824052e-05,3.474950758099308e-05
6.600000000000539,4.080848638938962,-2.1893954346184463,2.1142459694581945,-43.8033241076011,0.2728613334968735,1.0444648656458501e-05,2.6067289376240692e-05,0.0,0,0.0024461529282855743,0.002767304946962564,0.0,1.468219559566503e-28,0.0,8.691825084744256e-05,0.0,0.0,1.9849158153781303e-07,0.0,0.001079322845498597,0.0,0.0,0.0,3.737041020549368e-05,2.3166338387328718e-05
6.6200000000005454,4.093507161369511,-2.2065167429278603,2.1132947454849513,-43.843355493991126,0.14707770957328212,6.963099104305667e-06,1.7378192917493793e-05,0.0,0,0.0016307686188570495,0.0018448699646417092,0.0,9.78813039711002e-29,0.0,5.79455005649617e-05,0.0,0.0,1.3232772102520867e-07,0.0,0.0007195485636657314,0.0,0.0,0.0,2.4913606803662453e-05,1.5444225591552478e-05
6.640000000000552,4.106178037694008,-2.2236140953981955,2.1122273972837537,-43.87882665991172,0.03771083855465475,4.642066069537112e-06,1.1585461944995863e-05,0.0,0,0.001087179079238033,0.0012299133097611395,0.0,6.525420264740013e-29,0.0,3.8630333709974463e-05,0.0,0.0,8.821848068347244e-08,0.0,0.0004796990424438209,0.0,0.0,0.0,1.6609071202441634e-05,1.0296150394368318e-05
6.660000000000559,4.118865854593166,-2.2406824121876436,2.111053472371502,-43.91025868477723,-0.05604700737868134,3.0947107130247406e-06,7.723641296663909e-06,0.0,0,0.0007247860528253553,0.0008199422065074263,0.0,4.350280176493342e-29,0.0,2.5753555806649642e-05,0.0,0.0,5.881232045564829e-08,0.0,0.00031979936162921394,0.0,0.0,0.0,1.1072714134961088e-05,6.864100262912212e-06
6.6800000000005655,4.131574508122109,-2.2577174158461677,2.1097820232541507,-43.93811340329046,-0.1351158385655552,2.0631404753498273e-06,5.149094197775938e-06,0.0,0,0.00048319070188357013,0.0005466281376716176,0.0,2.9001867843288945e-29,0.0,1.7169037204433095e-05,0.0,0.0,3.9208213637098857e-08,0.0,0.00021319957441947595,0.0,0.0,0.0,7.381809423307392e-06,4.576066841941474e-06
6.700000000000572,4.1443072443290765,-2.2747155852129413,2.1084216309934756,-43.96279994772428,-0.20049757592877035,1.3754269835665513e-06,3.432729465183959e-06,0.0,0,0.00032212713458904674,0.000364418758447745,0.0,1.9334578562192628e-29,0.0,1.1446024802955397e-05,0.0,0.0,2.6138809091399238e-08,0.0,0.00014213304961298396,0.0,0.0,0.0,4.921206282204928e-06,3.0507112279609826e-06
6.720000000000579,4.157066703916259,-2.2916741045485334,2.106980427126793,-43.98468061954329,-0.2532489722827384,9.169513223777008e-07,2.288486310122639e-06,0.0,0,0.00021475142305936448,0.00024294583896516334,0.0,1.288971904146175e-29,0.0,7.630683201970264e-06,0.0,0.0,1.742587272759949e-08,0.0,9.475536640865596e-05,0.0,0.0,0.0,3.2808041881366183e-06,2.0338074853073216e-06
6.7400000000005855,4.169854969636073,-2.3085908093419247,2.105466114046208,-44.004076150576886,-0.2944577430848594,6.113008815851338e-07,1.5256575400817594e-06,0.0,0,0.00014316761537290965,0.00016196389264344223,0.0,8.593146027641167e-30,0.0,5.087122134646843e-06,0.0,0.0,1.1617248485066327e-08,0.0,6.31702442724373e-05,0.0,0.0,0.0,2.187202792091079e-06,1.3558716568715477e-06
6.760000000000592,4.182673615271112,-2.3254641300796113,2.103885983982403,-44.021270409268084,-0.32522178591905904,4.075339210567558e-07,1.0171050267211727e-06,0.0,0,9.544507691527309e-05,0.00010797592842896149,0.0,5.7287640184274444e-30,0.0,3.3914147564312283e-06,0.0,0.0,7.74483232337755e-09,0.0,4.211349618162486e-05,0.0,0.0,0.0,1.4581351947273858e-06,9.039144379143651e-07
6.780000000000599,4.19552375519568,-2.3422930351124243,2.10224693675387,-44.03651460320452,-0.34663133903982873,2.7168928070450383e-07,6.780700178141152e-07,0.0,0,6.363005127684872e-05,7.198395228597432e-05,0.0,3.819176012284963e-30,0.0,2.260943170954152e-06,0.0,0.0,5.163221548918367e-09,0.0,2.807566412108324e-05,0.0,0.0,0.0,9.720901298182572e-07,6.026096252762433e-07
6.800000000000606,4.2084060936594865,-2.35907697360776,2.100555496442594,-44.05003102520774,-0.35975390730617623,1.8112618713633588e-07,4.520466785427435e-07,0.0,0,4.242003418456581e-05,4.798930152398288e-05,0.0,2.5461173415233085e-30,0.0,1.507295447302768e-06,0.0,0.0,3.4421476992789113e-09,0.0,1.871710941405549e-05,0.0,0.0,0.0,6.480600865455047e-07,4.017397501841622e-07
6.820000000000612,4.221320973068459,-2.3758158194326526,2.098817827147226,-44.06201638667161,-0.36562176793076273,1.207507914242239e-07,3.0136445236182897e-07,0.0,0,2.8280022789710542e-05,3.199286768265525e-05,0.0,1.697411561015539e-30,0.0,1.0048636315351785e-06,0.0,0.0,2.2947651328526076e-09,0.0,1.247807294270366e-05,0.0,0.0,0.0,4.3204005769700313e-07,2.6782650012277477e-07
6.840000000000619,4.23426842066283,-2.3925098166779994,2.0970397479484912,-44.07264477854203,-0.36522185788645745,8.050052761614927e-08,2.0090963490788595e-07,0.0,0,1.8853348526473693e-05,2.1328578455103502e-05,0.0,1.1316077073436925e-30,0.0,6.69909087690119e-07,0.0,0.0,1.5298434219017384e-09,0.0,8.318715295135772e-06,0.0,0.0,0.0,2.880267051313354e-07,1.7855100008184985e-07
6.860000000000626,4.24724819310814,-2.4091595274075255,2.0952267472023114,-44.08207029725738,-0.35948783884842994,5.366701841076618e-08,1.339397566052573e-07,0.0,0,1.2568899017649129e-05,1.4219052303402334e-05,0.0,7.544051382291283e-31,0.0,4.4660605846007933e-07,0.0,0.0,1.019895614601159e-09,0.0,5.545810196757181e-06,0.0,0.0,0.0,1.9201780342089027e-07,1.1903400005456656e-07
6.880000000000632,4.260259818620291,-2.425765782097395,2.0933839962558984,-44.09042937007493,-0.3492941335629227,3.577801227384411e-08,8.929317107017153e-08,0.0,0,8.379266011766085e-06,9.479368202268222e-06,0.0,5.0293675881941885e-31,0.0,2.9773737230671954e-07,0.0,0.0,6.799304097341059e-10,0.0,3.6972067978381204e-06,0.0,0.0,0.0,1.2801186894726018e-07,7.93560000363777e-08
6.900000000000639,4.273302636341133,-2.442329633124504,2.091516362662571,-44.097842811454946,-0.3354517289335832,2.3852008182562738e-08,5.9528780713447685e-08,0.0,0,5.58617734117739e-06,6.3195788015121476e-06,0.0,3.352911725462792e-31,0.0,1.9849158153781303e-07,0.0,0.0,4.5328693982273727e-10,0.0,2.46480453189208e-06,0.0,0.0,0.0,8.534124596484011e-08,5.290400002425179e-08
6.920000000000646,4.286375832766357,-2.4588523115635663,2.089628422953207,-44.10441763954417,-0.3187055453612487,1.5901338788375158e-08,3.968585380896512e-08,0.0,0,3.724118227451593e-06,4.213052534341432e-06,0.0,2.2352744836418614e-31,0.0,1.3232772102520867e-07,0.0,0.0,3.0219129321515816e-10,0.0,1.6432030212613866e-06,0.0,0.0,0.0,5.6894163976560076e-08,3.526933334950119e-08
6.940000000000652,4.299478475103023,-2.4753351874652894,2.087724475006738,-44.11024867927721,-0.29973317846623065,1.060089252558344e-08,2.6457235872643414e-08,0.0,0,2.4827454849677286e-06,2.8087016895609543e-06,0.0,1.4901829890945742e-31,0.0,8.821848068347244e-08,0.0,0.0,2.0146086214343877e-10,0.0,1.0954686808409244e-06,0.0,0.0,0.0,3.792944265104005e-08,2.351288889966746e-08
6.960000000000659,4.312609541499993,-2.4917797337101866,2.0858085500490997,-44.115419976205395,-0.2791448278104705,7.067261683722293e-09,1.7638157248428943e-08,0.0,0,1.6551636566451523e-06,1.8724677930406362e-06,0.0,9.934553260630494e-32,0.0,5.881232045564829e-08,0.0,0.0,1.3430724142895917e-10,0.0,7.303124538939496e-07,0.0,0.0,0.0,2.5286295100693365e-08,1.5675259266444973e-08
6.980000000000666,4.325767948151526,-2.5081874934646327,2.0838844242997054,-44.12000604286234,-0.2574842372093715,4.711507789148195e-09,1.1758771498952627e-08,0.0,0,1.1034424377634348e-06,1.2483118620270907e-06,0.0,6.623035507086996e-32,0.0,3.9208213637098857e-08,0.0,0.0,8.953816095263944e-11,0.0,4.86874969262633e-07,0.0,0.0,0.0,1.685753006712891e-08,1.0450172844296648e-08
7.000000000000672,4.338952573322663,-2.5245600512071933,2.081955630276613,-44.124072957301166,-0.23523048230958754,3.1410051927654633e-09,7.83918099930175e-09,0.0,0,7.356282918422898e-07,8.322079080180604e-07,0.0,4.415357004724664e-32,0.0,2.6138809091399238e-08,0.0,0.0,5.969210730175962e-11,0.0,3.2458331284175536e-07,0.0,0.0,0.0,1.1238353378085939e-08,6.9667818961977655e-09
7.020000000000679,4.3521622783853235,-2.5408990072438327,2.0800254677659176,-44.12767933139011,-0.2128004529791994,2.0940034618436418e-09,5.2261206662011664e-09,0.0,0,4.904188612281931e-07,5.548052720120402e-07,0.0,2.9435713364831093e-32,0.0,1.742587272759949e-08,0.0,0.0,3.979473820117308e-11,0.0,2.163888752278369e-07,0.0,0.0,0.0,7.492235585390625e-09,4.644521264131843e-09
7.040000000000686,4.3653959259869834,-2.5572059555894904,2.078097014457163,-44.13087716454522,-0.19055189041828258,1.3960023078957612e-09,3.4840804441341107e-09,0.0,0,3.269459074854621e-07,3.698701813413601e-07,0.0,1.9623808909887394e-32,0.0,1.1617248485066327e-08,0.0,0.0,2.6529825467448718e-11,0.0,1.4425925015189125e-07,0.0,0.0,0.0,4.99482372359375e-09,3.0963475094212286e-09
7.060000000000692,4.378652395499886,-2.573482465060368,2.076173136244405,-44.13371259681155,-0.1687868514952159,9.306682052638408e-10,2.3227202960894074e-09,0.0,0,2.1796393832364138e-07,2.4658012089424004e-07,0.0,1.3082539273258263e-32,0.0,7.74483232337755e-09,0.0,0.0,1.7686550311632478e-11,0.0,9.617283343459416e-08,0.0,0.0,0.0,3.329882482395833e-09,2.0642316729474854e-09
7.080000000000699,4.391930595918531,-2.5897300633953306,2.074256497191766,-44.13622657358582,-0.14775548542615335,6.204454701758937e-10,1.548480197392938e-09,0.0,0,1.453092922157609e-07,1.6438674726282668e-07,0.0,8.721692848838841e-33,0.0,5.163221548918367e-09,0.0,0.0,1.1791033541088317e-11,0.0,6.411522228972943e-08,0.0,0.0,0.0,2.2199216549305552e-09,1.376154448631657e-09
7.100000000000706,4.405229476387584,-2.605950224205451,2.0723495691623275,-44.13845543279971,-0.1276600203536102,4.1363031345059585e-10,1.032320131595292e-09,0.0,0,9.687286147717394e-08,1.0959116484188445e-07,0.0,5.814461899225894e-33,0.0,3.4421476992789113e-09,0.0,0.0,7.860689027392212e-12,0.0,4.2743481526486284e-08,0.0,0.0,0.0,1.4799477699537034e-09,9.174362990877713e-10
7.120000000000712,4.418548034551579,-2.622144356537319,2.0704546411100035,-44.1404314240557,-0.10865886948724071,2.757535423003972e-10,6.88213421063528e-10,0.0,0,6.458190765144929e-08,7.306077656125629e-08,0.0,3.8763079328172627e-33,0.0,2.2947651328526076e-09,0.0,0.0,5.240459351594807e-12,0.0,2.8495654350990854e-08,0.0,0.0,0.0,9.866318466358022e-10,6.116241993918475e-10
7.140000000000719,4.431885322922821,-2.6383137968275143,2.0685738280352273,-44.14218316801856,-0.09087077811614507,1.8383569486693147e-10,4.588089473756852e-10,0.0,0,4.305460510096619e-08,4.8707184374170855e-08,0.0,2.5842052885448417e-33,0.0,1.5298434219017384e-09,0.0,0.0,3.4936395677298714e-12,0.0,1.899710290066057e-08,0.0,0.0,0.0,6.577545644238681e-10,4.0774946626123165e-10
7.160000000000726,4.445240453465044,-2.654459803022094,2.066709079606671,-44.143736063311515,-0.0743789438838423,1.2255712991128762e-10,3.058726315837901e-10,0.0,0,2.870307006731079e-08,3.247145624944723e-08,0.0,1.722803525696561e-33,0.0,1.019895614601159e-09,0.0,0.0,2.3290930451532474e-12,0.0,1.2664735267107045e-08,0.0,0.0,0.0,4.3850304294924535e-10,2.7183297750748775e-10
7.1800000000007325,4.458612600588342,-2.670583550635341,2.064862188452719,-44.14511264723511,-0.05923505315451377,8.170475327419175e-11,2.0391508772252672e-10,0.0,0,1.913538004487386e-08,2.1647637499631486e-08,0.0,1.1485356837977072e-33,0.0,6.799304097341059e-10,0.0,0.0,1.5527286967688314e-12,0.0,8.443156844738029e-09,0.0,0.0,0.0,2.9233536196616355e-10,1.8122198500499183e-10
7.200000000000739,4.472001002746154,-2.686686130525812,2.063034798127872,-44.14633291581216,-0.045463186033618146,5.4469835516127824e-11,1.3594339181501782e-10,0.0,0,1.2756920029915907e-08,1.4431758333087657e-08,0.0,7.656904558651381e-34,0.0,4.5328693982273727e-10,0.0,0.0,1.0351524645125542e-12,0.0,5.628771229825352e-09,0.0,0.0,0.0,1.948902413107757e-10,1.2081465666999455e-10
7.220000000000746,4.485404962818038,-2.7027685481743315,2.061228410760515,-44.147414607952115,-0.03306355159795514,3.631322367741855e-11,9.062892787667854e-11,0.0,0,8.50461335327727e-09,9.621172222058438e-09,0.0,5.10460303910092e-34,0.0,3.0219129321515816e-10,0.0,0.0,6.901016430083694e-13,0.0,3.752514153216901e-09,0.0,0.0,0.0,1.2992682754051713e-10,8.054310444666303e-11
7.2400000000007525,4.498823847453276,-2.718831724257525,2.059444394389681,-44.148373457911916,-0.022016023116893216,2.42088157849457e-11,6.041928525111902e-11,0.0,0,5.66974223551818e-09,6.414114814705625e-09,0.0,3.4030686927339465e-34,0.0,2.0146086214343877e-10,0.0,0.0,4.600677620055795e-13,0.0,2.5016761021446006e-09,0.0,0.0,0.0,8.661788502701142e-11,5.3695402964442015e-11
7.260000000000759,4.512257085540097,-2.734876496321209,2.057683989999267,-44.149223419698096,-0.012283450499658361,1.6139210523297133e-11,4.0279523500746015e-11,0.0,0,3.77982815701212e-09,4.276076543137083e-09,0.0,2.268712461822631e-34,0.0,1.3430724142895917e-10,0.0,0.0,3.0671184133705303e-13,0.0,1.6677840680964003e-09,0.0,0.0,0.0,5.774525668467428e-11,3.579693530962801e-11
7.280000000000766,4.525704165954183,-2.750903621370103,2.055948318258932,-44.149976866597214,-0.003814733887750916,1.0759473682198086e-11,2.6853015667164008e-11,0.0,0,2.5198854380080796e-09,2.8507176954247217e-09,0.0,1.5124749745484207e-34,0.0,8.953816095263944e-11,0.0,0.0,2.0447456089136867e-13,0.0,1.1118560453976e-09,0.0,0.0,0.0,3.849683778978285e-11,2.3864623539752005e-11
7.3000000000007725,4.539164634728265,-2.7669137792034744,2.0542383859813182,-44.1506447686267,0.003452351758112201,7.172982454798723e-12,1.7902010444776005e-11,0.0,0,1.6799236253387198e-09,1.900478463616481e-09,0.0,1.008316649698947e-34,0.0,5.969210730175962e-11,0.0,0.0,1.3631637392757911e-13,0.0,7.412373635984e-10,0.0,0.0,0.0,2.56645585265219e-11,1.5909749026501336e-11
7.320000000000779,4.552638091772302,-2.7829075763400795,2.0525550923055524,-44.15123685035914,0.00958858602662499,4.781988303199148e-12,1.1934673629850668e-11,0.0,0,1.1199490835591465e-09,1.2669856424109873e-09,0.0,6.72211099799298e-35,0.0,3.979473820117308e-11,0.0,0.0,9.087758261838608e-14,0.0,4.941582423989333e-10,0.0,0.0,0.0,1.7109705684347934e-11,1.060649935100089e-11
7.340000000000786,4.566124187261309,-2.7988855503899224,2.0508992346170736,-44.151761731282,0.01467098682823178,3.1879922021327653e-12,7.956449086567111e-12,0.0,0,7.466327223727643e-10,8.446570949406581e-10,0.0,4.4814073319953195e-35,0.0,2.6529825467448718e-11,0.0,0.0,6.058505507892404e-14,0.0,3.294388282659555e-10,0.0,0.0,0.0,1.1406470456231955e-11,7.0709995673339266e-12
7.360000000000793,4.579622617795596,-2.814848174744504,2.049271514213787,-44.15222705060266,0.018780745178976654,2.1253281347551768e-12,5.3042993910447415e-12,0.0,0,4.977551482485095e-10,5.631047299604387e-10,0.0,2.9876048879968797e-35,0.0,1.7686550311632478e-11,0.0,0.0,4.039003671928269e-14,0.0,2.19625885510637e-10,0.0,0.0,0.0,7.60431363748797e-12,4.713999711555951e-12
7.380000000000799,4.593133122425978,-2.8307958634713057,2.047672541728397,-44.15263957819229,0.022001404383655353,1.416885423170118e-12,3.536199594029827e-12,0.0,0,3.3183676549900635e-10,3.754031533069591e-10,0.0,1.9917365919979196e-35,0.0,1.1791033541088317e-11,0.0,0.0,2.692669114618846e-14,0.0,1.4641725700709133e-10,0.0,0.0,0.0,5.0695424249919794e-12,3.142666474370634e-12
7.400000000000806,4.606655478624851,-2.846728976311927,2.0461028423164915,-44.15300531317251,0.02441727436209617,9.445902821134118e-13,2.3574663960198848e-12,0.0,0,2.212245103326709e-10,2.5026876887130606e-10,0.0,1.3278243946652795e-35,0.0,7.860689027392212e-12,0.0,0.0,1.7951127430792306e-14,0.0,9.761150467139421e-11,0.0,0.0,0.0,3.379694949994653e-12,2.0951109829137558e-12
7.420000000000813,4.620189498272781,-2.8626478236964896,2.044562860619653,-44.15332957148507,0.02611206974813892,6.297268547422745e-13,1.5716442640132566e-12,0.0,0,1.4748300688844725e-10,1.6684584591420404e-10,0.0,8.852162631101863e-36,0.0,5.240459351594807e-12,0.0,0.0,1.196741828719487e-14,0.0,6.507433644759614e-11,0.0,0.0,0.0,2.253129966663102e-12,1.396740655275837e-12
7.440000000000819,4.6337350237196455,-2.8785526716994756,2.0430529655125067,-44.1536170636406,0.027167758759123965,4.198179031615164e-13,1.0477628426755043e-12,0.0,0,9.832200459229816e-11,1.1123056394280269e-10,0.0,5.9014417540679086e-36,0.0,3.4936395677298714e-12,0.0,0.0,7.978278858129912e-15,0.0,4.338289096506409e-11,0.0,0.0,0.0,1.5020866444420678e-12,9.311604368505579e-13
7.460000000000826,4.647291923969477,-2.894443746873997,2.041573454642201,-44.15387196371506,0.02766360863699465,2.7987860210767757e-13,6.985085617836695e-13,0.0,0,6.55480030615321e-11,7.415370929520179e-11,0.0,3.9342945027119386e-36,0.0,2.3290930451532474e-12,0.0,0.0,5.318852572086608e-15,0.0,2.8921927310042725e-11,0.0,0.0,0.0,1.0013910962947118e-12,6.207736245670386e-13
7.480000000000833,4.660860091028934,-2.9103212409125385,2.0401245587684653,-44.15409797055056,0.027675412653646512,1.865857347384517e-13,4.656723745224463e-13,0.0,0,4.369866870768807e-11,4.943580619680119e-11,0.0,2.622863001807959e-36,0.0,1.5527286967688314e-12,0.0,0.0,3.545901714724405e-15,0.0,1.9281284873361817e-11,0.0,0.0,0.0,6.675940641964744e-13,4.1384908304469236e-13
7.500000000000839,4.674439436450916,-2.926185315092378,2.0387064459119526,-44.15429836201669,0.02727488320729858,1.2439048982563447e-13,3.104482496816309e-13,0.0,0,2.9132445805125376e-11,3.2957204131200794e-11,0.0,1.748575334538639e-36,0.0,1.0351524645125542e-12,0.0,0.0,2.3639344764829367e-15,0.0,1.2854189915574544e-11,0.0,0.0,0.0,4.450627094643163e-13,2.7589938869646154e-13
7.520000000000846,4.68802988809718,-2.9420361044732264,2.0373192253182375,-44.15447604309912,0.026529195369554604,8.292699321708963e-14,2.0696549978775388e-13,0.0,0,1.942163053675025e-11,2.1971469420800527e-11,0.0,1.165716889692426e-36,0.0,6.901016430083694e-13,0.0,0.0,1.5759563176552912e-15,0.0,8.569459943716362e-12,0.0,0.0,0.0,2.9670847297621083e-13,1.8393292579764102e-13
7.540000000000853,4.701631387136939,-2.9578737218230047,2.035962951244435,-44.15463358850195,0.025500665332272465,5.528466214472642e-14,1.3797699985850258e-13,0.0,0,1.2947753691166832e-11,1.4647646280533685e-11,0.0,7.771445931282839e-37,0.0,4.600677620055795e-13,0.0,0.0,1.0506375451035274e-15,0.0,5.712973295810908e-12,0.0,0.0,0.0,1.978056486508072e-13,1.2262195053176066e-13
7.560000000000859,4.715243885292322,-2.973698261255279,2.0346376265751247,-44.1547732803776,0.024246548510565943,3.6856441429817614e-14,9.198466657233505e-14,0.0,0,8.63183579411122e-12,9.76509752035579e-12,0.0,5.1809639541885585e-37,0.0,3.0671184133705303e-13,0.0,0.0,7.004250300690183e-16,0.0,3.808648863873938e-12,0.0,0.0,0.0,1.3187043243387147e-13,8.174796702117377e-14
7.580000000000866,4.728867342336236,-2.989509801568479,2.03334320627391,-44.15489714173336,0.022818942545652983,2.457096095321174e-14,6.132311104822337e-14,0.0,0,5.754557196074147e-12,6.510065013570526e-12,0.0,3.4539759694590387e-37,0.0,2.0447456089136867e-13,0.0,0.0,4.669500200460121e-16,0.0,2.5390992425826253e-12,0.0,0.0,0.0,8.791362162258098e-14,5.449864468078251e-14
7.600000000000873,4.742501723843463,-3.0053084092829003,2.032079600676685,-44.15500696600451,0.021264781085369618,1.6380640635474494e-14,4.0882074032148907e-14,0.0,0,3.836371464049431e-12,4.34004334238035e-12,0.0,2.3026506463060255e-37,0.0,1.3631637392757911e-13,0.0,0.0,3.1130001336400804e-16,0.0,1.6927328283884168e-12,0.0,0.0,0.0,5.860908108172065e-14,3.6332429787188337e-14
7.620000000000879,4.7561469991919205,-3.0210941413765147,2.0308466786324173,-44.15510434323132,0.01962590496956305,1.0920427090316326e-14,2.7254716021432603e-14,0.0,0,2.5575809760329538e-12,2.893362228253567e-12,0.0,1.5351004308706835e-37,0.0,9.087758261838608e-14,0.0,0.0,2.0753334224267203e-16,0.0,1.1284885522589444e-12,0.0,0.0,0.0,3.90727207211471e-14,2.4221619858125558e-14
7.640000000000886,4.769803139807667,-3.036867047724877,2.029644270497021,-44.15519068322837,0.0179391982840937,7.280284726877552e-15,1.8169810680955067e-14,0.0,0,1.705053984021969e-12,1.9289081521690443e-12,0.0,1.0234002872471224e-37,0.0,6.058505507892404e-14,0.0,0.0,1.3835556149511467e-16,0.0,7.523257015059629e-13,0.0,0.0,0.0,2.604848048076473e-14,1.6147746572083703e-14
7.660000000000893,4.783470117644461,-3.052627173254005,2.0284721709856752,-44.15526723609317,0.016236777645466546,4.8535231512517e-15,1.211320712063671e-14,0.0,0,1.136702656014646e-12,1.285938768112696e-12,0.0,6.822668581647482e-38,0.0,4.039003671928269e-14,0.0,0.0,9.223704099674311e-17,0.0,5.015504676706419e-13,0.0,0.0,0.0,1.736565365384315e-14,1.0765164381389134e-14
7.680000000000899,4.79714790388654,-3.068374559817956,2.0273301418887706,-44.15533511036036,0.014546224015678863,3.2356821008344663e-15,8.075471413757807e-15,0.0,0,7.578017706764306e-13,8.572925120751307e-13,0.0,4.548445721098321e-38,0.0,2.692669114618846e-14,0.0,0.0,6.14913606644954e-17,0.0,3.3436697844709455e-13,0.0,0.0,0.0,1.1577102435895434e-14,7.176776254259422e-15
7.700000000000906,4.810836467861577,-3.084109247815217,2.026217914656479,-44.15539528907489,0.012890847303977606,2.157121400556311e-15,5.3836476091718714e-15,0.0,0,5.052011804509537e-13,5.715283413834205e-13,0.0,3.0322971473988804e-38,0.0,1.7951127430792306e-14,0.0,0.0,4.099424044299693e-17,0.0,2.229113189647297e-13,0.0,0.0,0.0,7.718068290596956e-15,4.784517502839614e-15
7.720000000000913,4.824535776149494,-3.0998312775596766,2.0251351928567525,-44.15544864402442,0.011289974971766712,1.4380809337042071e-15,3.58909840611458e-15,0.0,0,3.3680078696730244e-13,3.8101889425561364e-13,0.0,2.0215314315992536e-38,0.0,1.196741828719487e-14,0.0,0.0,2.7329493628664617e-17,0.0,1.4860754597648645e-13,0.0,0.0,0.0,5.14537886039797e-15,3.189678335226409e-15
7.7400000000009195,4.838245791872041,-3.11554069042328,2.0240816545114653,-44.155495948345354,0.009759256804298823,9.587206224694713e-16,2.3927322707430534e-15,0.0,0,2.2453385797820162e-13,2.5401259617040906e-13,0.0,1.347687621066169e-38,0.0,7.978278858129912e-15,0.0,0.0,1.8219662419109743e-17,0.0,9.907169731765763e-14,0.0,0.0,0.0,3.4302525735986466e-15,2.1264522234842725e-15
7.760000000000926,4.851966474147467,-3.1312375297682404,2.023056954315233,-44.155537887690414,0.008310978935778524,6.391470816463142e-16,1.5951548471620354e-15,0.0,0,1.496892386521344e-13,1.693417307802727e-13,0.0,8.984584140441126e-39,0.0,5.318852572086608e-15,0.0,0.0,1.2146441612739828e-17,0.0,6.604779821177175e-14,0.0,0.0,0.0,2.2868350490657643e-15,1.4176348156561816e-15
7.780000000000933,4.865697777694512,-3.1469218416871283,2.0220607257413,-44.15557507012475,0.0069543811030292856,4.2609805443087617e-16,1.0634365647746903e-15,0.0,0,9.97928257680896e-14,1.1289448718684845e-13,0.0,5.989722760294083e-39,0.0,3.545901714724405e-15,0.0,0.0,8.097627741826551e-18,0.0,4.40318654745145e-14,0.0,0.0,0.0,1.524556699377176e-15,9.45089877104121e-16
7.8000000000009395,4.879439652569974,-3.1625936755692696,2.021092583038798,-44.15560803489733,0.005695971948872212,2.840653696205841e-16,7.089577098497935e-16,0.0,0,6.652855051205973e-14,7.526299145789897e-14,0.0,3.993148506862722e-39,0.0,2.3639344764829367e-15,0.0,0.0,5.398418494551034e-18,0.0,2.9354576983009664e-14,0.0,0.0,0.0,1.0163711329181174e-15,6.300599180694139e-16
7.820000000000946,4.893192044024451,-3.1782530845116486,2.0201521231255395,-44.15563726021734,0.004539837993598699,1.8937691308038937e-16,4.726384732331956e-16,0.0,0,4.4352367008039816e-14,5.017532763859931e-14,0.0,2.662099004575148e-39,0.0,1.5759563176552912e-15,0.0,0.0,3.598945663034022e-18,0.0,1.9569717988673108e-14,0.0,0.0,0.0,6.775807552787449e-16,4.2003994537960926e-16
7.840000000000953,4.906954892461316,-3.1939001255921253,2.019238927380369,-44.15566317015027,0.003487942636806581,1.2625127538692624e-16,3.1509231548879704e-16,0.0,0,2.956824467202654e-14,3.345021842573287e-14,0.0,1.7747326697167652e-39,0.0,1.0506375451035274e-15,0.0,0.0,2.399297108689348e-18,0.0,1.3046478659115405e-14,0.0,0.0,0.0,4.517205035191632e-16,2.8002663025307284e-16
7.8600000000009596,4.920728133484662,-3.209534860022124,2.0183525633390325,-44.15568614073427,0.0025404122392984232,8.41675169246175e-17,2.1006154365919804e-16,0.0,0,1.971216311468436e-14,2.2300145617155244e-14,0.0,1.1831551131445101e-39,0.0,7.004250300690183e-16,0.0,0.0,1.5995314057928986e-18,0.0,8.69765243941027e-15,0.0,0.0,0.0,3.011470023461088e-16,1.866844201687152e-16
7.880000000000966,4.9345116980226855,-3.225157353195148,2.0174925862973585,-44.1557065054057,0.00169580696389709,5.611167794974499e-17,1.40041029106132e-16,0.0,0,1.3141442076456238e-14,1.4866763744770163e-14,0.0,7.887700754296734e-40,0.0,4.669500200460121e-16,0.0,0.0,1.066354270528599e-18,0.0,5.7984349596068464e-15,0.0,0.0,0.0,2.007646682307392e-16,1.244562801124768e-16
7.900000000000973,4.948305512513876,-3.2407676746465732,2.0166585408254862,-44.155724559813265,0.0009513746242393381,3.740778529982999e-17,9.336068607075466e-17,0.0,0,8.760961384304158e-15,9.911175829846775e-15,0.0,5.258467169531155e-40,0.0,3.1130001336400804e-16,0.0,0.0,7.109028470190659e-19,0.0,3.865623306404564e-15,0.0,0.0,0.0,1.3384311215382612e-16,8.297085340831787e-17
7.92000000000098,4.962109499144218,-3.2563658979391534,2.015849962196717,-44.15574056608917,0.00030328630215766266,2.493852353321999e-17,6.224045738050311e-17,0.0,0,5.840640922869439e-15,6.607450553231183e-15,0.0,3.5056447796874367e-40,0.0,2.0753334224267203e-16,0.0,0.0,4.739352313460439e-19,0.0,2.577082204269709e-15,0.0,0.0,0.0,8.922874143588408e-17,5.531390227221191e-17
7.940000000000986,4.975923576124664,-3.2719521004876144,2.0150663777345095,-44.15575475663926,-0.0002531470517251008,1.6625682355479994e-17,4.1493638253668744e-17,0.0,0,3.893760615246292e-15,4.404967035487455e-15,0.0,2.3370965197916243e-40,0.0,1.3835556149511467e-16,0.0,0.0,3.159568208973626e-19,0.0,1.7180548028464725e-15,0.0,0.0,0.0,5.948582762392272e-17,3.687593484814127e-17
7.960000000000993,4.9897476579990325,-3.2875263633345555,2.014307308080998,-44.155767337506255,-0.0007232774212747189,1.1083788236986662e-17,2.7662425502445824e-17,0.0,0,2.5958404101641946e-15,2.93664469032497e-15,0.0,1.5580643465277496e-40,0.0,9.223704099674311e-17,0.0,0.0,2.1063788059824172e-19,0.0,1.1453698685643149e-15,0.0,0.0,0.0,3.9657218415948476e-17,2.4583956565427512e-17
7.980000000001,5.003581655973519,-3.3030887708888383,2.0135722683903365,-44.15577849135428,-0.0011129419741576112,7.389192157991107e-18,1.8441617001630543e-17,0.0,0,1.7305602734427963e-15,1.957763126883313e-15,0.0,1.038709564351833e-40,0.0,6.14913606644954e-17,0.0,0.0,1.4042525373216114e-19,0.0,7.635799123762099e-16,0.0,0.0,0.0,2.6438145610632315e-17,1.6389304376951675e-17
8.000000000001005,5.017425478259935,-3.3186394106363997,2.012860769450039,-44.155788380116874,-0.0014283045049721678,4.926128105327404e-18,1.2294411334420364e-17,0.0,0,1.1537068489618641e-15,1.3051754179222087e-15,0.0,6.924730429012219e-41,0.0,4.099424044299693e-17,0.0,0.0,9.361683582144076e-20,0.0,5.090532749174732e-16,0.0,0.0,0.0,1.762543040708821e-17,1.0926202917967782e-17
8.020000000000994,5.031279030425755,-3.3341783728324392,2.0121723187334273,-44.155797147346505,-0.0016757155730284421,3.2840854035516026e-18,8.19627422294691e-18,0.0,0,7.691378993079093e-16,8.701169452814725e-16,0.0,4.616486952674813e-41,0.0,2.7329493628664617e-17,0.0,0.0,6.24112238809605e-20,0.0,3.393688499449821e-16,0.0,0.0,0.0,1.1750286938058805e-17,7.284135278645188e-18
8.040000000000983,5.045142215744959,-3.3497057501827703,2.01150642138616,-44.15580492029886,-0.001861590632688239,2.189390269034402e-18,5.464182815297939e-18,0.0,0,5.127585995386062e-16,5.800779635209816e-16,0.0,3.077657968449875e-41,0.0,1.8219662419109743e-17,0.0,0.0,4.1607482587306996e-20,0.0,2.262458999633214e-16,0.0,0.0,0.0,7.833524625372536e-18,4.856090185763458e-18
8.060000000000972,5.0590149355444884,-3.3652216375211537,2.010862581149758,-44.155811811782144,-0.0019923052917723847,1.459593512689601e-18,3.642788543531959e-18,0.0,0,3.418390663590708e-16,3.8671864234732105e-16,0.0,2.0517719789665833e-41,0.0,1.2146441612739828e-17,0.0,0.0,2.7738321724871327e-20,0.0,1.508305999755476e-16,0.0,0.0,0.0,5.2223497502483574e-18,3.2373934571756387e-18
8.080000000000961,5.072897089541996,-3.3807261314884203,2.0102403012249006,-44.155817921796746,-0.002074106708045037,9.730623417930673e-19,2.428525695687973e-18,0.0,0,2.278927109060472e-16,2.5781242823154735e-16,0.0,1.3678479859777222e-41,0.0,8.097627741826551e-18,0.0,0.0,1.849221448324755e-20,0.0,1.0055373331703173e-16,0.0,0.0,0.0,3.481566500165572e-18,2.158262304783759e-18
8.10000000000095,5.086788576171267,-3.3962193302183072,2.009639085077231,-44.15582333898978,-0.0021130400415788355,6.487082278620447e-19,1.6190171304586483e-18,0.0,0,1.5192847393736478e-16,1.718749521543649e-16,0.0,9.118986573184814e-42,0.0,5.398418494551034e-18,0.0,0.0,1.23281429888317e-20,0.0,6.703582221135448e-17,0.0,0.0,0.0,2.321044333443714e-18,1.438841536522506e-18
8.120000000000939,5.100689292892425,-3.4117013330340433,2.0090584371882696,-44.155828141944575,-0.0021148888183024363,4.3247215190802987e-19,1.0793447536390988e-18,0.0,0,1.0128564929157651e-16,1.1458330143624326e-16,0.0,6.07932438212321e-42,0.0,3.598945663034022e-18,0.0,0.0,8.218761992554467e-21,0.0,4.4690548140902985e-17,0.0,0.0,0.0,1.5473628889624761e-18,9.592276910150039e-19
8.140000000000928,5.114599136484697,-3.4271722401589777,2.0084978637539694,-44.155832400324144,-0.0020851280238458705,2.8831476793868655e-19,7.195631690927326e-19,0.0,0,6.752376619438434e-17,7.638886762416217e-17,0.0,4.0528829214154727e-42,0.0,2.399297108689348e-18,0.0,0.0,5.479174661702978e-21,0.0,2.979369876060199e-17,0.0,0.0,0.0,1.0315752593083173e-18,6.394851273433359e-19
8.160000000000917,5.128518003320008,-3.4426321524437995,2.0079568733333555,-44.15583617588482,-0.0020288887332311992,1.922098452924577e-19,4.79708779395155e-19,0.0,0,4.501584412958956e-17,5.0925911749441446e-17,0.0,2.701921947610315e-42,0.0,1.5995314057928986e-18,0.0,0.0,3.652783107801985e-21,0.0,1.9862465840401324e-17,0.0,0.0,0.0,6.877168395388781e-19,4.2632341822889057e-19
8.180000000000906,5.142445789616286,-3.4580811711122554,2.0074349774496074,-44.155839523374674,-0.0019509330885668817,1.2813989686163845e-19,3.198058529301033e-19,0.0,0,3.0010562753059704e-17,3.395060783296096e-17,0.0,1.8012812984068765e-42,0.0,1.066354270528599e-18,0.0,0.0,2.4351887385346565e-21,0.0,1.3241643893600882e-17,0.0,0.0,0.0,4.584778930259187e-19,2.842156121525937e-19
8.200000000000895,5.156382391669757,-3.4735193975267094,2.0069316911458577,-44.15584249132994,-0.0018556384595751591,8.542659790775896e-20,2.132039019534022e-19,0.0,0,2.0007041835373135e-17,2.2633738555307307e-17,0.0,1.2008541989379176e-42,0.0,7.109028470190659e-19,0.0,0.0,1.6234591590231043e-21,0.0,8.827762595733921e-18,0.0,0.0,0.0,3.056519286839458e-19,1.894770747683958e-19
8.220000000000883,5.170327706065931,-3.4889469329743696,2.006446533497888,-44.15584512278068,-0.0017469896587880365,5.695106527183931e-20,1.4213593463560145e-19,0.0,0,1.3338027890248756e-17,1.5089159036871536e-17,0.0,8.005694659586117e-43,0.0,4.739352313460439e-19,0.0,0.0,1.0823061060154028e-21,0.0,5.885175063822614e-18,0.0,0.0,0.0,2.0376795245596386e-19,1.2631804984559718e-19
8.240000000000872,5.1842816298693455,-3.5043638784745585,2.005979028085862,-44.15584745587642,-0.0016285781312664709,3.7967376847892864e-20,9.475728975706762e-20,0.0,0,8.89201859349917e-18,1.0059439357914357e-17,0.0,5.3371297730574116e-43,0.0,3.159568208973626e-19,0.0,0.0,7.2153740401026845e-22,0.0,3.923450042548409e-18,0.0,0.0,0.0,1.3584530163730922e-19,8.421203323039811e-20
8.260000000000861,5.198244060792377,-3.5197703346070193,2.0055287034271014,-44.15584952444035,-0.0015036070956560806,2.5311584565261913e-20,6.317152650471175e-20,0.0,0,5.928012395666113e-18,6.706292905276238e-18,0.0,3.5580865153716075e-43,0.0,2.1063788059824172e-19,0.0,0.0,4.810249360068456e-22,0.0,2.615633361698939e-18,0.0,0.0,0.0,9.056353442487281e-20,5.614135548693207e-20
8.28000000000085,5.212214897343745,-3.5351664013609363,2.0050950933718816,-44.15585135846059,-0.0013749016770520882,1.6874389710174604e-20,4.211435100314117e-20,0.0,0,3.9520082637774084e-18,4.470861936850825e-18,0.0,2.372057676914405e-43,0.0,1.4042525373216114e-19,0.0,0.0,3.2068329067123035e-22,0.0,1.7437555744659593e-18,0.0,0.0,0.0,6.037568961658187e-20,3.7427570324621375e-20
8.30000000000084,5.226194038957488,-3.5505521780040508,2.0046777374641356,-44.15585298452549,-0.0012449231405783656,1.1249593140116404e-20,2.807623400209411e-20,0.0,0,2.6346721758516055e-18,2.9805746245672162e-18,0.0,1.5813717846096032e-43,0.0,9.361683582144076e-20,0.0,0.0,2.137888604474869e-22,0.0,1.1625037163106395e-18,0.0,0.0,0.0,4.0250459744387914e-20,2.4951713549747583e-20
8.320000000000828,5.2401813861033695,-3.565927762971064,2.004276181268864,-44.15585442620942,-0.0011157864060654806,7.499728760077603e-21,1.8717489334729407e-20,0.0,0,1.7564481172344035e-18,1.9870497497114775e-18,0.0,1.0542478564064021e-43,0.0,6.24112238809605e-20,0.0,0.0,1.4252590696499124e-22,0.0,7.750024775404263e-19,0.0,0.0,0.0,2.6833639829591942e-20,1.663447569983172e-20
8.340000000000817,5.254176840379776,-3.5812932537703204,2.0038899766680234,-44.15585570441467,-0.0009892800972298593,4.999819173385069e-21,1.2478326223152936e-20,0.0,0,1.1709654114896023e-18,1.3246998331409849e-18,0.0,7.028319042709347e-44,0.0,4.1607482587306996e-20,0.0,0.0,9.501727130999416e-23,0.0,5.166683183602842e-19,0.0,0.0,0.0,1.788909321972796e-20,1.108965046655448e-20
8.360000000000806,5.2681803045903175,-3.5966487469076327,2.003518682126539,-44.15585683767453,-0.0008668884520045589,3.333212782256712e-21,8.318884148768624e-21,0.0,0,7.806436076597349e-19,8.831332220939899e-19,0.0,4.685546028472898e-44,0.0,2.7738321724871327e-20,0.0,0.0,6.33448475399961e-23,0.0,3.444455455735228e-19,0.0,0.0,0.0,1.1926062146485307e-20,7.393100311036319e-21
8.380000000000795,5.282191682805312,-3.6119943378260158,2.0031618629300736,-44.15585784242182,-0.0007498144930224552,2.2221418548378076e-21,5.545922765845749e-21,0.0,0,5.204290717731565e-19,5.887554813959933e-19,0.0,3.123697352315265e-44,0.0,1.849221448324755e-20,0.0,0.0,4.22298983599974e-23,0.0,2.2963036371568185e-19,0.0,0.0,0.0,7.950708097656871e-21,4.928733540690879e-21
8.400000000000784,5.296210880409448,-3.627330120860039,2.002819091396095,-44.155858733226964,-0.0006390039277776611,1.4814279032252051e-21,3.697281843897166e-21,0.0,0,3.469527145154377e-19,3.925036542639955e-19,0.0,2.08246490154351e-44,0.0,1.23281429888317e-20,0.0,0.0,2.81532655733316e-23,0.0,1.530869091437879e-19,0.0,0.0,0.0,5.300472065104581e-21,3.285822360460586e-21
8.420000000000773,5.310237804136898,-3.642656189203466,2.0024899470597206,-44.15585952300908,-0.000535169315906747,9.87618602150137e-22,2.4648545625981102e-21,0.0,0,2.3130180967695846e-19,2.6166910284266366e-19,0.0,1.38830993436234e-44,0.0,8.218761992554467e-21,0.0,0.0,1.87688437155544e-23,0.0,1.0205793942919193e-19,0.0,0.0,0.0,3.533648043403053e-21,2.1905482403070573e-21
8.440000000000762,5.3242723620951145,-3.6579726348888446,2.002174016835763,-44.15586022322309,-0.00043881410572580825,6.584124014334245e-22,1.6432363750654068e-21,0.0,0,1.5420120645130563e-19,1.7444606856177577e-19,0.0,9.255399562415598e-45,0.0,5.479174661702978e-21,0.0,0.0,1.2512562477036265e-23,0.0,6.803862628612795e-20,0.0,0.0,0.0,2.355765362268702e-21,1.4603654935380382e-21
8.46000000000075,5.338314463778577,-3.673279548777713,2.0018708951583437,-44.155860844025554,-0.00035025620314578265,4.389416009556164e-22,1.0954909167102712e-21,0.0,0,1.0280080430087042e-19,1.1629737904118385e-19,0.0,6.170266374943732e-45,0.0,3.652783107801985e-21,0.0,0.0,8.341708318024176e-24,0.0,4.5359084190751964e-20,0.0,0.0,0.0,1.570510241512468e-21,9.735769956920253e-22
8.48000000000074,5.3523640200736855,-3.6885770205601376,2.00158018409938,-44.15586139442181,-0.0002696507930186846,2.926277339704109e-22,7.303272778068476e-22,0.0,0,6.853386953391361e-20,7.75315860274559e-20,0.0,4.1135109166291545e-45,0.0,2.4351887385346565e-21,0.0,0.0,5.5611388786827836e-24,0.0,3.023938946050131e-20,0.0,0.0,0.0,1.0470068276749785e-21,6.490513304613502e-22
8.500000000000728,5.36642094325591,-3.703865138762329,2.0013014934671993,-44.15586188239633,-0.00019701218559658982,1.9508515598027391e-22,4.868848518712317e-22,0.0,0,4.5689246355942403e-20,5.168772401830393e-20,0.0,2.742340611086103e-45,0.0,1.6234591590231043e-21,0.0,0.0,3.7074259191218555e-24,0.0,2.015959297366754e-20,0.0,0.0,0.0,6.98004551783319e-22,4.327008869742335e-22
8.520000000000717,5.380485146980319,-3.7191439907611494,2.0010344408864635,-44.15586231502838,-0.00013223450897166783,1.3005677065351595e-22,3.2458990124748777e-22,0.0,0,3.045949757062827e-20,3.4458482678869283e-20,0.0,1.828227074057402e-45,0.0,1.0823061060154028e-21,0.0,0.0,2.4716172794145703e-24,0.0,1.3439728649111693e-20,0.0,0.0,0.0,4.65336367855546e-22,2.8846725798282227e-22
8.540000000000706,5.394556546266491,-3.734413662804378,2.000778651860572,-44.155862698594646,-7.511111205745363e-05,8.67045137690106e-23,2.1639326749832517e-22,0.0,0,2.0306331713752178e-20,2.2972321785912855e-20,0.0,1.2188180493716012e-45,0.0,7.2153740401026845e-22,0.0,0.0,1.6477448529430468e-24,0.0,8.959819099407794e-21,0.0,0.0,0.0,3.1022424523703066e-22,1.9231150532188152e-22
8.560000000000695,5.40863505747874,-3.7496742400357146,2.0005337598176234,-44.15586303866,-2.535258188308292e-05,5.780300917934041e-23,1.4426217833221678e-22,0.0,0,1.3537554475834785e-20,1.531488119060857e-20,0.0,8.12545366247734e-46,0.0,4.810249360068456e-22,0.0,0.0,1.0984965686286977e-24,0.0,5.973212732938529e-21,0.0,0.0,0.0,2.0681616349135377e-22,1.2820767021458766e-22
8.580000000000684,5.422720598302528,-3.764925806523508,2.0002994061409733,-44.15586334015832,1.739668620559421e-05,3.85353394528936e-23,9.617478555481117e-23,0.0,0,9.025036317223189e-21,1.0209920793739046e-20,0.0,5.4169691083182266e-46,0.0,3.2068329067123035e-22,0.0,0.0,7.323310457524651e-25,0.0,3.982141821959019e-21,0.0,0.0,0.0,1.3787744232756917e-22,8.547178014305843e-23
8.600000000000673,5.436813087717888,-3.780168445292375,2.0000752401854136,-44.155863607463914,5.3543396283348196e-05,2.5690226301929065e-23,6.411652370320745e-23,0.0,0,6.0166908781487925e-21,6.806613862492697e-21,0.0,3.611312738878818e-46,0.0,2.137888604474869e-22,0.0,0.0,4.8822069716831e-25,0.0,2.654761214639346e-21,0.0,0.0,0.0,9.19182948850461e-23,5.698118676203895e-23
8.620000000000662,5.450912445970515,-3.795402238356864,1.9998609192798997,-44.15586384445497,8.353174188259863e-05,1.7126817534619375e-23,4.274434913547163e-23,0.0,0,4.011127252099195e-21,4.537742574995131e-21,0.0,2.4075418259192116e-46,0.0,1.4252590696499124e-22,0.0,0.0,3.254804647788733e-25,0.0,1.7698408097595638e-21,0.0,0.0,0.0,6.12788632566974e-23,3.79874578413593e-23
8.64000000000065,5.465018594541234,-3.8106272667564802,1.9996561087177471,-44.15586405456982,0.00010783126007417592,1.1417878356412917e-23,2.8496232756981087e-23,0.0,0,2.6740848347327964e-21,3.0251617166634205e-21,0.0,1.605027883946141e-46,0.0,9.501727130999416e-23,0.0,0.0,2.1698697651924884e-25,0.0,1.1798938731730425e-21,0.0,0.0,0.0,4.0852575504464936e-23,2.532497189423953e-23
8.66000000000064,5.47913145611436,-3.825843610591408,1.9994604817351682,-44.15586424085677,0.00012692611234359338,7.61191890427528e-24,1.8997488504654056e-23,0.0,0,1.7827232231551975e-21,2.0167744777756134e-21,0.0,1.0700185892974273e-46,0.0,6.33448475399961e-23,0.0,0.0,1.4465798434616588e-25,0.0,7.86595915448695e-22,0.0,0.0,0.0,2.7235050336309953e-23,1.6883314596159685e-23
8.680000000000629,5.493250954545475,-3.8410513490583913,1.999273719478965,-44.15586440601832,0.0001413057393967319,5.074612602850185e-24,1.2664992336436035e-23,0.0,0,1.1884821487701316e-21,1.3445163185170756e-21,0.0,7.133457261982848e-47,0.0,4.22298983599974e-23,0.0,0.0,9.643865623077725e-26,0.0,5.243972769657966e-22,0.0,0.0,0.0,1.8156700224206635e-23,1.1255543064106456e-23
8.700000000000617,5.50737701482904,-3.8562505604862887,1.9990955109641682,-44.15586455245043,0.0001514568245133587,3.383075068566789e-24,8.44332822429069e-24,0.0,0,7.92321432513421e-22,8.96344212344717e-22,0.0,4.755638174655231e-47,0.0,2.81532655733316e-23,0.0,0.0,6.429243748718483e-26,0.0,3.495981846438644e-22,0.0,0.0,0.0,1.2104466816137757e-23,7.50369537607097e-24
8.720000000000606,5.521509563066221,-3.8714413223708877,1.998925553022375,-44.15586468227726,0.0001578564903621872,2.2553833790445266e-24,5.62888548286046e-24,0.0,0,5.282142883422807e-22,5.975628082298113e-22,0.0,3.170425449770154e-47,0.0,1.87688437155544e-23,0.0,0.0,4.286162499145655e-26,0.0,2.330654564292429e-22,0.0,0.0,0.0,8.069644544091838e-24,5.0024635840473126e-24
8.740000000000595,5.5356485264332225,-3.8866237114086517,1.998763550241496,-44.15586479738204,0.00016096664707561828,1.5035889193630175e-24,3.752590321906973e-24,0.0,0,3.5214285889485374e-22,3.9837520548654088e-22,0.0,2.113616966513436e-47,0.0,1.2512562477036265e-23,0.0,0.0,2.857441666097103e-26,0.0,1.553769709528286e-22,0.0,0.0,0.0,5.379763029394558e-24,3.334975722698208e-24
8.760000000000584,5.549793833150393,-3.9017978035291088,1.9986092148975796,-44.155864899434334,0.00016122940449385094,1.0023926129086782e-24,2.5017268812713152e-24,0.0,0,2.347619059299025e-22,2.655834703243606e-22,0.0,1.409077977675624e-47,0.0,8.341708318024176e-24,0.0,0.0,1.9049611107314022e-26,0.0,1.0358464730188572e-22,0.0,0.0,0.0,3.5865086862630385e-24,2.2233171484654717e-24
8.780000000000573,5.563945412452303,-3.916963673925672,1.9984622668793688,-44.15586498991435,0.0001590634586554966,6.682617419391188e-25,1.6678179208475435e-24,0.0,0,1.5650793728660165e-22,1.7705564688290704e-22,0.0,9.39385318450416e-48,0.0,5.5611388786827836e-24,0.0,0.0,1.2699740738209347e-26,0.0,6.905643153459048e-23,0.0,0.0,0.0,2.3910057908420254e-24,1.4822114323103143e-24
8.800000000000562,5.5781031945589445,-3.9321213970847286,1.9983224336061949,-44.155865070134425,0.00015486136151180512,4.455078279594125e-25,1.1118786138983621e-24,0.0,0,1.0433862485773442e-22,1.1803709792193802e-22,0.0,6.26256878966944e-48,0.0,3.7074259191218555e-24,0.0,0.0,8.466493825472898e-27,0.0,4.603762102306032e-23,0.0,0.0,0.0,1.5940038605613502e-24,9.881409548735428e-25
8.820000000000551,5.592267110648181,-3.9472710468128662,1.9981894499397883,-44.155865141257976,0.00014898758325985586,2.9700521863960837e-25,7.412524092655748e-25,0.0,0,6.955908323848962e-23,7.869139861462534e-23,0.0,4.175045859779626e-48,0.0,2.4716172794145703e-24,0.0,0.0,5.644329216981932e-27,0.0,3.069174734870688e-23,0.0,0.0,0.0,1.0626692403742335e-24,6.587606365823618e-25
8.84000000000054,5.60643709282953,-3.9624126962621813,1.9980630580905507,-44.15586520431654,0.0001417772783885523,1.980034790930722e-25,4.941682728437165e-25,0.0,0,4.637272215899308e-23,5.2460932409750223e-23,0.0,2.7833639065197506e-48,0.0,1.6477448529430468e-24,0.0,0.0,3.762886144654621e-27,0.0,2.0461164899137918e-23,0.0,0.0,0.0,7.084461602494889e-25,4.391737577215745e-25
8.860000000000529,5.620613074119307,-3.977546417953608,1.9979430075188163,-44.155865260224616,0.00013353566929533538,1.320023193953815e-25,3.294455152291443e-25,0.0,0,3.091514810599538e-23,3.497395493983348e-23,0.0,1.8555759376798337e-48,0.0,1.0984965686286977e-24,0.0,0.0,2.5085907631030806e-27,0.0,1.364077659942528e-23,0.0,0.0,0.0,4.722974401663259e-25,2.9278250514771634e-25
8.880000000000518,5.634794988417173,-3.9926722837982895,1.9978290548315927,-44.155865309793,0.0001245379649621441,8.800154626358765e-26,2.196303434860962e-25,0.0,0,2.0610098737330254e-23,2.3315969959888984e-23,0.0,1.237050625119889e-48,0.0,7.323310457524651e-25,0.0,0.0,1.67239384206872e-27,0.0,9.09385106628352e-24,0.0,0.0,0.0,3.148649601108839e-25,1.9518833676514422e-25
8.900000000000507,5.648982770484084,-4.007790365116989,1.9977209636752449,-44.15586535374058,0.00011502973649389004,5.866769750905844e-26,1.4642022899073077e-25,0.0,0,1.3740065824886835e-23,1.5543979973259322e-23,0.0,8.247004167465926e-49,0.0,4.8822069716831e-25,0.0,0.0,1.1149292280458134e-27,0.0,6.062567377522346e-24,0.0,0.0,0.0,2.0990997340725593e-25,1.3012555784342948e-25
8.920000000000496,5.66317635592158,-4.022900732657606,1.9976185046245618,-44.15586539270469,0.00010522767615610279,3.9111798339372284e-26,9.761348599382052e-26,0.0,0,9.160043883257889e-24,1.0362653315506214e-23,0.0,5.498002778310617e-49,0.0,3.254804647788733e-25,0.0,0.0,7.432861520305423e-28,0.0,4.041711585014897e-24,0.0,0.0,0.0,1.3993998227150395e-25,8.675037189561965e-26
8.940000000000484,5.677375681152446,-4.038003456610849,1.997521455068628,-44.1558654272504,9.532067175181868e-05,2.607453222624819e-26,6.507565732921367e-26,0.0,0,6.106695922171926e-24,6.908435543670808e-24,0.0,3.665335185540411e-49,0.0,2.1698697651924884e-25,0.0,0.0,4.955241013536948e-28,0.0,2.694474390009931e-24,0.0,0.0,0.0,9.329332151433596e-26,5.783358126374643e-26
8.960000000000473,5.691580683402622,-4.053098606624172,1.9974295990938884,-44.155865457878704,8.547113361921438e-05,1.7383021484165455e-26,4.338377155280911e-26,0.0,0,4.0711306147812835e-24,4.605623695780539e-24,0.0,2.443556790360274e-49,0.0,1.4465798434616588e-25,0.0,0.0,3.303494009024632e-28,0.0,1.7963162600066205e-24,0.0,0.0,0.0,6.219554767622397e-26,3.855572084249762e-26
8.980000000000462,5.705791300684332,-4.068186251814033,1.9973427273647766,-44.15586548503381,7.581651709493251e-05,1.1588680989443636e-26,2.892251436853941e-26,0.0,0,2.7140870765208557e-24,3.0704157971870257e-24,0.0,1.6290378602401827e-49,0.0,9.643865623077725e-26,0.0,0.0,2.2023293393497546e-28,0.0,1.1975441733377469e-24,0.0,0.0,0.0,4.146369845081598e-26,2.570381389499841e-26
9.000000000000451,5.720007471780363,-4.083266460776611,1.9972606370022572,-44.155865509109546,6.647098887296445e-05,7.725787326295759e-27,1.928167624569294e-26,0.0,0,1.809391384347237e-24,2.0469438647913503e-24,0.0,1.0860252401601217e-49,0.0,6.429243748718483e-26,0.0,0.0,1.468219559566503e-28,0.0,7.983627822251646e-25,0.0,0.0,0.0,2.7642465633877316e-26,1.7135875929998938e-26
