stim,trial,group,neuron,rate
LPLC2_L,0,DN_all_left,6,255.0
LPLC2_L,0,DN_all_left,78,103.0
LPLC2_L,0,DN_all_left,104,75.0
LPLC2_L,0,DN_all_left,129,5.0
LPLC2_L,0,DN_all_left,144,28.0
LPLC2_L,0,DN_all_left,146,2.0
LPLC2_L,0,DN_all_left,147,1.0
LPLC2_L,0,DN_all_left,204,204.0
LPLC2_L,0,DN_all_left,207,63.0
LPLC2_L,0,DN_all_left,213,1.0
LPLC2_L,0,DN_all_left,223,55.0
LPLC2_L,0,DN_all_left,226,3.0
LPLC2_L,0,DN_all_left,228,61.0
LPLC2_L,0,DN_all_left,252,4.0
LPLC2_L,0,DN_all_left,264,56.0
LPLC2_L,0,DN_all_left,273,86.0
LPLC2_L,0,DN_all_left,316,34.0
LPLC2_L,0,DN_all_left,333,175.0
LPLC2_L,0,DN_all_left,349,52.0
LPLC2_L,0,DN_all_left,363,81.0
LPLC2_L,0,DN_all_left,384,239.0
LPLC2_L,0,DN_all_left,391,1.0
LPLC2_L,0,DN_all_left,410,31.0
LPLC2_L,0,DN_all_left,413,153.0
LPLC2_L,0,DN_all_left,433,1.0
LPLC2_L,0,DN_all_left,482,2.0
LPLC2_L,0,DN_all_left,489,10.0
LPLC2_L,0,DN_all_left,514,1.0
LPLC2_L,0,DN_all_left,523,17.0
LPLC2_L,0,DN_all_left,541,46.0
LPLC2_L,0,DN_all_left,543,14.0
LPLC2_L,0,DN_all_left,603,1.0
LPLC2_L,0,DN_all_left,608,6.0
LPLC2_L,0,DN_all_left,614,4.0
LPLC2_L,0,DN_all_left,628,9.0
LPLC2_L,0,DN_all_left,632,7.0
LPLC2_L,0,DN_all_left,681,1.0
LPLC2_L,0,DN_all_left,687,7.0
LPLC2_L,0,DN_all_left,741,33.0
LPLC2_L,0,DN_all_left,773,50.0
LPLC2_L,0,DN_all_left,783,56.0
LPLC2_L,0,DN_all_left,791,3.0
LPLC2_L,0,DN_all_left,861,99.0
LPLC2_L,0,DN_all_left,879,15.0
LPLC2_L,0,DN_all_left,906,14.0
LPLC2_L,0,DN_all_left,931,10.0
LPLC2_L,0,DN_all_left,953,1.0
LPLC2_L,0,DN_all_left,979,2.0
LPLC2_L,0,DN_all_left,992,24.0
LPLC2_L,0,DN_all_left,993,14.0
LPLC2_L,0,DN_all_left,994,45.0
LPLC2_L,0,DN_all_left,1047,110.0
LPLC2_L,0,DN_all_left,1071,3.0
LPLC2_L,0,DN_all_left,1111,68.0
LPLC2_L,0,DN_all_left,1132,3.0
LPLC2_L,0,DN_all_left,1155,9.0
LPLC2_L,0,DN_all_left,1167,64.0
LPLC2_L,0,DN_all_left,1170,7.0
LPLC2_L,0,DN_all_left,1196,1.0
LPLC2_L,0,DN_all_left,1273,19.0
LPLC2_L,0,DN_all_left,1324,61.0
LPLC2_L,0,DN_all_left,1325,2.0
LPLC2_L,0,DN_all_left,1328,1.0
LPLC2_L,0,DN_all_left,1342,7.0
LPLC2_L,0,DN_all_left,1361,1.0
LPLC2_L,0,DN_all_left,1387,49.0
LPLC2_L,0,DN_all_left,1392,3.0
LPLC2_L,0,DN_all_left,1506,89.0
LPLC2_L,0,DN_all_left,1545,6.0
LPLC2_L,0,DN_all_left,1562,46.0
LPLC2_L,0,DN_all_left,1564,9.0
LPLC2_L,0,DN_all_left,1591,6.0
LPLC2_L,0,DN_all_left,1626,30.0
LPLC2_L,0,DN_all_left,1724,75.0
LPLC2_L,0,DN_all_left,1752,5.0
LPLC2_L,0,DN_all_left,1821,56.0
LPLC2_L,0,DN_all_left,1833,41.0
LPLC2_L,0,DN_all_left,1870,18.0
LPLC2_L,0,DN_all_left,1994,28.0
LPLC2_L,0,DN_all_left,1997,2.0
LPLC2_L,0,DN_all_left,2074,23.0
LPLC2_L,0,DN_all_left,2078,2.0
LPLC2_L,0,DN_all_left,2103,3.0
LPLC2_L,0,DN_all_left,2286,23.0
LPLC2_L,0,DN_all_left,2311,1.0
LPLC2_L,0,DN_all_left,2329,7.0
LPLC2_L,0,DN_all_left,2354,42.0
LPLC2_L,0,DN_all_left,2423,18.0
LPLC2_L,0,DN_all_left,2441,14.0
LPLC2_L,0,DN_all_left,2449,3.0
LPLC2_L,0,DN_all_left,2451,16.0
LPLC2_L,0,DN_all_left,2465,24.0
LPLC2_L,0,DN_all_left,2475,1.0
LPLC2_L,0,DN_all_left,2583,63.0
LPLC2_L,0,DN_all_left,2588,11.0
LPLC2_L,0,DN_all_left,2620,34.0
LPLC2_L,0,DN_all_left,2676,86.0
LPLC2_L,0,DN_all_left,2688,1.0
LPLC2_L,0,DN_all_left,2700,1.0
LPLC2_L,0,DN_all_left,2792,9.0
LPLC2_L,0,DN_all_left,2837,14.0
LPLC2_L,0,DN_all_left,2868,7.0
LPLC2_L,0,DN_all_left,3003,1.0
LPLC2_L,0,DN_all_left,3009,5.0
LPLC2_L,0,DN_all_left,3084,24.0
LPLC2_L,0,DN_all_left,3106,191.0
LPLC2_L,0,DN_all_left,3159,5.0
LPLC2_L,0,DN_all_left,3184,20.0
LPLC2_L,0,DN_all_left,3222,45.0
LPLC2_L,0,DN_all_left,3331,67.0
LPLC2_L,0,DN_all_left,3349,41.0
LPLC2_L,0,DN_all_left,3380,1.0
LPLC2_L,0,DN_all_left,3390,8.0
LPLC2_L,0,DN_all_left,3394,4.0
LPLC2_L,0,DN_all_left,3451,16.0
LPLC2_L,0,DN_all_left,3505,112.0
LPLC2_L,0,DN_all_left,3569,3.0
LPLC2_L,0,DN_all_left,3595,4.0
LPLC2_L,0,DN_all_left,3722,39.0
LPLC2_L,0,DN_all_left,3768,14.0
LPLC2_L,0,DN_all_left,3788,28.0
LPLC2_L,0,DN_all_left,3939,47.0
LPLC2_L,0,DN_all_left,3966,25.0
LPLC2_L,0,DN_all_left,4017,6.0
LPLC2_L,0,DN_all_left,4057,10.0
LPLC2_L,0,DN_all_left,4215,1.0
LPLC2_L,0,DN_all_left,4335,90.0
LPLC2_L,0,DN_all_left,4591,1.0
LPLC2_L,0,DN_all_left,4609,28.0
LPLC2_L,0,DN_all_left,4685,6.0
LPLC2_L,0,DN_all_left,4917,47.0
LPLC2_L,0,DN_all_left,5056,19.0
LPLC2_L,0,DN_all_left,5067,56.0
LPLC2_L,0,DN_all_left,5129,1.0
LPLC2_L,0,DN_all_left,5262,23.0
LPLC2_L,0,DN_all_left,5300,1.0
LPLC2_L,0,DN_all_left,5338,2.0
LPLC2_L,0,DN_all_left,5579,2.0
LPLC2_L,0,DN_all_left,5616,1.0
LPLC2_L,0,DN_all_left,5678,14.0
LPLC2_L,0,DN_all_left,5867,55.0
LPLC2_L,0,DN_all_left,5993,4.0
LPLC2_L,0,DN_all_left,6490,48.0
LPLC2_L,0,DN_all_left,6736,16.0
LPLC2_L,0,DN_all_left,8234,1.0
LPLC2_L,0,DN_all_left,8764,13.0
LPLC2_L,0,DN_all_left,8870,9.0
LPLC2_L,0,DN_all_left,8977,10.0
LPLC2_L,0,DN_all_left,9207,2.0
LPLC2_L,0,DN_all_left,9402,9.0
LPLC2_L,0,DN_all_left,10086,17.0
LPLC2_L,0,DN_all_left,10532,3.0
LPLC2_L,0,DN_all_left,11249,14.0
LPLC2_L,0,DN_all_left,12085,4.0
LPLC2_L,0,DN_all_left,12839,3.0
LPLC2_L,0,DN_all_left,12883,100.0
LPLC2_L,0,DN_all_left,13746,4.0
LPLC2_L,0,DN_all_left,14132,8.0
LPLC2_L,0,DN_all_left,14329,19.0
LPLC2_L,0,DN_all_left,14442,6.0
LPLC2_L,0,DN_all_left,15020,2.0
LPLC2_L,0,DN_all_left,15054,1.0
LPLC2_L,0,DN_all_left,15782,14.0
LPLC2_L,0,DN_all_left,17045,12.0
LPLC2_L,0,DN_all_left,17402,4.0
LPLC2_L,0,DN_all_left,19578,16.0
LPLC2_L,0,DN_all_left,21341,1.0
LPLC2_L,0,DN_all_left,23287,11.0
LPLC2_L,0,DN_all_left,28642,13.0
LPLC2_L,0,DN_all_left,28804,27.0
LPLC2_L,0,DN_all_left,33318,1.0
LPLC2_L,0,DN_all_left,49995,6.0
LPLC2_L,0,DN_all_left,53674,8.0
LPLC2_L,0,DN_all_left,53936,2.0
LPLC2_L,0,DN_all_left,60324,25.0
LPLC2_L,0,DN_all_left,60365,2.0
LPLC2_L,0,DN_all_left,116552,10.0
LPLC2_L,0,DN_all_left,120436,4.0
LPLC2_L,0,DN_all_left,124448,7.0
LPLC2_L,0,DN_all_left,124813,3.0
LPLC2_L,0,DN_all_left,124969,3.0
LPLC2_L,0,DN_all_left,125112,4.0
LPLC2_L,0,DN_all_left,125333,4.0
LPLC2_L,0,DN_all_left,126100,44.0
LPLC2_L,0,DN_all_left,126526,3.0
LPLC2_L,0,DN_all_left,127958,20.0
LPLC2_L,0,DN_all_left,128725,32.0
LPLC2_L,0,DN_all_left,128862,21.0
LPLC2_L,0,DN_all_left,128890,151.0
LPLC2_L,0,DN_all_left,128964,8.0
LPLC2_L,0,DN_all_left,129107,11.0
LPLC2_L,0,DN_all_left,129520,16.0
LPLC2_L,0,DN_all_left,130496,15.0
LPLC2_L,0,DN_all_left,130618,7.0
LPLC2_L,0,DN_all_left,132535,17.0
LPLC2_L,0,DN_all_left,132582,5.0
LPLC2_L,0,DN_all_left,133364,21.0
LPLC2_L,0,DN_all_left,133740,245.0
LPLC2_L,0,DN_all_left,135657,46.0
LPLC2_L,0,DN_all_left,139863,1.0
LPLC2_L,0,DN_all_left,140913,9.0
LPLC2_L,0,DN_all_left,141026,74.0
LPLC2_L,0,DN_all_left,142108,97.0
LPLC2_L,0,DN_all_left,142174,4.0
LPLC2_L,0,DN_all_left,144939,1.0
LPLC2_L,0,DN_all_right,0,23.0
LPLC2_L,0,DN_all_right,19,1.0
LPLC2_L,0,DN_all_right,25,29.0
LPLC2_L,0,DN_all_right,45,1.0
LPLC2_L,0,DN_all_right,51,27.0
LPLC2_L,0,DN_all_right,52,31.0
LPLC2_L,0,DN_all_right,117,3.0
LPLC2_L,0,DN_all_right,215,39.0
LPLC2_L,0,DN_all_right,243,50.0
LPLC2_L,0,DN_all_right,259,3.0
LPLC2_L,0,DN_all_right,261,6.0
LPLC2_L,0,DN_all_right,281,1.0
LPLC2_L,0,DN_all_right,311,11.0
LPLC2_L,0,DN_all_right,327,22.0
LPLC2_L,0,DN_all_right,378,6.0
LPLC2_L,0,DN_all_right,397,1.0
LPLC2_L,0,DN_all_right,428,3.0
LPLC2_L,0,DN_all_right,467,1.0
LPLC2_L,0,DN_all_right,505,5.0
LPLC2_L,0,DN_all_right,545,27.0
LPLC2_L,0,DN_all_right,616,9.0
LPLC2_L,0,DN_all_right,620,2.0
LPLC2_L,0,DN_all_right,624,4.0
LPLC2_L,0,DN_all_right,654,7.0
LPLC2_L,0,DN_all_right,667,1.0
LPLC2_L,0,DN_all_right,703,35.0
LPLC2_L,0,DN_all_right,762,75.0
LPLC2_L,0,DN_all_right,763,6.0
LPLC2_L,0,DN_all_right,777,2.0
LPLC2_L,0,DN_all_right,785,37.0
LPLC2_L,0,DN_all_right,794,5.0
LPLC2_L,0,DN_all_right,828,5.0
LPLC2_L,0,DN_all_right,853,22.0
LPLC2_L,0,DN_all_right,854,1.0
LPLC2_L,0,DN_all_right,886,88.0
LPLC2_L,0,DN_all_right,894,107.0
LPLC2_L,0,DN_all_right,902,1.0
LPLC2_L,0,DN_all_right,911,3.0
LPLC2_L,0,DN_all_right,987,1.0
LPLC2_L,0,DN_all_right,1021,54.0
LPLC2_L,0,DN_all_right,1048,17.0
LPLC2_L,0,DN_all_right,1069,1.0
LPLC2_L,0,DN_all_right,1089,1.0
LPLC2_L,0,DN_all_right,1092,6.0
LPLC2_L,0,DN_all_right,1108,6.0
LPLC2_L,0,DN_all_right,1150,1.0
LPLC2_L,0,DN_all_right,1165,73.0
LPLC2_L,0,DN_all_right,1166,2.0
LPLC2_L,0,DN_all_right,1168,3.0
LPLC2_L,0,DN_all_right,1198,2.0
LPLC2_L,0,DN_all_right,1210,40.0
LPLC2_L,0,DN_all_right,1218,2.0
LPLC2_L,0,DN_all_right,1222,20.0
LPLC2_L,0,DN_all_right,1242,34.0
LPLC2_L,0,DN_all_right,1269,40.0
LPLC2_L,0,DN_all_right,1277,87.0
LPLC2_L,0,DN_all_right,1315,1.0
LPLC2_L,0,DN_all_right,1329,1.0
LPLC2_L,0,DN_all_right,1382,8.0
LPLC2_L,0,DN_all_right,1384,2.0
LPLC2_L,0,DN_all_right,1400,5.0
LPLC2_L,0,DN_all_right,1405,16.0
LPLC2_L,0,DN_all_right,1412,1.0
LPLC2_L,0,DN_all_right,1457,3.0
LPLC2_L,0,DN_all_right,1468,3.0
LPLC2_L,0,DN_all_right,1492,8.0
LPLC2_L,0,DN_all_right,1502,3.0
LPLC2_L,0,DN_all_right,1575,4.0
LPLC2_L,0,DN_all_right,1581,33.0
LPLC2_L,0,DN_all_right,1593,2.0
LPLC2_L,0,DN_all_right,1621,17.0
LPLC2_L,0,DN_all_right,1648,37.0
LPLC2_L,0,DN_all_right,1653,7.0
LPLC2_L,0,DN_all_right,1699,17.0
LPLC2_L,0,DN_all_right,1708,26.0
LPLC2_L,0,DN_all_right,1748,3.0
LPLC2_L,0,DN_all_right,1756,1.0
LPLC2_L,0,DN_all_right,1789,39.0
LPLC2_L,0,DN_all_right,1804,11.0
LPLC2_L,0,DN_all_right,1837,29.0
LPLC2_L,0,DN_all_right,1909,1.0
LPLC2_L,0,DN_all_right,1954,7.0
LPLC2_L,0,DN_all_right,1965,7.0
LPLC2_L,0,DN_all_right,1995,2.0
LPLC2_L,0,DN_all_right,2033,43.0
LPLC2_L,0,DN_all_right,2037,3.0
LPLC2_L,0,DN_all_right,2070,43.0
LPLC2_L,0,DN_all_right,2079,20.0
LPLC2_L,0,DN_all_right,2094,16.0
LPLC2_L,0,DN_all_right,2120,7.0
LPLC2_L,0,DN_all_right,2238,3.0
LPLC2_L,0,DN_all_right,2289,1.0
LPLC2_L,0,DN_all_right,2321,1.0
LPLC2_L,0,DN_all_right,2331,3.0
LPLC2_L,0,DN_all_right,2350,38.0
LPLC2_L,0,DN_all_right,2420,1.0
LPLC2_L,0,DN_all_right,2433,20.0
LPLC2_L,0,DN_all_right,2458,11.0
LPLC2_L,0,DN_all_right,2495,5.0
LPLC2_L,0,DN_all_right,2595,1.0
LPLC2_L,0,DN_all_right,2600,110.0
LPLC2_L,0,DN_all_right,2606,8.0
LPLC2_L,0,DN_all_right,2607,104.0
LPLC2_L,0,DN_all_right,2613,27.0
LPLC2_L,0,DN_all_right,2636,7.0
LPLC2_L,0,DN_all_right,2639,1.0
LPLC2_L,0,DN_all_right,2659,12.0
LPLC2_L,0,DN_all_right,2752,4.0
LPLC2_L,0,DN_all_right,2841,7.0
LPLC2_L,0,DN_all_right,2985,1.0
LPLC2_L,0,DN_all_right,3020,37.0
LPLC2_L,0,DN_all_right,3059,3.0
LPLC2_L,0,DN_all_right,3067,1.0
LPLC2_L,0,DN_all_right,3220,191.0
LPLC2_L,0,DN_all_right,3270,1.0
LPLC2_L,0,DN_all_right,3278,10.0
LPLC2_L,0,DN_all_right,3348,24.0
LPLC2_L,0,DN_all_right,3374,42.0
LPLC2_L,0,DN_all_right,3383,3.0
LPLC2_L,0,DN_all_right,3385,1.0
LPLC2_L,0,DN_all_right,3406,1.0
LPLC2_L,0,DN_all_right,3491,15.0
LPLC2_L,0,DN_all_right,3593,11.0
LPLC2_L,0,DN_all_right,3625,9.0
LPLC2_L,0,DN_all_right,3694,2.0
LPLC2_L,0,DN_all_right,3754,40.0
LPLC2_L,0,DN_all_right,3828,1.0
LPLC2_L,0,DN_all_right,3853,17.0
LPLC2_L,0,DN_all_right,3862,5.0
LPLC2_L,0,DN_all_right,3865,1.0
LPLC2_L,0,DN_all_right,3868,1.0
LPLC2_L,0,DN_all_right,3945,28.0
LPLC2_L,0,DN_all_right,3997,1.0
LPLC2_L,0,DN_all_right,4020,7.0
LPLC2_L,0,DN_all_right,4078,23.0
LPLC2_L,0,DN_all_right,4098,92.0
LPLC2_L,0,DN_all_right,4479,3.0
LPLC2_L,0,DN_all_right,4514,19.0
LPLC2_L,0,DN_all_right,4641,44.0
LPLC2_L,0,DN_all_right,4645,50.0
LPLC2_L,0,DN_all_right,4680,1.0
LPLC2_L,0,DN_all_right,4801,1.0
LPLC2_L,0,DN_all_right,5027,22.0
LPLC2_L,0,DN_all_right,5124,49.0
LPLC2_L,0,DN_all_right,5348,4.0
LPLC2_L,0,DN_all_right,5381,1.0
LPLC2_L,0,DN_all_right,5458,49.0
LPLC2_L,0,DN_all_right,5739,9.0
LPLC2_L,0,DN_all_right,5841,3.0
LPLC2_L,0,DN_all_right,6169,2.0
LPLC2_L,0,DN_all_right,6278,11.0
LPLC2_L,0,DN_all_right,6427,7.0
LPLC2_L,0,DN_all_right,6570,26.0
LPLC2_L,0,DN_all_right,6701,2.0
LPLC2_L,0,DN_all_right,7801,9.0
LPLC2_L,0,DN_all_right,7850,4.0
LPLC2_L,0,DN_all_right,8815,4.0
LPLC2_L,0,DN_all_right,9254,107.0
LPLC2_L,0,DN_all_right,9458,69.0
LPLC2_L,0,DN_all_right,9780,89.0
LPLC2_L,0,DN_all_right,9912,16.0
LPLC2_L,0,DN_all_right,10368,5.0
LPLC2_L,0,DN_all_right,11239,13.0
LPLC2_L,0,DN_all_right,11504,7.0
LPLC2_L,0,DN_all_right,12150,11.0
LPLC2_L,0,DN_all_right,12336,2.0
LPLC2_L,0,DN_all_right,12572,15.0
LPLC2_L,0,DN_all_right,14496,14.0
LPLC2_L,0,DN_all_right,15028,3.0
LPLC2_L,0,DN_all_right,15460,7.0
LPLC2_L,0,DN_all_right,15893,21.0
LPLC2_L,0,DN_all_right,17700,6.0
LPLC2_L,0,DN_all_right,18221,10.0
LPLC2_L,0,DN_all_right,19450,17.0
LPLC2_L,0,DN_all_right,23535,6.0
LPLC2_L,0,DN_all_right,23861,5.0
LPLC2_L,0,DN_all_right,27054,12.0
LPLC2_L,0,DN_all_right,27379,3.0
LPLC2_L,0,DN_all_right,27532,5.0
LPLC2_L,0,DN_all_right,32032,16.0
LPLC2_L,0,DN_all_right,47173,27.0
LPLC2_L,0,DN_all_right,50694,2.0
LPLC2_L,0,DN_all_right,51855,8.0
LPLC2_L,0,DN_all_right,72835,11.0
LPLC2_L,0,DN_all_right,117981,7.0
LPLC2_L,0,DN_all_right,118808,8.0
LPLC2_L,0,DN_all_right,122432,3.0
LPLC2_L,0,DN_all_right,123333,2.0
LPLC2_L,0,DN_all_right,124419,2.0
LPLC2_L,0,DN_all_right,125376,3.0
LPLC2_L,0,DN_all_right,125430,12.0
LPLC2_L,0,DN_all_right,125617,32.0
LPLC2_L,0,DN_all_right,125795,13.0
LPLC2_L,0,DN_all_right,126404,19.0
LPLC2_L,0,DN_all_right,127734,5.0
LPLC2_L,0,DN_all_right,127758,1.0
LPLC2_L,0,DN_all_right,128032,63.0
LPLC2_L,0,DN_all_right,128692,138.0
LPLC2_L,0,DN_all_right,128796,1.0
LPLC2_L,0,DN_all_right,128892,68.0
LPLC2_L,0,DN_all_right,129301,14.0
LPLC2_L,0,DN_all_right,129688,1.0
LPLC2_L,0,DN_all_right,129718,24.0
LPLC2_L,0,DN_all_right,129873,2.0
LPLC2_L,0,DN_all_right,130847,40.0
LPLC2_L,0,DN_all_right,131136,74.0
LPLC2_L,0,DN_all_right,131434,6.0
LPLC2_L,0,DN_all_right,131504,5.0
LPLC2_L,0,DN_all_right,133544,25.0
LPLC2_L,0,DN_all_right,140621,5.0
LPLC2_L,0,DN_all_right,140980,4.0
LPLC2_L,0,DN_all_right,141735,29.0
LPLC2_L,0,DN_all_right,143416,32.0
LPLC2_L,0,DN_all_right,144269,64.0
LPLC2_L,0,DN_all_right,145368,19.0
LPLC2_L,0,DN_all_right,151545,3.0
LPLC2_L,0,DN_all_right,161396,65.0
LPLC2_L,0,DN_all_right,162540,11.0
LPLC2_L,0,MN_all_left,111304,1.0
LPLC2_L,0,MN_all_left,142836,122.0
LPLC2_L,0,MN_all_left,142929,51.0
LPLC2_L,0,MN_all_left,142964,42.0
LPLC2_L,0,MN_all_left,143088,110.0
LPLC2_L,0,MN_all_left,143139,5.0
LPLC2_L,0,MN_all_left,143160,74.0
LPLC2_L,0,MN_all_left,143221,40.0
LPLC2_L,0,MN_all_left,143222,11.0
LPLC2_L,0,MN_all_left,143231,10.0
LPLC2_L,0,MN_all_left,143243,60.0
LPLC2_L,0,MN_all_left,143252,16.0
LPLC2_L,0,MN_all_left,143259,14.0
LPLC2_L,0,MN_all_left,143281,2.0
LPLC2_L,0,MN_all_left,143322,122.0
LPLC2_L,0,MN_all_left,143353,1.0
LPLC2_L,0,MN_all_left,143418,42.0
LPLC2_L,0,MN_all_left,143421,68.0
LPLC2_L,0,MN_all_left,143445,126.0
LPLC2_L,0,MN_all_left,143464,19.0
LPLC2_L,0,MN_all_left,143478,23.0
LPLC2_L,0,MN_all_left,143539,1.0
LPLC2_L,0,MN_all_left,143540,2.0
LPLC2_L,0,MN_all_left,143626,43.0
LPLC2_L,0,MN_all_left,143654,87.0
LPLC2_L,0,MN_all_left,143664,19.0
LPLC2_L,0,MN_all_left,143700,32.0
LPLC2_L,0,MN_all_left,143760,16.0
LPLC2_L,0,MN_all_left,143766,2.0
LPLC2_L,0,MN_all_left,143773,3.0
LPLC2_L,0,MN_all_left,143860,5.0
LPLC2_L,0,MN_all_left,143949,98.0
LPLC2_L,0,MN_all_left,144071,4.0
LPLC2_L,0,MN_all_left,144086,80.0
LPLC2_L,0,MN_all_left,144209,133.0
LPLC2_L,0,MN_all_left,144234,51.0
LPLC2_L,0,MN_all_left,144248,17.0
LPLC2_L,0,MN_all_left,144265,129.0
LPLC2_L,0,MN_all_left,144290,5.0
LPLC2_L,0,MN_all_left,144377,6.0
LPLC2_L,0,MN_all_left,144382,72.0
LPLC2_L,0,MN_all_left,144400,50.0
LPLC2_L,0,MN_all_left,144439,39.0
LPLC2_L,0,MN_all_left,144450,17.0
LPLC2_L,0,MN_all_left,144457,1.0
LPLC2_L,0,MN_all_left,144465,12.0
LPLC2_L,0,MN_all_left,144494,1.0
LPLC2_L,0,MN_all_left,144508,4.0
LPLC2_L,0,MN_all_left,144576,44.0
LPLC2_L,0,MN_all_left,144578,8.0
LPLC2_L,0,MN_all_left,144584,47.0
LPLC2_L,0,MN_all_left,144821,107.0
LPLC2_L,0,MN_all_left,144860,1.0
LPLC2_L,0,MN_all_left,144878,10.0
LPLC2_L,0,MN_all_left,144897,23.0
LPLC2_L,0,MN_all_left,144974,42.0
LPLC2_L,0,MN_all_left,145034,115.0
LPLC2_L,0,MN_all_left,145063,13.0
LPLC2_L,0,MN_all_left,145081,63.0
LPLC2_L,0,MN_all_left,145109,20.0
LPLC2_L,0,MN_all_left,145142,6.0
LPLC2_L,0,MN_all_left,145198,70.0
LPLC2_L,0,MN_all_left,145274,39.0
LPLC2_L,0,MN_all_left,145303,45.0
LPLC2_L,0,MN_all_left,145351,7.0
LPLC2_L,0,MN_all_left,145382,2.0
LPLC2_L,0,MN_all_left,145405,37.0
LPLC2_L,0,MN_all_left,145438,37.0
LPLC2_L,0,MN_all_left,145476,4.0
LPLC2_L,0,MN_all_left,145483,4.0
LPLC2_L,0,MN_all_left,145564,4.0
LPLC2_L,0,MN_all_left,145660,2.0
LPLC2_L,0,MN_all_left,145672,11.0
LPLC2_L,0,MN_all_left,145732,13.0
LPLC2_L,0,MN_all_left,145766,14.0
LPLC2_L,0,MN_all_left,145796,98.0
LPLC2_L,0,MN_all_left,145805,30.0
LPLC2_L,0,MN_all_left,145911,60.0
LPLC2_L,0,MN_all_left,145975,43.0
LPLC2_L,0,MN_all_left,146072,30.0
LPLC2_L,0,MN_all_left,146107,29.0
LPLC2_L,0,MN_all_left,146233,3.0
LPLC2_L,0,MN_all_left,146333,18.0
LPLC2_L,0,MN_all_left,146441,1.0
LPLC2_L,0,MN_all_left,146494,23.0
LPLC2_L,0,MN_all_left,146498,2.0
LPLC2_L,0,MN_all_left,146507,6.0
LPLC2_L,0,MN_all_left,146556,17.0
LPLC2_L,0,MN_all_left,146571,5.0
LPLC2_L,0,MN_all_left,146590,10.0
LPLC2_L,0,MN_all_left,146748,98.0
LPLC2_L,0,MN_all_left,146821,3.0
LPLC2_L,0,MN_all_left,147006,2.0
LPLC2_L,0,MN_all_left,147111,5.0
LPLC2_L,0,MN_all_left,147153,59.0
LPLC2_L,0,MN_all_left,147241,44.0
LPLC2_L,0,MN_all_left,147254,31.0
LPLC2_L,0,MN_all_left,147272,15.0
LPLC2_L,0,MN_all_left,147311,19.0
LPLC2_L,0,MN_all_left,147418,1.0
LPLC2_L,0,MN_all_left,147444,13.0
LPLC2_L,0,MN_all_left,147449,27.0
LPLC2_L,0,MN_all_left,147492,45.0
LPLC2_L,0,MN_all_left,147569,31.0
LPLC2_L,0,MN_all_left,147690,18.0
LPLC2_L,0,MN_all_left,147730,25.0
LPLC2_L,0,MN_all_left,147938,2.0
LPLC2_L,0,MN_all_left,147977,3.0
LPLC2_L,0,MN_all_left,148076,3.0
LPLC2_L,0,MN_all_left,148097,1.0
LPLC2_L,0,MN_all_left,148126,50.0
LPLC2_L,0,MN_all_left,148144,19.0
LPLC2_L,0,MN_all_left,148349,8.0
LPLC2_L,0,MN_all_left,148397,18.0
LPLC2_L,0,MN_all_left,148408,5.0
LPLC2_L,0,MN_all_left,148537,31.0
LPLC2_L,0,MN_all_left,148589,78.0
LPLC2_L,0,MN_all_left,148779,3.0
LPLC2_L,0,MN_all_left,148852,10.0
LPLC2_L,0,MN_all_left,148953,81.0
LPLC2_L,0,MN_all_left,148964,4.0
LPLC2_L,0,MN_all_left,148984,2.0
LPLC2_L,0,MN_all_left,149298,22.0
LPLC2_L,0,MN_all_left,149557,9.0
LPLC2_L,0,MN_all_left,149592,88.0
LPLC2_L,0,MN_all_left,149636,11.0
LPLC2_L,0,MN_all_left,149722,6.0
LPLC2_L,0,MN_all_left,150276,88.0
LPLC2_L,0,MN_all_left,150280,26.0
LPLC2_L,0,MN_all_left,150354,23.0
LPLC2_L,0,MN_all_left,150516,6.0
LPLC2_L,0,MN_all_left,150850,3.0
LPLC2_L,0,MN_all_left,150864,43.0
LPLC2_L,0,MN_all_left,151089,3.0
LPLC2_L,0,MN_all_left,151228,1.0
LPLC2_L,0,MN_all_left,151708,1.0
LPLC2_L,0,MN_all_left,152375,15.0
LPLC2_L,0,MN_all_left,152535,71.0
LPLC2_L,0,MN_all_left,152793,5.0
LPLC2_L,0,MN_all_left,153181,7.0
LPLC2_L,0,MN_all_left,154142,48.0
LPLC2_L,0,MN_all_left,154315,83.0
LPLC2_L,0,MN_all_left,154887,62.0
LPLC2_L,0,MN_all_left,154980,47.0
LPLC2_L,0,MN_all_left,158106,1.0
LPLC2_L,0,MN_all_left,158328,1.0
LPLC2_L,0,MN_all_left,158478,1.0
LPLC2_L,0,MN_all_left,158604,8.0
LPLC2_L,0,MN_all_left,158794,8.0
LPLC2_L,0,MN_all_left,159087,13.0
LPLC2_L,0,MN_all_left,159285,3.0
LPLC2_L,0,MN_all_left,159287,4.0
LPLC2_L,0,MN_all_left,159288,12.0
LPLC2_L,0,MN_all_left,159488,24.0
LPLC2_L,0,MN_all_left,159489,16.0
LPLC2_L,0,MN_all_left,159777,7.0
LPLC2_L,0,MN_all_left,159993,12.0
LPLC2_L,0,MN_all_left,160070,1.0
LPLC2_L,0,MN_all_left,160137,28.0
LPLC2_L,0,MN_all_left,160430,3.0
LPLC2_L,0,MN_all_left,160448,94.0
LPLC2_L,0,MN_all_left,160854,59.0
LPLC2_L,0,MN_all_left,161187,3.0
LPLC2_L,0,MN_all_left,162657,1.0
LPLC2_L,0,MN_all_left,162678,2.0
LPLC2_L,0,MN_all_left,162782,112.0
LPLC2_L,0,MN_all_left,162796,112.0
LPLC2_L,0,MN_all_left,162914,64.0
LPLC2_L,0,MN_all_left,164603,1.0
LPLC2_L,0,MN_all_left,164726,3.0
LPLC2_L,0,MN_all_right,142834,124.0
LPLC2_L,0,MN_all_right,142900,12.0
LPLC2_L,0,MN_all_right,142911,23.0
LPLC2_L,0,MN_all_right,142932,43.0
LPLC2_L,0,MN_all_right,142956,42.0
LPLC2_L,0,MN_all_right,143136,50.0
LPLC2_L,0,MN_all_right,143140,3.0
LPLC2_L,0,MN_all_right,143200,18.0
LPLC2_L,0,MN_all_right,143244,3.0
LPLC2_L,0,MN_all_right,143260,12.0
LPLC2_L,0,MN_all_right,143304,73.0
LPLC2_L,0,MN_all_right,143341,24.0
LPLC2_L,0,MN_all_right,143362,15.0
LPLC2_L,0,MN_all_right,143454,30.0
LPLC2_L,0,MN_all_right,143460,12.0
LPLC2_L,0,MN_all_right,143467,27.0
LPLC2_L,0,MN_all_right,143498,6.0
LPLC2_L,0,MN_all_right,143566,37.0
LPLC2_L,0,MN_all_right,143567,37.0
LPLC2_L,0,MN_all_right,143581,19.0
LPLC2_L,0,MN_all_right,143589,22.0
LPLC2_L,0,MN_all_right,143635,40.0
LPLC2_L,0,MN_all_right,143643,2.0
LPLC2_L,0,MN_all_right,143728,64.0
LPLC2_L,0,MN_all_right,143754,131.0
LPLC2_L,0,MN_all_right,143786,83.0
LPLC2_L,0,MN_all_right,143796,14.0
LPLC2_L,0,MN_all_right,143815,1.0
LPLC2_L,0,MN_all_right,143828,8.0
LPLC2_L,0,MN_all_right,143830,28.0
LPLC2_L,0,MN_all_right,143900,68.0
LPLC2_L,0,MN_all_right,144043,34.0
LPLC2_L,0,MN_all_right,144076,3.0
LPLC2_L,0,MN_all_right,144107,36.0
LPLC2_L,0,MN_all_right,144149,24.0
LPLC2_L,0,MN_all_right,144152,101.0
LPLC2_L,0,MN_all_right,144158,13.0
LPLC2_L,0,MN_all_right,144246,7.0
LPLC2_L,0,MN_all_right,144285,133.0
LPLC2_L,0,MN_all_right,144312,1.0
LPLC2_L,0,MN_all_right,144338,24.0
LPLC2_L,0,MN_all_right,144391,5.0
LPLC2_L,0,MN_all_right,144392,2.0
LPLC2_L,0,MN_all_right,144429,13.0
LPLC2_L,0,MN_all_right,144466,40.0
LPLC2_L,0,MN_all_right,144516,6.0
LPLC2_L,0,MN_all_right,144664,39.0
LPLC2_L,0,MN_all_right,144682,110.0
LPLC2_L,0,MN_all_right,144715,1.0
LPLC2_L,0,MN_all_right,144768,2.0
LPLC2_L,0,MN_all_right,144790,16.0
LPLC2_L,0,MN_all_right,144899,16.0
LPLC2_L,0,MN_all_right,144918,8.0
LPLC2_L,0,MN_all_right,144952,66.0
LPLC2_L,0,MN_all_right,144987,48.0
LPLC2_L,0,MN_all_right,145007,41.0
LPLC2_L,0,MN_all_right,145064,106.0
LPLC2_L,0,MN_all_right,145083,2.0
LPLC2_L,0,MN_all_right,145127,102.0
LPLC2_L,0,MN_all_right,145221,69.0
LPLC2_L,0,MN_all_right,145278,18.0
LPLC2_L,0,MN_all_right,145458,1.0
LPLC2_L,0,MN_all_right,145461,45.0
LPLC2_L,0,MN_all_right,145492,86.0
LPLC2_L,0,MN_all_right,145559,1.0
LPLC2_L,0,MN_all_right,145576,12.0
LPLC2_L,0,MN_all_right,145581,5.0
LPLC2_L,0,MN_all_right,145592,53.0
LPLC2_L,0,MN_all_right,145621,9.0
LPLC2_L,0,MN_all_right,145653,53.0
LPLC2_L,0,MN_all_right,145721,2.0
LPLC2_L,0,MN_all_right,145738,14.0
LPLC2_L,0,MN_all_right,145832,40.0
LPLC2_L,0,MN_all_right,145953,11.0
LPLC2_L,0,MN_all_right,145960,45.0
LPLC2_L,0,MN_all_right,146130,32.0
LPLC2_L,0,MN_all_right,146173,47.0
LPLC2_L,0,MN_all_right,146318,27.0
LPLC2_L,0,MN_all_right,146627,3.0
LPLC2_L,0,MN_all_right,146668,20.0
LPLC2_L,0,MN_all_right,146701,9.0
LPLC2_L,0,MN_all_right,146725,74.0
LPLC2_L,0,MN_all_right,146868,3.0
LPLC2_L,0,MN_all_right,146879,5.0
LPLC2_L,0,MN_all_right,147037,1.0
LPLC2_L,0,MN_all_right,147094,12.0
LPLC2_L,0,MN_all_right,147267,29.0
LPLC2_L,0,MN_all_right,147470,35.0
LPLC2_L,0,MN_all_right,147519,24.0
LPLC2_L,0,MN_all_right,147543,27.0
LPLC2_L,0,MN_all_right,147559,45.0
LPLC2_L,0,MN_all_right,147606,1.0
LPLC2_L,0,MN_all_right,147646,39.0
LPLC2_L,0,MN_all_right,147672,43.0
LPLC2_L,0,MN_all_right,147794,42.0
LPLC2_L,0,MN_all_right,147905,26.0
LPLC2_L,0,MN_all_right,147957,22.0
LPLC2_L,0,MN_all_right,148001,16.0
LPLC2_L,0,MN_all_right,148017,10.0
LPLC2_L,0,MN_all_right,148201,27.0
LPLC2_L,0,MN_all_right,148237,31.0
LPLC2_L,0,MN_all_right,148293,16.0
LPLC2_L,0,MN_all_right,148422,63.0
LPLC2_L,0,MN_all_right,148611,30.0
LPLC2_L,0,MN_all_right,148616,3.0
LPLC2_L,0,MN_all_right,148760,3.0
LPLC2_L,0,MN_all_right,148816,8.0
LPLC2_L,0,MN_all_right,148823,44.0
LPLC2_L,0,MN_all_right,148863,12.0
LPLC2_L,0,MN_all_right,148879,15.0
LPLC2_L,0,MN_all_right,148985,2.0
LPLC2_L,0,MN_all_right,149056,86.0
LPLC2_L,0,MN_all_right,149209,6.0
LPLC2_L,0,MN_all_right,149234,5.0
LPLC2_L,0,MN_all_right,149327,44.0
LPLC2_L,0,MN_all_right,149498,88.0
LPLC2_L,0,MN_all_right,149809,10.0
LPLC2_L,0,MN_all_right,149895,71.0
LPLC2_L,0,MN_all_right,149996,12.0
LPLC2_L,0,MN_all_right,150019,73.0
LPLC2_L,0,MN_all_right,150152,7.0
LPLC2_L,0,MN_all_right,150204,7.0
LPLC2_L,0,MN_all_right,150362,71.0
LPLC2_L,0,MN_all_right,150676,8.0
LPLC2_L,0,MN_all_right,150738,10.0
LPLC2_L,0,MN_all_right,150989,6.0
LPLC2_L,0,MN_all_right,151369,1.0
LPLC2_L,0,MN_all_right,152528,14.0
LPLC2_L,0,MN_all_right,153000,10.0
LPLC2_L,0,MN_all_right,153409,42.0
LPLC2_L,0,MN_all_right,153686,1.0
LPLC2_L,0,MN_all_right,154055,79.0
LPLC2_L,0,MN_all_right,154732,47.0
LPLC2_L,0,MN_all_right,154941,76.0
LPLC2_L,0,MN_all_right,156514,4.0
LPLC2_L,0,MN_all_right,158193,13.0
LPLC2_L,0,MN_all_right,158204,12.0
LPLC2_L,0,MN_all_right,158546,8.0
LPLC2_L,0,MN_all_right,158812,3.0
LPLC2_L,0,MN_all_right,159157,8.0
LPLC2_L,0,MN_all_right,159225,56.0
LPLC2_L,0,MN_all_right,159253,3.0
LPLC2_L,0,MN_all_right,159286,1.0
LPLC2_L,0,MN_all_right,159477,41.0
LPLC2_L,0,MN_all_right,159478,27.0
LPLC2_L,0,MN_all_right,159546,3.0
LPLC2_L,0,MN_all_right,159896,1.0
LPLC2_L,0,MN_all_right,160165,76.0
LPLC2_L,0,MN_all_right,160191,16.0
LPLC2_L,0,MN_all_right,160211,9.0
LPLC2_L,0,MN_all_right,160245,24.0
LPLC2_L,0,MN_all_right,160271,39.0
LPLC2_L,0,MN_all_right,160307,2.0
LPLC2_L,0,MN_all_right,160329,6.0
LPLC2_L,0,MN_all_right,160551,59.0
LPLC2_L,0,MN_all_right,160892,2.0
LPLC2_L,0,MN_all_right,161523,12.0
LPLC2_L,0,MN_all_right,162256,1.0
LPLC2_L,0,MN_all_right,162556,19.0
LPLC2_L,0,MN_all_right,162677,2.0
LPLC2_L,0,MN_all_right,162781,87.0
LPLC2_L,0,MN_all_right,164606,136.0
LPLC2_L,0,MN_all_right,164614,91.0
LPLC2_L,0,MN_all_right,164616,48.0
LPLC2_L,1,DN_all_left,6,239.0
LPLC2_L,1,DN_all_left,78,56.0
LPLC2_L,1,DN_all_left,104,250.0
LPLC2_L,1,DN_all_left,109,73.0
LPLC2_L,1,DN_all_left,129,38.0
LPLC2_L,1,DN_all_left,144,24.0
LPLC2_L,1,DN_all_left,147,1.0
LPLC2_L,1,DN_all_left,204,208.0
LPLC2_L,1,DN_all_left,207,83.0
LPLC2_L,1,DN_all_left,213,1.0
LPLC2_L,1,DN_all_left,223,63.0
LPLC2_L,1,DN_all_left,226,1.0
LPLC2_L,1,DN_all_left,228,97.0
LPLC2_L,1,DN_all_left,252,1.0
LPLC2_L,1,DN_all_left,264,120.0
LPLC2_L,1,DN_all_left,273,102.0
LPLC2_L,1,DN_all_left,316,56.0
LPLC2_L,1,DN_all_left,333,160.0
LPLC2_L,1,DN_all_left,349,144.0
LPLC2_L,1,DN_all_left,363,86.0
LPLC2_L,1,DN_all_left,384,239.0
LPLC2_L,1,DN_all_left,410,27.0
LPLC2_L,1,DN_all_left,413,148.0
LPLC2_L,1,DN_all_left,446,3.0
LPLC2_L,1,DN_all_left,482,1.0
LPLC2_L,1,DN_all_left,489,16.0
LPLC2_L,1,DN_all_left,514,42.0
LPLC2_L,1,DN_all_left,523,2.0
LPLC2_L,1,DN_all_left,541,10.0
LPLC2_L,1,DN_all_left,603,1.0
LPLC2_L,1,DN_all_left,614,1.0
LPLC2_L,1,DN_all_left,628,2.0
LPLC2_L,1,DN_all_left,632,16.0
LPLC2_L,1,DN_all_left,656,75.0
LPLC2_L,1,DN_all_left,673,49.0
LPLC2_L,1,DN_all_left,675,51.0
LPLC2_L,1,DN_all_left,681,1.0
LPLC2_L,1,DN_all_left,687,15.0
LPLC2_L,1,DN_all_left,741,45.0
LPLC2_L,1,DN_all_left,773,55.0
LPLC2_L,1,DN_all_left,783,4.0
LPLC2_L,1,DN_all_left,791,2.0
LPLC2_L,1,DN_all_left,861,40.0
LPLC2_L,1,DN_all_left,879,2.0
LPLC2_L,1,DN_all_left,906,26.0
LPLC2_L,1,DN_all_left,931,9.0
LPLC2_L,1,DN_all_left,953,1.0
LPLC2_L,1,DN_all_left,979,1.0
LPLC2_L,1,DN_all_left,992,124.0
LPLC2_L,1,DN_all_left,993,15.0
LPLC2_L,1,DN_all_left,994,75.0
LPLC2_L,1,DN_all_left,1037,22.0
LPLC2_L,1,DN_all_left,1047,136.0
LPLC2_L,1,DN_all_left,1071,1.0
LPLC2_L,1,DN_all_left,1111,70.0
LPLC2_L,1,DN_all_left,1131,5.0
LPLC2_L,1,DN_all_left,1167,72.0
LPLC2_L,1,DN_all_left,1170,3.0
LPLC2_L,1,DN_all_left,1273,103.0
LPLC2_L,1,DN_all_left,1324,98.0
LPLC2_L,1,DN_all_left,1325,13.0
LPLC2_L,1,DN_all_left,1361,1.0
LPLC2_L,1,DN_all_left,1387,4.0
LPLC2_L,1,DN_all_left,1392,29.0
LPLC2_L,1,DN_all_left,1505,1.0
LPLC2_L,1,DN_all_left,1506,88.0
LPLC2_L,1,DN_all_left,1545,1.0
LPLC2_L,1,DN_all_left,1562,60.0
LPLC2_L,1,DN_all_left,1564,11.0
LPLC2_L,1,DN_all_left,1591,2.0
LPLC2_L,1,DN_all_left,1626,2.0
LPLC2_L,1,DN_all_left,1677,25.0
LPLC2_L,1,DN_all_left,1724,96.0
LPLC2_L,1,DN_all_left,1821,40.0
LPLC2_L,1,DN_all_left,1827,1.0
LPLC2_L,1,DN_all_left,1833,12.0
LPLC2_L,1,DN_all_left,1870,7.0
LPLC2_L,1,DN_all_left,1994,2.0
LPLC2_L,1,DN_all_left,1997,7.0
LPLC2_L,1,DN_all_left,2074,26.0
LPLC2_L,1,DN_all_left,2078,3.0
LPLC2_L,1,DN_all_left,2286,32.0
LPLC2_L,1,DN_all_left,2311,1.0
LPLC2_L,1,DN_all_left,2329,46.0
LPLC2_L,1,DN_all_left,2354,34.0
LPLC2_L,1,DN_all_left,2414,3.0
LPLC2_L,1,DN_all_left,2423,45.0
LPLC2_L,1,DN_all_left,2441,14.0
LPLC2_L,1,DN_all_left,2450,1.0
LPLC2_L,1,DN_all_left,2451,111.0
LPLC2_L,1,DN_all_left,2465,62.0
LPLC2_L,1,DN_all_left,2500,2.0
LPLC2_L,1,DN_all_left,2583,52.0
LPLC2_L,1,DN_all_left,2588,7.0
LPLC2_L,1,DN_all_left,2620,5.0
LPLC2_L,1,DN_all_left,2676,79.0
LPLC2_L,1,DN_all_left,2700,1.0
LPLC2_L,1,DN_all_left,2792,1.0
LPLC2_L,1,DN_all_left,2868,5.0
LPLC2_L,1,DN_all_left,3045,1.0
LPLC2_L,1,DN_all_left,3084,23.0
LPLC2_L,1,DN_all_left,3106,194.0
LPLC2_L,1,DN_all_left,3159,2.0
LPLC2_L,1,DN_all_left,3184,14.0
LPLC2_L,1,DN_all_left,3222,14.0
LPLC2_L,1,DN_all_left,3331,49.0
LPLC2_L,1,DN_all_left,3349,32.0
LPLC2_L,1,DN_all_left,3394,16.0
LPLC2_L,1,DN_all_left,3505,103.0
LPLC2_L,1,DN_all_left,3569,1.0
LPLC2_L,1,DN_all_left,3595,1.0
LPLC2_L,1,DN_all_left,3722,36.0
LPLC2_L,1,DN_all_left,3768,1.0
LPLC2_L,1,DN_all_left,3770,13.0
LPLC2_L,1,DN_all_left,3788,8.0
LPLC2_L,1,DN_all_left,3939,35.0
LPLC2_L,1,DN_all_left,3966,66.0
LPLC2_L,1,DN_all_left,4215,1.0
LPLC2_L,1,DN_all_left,4335,84.0
LPLC2_L,1,DN_all_left,4609,27.0
LPLC2_L,1,DN_all_left,4917,68.0
LPLC2_L,1,DN_all_left,5056,1.0
LPLC2_L,1,DN_all_left,5067,50.0
LPLC2_L,1,DN_all_left,5217,26.0
LPLC2_L,1,DN_all_left,5247,12.0
LPLC2_L,1,DN_all_left,5262,4.0
LPLC2_L,1,DN_all_left,5300,1.0
LPLC2_L,1,DN_all_left,5579,23.0
LPLC2_L,1,DN_all_left,5624,1.0
LPLC2_L,1,DN_all_left,5678,2.0
LPLC2_L,1,DN_all_left,5867,51.0
LPLC2_L,1,DN_all_left,5993,41.0
LPLC2_L,1,DN_all_left,6490,36.0
LPLC2_L,1,DN_all_left,6736,32.0
LPLC2_L,1,DN_all_left,7278,1.0
LPLC2_L,1,DN_all_left,8234,1.0
LPLC2_L,1,DN_all_left,8764,5.0
LPLC2_L,1,DN_all_left,8870,1.0
LPLC2_L,1,DN_all_left,9402,34.0
LPLC2_L,1,DN_all_left,10086,10.0
LPLC2_L,1,DN_all_left,10110,6.0
LPLC2_L,1,DN_all_left,10532,1.0
LPLC2_L,1,DN_all_left,11237,1.0
LPLC2_L,1,DN_all_left,11249,1.0
LPLC2_L,1,DN_all_left,12085,1.0
LPLC2_L,1,DN_all_left,12839,1.0
LPLC2_L,1,DN_all_left,12883,99.0
LPLC2_L,1,DN_all_left,14132,1.0
LPLC2_L,1,DN_all_left,14329,1.0
LPLC2_L,1,DN_all_left,15020,2.0
LPLC2_L,1,DN_all_left,15054,1.0
LPLC2_L,1,DN_all_left,15782,1.0
LPLC2_L,1,DN_all_left,17045,1.0
LPLC2_L,1,DN_all_left,18428,6.0
LPLC2_L,1,DN_all_left,19578,2.0
LPLC2_L,1,DN_all_left,23287,1.0
LPLC2_L,1,DN_all_left,28642,5.0
LPLC2_L,1,DN_all_left,28804,20.0
LPLC2_L,1,DN_all_left,53674,9.0
LPLC2_L,1,DN_all_left,60324,23.0
LPLC2_L,1,DN_all_left,70432,3.0
LPLC2_L,1,DN_all_left,116552,6.0
LPLC2_L,1,DN_all_left,124448,47.0
LPLC2_L,1,DN_all_left,124813,2.0
LPLC2_L,1,DN_all_left,125112,1.0
LPLC2_L,1,DN_all_left,126100,68.0
LPLC2_L,1,DN_all_left,126526,1.0
LPLC2_L,1,DN_all_left,127958,22.0
LPLC2_L,1,DN_all_left,128725,6.0
LPLC2_L,1,DN_all_left,128862,25.0
LPLC2_L,1,DN_all_left,128890,152.0
LPLC2_L,1,DN_all_left,129107,3.0
LPLC2_L,1,DN_all_left,129520,1.0
LPLC2_L,1,DN_all_left,129654,22.0
LPLC2_L,1,DN_all_left,130077,18.0
LPLC2_L,1,DN_all_left,130496,15.0
LPLC2_L,1,DN_all_left,130618,3.0
LPLC2_L,1,DN_all_left,132535,20.0
LPLC2_L,1,DN_all_left,132582,1.0
LPLC2_L,1,DN_all_left,133364,2.0
LPLC2_L,1,DN_all_left,133740,239.0
LPLC2_L,1,DN_all_left,135657,46.0
LPLC2_L,1,DN_all_left,140885,1.0
LPLC2_L,1,DN_all_left,140913,1.0
LPLC2_L,1,DN_all_left,141026,147.0
LPLC2_L,1,DN_all_left,141033,2.0
LPLC2_L,1,DN_all_left,142108,95.0
LPLC2_L,1,DN_all_left,144939,1.0
LPLC2_L,1,DN_all_right,0,9.0
LPLC2_L,1,DN_all_right,25,134.0
LPLC2_L,1,DN_all_right,45,2.0
LPLC2_L,1,DN_all_right,48,2.0
LPLC2_L,1,DN_all_right,51,31.0
LPLC2_L,1,DN_all_right,52,261.0
LPLC2_L,1,DN_all_right,117,1.0
LPLC2_L,1,DN_all_right,137,5.0
LPLC2_L,1,DN_all_right,176,48.0
LPLC2_L,1,DN_all_right,194,6.0
LPLC2_L,1,DN_all_right,215,95.0
LPLC2_L,1,DN_all_right,216,77.0
LPLC2_L,1,DN_all_right,243,107.0
LPLC2_L,1,DN_all_right,259,1.0
LPLC2_L,1,DN_all_right,261,2.0
LPLC2_L,1,DN_all_right,274,118.0
LPLC2_L,1,DN_all_right,281,65.0
LPLC2_L,1,DN_all_right,290,76.0
LPLC2_L,1,DN_all_right,311,37.0
LPLC2_L,1,DN_all_right,317,106.0
LPLC2_L,1,DN_all_right,327,22.0
LPLC2_L,1,DN_all_right,378,45.0
LPLC2_L,1,DN_all_right,397,2.0
LPLC2_L,1,DN_all_right,428,12.0
LPLC2_L,1,DN_all_right,467,24.0
LPLC2_L,1,DN_all_right,505,29.0
LPLC2_L,1,DN_all_right,545,8.0
LPLC2_L,1,DN_all_right,620,2.0
LPLC2_L,1,DN_all_right,654,5.0
LPLC2_L,1,DN_all_right,667,1.0
LPLC2_L,1,DN_all_right,703,6.0
LPLC2_L,1,DN_all_right,746,19.0
LPLC2_L,1,DN_all_right,762,97.0
LPLC2_L,1,DN_all_right,763,35.0
LPLC2_L,1,DN_all_right,777,54.0
LPLC2_L,1,DN_all_right,785,33.0
LPLC2_L,1,DN_all_right,794,8.0
LPLC2_L,1,DN_all_right,809,23.0
LPLC2_L,1,DN_all_right,828,6.0
LPLC2_L,1,DN_all_right,853,9.0
LPLC2_L,1,DN_all_right,854,1.0
LPLC2_L,1,DN_all_right,886,91.0
LPLC2_L,1,DN_all_right,894,132.0
LPLC2_L,1,DN_all_right,902,1.0
LPLC2_L,1,DN_all_right,911,1.0
LPLC2_L,1,DN_all_right,987,1.0
LPLC2_L,1,DN_all_right,1021,86.0
LPLC2_L,1,DN_all_right,1048,6.0
LPLC2_L,1,DN_all_right,1083,2.0
LPLC2_L,1,DN_all_right,1108,38.0
LPLC2_L,1,DN_all_right,1124,61.0
LPLC2_L,1,DN_all_right,1150,5.0
LPLC2_L,1,DN_all_right,1165,53.0
LPLC2_L,1,DN_all_right,1166,1.0
LPLC2_L,1,DN_all_right,1168,2.0
LPLC2_L,1,DN_all_right,1210,33.0
LPLC2_L,1,DN_all_right,1218,4.0
LPLC2_L,1,DN_all_right,1222,1.0
LPLC2_L,1,DN_all_right,1242,5.0
LPLC2_L,1,DN_all_right,1269,46.0
LPLC2_L,1,DN_all_right,1277,105.0
LPLC2_L,1,DN_all_right,1315,15.0
LPLC2_L,1,DN_all_right,1384,1.0
LPLC2_L,1,DN_all_right,1405,2.0
LPLC2_L,1,DN_all_right,1457,42.0
LPLC2_L,1,DN_all_right,1468,2.0
LPLC2_L,1,DN_all_right,1492,32.0
LPLC2_L,1,DN_all_right,1502,48.0
LPLC2_L,1,DN_all_right,1575,11.0
LPLC2_L,1,DN_all_right,1581,2.0
LPLC2_L,1,DN_all_right,1593,39.0
LPLC2_L,1,DN_all_right,1621,2.0
LPLC2_L,1,DN_all_right,1648,31.0
LPLC2_L,1,DN_all_right,1653,3.0
LPLC2_L,1,DN_all_right,1699,51.0
LPLC2_L,1,DN_all_right,1708,6.0
LPLC2_L,1,DN_all_right,1789,5.0
LPLC2_L,1,DN_all_right,1804,77.0
LPLC2_L,1,DN_all_right,1837,2.0
LPLC2_L,1,DN_all_right,1954,45.0
LPLC2_L,1,DN_all_right,1965,1.0
LPLC2_L,1,DN_all_right,1995,4.0
LPLC2_L,1,DN_all_right,2033,10.0
LPLC2_L,1,DN_all_right,2037,1.0
LPLC2_L,1,DN_all_right,2070,54.0
LPLC2_L,1,DN_all_right,2079,55.0
LPLC2_L,1,DN_all_right,2094,22.0
LPLC2_L,1,DN_all_right,2238,2.0
LPLC2_L,1,DN_all_right,2289,1.0
LPLC2_L,1,DN_all_right,2325,4.0
LPLC2_L,1,DN_all_right,2331,5.0
LPLC2_L,1,DN_all_right,2332,13.0
LPLC2_L,1,DN_all_right,2350,49.0
LPLC2_L,1,DN_all_right,2420,1.0
LPLC2_L,1,DN_all_right,2433,9.0
LPLC2_L,1,DN_all_right,2458,7.0
LPLC2_L,1,DN_all_right,2529,39.0
LPLC2_L,1,DN_all_right,2600,118.0
LPLC2_L,1,DN_all_right,2606,47.0
LPLC2_L,1,DN_all_right,2607,105.0
LPLC2_L,1,DN_all_right,2613,17.0
LPLC2_L,1,DN_all_right,2636,22.0
LPLC2_L,1,DN_all_right,2639,1.0
LPLC2_L,1,DN_all_right,2752,1.0
LPLC2_L,1,DN_all_right,2841,1.0
LPLC2_L,1,DN_all_right,2985,1.0
LPLC2_L,1,DN_all_right,3020,56.0
LPLC2_L,1,DN_all_right,3059,7.0
LPLC2_L,1,DN_all_right,3067,1.0
LPLC2_L,1,DN_all_right,3132,45.0
LPLC2_L,1,DN_all_right,3149,1.0
LPLC2_L,1,DN_all_right,3220,194.0
LPLC2_L,1,DN_all_right,3278,2.0
LPLC2_L,1,DN_all_right,3348,52.0
LPLC2_L,1,DN_all_right,3374,24.0
LPLC2_L,1,DN_all_right,3383,18.0
LPLC2_L,1,DN_all_right,3403,2.0
LPLC2_L,1,DN_all_right,3406,1.0
LPLC2_L,1,DN_all_right,3437,30.0
LPLC2_L,1,DN_all_right,3491,2.0
LPLC2_L,1,DN_all_right,3593,18.0
LPLC2_L,1,DN_all_right,3625,2.0
LPLC2_L,1,DN_all_right,3654,24.0
LPLC2_L,1,DN_all_right,3694,10.0
LPLC2_L,1,DN_all_right,3754,49.0
LPLC2_L,1,DN_all_right,3853,3.0
LPLC2_L,1,DN_all_right,3865,1.0
LPLC2_L,1,DN_all_right,3945,53.0
LPLC2_L,1,DN_all_right,3960,38.0
LPLC2_L,1,DN_all_right,3973,3.0
LPLC2_L,1,DN_all_right,3997,27.0
LPLC2_L,1,DN_all_right,4020,54.0
LPLC2_L,1,DN_all_right,4078,2.0
LPLC2_L,1,DN_all_right,4098,87.0
LPLC2_L,1,DN_all_right,4479,1.0
LPLC2_L,1,DN_all_right,4514,18.0
LPLC2_L,1,DN_all_right,4641,44.0
LPLC2_L,1,DN_all_right,4645,38.0
LPLC2_L,1,DN_all_right,4801,1.0
LPLC2_L,1,DN_all_right,5027,2.0
LPLC2_L,1,DN_all_right,5124,40.0
LPLC2_L,1,DN_all_right,5348,1.0
LPLC2_L,1,DN_all_right,5381,34.0
LPLC2_L,1,DN_all_right,5390,1.0
LPLC2_L,1,DN_all_right,5458,44.0
LPLC2_L,1,DN_all_right,5739,2.0
LPLC2_L,1,DN_all_right,5841,2.0
LPLC2_L,1,DN_all_right,6169,2.0
LPLC2_L,1,DN_all_right,6278,27.0
LPLC2_L,1,DN_all_right,6570,27.0
LPLC2_L,1,DN_all_right,7801,3.0
LPLC2_L,1,DN_all_right,7850,2.0
LPLC2_L,1,DN_all_right,9254,106.0
LPLC2_L,1,DN_all_right,9458,129.0
LPLC2_L,1,DN_all_right,9662,66.0
LPLC2_L,1,DN_all_right,9780,86.0
LPLC2_L,1,DN_all_right,9912,49.0
LPLC2_L,1,DN_all_right,10368,1.0
LPLC2_L,1,DN_all_right,11239,1.0
LPLC2_L,1,DN_all_right,11504,28.0
LPLC2_L,1,DN_all_right,12336,1.0
LPLC2_L,1,DN_all_right,12572,1.0
LPLC2_L,1,DN_all_right,14496,1.0
LPLC2_L,1,DN_all_right,15566,8.0
LPLC2_L,1,DN_all_right,15893,30.0
LPLC2_L,1,DN_all_right,18221,1.0
LPLC2_L,1,DN_all_right,19450,1.0
LPLC2_L,1,DN_all_right,23535,1.0
LPLC2_L,1,DN_all_right,27054,8.0
LPLC2_L,1,DN_all_right,27532,1.0
LPLC2_L,1,DN_all_right,32032,3.0
LPLC2_L,1,DN_all_right,47173,1.0
LPLC2_L,1,DN_all_right,50694,13.0
LPLC2_L,1,DN_all_right,63360,8.0
LPLC2_L,1,DN_all_right,72835,14.0
LPLC2_L,1,DN_all_right,117981,34.0
LPLC2_L,1,DN_all_right,121642,1.0
LPLC2_L,1,DN_all_right,122432,8.0
LPLC2_L,1,DN_all_right,124419,37.0
LPLC2_L,1,DN_all_right,124541,70.0
LPLC2_L,1,DN_all_right,125376,16.0
LPLC2_L,1,DN_all_right,125430,1.0
LPLC2_L,1,DN_all_right,125617,3.0
LPLC2_L,1,DN_all_right,126404,38.0
LPLC2_L,1,DN_all_right,126772,2.0
LPLC2_L,1,DN_all_right,127734,1.0
LPLC2_L,1,DN_all_right,128032,68.0
LPLC2_L,1,DN_all_right,128692,149.0
LPLC2_L,1,DN_all_right,128892,11.0
LPLC2_L,1,DN_all_right,129301,3.0
LPLC2_L,1,DN_all_right,129659,32.0
LPLC2_L,1,DN_all_right,129688,1.0
LPLC2_L,1,DN_all_right,129718,2.0
LPLC2_L,1,DN_all_right,129873,1.0
LPLC2_L,1,DN_all_right,130847,32.0
LPLC2_L,1,DN_all_right,130858,3.0
LPLC2_L,1,DN_all_right,131136,149.0
LPLC2_L,1,DN_all_right,131434,28.0
LPLC2_L,1,DN_all_right,131504,1.0
LPLC2_L,1,DN_all_right,133544,23.0
LPLC2_L,1,DN_all_right,140980,2.0
LPLC2_L,1,DN_all_right,141735,71.0
LPLC2_L,1,DN_all_right,143416,140.0
LPLC2_L,1,DN_all_right,143432,64.0
LPLC2_L,1,DN_all_right,144269,42.0
LPLC2_L,1,DN_all_right,145368,2.0
LPLC2_L,1,DN_all_right,161396,58.0
LPLC2_L,1,DN_all_right,162540,2.0
LPLC2_L,1,MN_all_left,111304,2.0
LPLC2_L,1,MN_all_left,142836,138.0
LPLC2_L,1,MN_all_left,142922,15.0
LPLC2_L,1,MN_all_left,142929,7.0
LPLC2_L,1,MN_all_left,142964,24.0
LPLC2_L,1,MN_all_left,143064,92.0
LPLC2_L,1,MN_all_left,143088,96.0
LPLC2_L,1,MN_all_left,143139,7.0
LPLC2_L,1,MN_all_left,143160,87.0
LPLC2_L,1,MN_all_left,143221,53.0
LPLC2_L,1,MN_all_left,143222,39.0
LPLC2_L,1,MN_all_left,143231,2.0
LPLC2_L,1,MN_all_left,143243,21.0
LPLC2_L,1,MN_all_left,143252,26.0
LPLC2_L,1,MN_all_left,143259,26.0
LPLC2_L,1,MN_all_left,143281,2.0
LPLC2_L,1,MN_all_left,143322,40.0
LPLC2_L,1,MN_all_left,143418,3.0
LPLC2_L,1,MN_all_left,143421,62.0
LPLC2_L,1,MN_all_left,143445,50.0
LPLC2_L,1,MN_all_left,143464,31.0
LPLC2_L,1,MN_all_left,143478,2.0
LPLC2_L,1,MN_all_left,143539,1.0
LPLC2_L,1,MN_all_left,143540,1.0
LPLC2_L,1,MN_all_left,143626,10.0
LPLC2_L,1,MN_all_left,143654,105.0
LPLC2_L,1,MN_all_left,143664,19.0
LPLC2_L,1,MN_all_left,143690,105.0
LPLC2_L,1,MN_all_left,143700,27.0
LPLC2_L,1,MN_all_left,143751,45.0
LPLC2_L,1,MN_all_left,143760,10.0
LPLC2_L,1,MN_all_left,143766,1.0
LPLC2_L,1,MN_all_left,143773,4.0
LPLC2_L,1,MN_all_left,143860,4.0
LPLC2_L,1,MN_all_left,143901,19.0
LPLC2_L,1,MN_all_left,143949,49.0
LPLC2_L,1,MN_all_left,144071,44.0
LPLC2_L,1,MN_all_left,144086,85.0
LPLC2_L,1,MN_all_left,144111,1.0
LPLC2_L,1,MN_all_left,144209,58.0
LPLC2_L,1,MN_all_left,144234,62.0
LPLC2_L,1,MN_all_left,144248,1.0
LPLC2_L,1,MN_all_left,144265,61.0
LPLC2_L,1,MN_all_left,144290,2.0
LPLC2_L,1,MN_all_left,144377,3.0
LPLC2_L,1,MN_all_left,144382,62.0
LPLC2_L,1,MN_all_left,144400,48.0
LPLC2_L,1,MN_all_left,144439,19.0
LPLC2_L,1,MN_all_left,144450,4.0
LPLC2_L,1,MN_all_left,144457,20.0
LPLC2_L,1,MN_all_left,144465,15.0
LPLC2_L,1,MN_all_left,144494,1.0
LPLC2_L,1,MN_all_left,144538,3.0
LPLC2_L,1,MN_all_left,144576,26.0
LPLC2_L,1,MN_all_left,144578,13.0
LPLC2_L,1,MN_all_left,144584,59.0
LPLC2_L,1,MN_all_left,144821,93.0
LPLC2_L,1,MN_all_left,144860,5.0
LPLC2_L,1,MN_all_left,144897,12.0
LPLC2_L,1,MN_all_left,144964,25.0
LPLC2_L,1,MN_all_left,144974,78.0
LPLC2_L,1,MN_all_left,144997,12.0
LPLC2_L,1,MN_all_left,145034,31.0
LPLC2_L,1,MN_all_left,145063,27.0
LPLC2_L,1,MN_all_left,145081,71.0
LPLC2_L,1,MN_all_left,145109,36.0
LPLC2_L,1,MN_all_left,145142,1.0
LPLC2_L,1,MN_all_left,145198,43.0
LPLC2_L,1,MN_all_left,145274,52.0
LPLC2_L,1,MN_all_left,145303,29.0
LPLC2_L,1,MN_all_left,145351,44.0
LPLC2_L,1,MN_all_left,145382,1.0
LPLC2_L,1,MN_all_left,145405,15.0
LPLC2_L,1,MN_all_left,145438,58.0
LPLC2_L,1,MN_all_left,145476,18.0
LPLC2_L,1,MN_all_left,145483,17.0
LPLC2_L,1,MN_all_left,145660,2.0
LPLC2_L,1,MN_all_left,145672,8.0
LPLC2_L,1,MN_all_left,145732,4.0
LPLC2_L,1,MN_all_left,145766,6.0
LPLC2_L,1,MN_all_left,145796,91.0
LPLC2_L,1,MN_all_left,145805,25.0
LPLC2_L,1,MN_all_left,145878,12.0
LPLC2_L,1,MN_all_left,145900,24.0
LPLC2_L,1,MN_all_left,145911,71.0
LPLC2_L,1,MN_all_left,145918,1.0
LPLC2_L,1,MN_all_left,145975,39.0
LPLC2_L,1,MN_all_left,146072,16.0
LPLC2_L,1,MN_all_left,146085,1.0
LPLC2_L,1,MN_all_left,146107,56.0
LPLC2_L,1,MN_all_left,146233,24.0
LPLC2_L,1,MN_all_left,146333,11.0
LPLC2_L,1,MN_all_left,146441,1.0
LPLC2_L,1,MN_all_left,146494,2.0
LPLC2_L,1,MN_all_left,146507,11.0
LPLC2_L,1,MN_all_left,146556,5.0
LPLC2_L,1,MN_all_left,146571,8.0
LPLC2_L,1,MN_all_left,146590,4.0
LPLC2_L,1,MN_all_left,146748,86.0
LPLC2_L,1,MN_all_left,146821,1.0
LPLC2_L,1,MN_all_left,147006,18.0
LPLC2_L,1,MN_all_left,147111,3.0
LPLC2_L,1,MN_all_left,147153,92.0
LPLC2_L,1,MN_all_left,147241,30.0
LPLC2_L,1,MN_all_left,147254,6.0
LPLC2_L,1,MN_all_left,147272,3.0
LPLC2_L,1,MN_all_left,147311,7.0
LPLC2_L,1,MN_all_left,147444,15.0
LPLC2_L,1,MN_all_left,147449,7.0
LPLC2_L,1,MN_all_left,147492,29.0
LPLC2_L,1,MN_all_left,147569,6.0
LPLC2_L,1,MN_all_left,147690,38.0
LPLC2_L,1,MN_all_left,147730,34.0
LPLC2_L,1,MN_all_left,147938,1.0
LPLC2_L,1,MN_all_left,147977,1.0
LPLC2_L,1,MN_all_left,148076,1.0
LPLC2_L,1,MN_all_left,148126,42.0
LPLC2_L,1,MN_all_left,148144,3.0
LPLC2_L,1,MN_all_left,148349,4.0
LPLC2_L,1,MN_all_left,148397,7.0
LPLC2_L,1,MN_all_left,148408,18.0
LPLC2_L,1,MN_all_left,148537,49.0
LPLC2_L,1,MN_all_left,148589,53.0
LPLC2_L,1,MN_all_left,148779,1.0
LPLC2_L,1,MN_all_left,148852,1.0
LPLC2_L,1,MN_all_left,148953,74.0
LPLC2_L,1,MN_all_left,148964,1.0
LPLC2_L,1,MN_all_left,149101,1.0
LPLC2_L,1,MN_all_left,149298,8.0
LPLC2_L,1,MN_all_left,149557,2.0
LPLC2_L,1,MN_all_left,149592,24.0
LPLC2_L,1,MN_all_left,149636,3.0
LPLC2_L,1,MN_all_left,149722,1.0
LPLC2_L,1,MN_all_left,150276,32.0
LPLC2_L,1,MN_all_left,150280,43.0
LPLC2_L,1,MN_all_left,150354,3.0
LPLC2_L,1,MN_all_left,150850,15.0
LPLC2_L,1,MN_all_left,150864,30.0
LPLC2_L,1,MN_all_left,151089,20.0
LPLC2_L,1,MN_all_left,151228,3.0
LPLC2_L,1,MN_all_left,151305,1.0
LPLC2_L,1,MN_all_left,151708,1.0
LPLC2_L,1,MN_all_left,152375,37.0
LPLC2_L,1,MN_all_left,152535,22.0
LPLC2_L,1,MN_all_left,152793,2.0
LPLC2_L,1,MN_all_left,153181,1.0
LPLC2_L,1,MN_all_left,154142,32.0
LPLC2_L,1,MN_all_left,154315,74.0
LPLC2_L,1,MN_all_left,154353,1.0
LPLC2_L,1,MN_all_left,154887,55.0
LPLC2_L,1,MN_all_left,154980,37.0
LPLC2_L,1,MN_all_left,155786,1.0
LPLC2_L,1,MN_all_left,156377,1.0
LPLC2_L,1,MN_all_left,156971,1.0
LPLC2_L,1,MN_all_left,158106,1.0
LPLC2_L,1,MN_all_left,158328,2.0
LPLC2_L,1,MN_all_left,158478,5.0
LPLC2_L,1,MN_all_left,158556,5.0
LPLC2_L,1,MN_all_left,158604,56.0
LPLC2_L,1,MN_all_left,159019,3.0
LPLC2_L,1,MN_all_left,159087,16.0
LPLC2_L,1,MN_all_left,159285,39.0
LPLC2_L,1,MN_all_left,159287,2.0
LPLC2_L,1,MN_all_left,159288,3.0
LPLC2_L,1,MN_all_left,159488,45.0
LPLC2_L,1,MN_all_left,159489,57.0
LPLC2_L,1,MN_all_left,159777,20.0
LPLC2_L,1,MN_all_left,159993,12.0
LPLC2_L,1,MN_all_left,160070,1.0
LPLC2_L,1,MN_all_left,160137,14.0
LPLC2_L,1,MN_all_left,160430,3.0
LPLC2_L,1,MN_all_left,160448,83.0
LPLC2_L,1,MN_all_left,160854,20.0
LPLC2_L,1,MN_all_left,161187,5.0
LPLC2_L,1,MN_all_left,162458,4.0
LPLC2_L,1,MN_all_left,162557,25.0
LPLC2_L,1,MN_all_left,162657,1.0
LPLC2_L,1,MN_all_left,162782,106.0
LPLC2_L,1,MN_all_left,162796,101.0
LPLC2_L,1,MN_all_left,162914,25.0
LPLC2_L,1,MN_all_left,164726,1.0
LPLC2_L,1,MN_all_right,142834,113.0
LPLC2_L,1,MN_all_right,142900,12.0
LPLC2_L,1,MN_all_right,142911,3.0
LPLC2_L,1,MN_all_right,142932,12.0
LPLC2_L,1,MN_all_right,142956,21.0
LPLC2_L,1,MN_all_right,143136,40.0
LPLC2_L,1,MN_all_right,143140,2.0
LPLC2_L,1,MN_all_right,143200,1.0
LPLC2_L,1,MN_all_right,143217,84.0
LPLC2_L,1,MN_all_right,143244,3.0
LPLC2_L,1,MN_all_right,143260,91.0
LPLC2_L,1,MN_all_right,143304,9.0
LPLC2_L,1,MN_all_right,143341,2.0
LPLC2_L,1,MN_all_right,143362,9.0
LPLC2_L,1,MN_all_right,143454,6.0
LPLC2_L,1,MN_all_right,143460,1.0
LPLC2_L,1,MN_all_right,143467,20.0
LPLC2_L,1,MN_all_right,143498,4.0
LPLC2_L,1,MN_all_right,143566,54.0
LPLC2_L,1,MN_all_right,143567,51.0
LPLC2_L,1,MN_all_right,143581,69.0
LPLC2_L,1,MN_all_right,143589,1.0
LPLC2_L,1,MN_all_right,143635,5.0
LPLC2_L,1,MN_all_right,143643,2.0
LPLC2_L,1,MN_all_right,143728,20.0
LPLC2_L,1,MN_all_right,143754,66.0
LPLC2_L,1,MN_all_right,143786,76.0
LPLC2_L,1,MN_all_right,143796,3.0
LPLC2_L,1,MN_all_right,143828,8.0
LPLC2_L,1,MN_all_right,143830,52.0
LPLC2_L,1,MN_all_right,143884,1.0
LPLC2_L,1,MN_all_right,143900,71.0
LPLC2_L,1,MN_all_right,144043,7.0
LPLC2_L,1,MN_all_right,144076,28.0
LPLC2_L,1,MN_all_right,144107,10.0
LPLC2_L,1,MN_all_right,144149,79.0
LPLC2_L,1,MN_all_right,144152,97.0
LPLC2_L,1,MN_all_right,144158,35.0
LPLC2_L,1,MN_all_right,144211,2.0
LPLC2_L,1,MN_all_right,144246,53.0
LPLC2_L,1,MN_all_right,144285,64.0
LPLC2_L,1,MN_all_right,144338,37.0
LPLC2_L,1,MN_all_right,144370,24.0
LPLC2_L,1,MN_all_right,144391,28.0
LPLC2_L,1,MN_all_right,144392,1.0
LPLC2_L,1,MN_all_right,144429,16.0
LPLC2_L,1,MN_all_right,144466,74.0
LPLC2_L,1,MN_all_right,144516,4.0
LPLC2_L,1,MN_all_right,144652,1.0
LPLC2_L,1,MN_all_right,144664,11.0
LPLC2_L,1,MN_all_right,144682,16.0
LPLC2_L,1,MN_all_right,144790,2.0
LPLC2_L,1,MN_all_right,144899,21.0
LPLC2_L,1,MN_all_right,144918,6.0
LPLC2_L,1,MN_all_right,144952,94.0
LPLC2_L,1,MN_all_right,144987,64.0
LPLC2_L,1,MN_all_right,145007,65.0
LPLC2_L,1,MN_all_right,145064,39.0
LPLC2_L,1,MN_all_right,145083,3.0
LPLC2_L,1,MN_all_right,145127,91.0
LPLC2_L,1,MN_all_right,145221,73.0
LPLC2_L,1,MN_all_right,145278,28.0
LPLC2_L,1,MN_all_right,145327,34.0
LPLC2_L,1,MN_all_right,145458,2.0
LPLC2_L,1,MN_all_right,145461,34.0
LPLC2_L,1,MN_all_right,145492,78.0
LPLC2_L,1,MN_all_right,145559,7.0
LPLC2_L,1,MN_all_right,145568,2.0
LPLC2_L,1,MN_all_right,145576,20.0
LPLC2_L,1,MN_all_right,145581,2.0
LPLC2_L,1,MN_all_right,145592,53.0
LPLC2_L,1,MN_all_right,145621,1.0
LPLC2_L,1,MN_all_right,145653,48.0
LPLC2_L,1,MN_all_right,145721,1.0
LPLC2_L,1,MN_all_right,145738,6.0
LPLC2_L,1,MN_all_right,145832,54.0
LPLC2_L,1,MN_all_right,145953,5.0
LPLC2_L,1,MN_all_right,145960,35.0
LPLC2_L,1,MN_all_right,146130,28.0
LPLC2_L,1,MN_all_right,146173,47.0
LPLC2_L,1,MN_all_right,146318,57.0
LPLC2_L,1,MN_all_right,146627,1.0
LPLC2_L,1,MN_all_right,146668,35.0
LPLC2_L,1,MN_all_right,146701,3.0
LPLC2_L,1,MN_all_right,146725,44.0
LPLC2_L,1,MN_all_right,146868,16.0
LPLC2_L,1,MN_all_right,146879,3.0
LPLC2_L,1,MN_all_right,147037,29.0
LPLC2_L,1,MN_all_right,147094,17.0
LPLC2_L,1,MN_all_right,147184,2.0
LPLC2_L,1,MN_all_right,147267,9.0
LPLC2_L,1,MN_all_right,147470,16.0
LPLC2_L,1,MN_all_right,147519,38.0
LPLC2_L,1,MN_all_right,147543,49.0
LPLC2_L,1,MN_all_right,147559,41.0
LPLC2_L,1,MN_all_right,147606,1.0
LPLC2_L,1,MN_all_right,147646,38.0
LPLC2_L,1,MN_all_right,147672,27.0
LPLC2_L,1,MN_all_right,147794,35.0
LPLC2_L,1,MN_all_right,147905,7.0
LPLC2_L,1,MN_all_right,147957,6.0
LPLC2_L,1,MN_all_right,148001,7.0
LPLC2_L,1,MN_all_right,148017,25.0
LPLC2_L,1,MN_all_right,148201,9.0
LPLC2_L,1,MN_all_right,148237,5.0
LPLC2_L,1,MN_all_right,148293,6.0
LPLC2_L,1,MN_all_right,148422,52.0
LPLC2_L,1,MN_all_right,148611,49.0
LPLC2_L,1,MN_all_right,148616,2.0
LPLC2_L,1,MN_all_right,148760,1.0
LPLC2_L,1,MN_all_right,148816,31.0
LPLC2_L,1,MN_all_right,148823,39.0
LPLC2_L,1,MN_all_right,148863,2.0
LPLC2_L,1,MN_all_right,148879,6.0
LPLC2_L,1,MN_all_right,148985,2.0
LPLC2_L,1,MN_all_right,149056,83.0
LPLC2_L,1,MN_all_right,149209,2.0
LPLC2_L,1,MN_all_right,149234,3.0
LPLC2_L,1,MN_all_right,149327,57.0
LPLC2_L,1,MN_all_right,149498,25.0
LPLC2_L,1,MN_all_right,149809,2.0
LPLC2_L,1,MN_all_right,149895,23.0
LPLC2_L,1,MN_all_right,149996,2.0
LPLC2_L,1,MN_all_right,150019,48.0
LPLC2_L,1,MN_all_right,150152,1.0
LPLC2_L,1,MN_all_right,150204,2.0
LPLC2_L,1,MN_all_right,150362,23.0
LPLC2_L,1,MN_all_right,150676,21.0
LPLC2_L,1,MN_all_right,150738,3.0
LPLC2_L,1,MN_all_right,150989,21.0
LPLC2_L,1,MN_all_right,152104,4.0
LPLC2_L,1,MN_all_right,152528,35.0
LPLC2_L,1,MN_all_right,153000,1.0
LPLC2_L,1,MN_all_right,153409,59.0
LPLC2_L,1,MN_all_right,153686,2.0
LPLC2_L,1,MN_all_right,154055,31.0
LPLC2_L,1,MN_all_right,154732,33.0
LPLC2_L,1,MN_all_right,154941,70.0
LPLC2_L,1,MN_all_right,155213,1.0
LPLC2_L,1,MN_all_right,156171,1.0
LPLC2_L,1,MN_all_right,156301,3.0
LPLC2_L,1,MN_all_right,156514,5.0
LPLC2_L,1,MN_all_right,157875,2.0
LPLC2_L,1,MN_all_right,158193,32.0
LPLC2_L,1,MN_all_right,158204,9.0
LPLC2_L,1,MN_all_right,158546,59.0
LPLC2_L,1,MN_all_right,158670,23.0
LPLC2_L,1,MN_all_right,158812,3.0
LPLC2_L,1,MN_all_right,159157,4.0
LPLC2_L,1,MN_all_right,159225,15.0
LPLC2_L,1,MN_all_right,159253,45.0
LPLC2_L,1,MN_all_right,159477,5.0
LPLC2_L,1,MN_all_right,159478,3.0
LPLC2_L,1,MN_all_right,159546,1.0
LPLC2_L,1,MN_all_right,159896,24.0
LPLC2_L,1,MN_all_right,160165,22.0
LPLC2_L,1,MN_all_right,160191,3.0
LPLC2_L,1,MN_all_right,160211,1.0
LPLC2_L,1,MN_all_right,160245,34.0
LPLC2_L,1,MN_all_right,160271,34.0
LPLC2_L,1,MN_all_right,160307,2.0
LPLC2_L,1,MN_all_right,160329,30.0
LPLC2_L,1,MN_all_right,160551,36.0
LPLC2_L,1,MN_all_right,161306,2.0
LPLC2_L,1,MN_all_right,161362,1.0
LPLC2_L,1,MN_all_right,161523,13.0
LPLC2_L,1,MN_all_right,162256,2.0
LPLC2_L,1,MN_all_right,162556,28.0
LPLC2_L,1,MN_all_right,162677,18.0
LPLC2_L,1,MN_all_right,162781,78.0
LPLC2_L,1,MN_all_right,164606,69.0
LPLC2_L,1,MN_all_right,164614,83.0
LPLC2_L,1,MN_all_right,164616,60.0
LPLC2_L,1,MN_all_right,164623,11.0
LPLC2_L,2,DN_all_left,6,235.0
LPLC2_L,2,DN_all_left,78,60.0
LPLC2_L,2,DN_all_left,104,249.0
LPLC2_L,2,DN_all_left,109,75.0
LPLC2_L,2,DN_all_left,129,39.0
LPLC2_L,2,DN_all_left,144,20.0
LPLC2_L,2,DN_all_left,146,1.0
LPLC2_L,2,DN_all_left,147,1.0
LPLC2_L,2,DN_all_left,204,208.0
LPLC2_L,2,DN_all_left,207,105.0
LPLC2_L,2,DN_all_left,213,1.0
LPLC2_L,2,DN_all_left,223,58.0
LPLC2_L,2,DN_all_left,226,4.0
LPLC2_L,2,DN_all_left,228,102.0
LPLC2_L,2,DN_all_left,252,4.0
LPLC2_L,2,DN_all_left,264,114.0
LPLC2_L,2,DN_all_left,273,104.0
LPLC2_L,2,DN_all_left,316,59.0
LPLC2_L,2,DN_all_left,333,165.0
LPLC2_L,2,DN_all_left,349,140.0
LPLC2_L,2,DN_all_left,363,83.0
LPLC2_L,2,DN_all_left,384,240.0
LPLC2_L,2,DN_all_left,391,1.0
LPLC2_L,2,DN_all_left,410,26.0
LPLC2_L,2,DN_all_left,413,145.0
LPLC2_L,2,DN_all_left,433,2.0
LPLC2_L,2,DN_all_left,446,3.0
LPLC2_L,2,DN_all_left,482,2.0
LPLC2_L,2,DN_all_left,489,9.0
LPLC2_L,2,DN_all_left,514,38.0
LPLC2_L,2,DN_all_left,523,2.0
LPLC2_L,2,DN_all_left,541,7.0
LPLC2_L,2,DN_all_left,543,4.0
LPLC2_L,2,DN_all_left,603,1.0
LPLC2_L,2,DN_all_left,614,1.0
LPLC2_L,2,DN_all_left,628,1.0
LPLC2_L,2,DN_all_left,632,12.0
LPLC2_L,2,DN_all_left,656,76.0
LPLC2_L,2,DN_all_left,673,50.0
LPLC2_L,2,DN_all_left,675,42.0
LPLC2_L,2,DN_all_left,681,1.0
LPLC2_L,2,DN_all_left,687,15.0
LPLC2_L,2,DN_all_left,741,38.0
LPLC2_L,2,DN_all_left,773,46.0
LPLC2_L,2,DN_all_left,781,1.0
LPLC2_L,2,DN_all_left,783,4.0
LPLC2_L,2,DN_all_left,791,2.0
LPLC2_L,2,DN_all_left,861,42.0
LPLC2_L,2,DN_all_left,879,4.0
LPLC2_L,2,DN_all_left,906,25.0
LPLC2_L,2,DN_all_left,931,8.0
LPLC2_L,2,DN_all_left,953,1.0
LPLC2_L,2,DN_all_left,992,126.0
LPLC2_L,2,DN_all_left,993,28.0
LPLC2_L,2,DN_all_left,994,77.0
LPLC2_L,2,DN_all_left,1037,23.0
LPLC2_L,2,DN_all_left,1047,130.0
LPLC2_L,2,DN_all_left,1071,1.0
LPLC2_L,2,DN_all_left,1111,71.0
LPLC2_L,2,DN_all_left,1131,10.0
LPLC2_L,2,DN_all_left,1155,1.0
LPLC2_L,2,DN_all_left,1167,75.0
LPLC2_L,2,DN_all_left,1170,6.0
LPLC2_L,2,DN_all_left,1273,107.0
LPLC2_L,2,DN_all_left,1324,95.0
LPLC2_L,2,DN_all_left,1325,10.0
LPLC2_L,2,DN_all_left,1342,1.0
LPLC2_L,2,DN_all_left,1387,4.0
LPLC2_L,2,DN_all_left,1392,33.0
LPLC2_L,2,DN_all_left,1506,82.0
LPLC2_L,2,DN_all_left,1545,1.0
LPLC2_L,2,DN_all_left,1562,60.0
LPLC2_L,2,DN_all_left,1564,10.0
LPLC2_L,2,DN_all_left,1591,2.0
LPLC2_L,2,DN_all_left,1626,4.0
LPLC2_L,2,DN_all_left,1677,16.0
LPLC2_L,2,DN_all_left,1724,97.0
LPLC2_L,2,DN_all_left,1752,1.0
LPLC2_L,2,DN_all_left,1821,36.0
LPLC2_L,2,DN_all_left,1833,10.0
LPLC2_L,2,DN_all_left,1870,4.0
LPLC2_L,2,DN_all_left,1994,1.0
LPLC2_L,2,DN_all_left,1997,5.0
LPLC2_L,2,DN_all_left,2074,24.0
LPLC2_L,2,DN_all_left,2078,6.0
LPLC2_L,2,DN_all_left,2103,2.0
LPLC2_L,2,DN_all_left,2286,36.0
LPLC2_L,2,DN_all_left,2311,1.0
LPLC2_L,2,DN_all_left,2329,47.0
LPLC2_L,2,DN_all_left,2354,33.0
LPLC2_L,2,DN_all_left,2414,1.0
LPLC2_L,2,DN_all_left,2423,44.0
LPLC2_L,2,DN_all_left,2441,14.0
LPLC2_L,2,DN_all_left,2449,3.0
LPLC2_L,2,DN_all_left,2451,115.0
LPLC2_L,2,DN_all_left,2465,63.0
LPLC2_L,2,DN_all_left,2475,1.0
LPLC2_L,2,DN_all_left,2583,53.0
LPLC2_L,2,DN_all_left,2588,16.0
LPLC2_L,2,DN_all_left,2620,5.0
LPLC2_L,2,DN_all_left,2676,80.0
LPLC2_L,2,DN_all_left,2700,1.0
LPLC2_L,2,DN_all_left,2792,3.0
LPLC2_L,2,DN_all_left,2837,1.0
LPLC2_L,2,DN_all_left,2868,5.0
LPLC2_L,2,DN_all_left,3009,1.0
LPLC2_L,2,DN_all_left,3045,2.0
LPLC2_L,2,DN_all_left,3084,28.0
LPLC2_L,2,DN_all_left,3106,202.0
LPLC2_L,2,DN_all_left,3159,1.0
LPLC2_L,2,DN_all_left,3184,6.0
LPLC2_L,2,DN_all_left,3222,20.0
LPLC2_L,2,DN_all_left,3306,1.0
LPLC2_L,2,DN_all_left,3331,48.0
LPLC2_L,2,DN_all_left,3349,29.0
LPLC2_L,2,DN_all_left,3380,1.0
LPLC2_L,2,DN_all_left,3394,17.0
LPLC2_L,2,DN_all_left,3451,1.0
LPLC2_L,2,DN_all_left,3505,98.0
LPLC2_L,2,DN_all_left,3569,2.0
LPLC2_L,2,DN_all_left,3595,1.0
LPLC2_L,2,DN_all_left,3722,37.0
LPLC2_L,2,DN_all_left,3768,2.0
LPLC2_L,2,DN_all_left,3770,14.0
LPLC2_L,2,DN_all_left,3788,7.0
LPLC2_L,2,DN_all_left,3939,27.0
LPLC2_L,2,DN_all_left,3966,65.0
LPLC2_L,2,DN_all_left,4017,1.0
LPLC2_L,2,DN_all_left,4215,1.0
LPLC2_L,2,DN_all_left,4335,83.0
LPLC2_L,2,DN_all_left,4591,1.0
LPLC2_L,2,DN_all_left,4609,29.0
LPLC2_L,2,DN_all_left,4678,1.0
LPLC2_L,2,DN_all_left,4917,67.0
LPLC2_L,2,DN_all_left,5056,2.0
LPLC2_L,2,DN_all_left,5067,51.0
LPLC2_L,2,DN_all_left,5217,26.0
LPLC2_L,2,DN_all_left,5247,9.0
LPLC2_L,2,DN_all_left,5262,3.0
LPLC2_L,2,DN_all_left,5300,1.0
LPLC2_L,2,DN_all_left,5579,20.0
LPLC2_L,2,DN_all_left,5616,1.0
LPLC2_L,2,DN_all_left,5678,2.0
LPLC2_L,2,DN_all_left,5867,52.0
LPLC2_L,2,DN_all_left,5993,40.0
LPLC2_L,2,DN_all_left,6490,37.0
LPLC2_L,2,DN_all_left,6736,30.0
LPLC2_L,2,DN_all_left,6742,1.0
LPLC2_L,2,DN_all_left,8764,5.0
LPLC2_L,2,DN_all_left,8977,2.0
LPLC2_L,2,DN_all_left,9402,34.0
LPLC2_L,2,DN_all_left,10086,11.0
LPLC2_L,2,DN_all_left,10110,5.0
LPLC2_L,2,DN_all_left,10532,1.0
LPLC2_L,2,DN_all_left,11237,1.0
LPLC2_L,2,DN_all_left,11249,1.0
LPLC2_L,2,DN_all_left,12839,1.0
LPLC2_L,2,DN_all_left,12883,95.0
LPLC2_L,2,DN_all_left,13746,1.0
LPLC2_L,2,DN_all_left,14329,2.0
LPLC2_L,2,DN_all_left,15020,1.0
LPLC2_L,2,DN_all_left,15328,2.0
LPLC2_L,2,DN_all_left,15782,2.0
LPLC2_L,2,DN_all_left,17402,1.0
LPLC2_L,2,DN_all_left,18428,6.0
LPLC2_L,2,DN_all_left,19578,2.0
LPLC2_L,2,DN_all_left,21341,1.0
LPLC2_L,2,DN_all_left,22875,3.0
LPLC2_L,2,DN_all_left,23287,1.0
LPLC2_L,2,DN_all_left,28642,4.0
LPLC2_L,2,DN_all_left,28804,19.0
LPLC2_L,2,DN_all_left,53674,4.0
LPLC2_L,2,DN_all_left,60324,21.0
LPLC2_L,2,DN_all_left,70432,4.0
LPLC2_L,2,DN_all_left,110506,1.0
LPLC2_L,2,DN_all_left,116552,2.0
LPLC2_L,2,DN_all_left,124448,55.0
LPLC2_L,2,DN_all_left,124813,4.0
LPLC2_L,2,DN_all_left,125333,1.0
LPLC2_L,2,DN_all_left,126100,69.0
LPLC2_L,2,DN_all_left,126526,2.0
LPLC2_L,2,DN_all_left,127958,30.0
LPLC2_L,2,DN_all_left,128725,6.0
LPLC2_L,2,DN_all_left,128862,28.0
LPLC2_L,2,DN_all_left,128890,153.0
LPLC2_L,2,DN_all_left,128964,2.0
LPLC2_L,2,DN_all_left,129107,2.0
LPLC2_L,2,DN_all_left,129520,2.0
LPLC2_L,2,DN_all_left,129654,21.0
LPLC2_L,2,DN_all_left,130077,14.0
LPLC2_L,2,DN_all_left,130496,22.0
LPLC2_L,2,DN_all_left,130618,2.0
LPLC2_L,2,DN_all_left,132535,28.0
LPLC2_L,2,DN_all_left,132582,1.0
LPLC2_L,2,DN_all_left,133364,1.0
LPLC2_L,2,DN_all_left,133740,240.0
LPLC2_L,2,DN_all_left,135657,46.0
LPLC2_L,2,DN_all_left,139863,1.0
LPLC2_L,2,DN_all_left,140913,4.0
LPLC2_L,2,DN_all_left,141026,145.0
LPLC2_L,2,DN_all_left,141033,1.0
LPLC2_L,2,DN_all_left,142108,92.0
LPLC2_L,2,DN_all_left,142174,2.0
LPLC2_L,2,DN_all_left,144939,1.0
LPLC2_L,2,DN_all_right,0,8.0
LPLC2_L,2,DN_all_right,19,2.0
LPLC2_L,2,DN_all_right,25,140.0
LPLC2_L,2,DN_all_right,45,2.0
LPLC2_L,2,DN_all_right,48,3.0
LPLC2_L,2,DN_all_right,51,33.0
LPLC2_L,2,DN_all_right,52,262.0
LPLC2_L,2,DN_all_right,117,4.0
LPLC2_L,2,DN_all_right,137,4.0
LPLC2_L,2,DN_all_right,176,46.0
LPLC2_L,2,DN_all_right,194,4.0
LPLC2_L,2,DN_all_right,197,1.0
LPLC2_L,2,DN_all_right,215,94.0
LPLC2_L,2,DN_all_right,216,83.0
LPLC2_L,2,DN_all_right,243,107.0
LPLC2_L,2,DN_all_right,259,3.0
LPLC2_L,2,DN_all_right,261,2.0
LPLC2_L,2,DN_all_right,274,115.0
LPLC2_L,2,DN_all_right,281,61.0
LPLC2_L,2,DN_all_right,290,88.0
LPLC2_L,2,DN_all_right,311,31.0
LPLC2_L,2,DN_all_right,317,106.0
LPLC2_L,2,DN_all_right,327,25.0
LPLC2_L,2,DN_all_right,378,35.0
LPLC2_L,2,DN_all_right,424,1.0
LPLC2_L,2,DN_all_right,428,11.0
LPLC2_L,2,DN_all_right,467,24.0
LPLC2_L,2,DN_all_right,505,32.0
LPLC2_L,2,DN_all_right,545,6.0
LPLC2_L,2,DN_all_right,616,1.0
LPLC2_L,2,DN_all_right,620,5.0
LPLC2_L,2,DN_all_right,624,4.0
LPLC2_L,2,DN_all_right,654,4.0
LPLC2_L,2,DN_all_right,667,1.0
LPLC2_L,2,DN_all_right,703,12.0
LPLC2_L,2,DN_all_right,706,1.0
LPLC2_L,2,DN_all_right,746,20.0
LPLC2_L,2,DN_all_right,762,96.0
LPLC2_L,2,DN_all_right,763,32.0
LPLC2_L,2,DN_all_right,777,42.0
LPLC2_L,2,DN_all_right,785,29.0
LPLC2_L,2,DN_all_right,794,3.0
LPLC2_L,2,DN_all_right,809,23.0
LPLC2_L,2,DN_all_right,828,6.0
LPLC2_L,2,DN_all_right,853,7.0
LPLC2_L,2,DN_all_right,854,3.0
LPLC2_L,2,DN_all_right,886,88.0
LPLC2_L,2,DN_all_right,894,128.0
LPLC2_L,2,DN_all_right,911,2.0
LPLC2_L,2,DN_all_right,987,2.0
LPLC2_L,2,DN_all_right,1021,90.0
LPLC2_L,2,DN_all_right,1048,5.0
LPLC2_L,2,DN_all_right,1108,41.0
LPLC2_L,2,DN_all_right,1124,72.0
LPLC2_L,2,DN_all_right,1150,2.0
LPLC2_L,2,DN_all_right,1165,42.0
LPLC2_L,2,DN_all_right,1166,1.0
LPLC2_L,2,DN_all_right,1168,1.0
LPLC2_L,2,DN_all_right,1210,41.0
LPLC2_L,2,DN_all_right,1218,4.0
LPLC2_L,2,DN_all_right,1242,5.0
LPLC2_L,2,DN_all_right,1269,49.0
LPLC2_L,2,DN_all_right,1277,102.0
LPLC2_L,2,DN_all_right,1315,23.0
LPLC2_L,2,DN_all_right,1329,2.0
LPLC2_L,2,DN_all_right,1384,1.0
LPLC2_L,2,DN_all_right,1400,1.0
LPLC2_L,2,DN_all_right,1457,26.0
LPLC2_L,2,DN_all_right,1468,1.0
LPLC2_L,2,DN_all_right,1492,35.0
LPLC2_L,2,DN_all_right,1502,38.0
LPLC2_L,2,DN_all_right,1575,7.0
LPLC2_L,2,DN_all_right,1581,1.0
LPLC2_L,2,DN_all_right,1593,39.0
LPLC2_L,2,DN_all_right,1648,29.0
LPLC2_L,2,DN_all_right,1653,5.0
LPLC2_L,2,DN_all_right,1699,52.0
LPLC2_L,2,DN_all_right,1708,6.0
LPLC2_L,2,DN_all_right,1748,1.0
LPLC2_L,2,DN_all_right,1756,1.0
LPLC2_L,2,DN_all_right,1789,4.0
LPLC2_L,2,DN_all_right,1804,85.0
LPLC2_L,2,DN_all_right,1837,2.0
LPLC2_L,2,DN_all_right,1954,43.0
LPLC2_L,2,DN_all_right,1965,1.0
LPLC2_L,2,DN_all_right,1995,1.0
LPLC2_L,2,DN_all_right,2033,4.0
LPLC2_L,2,DN_all_right,2037,1.0
LPLC2_L,2,DN_all_right,2070,61.0
LPLC2_L,2,DN_all_right,2079,54.0
LPLC2_L,2,DN_all_right,2094,24.0
LPLC2_L,2,DN_all_right,2238,2.0
LPLC2_L,2,DN_all_right,2289,1.0
LPLC2_L,2,DN_all_right,2325,6.0
LPLC2_L,2,DN_all_right,2331,11.0
LPLC2_L,2,DN_all_right,2332,11.0
LPLC2_L,2,DN_all_right,2350,48.0
LPLC2_L,2,DN_all_right,2420,1.0
LPLC2_L,2,DN_all_right,2433,11.0
LPLC2_L,2,DN_all_right,2458,3.0
LPLC2_L,2,DN_all_right,2495,2.0
LPLC2_L,2,DN_all_right,2529,42.0
LPLC2_L,2,DN_all_right,2600,118.0
LPLC2_L,2,DN_all_right,2606,51.0
LPLC2_L,2,DN_all_right,2607,106.0
LPLC2_L,2,DN_all_right,2613,18.0
LPLC2_L,2,DN_all_right,2636,22.0
LPLC2_L,2,DN_all_right,2639,1.0
LPLC2_L,2,DN_all_right,2659,1.0
LPLC2_L,2,DN_all_right,2752,2.0
LPLC2_L,2,DN_all_right,2841,2.0
LPLC2_L,2,DN_all_right,2985,1.0
LPLC2_L,2,DN_all_right,3020,54.0
LPLC2_L,2,DN_all_right,3059,2.0
LPLC2_L,2,DN_all_right,3067,1.0
LPLC2_L,2,DN_all_right,3132,46.0
LPLC2_L,2,DN_all_right,3220,202.0
LPLC2_L,2,DN_all_right,3270,1.0
LPLC2_L,2,DN_all_right,3278,2.0
LPLC2_L,2,DN_all_right,3348,55.0
LPLC2_L,2,DN_all_right,3374,23.0
LPLC2_L,2,DN_all_right,3383,17.0
LPLC2_L,2,DN_all_right,3403,3.0
LPLC2_L,2,DN_all_right,3406,2.0
LPLC2_L,2,DN_all_right,3437,29.0
LPLC2_L,2,DN_all_right,3491,2.0
LPLC2_L,2,DN_all_right,3593,26.0
LPLC2_L,2,DN_all_right,3625,1.0
LPLC2_L,2,DN_all_right,3654,27.0
LPLC2_L,2,DN_all_right,3694,9.0
LPLC2_L,2,DN_all_right,3754,51.0
LPLC2_L,2,DN_all_right,3828,1.0
LPLC2_L,2,DN_all_right,3853,2.0
LPLC2_L,2,DN_all_right,3862,1.0
LPLC2_L,2,DN_all_right,3865,1.0
LPLC2_L,2,DN_all_right,3868,1.0
LPLC2_L,2,DN_all_right,3945,46.0
LPLC2_L,2,DN_all_right,3960,39.0
LPLC2_L,2,DN_all_right,3973,2.0
LPLC2_L,2,DN_all_right,3997,30.0
LPLC2_L,2,DN_all_right,4020,53.0
LPLC2_L,2,DN_all_right,4042,2.0
LPLC2_L,2,DN_all_right,4078,2.0
LPLC2_L,2,DN_all_right,4098,84.0
LPLC2_L,2,DN_all_right,4443,2.0
LPLC2_L,2,DN_all_right,4514,17.0
LPLC2_L,2,DN_all_right,4641,41.0
LPLC2_L,2,DN_all_right,4645,38.0
LPLC2_L,2,DN_all_right,4680,2.0
LPLC2_L,2,DN_all_right,4801,1.0
LPLC2_L,2,DN_all_right,5027,1.0
LPLC2_L,2,DN_all_right,5124,45.0
LPLC2_L,2,DN_all_right,5348,1.0
LPLC2_L,2,DN_all_right,5381,30.0
LPLC2_L,2,DN_all_right,5390,1.0
LPLC2_L,2,DN_all_right,5458,44.0
LPLC2_L,2,DN_all_right,5739,2.0
LPLC2_L,2,DN_all_right,5841,3.0
LPLC2_L,2,DN_all_right,6169,2.0
LPLC2_L,2,DN_all_right,6255,2.0
LPLC2_L,2,DN_all_right,6278,28.0
LPLC2_L,2,DN_all_right,6570,26.0
LPLC2_L,2,DN_all_right,7801,4.0
LPLC2_L,2,DN_all_right,7850,3.0
LPLC2_L,2,DN_all_right,8815,1.0
LPLC2_L,2,DN_all_right,9254,102.0
LPLC2_L,2,DN_all_right,9458,125.0
LPLC2_L,2,DN_all_right,9662,66.0
LPLC2_L,2,DN_all_right,9780,85.0
LPLC2_L,2,DN_all_right,9912,50.0
LPLC2_L,2,DN_all_right,10343,1.0
LPLC2_L,2,DN_all_right,11239,1.0
LPLC2_L,2,DN_all_right,11504,29.0
LPLC2_L,2,DN_all_right,12150,1.0
LPLC2_L,2,DN_all_right,12336,1.0
LPLC2_L,2,DN_all_right,12572,2.0
LPLC2_L,2,DN_all_right,14496,1.0
LPLC2_L,2,DN_all_right,15460,1.0
LPLC2_L,2,DN_all_right,15566,4.0
LPLC2_L,2,DN_all_right,15893,28.0
LPLC2_L,2,DN_all_right,16849,1.0
LPLC2_L,2,DN_all_right,17700,2.0
LPLC2_L,2,DN_all_right,18221,1.0
LPLC2_L,2,DN_all_right,19450,1.0
LPLC2_L,2,DN_all_right,23861,2.0
LPLC2_L,2,DN_all_right,27054,1.0
LPLC2_L,2,DN_all_right,31901,1.0
LPLC2_L,2,DN_all_right,32032,3.0
LPLC2_L,2,DN_all_right,47173,2.0
LPLC2_L,2,DN_all_right,50694,10.0
LPLC2_L,2,DN_all_right,51855,1.0
LPLC2_L,2,DN_all_right,63360,4.0
LPLC2_L,2,DN_all_right,72835,16.0
LPLC2_L,2,DN_all_right,117981,36.0
LPLC2_L,2,DN_all_right,118808,1.0
LPLC2_L,2,DN_all_right,122432,9.0
LPLC2_L,2,DN_all_right,124419,39.0
LPLC2_L,2,DN_all_right,124541,71.0
LPLC2_L,2,DN_all_right,124988,1.0
LPLC2_L,2,DN_all_right,125376,14.0
LPLC2_L,2,DN_all_right,125430,1.0
LPLC2_L,2,DN_all_right,125617,2.0
LPLC2_L,2,DN_all_right,125795,1.0
LPLC2_L,2,DN_all_right,126404,39.0
LPLC2_L,2,DN_all_right,126772,1.0
LPLC2_L,2,DN_all_right,127734,1.0
LPLC2_L,2,DN_all_right,127758,1.0
LPLC2_L,2,DN_all_right,128032,69.0
LPLC2_L,2,DN_all_right,128692,144.0
LPLC2_L,2,DN_all_right,128796,1.0
LPLC2_L,2,DN_all_right,128892,8.0
LPLC2_L,2,DN_all_right,129301,4.0
LPLC2_L,2,DN_all_right,129659,38.0
LPLC2_L,2,DN_all_right,129688,1.0
LPLC2_L,2,DN_all_right,129718,4.0
LPLC2_L,2,DN_all_right,130847,29.0
LPLC2_L,2,DN_all_right,130858,1.0
LPLC2_L,2,DN_all_right,131136,149.0
LPLC2_L,2,DN_all_right,131365,1.0
LPLC2_L,2,DN_all_right,131434,30.0
LPLC2_L,2,DN_all_right,133544,26.0
LPLC2_L,2,DN_all_right,140621,1.0
LPLC2_L,2,DN_all_right,140980,4.0
LPLC2_L,2,DN_all_right,141051,1.0
LPLC2_L,2,DN_all_right,141735,70.0
LPLC2_L,2,DN_all_right,143416,139.0
LPLC2_L,2,DN_all_right,143432,66.0
LPLC2_L,2,DN_all_right,144269,42.0
LPLC2_L,2,DN_all_right,145368,1.0
LPLC2_L,2,DN_all_right,151545,1.0
LPLC2_L,2,DN_all_right,161396,58.0
LPLC2_L,2,DN_all_right,162540,1.0
LPLC2_L,2,MN_all_left,111304,1.0
LPLC2_L,2,MN_all_left,142836,129.0
LPLC2_L,2,MN_all_left,142922,6.0
LPLC2_L,2,MN_all_left,142929,2.0
LPLC2_L,2,MN_all_left,142964,20.0
LPLC2_L,2,MN_all_left,143064,94.0
LPLC2_L,2,MN_all_left,143088,98.0
LPLC2_L,2,MN_all_left,143139,5.0
LPLC2_L,2,MN_all_left,143160,74.0
LPLC2_L,2,MN_all_left,143221,50.0
LPLC2_L,2,MN_all_left,143222,33.0
LPLC2_L,2,MN_all_left,143231,2.0
LPLC2_L,2,MN_all_left,143243,19.0
LPLC2_L,2,MN_all_left,143252,38.0
LPLC2_L,2,MN_all_left,143259,24.0
LPLC2_L,2,MN_all_left,143281,1.0
LPLC2_L,2,MN_all_left,143322,46.0
LPLC2_L,2,MN_all_left,143418,2.0
LPLC2_L,2,MN_all_left,143421,59.0
LPLC2_L,2,MN_all_left,143445,55.0
LPLC2_L,2,MN_all_left,143464,34.0
LPLC2_L,2,MN_all_left,143478,1.0
LPLC2_L,2,MN_all_left,143539,1.0
LPLC2_L,2,MN_all_left,143540,1.0
LPLC2_L,2,MN_all_left,143626,6.0
LPLC2_L,2,MN_all_left,143654,103.0
LPLC2_L,2,MN_all_left,143664,21.0
LPLC2_L,2,MN_all_left,143690,102.0
LPLC2_L,2,MN_all_left,143700,41.0
LPLC2_L,2,MN_all_left,143751,41.0
LPLC2_L,2,MN_all_left,143760,12.0
LPLC2_L,2,MN_all_left,143766,2.0
LPLC2_L,2,MN_all_left,143773,6.0
LPLC2_L,2,MN_all_left,143860,1.0
LPLC2_L,2,MN_all_left,143901,9.0
LPLC2_L,2,MN_all_left,143949,56.0
LPLC2_L,2,MN_all_left,144071,46.0
LPLC2_L,2,MN_all_left,144086,88.0
LPLC2_L,2,MN_all_left,144111,2.0
LPLC2_L,2,MN_all_left,144209,66.0
LPLC2_L,2,MN_all_left,144234,65.0
LPLC2_L,2,MN_all_left,144248,1.0
LPLC2_L,2,MN_all_left,144265,68.0
LPLC2_L,2,MN_all_left,144377,3.0
LPLC2_L,2,MN_all_left,144382,61.0
LPLC2_L,2,MN_all_left,144400,48.0
LPLC2_L,2,MN_all_left,144439,26.0
LPLC2_L,2,MN_all_left,144450,5.0
LPLC2_L,2,MN_all_left,144457,15.0
LPLC2_L,2,MN_all_left,144465,13.0
LPLC2_L,2,MN_all_left,144494,1.0
LPLC2_L,2,MN_all_left,144508,1.0
LPLC2_L,2,MN_all_left,144538,5.0
LPLC2_L,2,MN_all_left,144576,22.0
LPLC2_L,2,MN_all_left,144578,9.0
LPLC2_L,2,MN_all_left,144584,54.0
LPLC2_L,2,MN_all_left,144687,1.0
LPLC2_L,2,MN_all_left,144821,95.0
LPLC2_L,2,MN_all_left,144860,7.0
LPLC2_L,2,MN_all_left,144897,12.0
LPLC2_L,2,MN_all_left,144964,30.0
LPLC2_L,2,MN_all_left,144974,74.0
LPLC2_L,2,MN_all_left,144997,4.0
LPLC2_L,2,MN_all_left,145034,34.0
LPLC2_L,2,MN_all_left,145063,24.0
LPLC2_L,2,MN_all_left,145081,67.0
LPLC2_L,2,MN_all_left,145094,1.0
LPLC2_L,2,MN_all_left,145109,36.0
LPLC2_L,2,MN_all_left,145142,2.0
LPLC2_L,2,MN_all_left,145198,45.0
LPLC2_L,2,MN_all_left,145217,2.0
LPLC2_L,2,MN_all_left,145274,51.0
LPLC2_L,2,MN_all_left,145303,30.0
LPLC2_L,2,MN_all_left,145351,41.0
LPLC2_L,2,MN_all_left,145382,1.0
LPLC2_L,2,MN_all_left,145405,13.0
LPLC2_L,2,MN_all_left,145438,54.0
LPLC2_L,2,MN_all_left,145476,20.0
LPLC2_L,2,MN_all_left,145483,20.0
LPLC2_L,2,MN_all_left,145564,3.0
LPLC2_L,2,MN_all_left,145660,2.0
LPLC2_L,2,MN_all_left,145672,12.0
LPLC2_L,2,MN_all_left,145732,3.0
LPLC2_L,2,MN_all_left,145766,2.0
LPLC2_L,2,MN_all_left,145796,92.0
LPLC2_L,2,MN_all_left,145805,17.0
LPLC2_L,2,MN_all_left,145878,5.0
LPLC2_L,2,MN_all_left,145900,24.0
LPLC2_L,2,MN_all_left,145911,68.0
LPLC2_L,2,MN_all_left,145975,35.0
LPLC2_L,2,MN_all_left,146072,12.0
LPLC2_L,2,MN_all_left,146085,3.0
LPLC2_L,2,MN_all_left,146107,54.0
LPLC2_L,2,MN_all_left,146190,2.0
LPLC2_L,2,MN_all_left,146233,15.0
LPLC2_L,2,MN_all_left,146333,9.0
LPLC2_L,2,MN_all_left,146441,1.0
LPLC2_L,2,MN_all_left,146494,2.0
LPLC2_L,2,MN_all_left,146507,14.0
LPLC2_L,2,MN_all_left,146556,3.0
LPLC2_L,2,MN_all_left,146571,8.0
LPLC2_L,2,MN_all_left,146590,1.0
LPLC2_L,2,MN_all_left,146748,89.0
LPLC2_L,2,MN_all_left,146821,1.0
LPLC2_L,2,MN_all_left,147006,11.0
LPLC2_L,2,MN_all_left,147111,1.0
LPLC2_L,2,MN_all_left,147153,89.0
LPLC2_L,2,MN_all_left,147241,25.0
LPLC2_L,2,MN_all_left,147254,5.0
LPLC2_L,2,MN_all_left,147272,2.0
LPLC2_L,2,MN_all_left,147311,4.0
LPLC2_L,2,MN_all_left,147444,12.0
LPLC2_L,2,MN_all_left,147449,6.0
LPLC2_L,2,MN_all_left,147492,31.0
LPLC2_L,2,MN_all_left,147569,5.0
LPLC2_L,2,MN_all_left,147690,37.0
LPLC2_L,2,MN_all_left,147730,35.0
LPLC2_L,2,MN_all_left,147938,1.0
LPLC2_L,2,MN_all_left,148126,37.0
LPLC2_L,2,MN_all_left,148144,2.0
LPLC2_L,2,MN_all_left,148349,2.0
LPLC2_L,2,MN_all_left,148397,4.0
LPLC2_L,2,MN_all_left,148408,13.0
LPLC2_L,2,MN_all_left,148537,45.0
LPLC2_L,2,MN_all_left,148589,57.0
LPLC2_L,2,MN_all_left,148953,76.0
LPLC2_L,2,MN_all_left,148964,2.0
LPLC2_L,2,MN_all_left,149101,1.0
LPLC2_L,2,MN_all_left,149298,5.0
LPLC2_L,2,MN_all_left,149592,12.0
LPLC2_L,2,MN_all_left,149636,2.0
LPLC2_L,2,MN_all_left,150276,16.0
LPLC2_L,2,MN_all_left,150280,42.0
LPLC2_L,2,MN_all_left,150354,2.0
LPLC2_L,2,MN_all_left,150850,12.0
LPLC2_L,2,MN_all_left,150864,31.0
LPLC2_L,2,MN_all_left,151089,16.0
LPLC2_L,2,MN_all_left,151228,1.0
LPLC2_L,2,MN_all_left,151305,1.0
LPLC2_L,2,MN_all_left,152375,36.0
LPLC2_L,2,MN_all_left,152535,10.0
LPLC2_L,2,MN_all_left,152793,2.0
LPLC2_L,2,MN_all_left,154142,28.0
LPLC2_L,2,MN_all_left,154315,72.0
LPLC2_L,2,MN_all_left,154353,1.0
LPLC2_L,2,MN_all_left,154887,55.0
LPLC2_L,2,MN_all_left,154980,27.0
LPLC2_L,2,MN_all_left,156971,1.0
LPLC2_L,2,MN_all_left,158106,1.0
LPLC2_L,2,MN_all_left,158328,1.0
LPLC2_L,2,MN_all_left,158478,3.0
LPLC2_L,2,MN_all_left,158604,58.0
LPLC2_L,2,MN_all_left,159019,1.0
LPLC2_L,2,MN_all_left,159087,14.0
LPLC2_L,2,MN_all_left,159285,35.0
LPLC2_L,2,MN_all_left,159287,2.0
LPLC2_L,2,MN_all_left,159288,4.0
LPLC2_L,2,MN_all_left,159488,44.0
LPLC2_L,2,MN_all_left,159489,70.0
LPLC2_L,2,MN_all_left,159777,9.0
LPLC2_L,2,MN_all_left,159993,11.0
LPLC2_L,2,MN_all_left,160070,1.0
LPLC2_L,2,MN_all_left,160137,18.0
LPLC2_L,2,MN_all_left,160430,4.0
LPLC2_L,2,MN_all_left,160448,83.0
LPLC2_L,2,MN_all_left,160854,21.0
LPLC2_L,2,MN_all_left,161187,6.0
LPLC2_L,2,MN_all_left,162458,3.0
LPLC2_L,2,MN_all_left,162557,14.0
LPLC2_L,2,MN_all_left,162657,1.0
LPLC2_L,2,MN_all_left,162782,111.0
LPLC2_L,2,MN_all_left,162796,102.0
LPLC2_L,2,MN_all_left,162914,13.0
LPLC2_L,2,MN_all_left,164726,1.0
LPLC2_L,2,MN_all_right,142834,118.0
LPLC2_L,2,MN_all_right,142900,6.0
LPLC2_L,2,MN_all_right,142932,11.0
LPLC2_L,2,MN_all_right,142956,18.0
LPLC2_L,2,MN_all_right,143020,3.0
LPLC2_L,2,MN_all_right,143136,42.0
LPLC2_L,2,MN_all_right,143140,2.0
LPLC2_L,2,MN_all_right,143217,89.0
LPLC2_L,2,MN_all_right,143244,1.0
LPLC2_L,2,MN_all_right,143260,91.0
LPLC2_L,2,MN_all_right,143304,4.0
LPLC2_L,2,MN_all_right,143341,1.0
LPLC2_L,2,MN_all_right,143362,5.0
LPLC2_L,2,MN_all_right,143454,10.0
LPLC2_L,2,MN_all_right,143460,2.0
LPLC2_L,2,MN_all_right,143467,28.0
LPLC2_L,2,MN_all_right,143498,2.0
LPLC2_L,2,MN_all_right,143566,42.0
LPLC2_L,2,MN_all_right,143567,45.0
LPLC2_L,2,MN_all_right,143581,75.0
LPLC2_L,2,MN_all_right,143635,1.0
LPLC2_L,2,MN_all_right,143643,1.0
LPLC2_L,2,MN_all_right,143728,10.0
LPLC2_L,2,MN_all_right,143754,68.0
LPLC2_L,2,MN_all_right,143786,75.0
LPLC2_L,2,MN_all_right,143796,3.0
LPLC2_L,2,MN_all_right,143804,1.0
LPLC2_L,2,MN_all_right,143828,13.0
LPLC2_L,2,MN_all_right,143830,46.0
LPLC2_L,2,MN_all_right,143900,69.0
LPLC2_L,2,MN_all_right,144043,11.0
LPLC2_L,2,MN_all_right,144076,34.0
LPLC2_L,2,MN_all_right,144107,3.0
LPLC2_L,2,MN_all_right,144149,86.0
LPLC2_L,2,MN_all_right,144152,105.0
LPLC2_L,2,MN_all_right,144158,43.0
LPLC2_L,2,MN_all_right,144246,50.0
LPLC2_L,2,MN_all_right,144285,70.0
LPLC2_L,2,MN_all_right,144312,1.0
LPLC2_L,2,MN_all_right,144338,43.0
LPLC2_L,2,MN_all_right,144370,21.0
LPLC2_L,2,MN_all_right,144391,34.0
LPLC2_L,2,MN_all_right,144392,2.0
LPLC2_L,2,MN_all_right,144429,16.0
LPLC2_L,2,MN_all_right,144466,73.0
LPLC2_L,2,MN_all_right,144516,5.0
LPLC2_L,2,MN_all_right,144664,6.0
LPLC2_L,2,MN_all_right,144682,18.0
LPLC2_L,2,MN_all_right,144768,3.0
LPLC2_L,2,MN_all_right,144899,23.0
LPLC2_L,2,MN_all_right,144918,3.0
LPLC2_L,2,MN_all_right,144952,90.0
LPLC2_L,2,MN_all_right,144987,55.0
LPLC2_L,2,MN_all_right,145007,65.0
LPLC2_L,2,MN_all_right,145064,42.0
LPLC2_L,2,MN_all_right,145083,1.0
LPLC2_L,2,MN_all_right,145127,91.0
LPLC2_L,2,MN_all_right,145221,74.0
LPLC2_L,2,MN_all_right,145278,29.0
LPLC2_L,2,MN_all_right,145327,34.0
LPLC2_L,2,MN_all_right,145458,2.0
LPLC2_L,2,MN_all_right,145461,30.0
LPLC2_L,2,MN_all_right,145492,83.0
LPLC2_L,2,MN_all_right,145559,4.0
LPLC2_L,2,MN_all_right,145568,2.0
LPLC2_L,2,MN_all_right,145576,17.0
LPLC2_L,2,MN_all_right,145581,3.0
LPLC2_L,2,MN_all_right,145592,54.0
LPLC2_L,2,MN_all_right,145621,2.0
LPLC2_L,2,MN_all_right,145653,48.0
LPLC2_L,2,MN_all_right,145721,1.0
LPLC2_L,2,MN_all_right,145738,3.0
LPLC2_L,2,MN_all_right,145832,56.0
LPLC2_L,2,MN_all_right,145953,2.0
LPLC2_L,2,MN_all_right,145960,26.0
LPLC2_L,2,MN_all_right,146056,1.0
LPLC2_L,2,MN_all_right,146130,30.0
LPLC2_L,2,MN_all_right,146173,48.0
LPLC2_L,2,MN_all_right,146318,49.0
LPLC2_L,2,MN_all_right,146668,39.0
LPLC2_L,2,MN_all_right,146701,1.0
LPLC2_L,2,MN_all_right,146725,46.0
LPLC2_L,2,MN_all_right,146868,17.0
LPLC2_L,2,MN_all_right,146879,1.0
LPLC2_L,2,MN_all_right,147037,34.0
LPLC2_L,2,MN_all_right,147094,14.0
LPLC2_L,2,MN_all_right,147184,3.0
LPLC2_L,2,MN_all_right,147267,10.0
LPLC2_L,2,MN_all_right,147470,13.0
LPLC2_L,2,MN_all_right,147519,38.0
LPLC2_L,2,MN_all_right,147543,43.0
LPLC2_L,2,MN_all_right,147559,43.0
LPLC2_L,2,MN_all_right,147606,1.0
LPLC2_L,2,MN_all_right,147646,36.0
LPLC2_L,2,MN_all_right,147672,23.0
LPLC2_L,2,MN_all_right,147794,33.0
LPLC2_L,2,MN_all_right,147905,6.0
LPLC2_L,2,MN_all_right,147957,4.0
LPLC2_L,2,MN_all_right,148001,4.0
LPLC2_L,2,MN_all_right,148017,26.0
LPLC2_L,2,MN_all_right,148201,6.0
LPLC2_L,2,MN_all_right,148237,3.0
LPLC2_L,2,MN_all_right,148293,3.0
LPLC2_L,2,MN_all_right,148422,54.0
LPLC2_L,2,MN_all_right,148611,46.0
LPLC2_L,2,MN_all_right,148616,1.0
LPLC2_L,2,MN_all_right,148816,38.0
LPLC2_L,2,MN_all_right,148823,37.0
LPLC2_L,2,MN_all_right,148879,4.0
LPLC2_L,2,MN_all_right,148985,3.0
LPLC2_L,2,MN_all_right,149056,84.0
LPLC2_L,2,MN_all_right,149209,1.0
LPLC2_L,2,MN_all_right,149234,1.0
LPLC2_L,2,MN_all_right,149327,51.0
LPLC2_L,2,MN_all_right,149498,13.0
LPLC2_L,2,MN_all_right,149809,1.0
LPLC2_L,2,MN_all_right,149895,10.0
LPLC2_L,2,MN_all_right,149996,2.0
LPLC2_L,2,MN_all_right,150019,47.0
LPLC2_L,2,MN_all_right,150362,11.0
LPLC2_L,2,MN_all_right,150676,18.0
LPLC2_L,2,MN_all_right,150738,6.0
LPLC2_L,2,MN_all_right,150989,19.0
LPLC2_L,2,MN_all_right,152104,6.0
LPLC2_L,2,MN_all_right,152528,33.0
LPLC2_L,2,MN_all_right,153409,58.0
LPLC2_L,2,MN_all_right,153686,1.0
LPLC2_L,2,MN_all_right,154055,17.0
LPLC2_L,2,MN_all_right,154732,31.0
LPLC2_L,2,MN_all_right,154941,68.0
LPLC2_L,2,MN_all_right,155213,3.0
LPLC2_L,2,MN_all_right,156301,4.0
LPLC2_L,2,MN_all_right,156514,1.0
LPLC2_L,2,MN_all_right,157875,1.0
LPLC2_L,2,MN_all_right,158193,31.0
LPLC2_L,2,MN_all_right,158204,6.0
LPLC2_L,2,MN_all_right,158546,49.0
LPLC2_L,2,MN_all_right,158670,23.0
LPLC2_L,2,MN_all_right,158812,1.0
LPLC2_L,2,MN_all_right,159157,3.0
LPLC2_L,2,MN_all_right,159225,11.0
LPLC2_L,2,MN_all_right,159253,43.0
LPLC2_L,2,MN_all_right,159286,1.0
LPLC2_L,2,MN_all_right,159477,4.0
LPLC2_L,2,MN_all_right,159478,3.0
LPLC2_L,2,MN_all_right,159546,2.0
LPLC2_L,2,MN_all_right,159896,19.0
LPLC2_L,2,MN_all_right,160165,9.0
LPLC2_L,2,MN_all_right,160191,3.0
LPLC2_L,2,MN_all_right,160245,39.0
LPLC2_L,2,MN_all_right,160271,37.0
LPLC2_L,2,MN_all_right,160307,1.0
LPLC2_L,2,MN_all_right,160329,32.0
LPLC2_L,2,MN_all_right,160551,28.0
LPLC2_L,2,MN_all_right,161306,2.0
LPLC2_L,2,MN_all_right,161362,2.0
LPLC2_L,2,MN_all_right,161523,13.0
LPLC2_L,2,MN_all_right,162256,1.0
LPLC2_L,2,MN_all_right,162556,26.0
LPLC2_L,2,MN_all_right,162677,12.0
LPLC2_L,2,MN_all_right,162781,81.0
LPLC2_L,2,MN_all_right,164606,74.0
LPLC2_L,2,MN_all_right,164614,84.0
LPLC2_L,2,MN_all_right,164616,54.0
LPLC2_L,2,MN_all_right,164623,12.0
LPLC2_L,3,DN_all_left,6,234.0
LPLC2_L,3,DN_all_left,78,64.0
LPLC2_L,3,DN_all_left,104,249.0
LPLC2_L,3,DN_all_left,109,71.0
LPLC2_L,3,DN_all_left,129,33.0
LPLC2_L,3,DN_all_left,144,18.0
LPLC2_L,3,DN_all_left,146,2.0
LPLC2_L,3,DN_all_left,147,1.0
LPLC2_L,3,DN_all_left,204,209.0
LPLC2_L,3,DN_all_left,207,114.0
LPLC2_L,3,DN_all_left,213,1.0
LPLC2_L,3,DN_all_left,223,60.0
LPLC2_L,3,DN_all_left,226,2.0
LPLC2_L,3,DN_all_left,228,100.0
LPLC2_L,3,DN_all_left,252,2.0
LPLC2_L,3,DN_all_left,264,114.0
LPLC2_L,3,DN_all_left,273,101.0
LPLC2_L,3,DN_all_left,316,60.0
LPLC2_L,3,DN_all_left,333,166.0
LPLC2_L,3,DN_all_left,349,147.0
LPLC2_L,3,DN_all_left,363,86.0
LPLC2_L,3,DN_all_left,384,241.0
LPLC2_L,3,DN_all_left,410,24.0
LPLC2_L,3,DN_all_left,413,148.0
LPLC2_L,3,DN_all_left,433,1.0
LPLC2_L,3,DN_all_left,446,4.0
LPLC2_L,3,DN_all_left,482,1.0
LPLC2_L,3,DN_all_left,489,15.0
LPLC2_L,3,DN_all_left,514,36.0
LPLC2_L,3,DN_all_left,523,5.0
LPLC2_L,3,DN_all_left,541,7.0
LPLC2_L,3,DN_all_left,603,1.0
LPLC2_L,3,DN_all_left,614,1.0
LPLC2_L,3,DN_all_left,628,1.0
LPLC2_L,3,DN_all_left,632,9.0
LPLC2_L,3,DN_all_left,656,74.0
LPLC2_L,3,DN_all_left,673,46.0
LPLC2_L,3,DN_all_left,675,47.0
LPLC2_L,3,DN_all_left,687,13.0
LPLC2_L,3,DN_all_left,741,39.0
LPLC2_L,3,DN_all_left,773,50.0
LPLC2_L,3,DN_all_left,783,2.0
LPLC2_L,3,DN_all_left,791,2.0
LPLC2_L,3,DN_all_left,861,42.0
LPLC2_L,3,DN_all_left,879,2.0
LPLC2_L,3,DN_all_left,906,28.0
LPLC2_L,3,DN_all_left,931,13.0
LPLC2_L,3,DN_all_left,953,1.0
LPLC2_L,3,DN_all_left,979,3.0
LPLC2_L,3,DN_all_left,992,126.0
LPLC2_L,3,DN_all_left,993,17.0
LPLC2_L,3,DN_all_left,994,73.0
LPLC2_L,3,DN_all_left,1037,21.0
LPLC2_L,3,DN_all_left,1047,136.0
LPLC2_L,3,DN_all_left,1111,71.0
LPLC2_L,3,DN_all_left,1131,4.0
LPLC2_L,3,DN_all_left,1167,74.0
LPLC2_L,3,DN_all_left,1170,3.0
LPLC2_L,3,DN_all_left,1196,2.0
LPLC2_L,3,DN_all_left,1273,105.0
LPLC2_L,3,DN_all_left,1324,94.0
LPLC2_L,3,DN_all_left,1325,14.0
LPLC2_L,3,DN_all_left,1361,2.0
LPLC2_L,3,DN_all_left,1387,3.0
LPLC2_L,3,DN_all_left,1392,29.0
LPLC2_L,3,DN_all_left,1448,1.0
LPLC2_L,3,DN_all_left,1506,84.0
LPLC2_L,3,DN_all_left,1562,66.0
LPLC2_L,3,DN_all_left,1564,10.0
LPLC2_L,3,DN_all_left,1591,1.0
LPLC2_L,3,DN_all_left,1626,3.0
LPLC2_L,3,DN_all_left,1677,21.0
LPLC2_L,3,DN_all_left,1724,96.0
LPLC2_L,3,DN_all_left,1752,2.0
LPLC2_L,3,DN_all_left,1821,41.0
LPLC2_L,3,DN_all_left,1833,11.0
LPLC2_L,3,DN_all_left,1870,3.0
LPLC2_L,3,DN_all_left,1950,1.0
LPLC2_L,3,DN_all_left,1997,6.0
LPLC2_L,3,DN_all_left,2074,23.0
LPLC2_L,3,DN_all_left,2078,3.0
LPLC2_L,3,DN_all_left,2154,1.0
LPLC2_L,3,DN_all_left,2286,33.0
LPLC2_L,3,DN_all_left,2311,1.0
LPLC2_L,3,DN_all_left,2329,43.0
LPLC2_L,3,DN_all_left,2354,34.0
LPLC2_L,3,DN_all_left,2414,2.0
LPLC2_L,3,DN_all_left,2423,46.0
LPLC2_L,3,DN_all_left,2441,15.0
LPLC2_L,3,DN_all_left,2449,1.0
LPLC2_L,3,DN_all_left,2450,4.0
LPLC2_L,3,DN_all_left,2451,113.0
LPLC2_L,3,DN_all_left,2465,61.0
LPLC2_L,3,DN_all_left,2583,51.0
LPLC2_L,3,DN_all_left,2588,12.0
LPLC2_L,3,DN_all_left,2620,6.0
LPLC2_L,3,DN_all_left,2676,79.0
LPLC2_L,3,DN_all_left,2700,1.0
LPLC2_L,3,DN_all_left,2792,3.0
LPLC2_L,3,DN_all_left,2837,1.0
LPLC2_L,3,DN_all_left,2868,6.0
LPLC2_L,3,DN_all_left,2933,1.0
LPLC2_L,3,DN_all_left,3003,1.0
LPLC2_L,3,DN_all_left,3009,1.0
LPLC2_L,3,DN_all_left,3045,1.0
LPLC2_L,3,DN_all_left,3084,20.0
LPLC2_L,3,DN_all_left,3106,202.0
LPLC2_L,3,DN_all_left,3159,1.0
LPLC2_L,3,DN_all_left,3184,14.0
LPLC2_L,3,DN_all_left,3222,19.0
LPLC2_L,3,DN_all_left,3331,49.0
LPLC2_L,3,DN_all_left,3349,29.0
LPLC2_L,3,DN_all_left,3380,1.0
LPLC2_L,3,DN_all_left,3394,19.0
LPLC2_L,3,DN_all_left,3451,2.0
LPLC2_L,3,DN_all_left,3505,99.0
LPLC2_L,3,DN_all_left,3569,3.0
LPLC2_L,3,DN_all_left,3722,39.0
LPLC2_L,3,DN_all_left,3768,3.0
LPLC2_L,3,DN_all_left,3770,13.0
LPLC2_L,3,DN_all_left,3788,8.0
LPLC2_L,3,DN_all_left,3939,35.0
LPLC2_L,3,DN_all_left,3966,66.0
LPLC2_L,3,DN_all_left,4215,1.0
LPLC2_L,3,DN_all_left,4335,82.0
LPLC2_L,3,DN_all_left,4591,1.0
LPLC2_L,3,DN_all_left,4609,28.0
LPLC2_L,3,DN_all_left,4678,1.0
LPLC2_L,3,DN_all_left,4917,67.0
LPLC2_L,3,DN_all_left,5056,1.0
LPLC2_L,3,DN_all_left,5067,54.0
LPLC2_L,3,DN_all_left,5217,27.0
LPLC2_L,3,DN_all_left,5247,11.0
LPLC2_L,3,DN_all_left,5262,6.0
LPLC2_L,3,DN_all_left,5300,1.0
LPLC2_L,3,DN_all_left,5579,22.0
LPLC2_L,3,DN_all_left,5616,1.0
LPLC2_L,3,DN_all_left,5678,5.0
LPLC2_L,3,DN_all_left,5867,51.0
LPLC2_L,3,DN_all_left,5993,38.0
LPLC2_L,3,DN_all_left,6490,37.0
LPLC2_L,3,DN_all_left,6736,36.0
LPLC2_L,3,DN_all_left,8764,5.0
LPLC2_L,3,DN_all_left,8977,1.0
LPLC2_L,3,DN_all_left,9300,1.0
LPLC2_L,3,DN_all_left,9402,33.0
LPLC2_L,3,DN_all_left,10086,12.0
LPLC2_L,3,DN_all_left,10110,5.0
LPLC2_L,3,DN_all_left,10532,1.0
LPLC2_L,3,DN_all_left,11237,1.0
LPLC2_L,3,DN_all_left,12883,95.0
LPLC2_L,3,DN_all_left,13746,1.0
LPLC2_L,3,DN_all_left,14442,2.0
LPLC2_L,3,DN_all_left,15020,1.0
LPLC2_L,3,DN_all_left,15328,1.0
LPLC2_L,3,DN_all_left,15782,2.0
LPLC2_L,3,DN_all_left,17402,1.0
LPLC2_L,3,DN_all_left,18428,3.0
LPLC2_L,3,DN_all_left,19578,5.0
LPLC2_L,3,DN_all_left,21341,1.0
LPLC2_L,3,DN_all_left,22875,2.0
LPLC2_L,3,DN_all_left,28642,5.0
LPLC2_L,3,DN_all_left,28804,21.0
LPLC2_L,3,DN_all_left,49995,1.0
LPLC2_L,3,DN_all_left,53674,6.0
LPLC2_L,3,DN_all_left,60324,23.0
LPLC2_L,3,DN_all_left,70432,3.0
LPLC2_L,3,DN_all_left,110506,1.0
LPLC2_L,3,DN_all_left,116552,2.0
LPLC2_L,3,DN_all_left,124448,47.0
LPLC2_L,3,DN_all_left,124813,2.0
LPLC2_L,3,DN_all_left,125112,1.0
LPLC2_L,3,DN_all_left,125333,2.0
LPLC2_L,3,DN_all_left,126100,67.0
LPLC2_L,3,DN_all_left,126526,1.0
LPLC2_L,3,DN_all_left,127958,30.0
LPLC2_L,3,DN_all_left,128725,8.0
LPLC2_L,3,DN_all_left,128862,26.0
LPLC2_L,3,DN_all_left,128890,154.0
LPLC2_L,3,DN_all_left,128964,1.0
LPLC2_L,3,DN_all_left,129107,4.0
LPLC2_L,3,DN_all_left,129520,2.0
LPLC2_L,3,DN_all_left,129654,21.0
LPLC2_L,3,DN_all_left,130077,15.0
LPLC2_L,3,DN_all_left,130458,1.0
LPLC2_L,3,DN_all_left,130496,19.0
LPLC2_L,3,DN_all_left,130618,3.0
LPLC2_L,3,DN_all_left,132535,26.0
LPLC2_L,3,DN_all_left,132582,1.0
LPLC2_L,3,DN_all_left,133364,4.0
LPLC2_L,3,DN_all_left,133740,241.0
LPLC2_L,3,DN_all_left,135657,42.0
LPLC2_L,3,DN_all_left,140885,1.0
LPLC2_L,3,DN_all_left,140913,3.0
LPLC2_L,3,DN_all_left,141026,143.0
LPLC2_L,3,DN_all_left,141033,1.0
LPLC2_L,3,DN_all_left,142108,93.0
LPLC2_L,3,DN_all_left,144939,1.0
LPLC2_L,3,DN_all_right,0,7.0
LPLC2_L,3,DN_all_right,25,135.0
LPLC2_L,3,DN_all_right,45,2.0
LPLC2_L,3,DN_all_right,48,1.0
LPLC2_L,3,DN_all_right,51,28.0
LPLC2_L,3,DN_all_right,52,257.0
LPLC2_L,3,DN_all_right,117,2.0
LPLC2_L,3,DN_all_right,137,4.0
LPLC2_L,3,DN_all_right,176,45.0
LPLC2_L,3,DN_all_right,194,6.0
LPLC2_L,3,DN_all_right,215,94.0
LPLC2_L,3,DN_all_right,216,77.0
LPLC2_L,3,DN_all_right,243,109.0
LPLC2_L,3,DN_all_right,259,3.0
LPLC2_L,3,DN_all_right,261,2.0
LPLC2_L,3,DN_all_right,274,125.0
LPLC2_L,3,DN_all_right,281,64.0
LPLC2_L,3,DN_all_right,290,80.0
LPLC2_L,3,DN_all_right,311,36.0
LPLC2_L,3,DN_all_right,317,105.0
LPLC2_L,3,DN_all_right,327,22.0
LPLC2_L,3,DN_all_right,351,1.0
LPLC2_L,3,DN_all_right,378,43.0
LPLC2_L,3,DN_all_right,424,2.0
LPLC2_L,3,DN_all_right,428,8.0
LPLC2_L,3,DN_all_right,467,25.0
LPLC2_L,3,DN_all_right,505,34.0
LPLC2_L,3,DN_all_right,545,12.0
LPLC2_L,3,DN_all_right,620,1.0
LPLC2_L,3,DN_all_right,624,5.0
LPLC2_L,3,DN_all_right,654,5.0
LPLC2_L,3,DN_all_right,661,1.0
LPLC2_L,3,DN_all_right,703,12.0
LPLC2_L,3,DN_all_right,746,19.0
LPLC2_L,3,DN_all_right,762,96.0
LPLC2_L,3,DN_all_right,763,35.0
LPLC2_L,3,DN_all_right,777,47.0
LPLC2_L,3,DN_all_right,785,25.0
LPLC2_L,3,DN_all_right,794,5.0
LPLC2_L,3,DN_all_right,809,22.0
LPLC2_L,3,DN_all_right,828,8.0
LPLC2_L,3,DN_all_right,853,9.0
LPLC2_L,3,DN_all_right,854,1.0
LPLC2_L,3,DN_all_right,886,88.0
LPLC2_L,3,DN_all_right,894,128.0
LPLC2_L,3,DN_all_right,911,4.0
LPLC2_L,3,DN_all_right,987,1.0
LPLC2_L,3,DN_all_right,1021,86.0
LPLC2_L,3,DN_all_right,1048,5.0
LPLC2_L,3,DN_all_right,1089,3.0
LPLC2_L,3,DN_all_right,1108,39.0
LPLC2_L,3,DN_all_right,1124,60.0
LPLC2_L,3,DN_all_right,1165,43.0
LPLC2_L,3,DN_all_right,1166,1.0
LPLC2_L,3,DN_all_right,1168,3.0
LPLC2_L,3,DN_all_right,1210,23.0
LPLC2_L,3,DN_all_right,1218,6.0
LPLC2_L,3,DN_all_right,1222,1.0
LPLC2_L,3,DN_all_right,1242,5.0
LPLC2_L,3,DN_all_right,1269,49.0
LPLC2_L,3,DN_all_right,1277,105.0
LPLC2_L,3,DN_all_right,1315,19.0
LPLC2_L,3,DN_all_right,1384,1.0
LPLC2_L,3,DN_all_right,1400,1.0
LPLC2_L,3,DN_all_right,1405,3.0
LPLC2_L,3,DN_all_right,1457,34.0
LPLC2_L,3,DN_all_right,1468,1.0
LPLC2_L,3,DN_all_right,1492,35.0
LPLC2_L,3,DN_all_right,1502,44.0
LPLC2_L,3,DN_all_right,1575,7.0
LPLC2_L,3,DN_all_right,1581,2.0
LPLC2_L,3,DN_all_right,1593,37.0
LPLC2_L,3,DN_all_right,1621,2.0
LPLC2_L,3,DN_all_right,1648,30.0
LPLC2_L,3,DN_all_right,1653,3.0
LPLC2_L,3,DN_all_right,1699,54.0
LPLC2_L,3,DN_all_right,1708,8.0
LPLC2_L,3,DN_all_right,1748,1.0
LPLC2_L,3,DN_all_right,1756,3.0
LPLC2_L,3,DN_all_right,1789,3.0
LPLC2_L,3,DN_all_right,1804,75.0
LPLC2_L,3,DN_all_right,1823,1.0
LPLC2_L,3,DN_all_right,1837,2.0
LPLC2_L,3,DN_all_right,1897,1.0
LPLC2_L,3,DN_all_right,1909,1.0
LPLC2_L,3,DN_all_right,1954,42.0
LPLC2_L,3,DN_all_right,1965,2.0
LPLC2_L,3,DN_all_right,1995,2.0
LPLC2_L,3,DN_all_right,2033,6.0
LPLC2_L,3,DN_all_right,2037,1.0
LPLC2_L,3,DN_all_right,2070,59.0
LPLC2_L,3,DN_all_right,2079,54.0
LPLC2_L,3,DN_all_right,2094,21.0
LPLC2_L,3,DN_all_right,2238,4.0
LPLC2_L,3,DN_all_right,2289,1.0
LPLC2_L,3,DN_all_right,2325,8.0
LPLC2_L,3,DN_all_right,2331,10.0
LPLC2_L,3,DN_all_right,2332,13.0
LPLC2_L,3,DN_all_right,2350,46.0
LPLC2_L,3,DN_all_right,2420,1.0
LPLC2_L,3,DN_all_right,2433,6.0
LPLC2_L,3,DN_all_right,2458,5.0
LPLC2_L,3,DN_all_right,2495,3.0
LPLC2_L,3,DN_all_right,2529,42.0
LPLC2_L,3,DN_all_right,2538,1.0
LPLC2_L,3,DN_all_right,2600,111.0
LPLC2_L,3,DN_all_right,2606,48.0
LPLC2_L,3,DN_all_right,2607,107.0
LPLC2_L,3,DN_all_right,2613,17.0
LPLC2_L,3,DN_all_right,2636,27.0
LPLC2_L,3,DN_all_right,2639,1.0
LPLC2_L,3,DN_all_right,2752,4.0
LPLC2_L,3,DN_all_right,2841,2.0
LPLC2_L,3,DN_all_right,2985,1.0
LPLC2_L,3,DN_all_right,3020,47.0
LPLC2_L,3,DN_all_right,3059,6.0
LPLC2_L,3,DN_all_right,3067,1.0
LPLC2_L,3,DN_all_right,3132,44.0
LPLC2_L,3,DN_all_right,3220,202.0
LPLC2_L,3,DN_all_right,3270,3.0
LPLC2_L,3,DN_all_right,3278,2.0
LPLC2_L,3,DN_all_right,3348,53.0
LPLC2_L,3,DN_all_right,3374,20.0
LPLC2_L,3,DN_all_right,3383,19.0
LPLC2_L,3,DN_all_right,3406,2.0
LPLC2_L,3,DN_all_right,3437,28.0
LPLC2_L,3,DN_all_right,3491,2.0
LPLC2_L,3,DN_all_right,3593,21.0
LPLC2_L,3,DN_all_right,3654,25.0
LPLC2_L,3,DN_all_right,3694,9.0
LPLC2_L,3,DN_all_right,3754,52.0
LPLC2_L,3,DN_all_right,3853,4.0
LPLC2_L,3,DN_all_right,3862,1.0
LPLC2_L,3,DN_all_right,3865,1.0
LPLC2_L,3,DN_all_right,3868,4.0
LPLC2_L,3,DN_all_right,3945,48.0
LPLC2_L,3,DN_all_right,3960,41.0
LPLC2_L,3,DN_all_right,3973,2.0
LPLC2_L,3,DN_all_right,3997,27.0
LPLC2_L,3,DN_all_right,4020,48.0
LPLC2_L,3,DN_all_right,4042,1.0
LPLC2_L,3,DN_all_right,4078,2.0
LPLC2_L,3,DN_all_right,4098,87.0
LPLC2_L,3,DN_all_right,4443,1.0
LPLC2_L,3,DN_all_right,4467,1.0
LPLC2_L,3,DN_all_right,4514,17.0
LPLC2_L,3,DN_all_right,4641,43.0
LPLC2_L,3,DN_all_right,4645,35.0
LPLC2_L,3,DN_all_right,4680,2.0
LPLC2_L,3,DN_all_right,4801,1.0
LPLC2_L,3,DN_all_right,5027,3.0
LPLC2_L,3,DN_all_right,5124,42.0
LPLC2_L,3,DN_all_right,5348,1.0
LPLC2_L,3,DN_all_right,5367,2.0
LPLC2_L,3,DN_all_right,5381,31.0
LPLC2_L,3,DN_all_right,5458,42.0
LPLC2_L,3,DN_all_right,5739,2.0
LPLC2_L,3,DN_all_right,5841,4.0
LPLC2_L,3,DN_all_right,6278,27.0
LPLC2_L,3,DN_all_right,6570,27.0
LPLC2_L,3,DN_all_right,6599,1.0
LPLC2_L,3,DN_all_right,6753,1.0
LPLC2_L,3,DN_all_right,7801,5.0
LPLC2_L,3,DN_all_right,7850,5.0
LPLC2_L,3,DN_all_right,8815,1.0
LPLC2_L,3,DN_all_right,9254,102.0
LPLC2_L,3,DN_all_right,9458,126.0
LPLC2_L,3,DN_all_right,9662,64.0
LPLC2_L,3,DN_all_right,9780,86.0
LPLC2_L,3,DN_all_right,9912,49.0
LPLC2_L,3,DN_all_right,10343,1.0
LPLC2_L,3,DN_all_right,11302,1.0
LPLC2_L,3,DN_all_right,11504,27.0
LPLC2_L,3,DN_all_right,12336,1.0
LPLC2_L,3,DN_all_right,12572,1.0
LPLC2_L,3,DN_all_right,15566,7.0
LPLC2_L,3,DN_all_right,15893,27.0
LPLC2_L,3,DN_all_right,17700,1.0
LPLC2_L,3,DN_all_right,23861,1.0
LPLC2_L,3,DN_all_right,27054,7.0
LPLC2_L,3,DN_all_right,32032,5.0
LPLC2_L,3,DN_all_right,47173,2.0
LPLC2_L,3,DN_all_right,50694,13.0
LPLC2_L,3,DN_all_right,63360,2.0
LPLC2_L,3,DN_all_right,72835,14.0
LPLC2_L,3,DN_all_right,117981,33.0
LPLC2_L,3,DN_all_right,118808,1.0
LPLC2_L,3,DN_all_right,122432,12.0
LPLC2_L,3,DN_all_right,124419,32.0
LPLC2_L,3,DN_all_right,124541,69.0
LPLC2_L,3,DN_all_right,125376,18.0
LPLC2_L,3,DN_all_right,125430,1.0
LPLC2_L,3,DN_all_right,125617,4.0
LPLC2_L,3,DN_all_right,125795,2.0
LPLC2_L,3,DN_all_right,126404,42.0
LPLC2_L,3,DN_all_right,128032,69.0
LPLC2_L,3,DN_all_right,128692,143.0
LPLC2_L,3,DN_all_right,128892,9.0
LPLC2_L,3,DN_all_right,129301,5.0
LPLC2_L,3,DN_all_right,129659,37.0
LPLC2_L,3,DN_all_right,129688,1.0
LPLC2_L,3,DN_all_right,129718,4.0
LPLC2_L,3,DN_all_right,129873,3.0
LPLC2_L,3,DN_all_right,130847,28.0
LPLC2_L,3,DN_all_right,131136,148.0
LPLC2_L,3,DN_all_right,131434,29.0
LPLC2_L,3,DN_all_right,133544,26.0
LPLC2_L,3,DN_all_right,140621,1.0
LPLC2_L,3,DN_all_right,140980,3.0
LPLC2_L,3,DN_all_right,141051,1.0
LPLC2_L,3,DN_all_right,141735,66.0
LPLC2_L,3,DN_all_right,143416,142.0
LPLC2_L,3,DN_all_right,143432,60.0
LPLC2_L,3,DN_all_right,144269,45.0
LPLC2_L,3,DN_all_right,145368,3.0
LPLC2_L,3,DN_all_right,151545,2.0
LPLC2_L,3,DN_all_right,161396,57.0
LPLC2_L,3,DN_all_right,162540,1.0
LPLC2_L,3,MN_all_left,111304,1.0
LPLC2_L,3,MN_all_left,142836,130.0
LPLC2_L,3,MN_all_left,142922,13.0
LPLC2_L,3,MN_all_left,142929,2.0
LPLC2_L,3,MN_all_left,142964,32.0
LPLC2_L,3,MN_all_left,143064,96.0
LPLC2_L,3,MN_all_left,143088,97.0
LPLC2_L,3,MN_all_left,143139,1.0
LPLC2_L,3,MN_all_left,143160,84.0
LPLC2_L,3,MN_all_left,143221,53.0
LPLC2_L,3,MN_all_left,143222,42.0
LPLC2_L,3,MN_all_left,143231,5.0
LPLC2_L,3,MN_all_left,143243,22.0
LPLC2_L,3,MN_all_left,143252,27.0
LPLC2_L,3,MN_all_left,143259,27.0
LPLC2_L,3,MN_all_left,143281,1.0
LPLC2_L,3,MN_all_left,143322,49.0
LPLC2_L,3,MN_all_left,143418,5.0
LPLC2_L,3,MN_all_left,143421,63.0
LPLC2_L,3,MN_all_left,143445,58.0
LPLC2_L,3,MN_all_left,143464,30.0
LPLC2_L,3,MN_all_left,143478,1.0
LPLC2_L,3,MN_all_left,143540,1.0
LPLC2_L,3,MN_all_left,143626,8.0
LPLC2_L,3,MN_all_left,143654,102.0
LPLC2_L,3,MN_all_left,143664,20.0
LPLC2_L,3,MN_all_left,143690,106.0
LPLC2_L,3,MN_all_left,143700,33.0
LPLC2_L,3,MN_all_left,143751,45.0
LPLC2_L,3,MN_all_left,143760,16.0
LPLC2_L,3,MN_all_left,143766,2.0
LPLC2_L,3,MN_all_left,143773,8.0
LPLC2_L,3,MN_all_left,143860,3.0
LPLC2_L,3,MN_all_left,143901,18.0
LPLC2_L,3,MN_all_left,143949,49.0
LPLC2_L,3,MN_all_left,144071,51.0
LPLC2_L,3,MN_all_left,144086,95.0
LPLC2_L,3,MN_all_left,144111,1.0
LPLC2_L,3,MN_all_left,144209,67.0
LPLC2_L,3,MN_all_left,144234,63.0
LPLC2_L,3,MN_all_left,144248,2.0
LPLC2_L,3,MN_all_left,144265,72.0
LPLC2_L,3,MN_all_left,144377,2.0
LPLC2_L,3,MN_all_left,144382,64.0
LPLC2_L,3,MN_all_left,144400,54.0
LPLC2_L,3,MN_all_left,144439,26.0
LPLC2_L,3,MN_all_left,144450,6.0
LPLC2_L,3,MN_all_left,144457,17.0
LPLC2_L,3,MN_all_left,144465,12.0
LPLC2_L,3,MN_all_left,144494,1.0
LPLC2_L,3,MN_all_left,144508,1.0
LPLC2_L,3,MN_all_left,144538,8.0
LPLC2_L,3,MN_all_left,144576,28.0
LPLC2_L,3,MN_all_left,144578,11.0
LPLC2_L,3,MN_all_left,144584,58.0
LPLC2_L,3,MN_all_left,144821,93.0
LPLC2_L,3,MN_all_left,144860,10.0
LPLC2_L,3,MN_all_left,144878,1.0
LPLC2_L,3,MN_all_left,144897,14.0
LPLC2_L,3,MN_all_left,144964,33.0
LPLC2_L,3,MN_all_left,144974,77.0
LPLC2_L,3,MN_all_left,144997,11.0
LPLC2_L,3,MN_all_left,145034,40.0
LPLC2_L,3,MN_all_left,145063,20.0
LPLC2_L,3,MN_all_left,145081,69.0
LPLC2_L,3,MN_all_left,145109,38.0
LPLC2_L,3,MN_all_left,145142,3.0
LPLC2_L,3,MN_all_left,145198,46.0
LPLC2_L,3,MN_all_left,145274,56.0
LPLC2_L,3,MN_all_left,145303,31.0
LPLC2_L,3,MN_all_left,145351,52.0
LPLC2_L,3,MN_all_left,145405,14.0
LPLC2_L,3,MN_all_left,145438,57.0
LPLC2_L,3,MN_all_left,145476,25.0
LPLC2_L,3,MN_all_left,145483,15.0
LPLC2_L,3,MN_all_left,145564,4.0
LPLC2_L,3,MN_all_left,145660,4.0
LPLC2_L,3,MN_all_left,145672,14.0
LPLC2_L,3,MN_all_left,145732,3.0
LPLC2_L,3,MN_all_left,145766,3.0
LPLC2_L,3,MN_all_left,145796,92.0
LPLC2_L,3,MN_all_left,145805,26.0
LPLC2_L,3,MN_all_left,145878,10.0
LPLC2_L,3,MN_all_left,145900,25.0
LPLC2_L,3,MN_all_left,145911,70.0
LPLC2_L,3,MN_all_left,145975,46.0
LPLC2_L,3,MN_all_left,146072,13.0
LPLC2_L,3,MN_all_left,146085,4.0
LPLC2_L,3,MN_all_left,146107,54.0
LPLC2_L,3,MN_all_left,146233,27.0
LPLC2_L,3,MN_all_left,146333,12.0
LPLC2_L,3,MN_all_left,146441,1.0
LPLC2_L,3,MN_all_left,146494,3.0
LPLC2_L,3,MN_all_left,146507,17.0
LPLC2_L,3,MN_all_left,146556,5.0
LPLC2_L,3,MN_all_left,146571,5.0
LPLC2_L,3,MN_all_left,146590,1.0
LPLC2_L,3,MN_all_left,146748,89.0
LPLC2_L,3,MN_all_left,146821,1.0
LPLC2_L,3,MN_all_left,147006,10.0
LPLC2_L,3,MN_all_left,147111,1.0
LPLC2_L,3,MN_all_left,147153,87.0
LPLC2_L,3,MN_all_left,147241,32.0
LPLC2_L,3,MN_all_left,147254,5.0
LPLC2_L,3,MN_all_left,147272,1.0
LPLC2_L,3,MN_all_left,147311,4.0
LPLC2_L,3,MN_all_left,147444,14.0
LPLC2_L,3,MN_all_left,147449,7.0
LPLC2_L,3,MN_all_left,147492,33.0
LPLC2_L,3,MN_all_left,147569,5.0
LPLC2_L,3,MN_all_left,147690,34.0
LPLC2_L,3,MN_all_left,147730,34.0
LPLC2_L,3,MN_all_left,147938,2.0
LPLC2_L,3,MN_all_left,148126,45.0
LPLC2_L,3,MN_all_left,148144,3.0
LPLC2_L,3,MN_all_left,148349,3.0
LPLC2_L,3,MN_all_left,148397,5.0
LPLC2_L,3,MN_all_left,148408,23.0
LPLC2_L,3,MN_all_left,148537,48.0
LPLC2_L,3,MN_all_left,148589,58.0
LPLC2_L,3,MN_all_left,148953,75.0
LPLC2_L,3,MN_all_left,148964,1.0
LPLC2_L,3,MN_all_left,149298,6.0
LPLC2_L,3,MN_all_left,149592,30.0
LPLC2_L,3,MN_all_left,149636,2.0
LPLC2_L,3,MN_all_left,150276,39.0
LPLC2_L,3,MN_all_left,150280,42.0
LPLC2_L,3,MN_all_left,150354,2.0
LPLC2_L,3,MN_all_left,150850,12.0
LPLC2_L,3,MN_all_left,150864,33.0
LPLC2_L,3,MN_all_left,151089,13.0
LPLC2_L,3,MN_all_left,151228,1.0
LPLC2_L,3,MN_all_left,151708,1.0
LPLC2_L,3,MN_all_left,152375,40.0
LPLC2_L,3,MN_all_left,152535,24.0
LPLC2_L,3,MN_all_left,152793,2.0
LPLC2_L,3,MN_all_left,154142,37.0
LPLC2_L,3,MN_all_left,154315,75.0
LPLC2_L,3,MN_all_left,154353,1.0
LPLC2_L,3,MN_all_left,154887,58.0
LPLC2_L,3,MN_all_left,154980,34.0
LPLC2_L,3,MN_all_left,155786,4.0
LPLC2_L,3,MN_all_left,156971,1.0
LPLC2_L,3,MN_all_left,158106,1.0
LPLC2_L,3,MN_all_left,158328,1.0
LPLC2_L,3,MN_all_left,158478,9.0
LPLC2_L,3,MN_all_left,158604,63.0
LPLC2_L,3,MN_all_left,158794,1.0
LPLC2_L,3,MN_all_left,159019,4.0
LPLC2_L,3,MN_all_left,159087,15.0
LPLC2_L,3,MN_all_left,159285,45.0
LPLC2_L,3,MN_all_left,159287,3.0
LPLC2_L,3,MN_all_left,159288,9.0
LPLC2_L,3,MN_all_left,159488,47.0
LPLC2_L,3,MN_all_left,159489,71.0
LPLC2_L,3,MN_all_left,159777,12.0
LPLC2_L,3,MN_all_left,159993,9.0
LPLC2_L,3,MN_all_left,160070,1.0
LPLC2_L,3,MN_all_left,160137,20.0
LPLC2_L,3,MN_all_left,160430,5.0
LPLC2_L,3,MN_all_left,160448,83.0
LPLC2_L,3,MN_all_left,160854,22.0
LPLC2_L,3,MN_all_left,161187,5.0
LPLC2_L,3,MN_all_left,162458,2.0
LPLC2_L,3,MN_all_left,162557,18.0
LPLC2_L,3,MN_all_left,162657,1.0
LPLC2_L,3,MN_all_left,162782,110.0
LPLC2_L,3,MN_all_left,162796,104.0
LPLC2_L,3,MN_all_left,162914,28.0
LPLC2_L,3,MN_all_left,164726,4.0
LPLC2_L,3,MN_all_right,142834,117.0
LPLC2_L,3,MN_all_right,142900,7.0
LPLC2_L,3,MN_all_right,142911,1.0
LPLC2_L,3,MN_all_right,142932,16.0
LPLC2_L,3,MN_all_right,142956,23.0
LPLC2_L,3,MN_all_right,143136,44.0
LPLC2_L,3,MN_all_right,143140,1.0
LPLC2_L,3,MN_all_right,143217,88.0
LPLC2_L,3,MN_all_right,143244,2.0
LPLC2_L,3,MN_all_right,143260,90.0
LPLC2_L,3,MN_all_right,143277,1.0
LPLC2_L,3,MN_all_right,143304,4.0
LPLC2_L,3,MN_all_right,143341,2.0
LPLC2_L,3,MN_all_right,143362,7.0
LPLC2_L,3,MN_all_right,143454,6.0
LPLC2_L,3,MN_all_right,143460,2.0
LPLC2_L,3,MN_all_right,143467,30.0
LPLC2_L,3,MN_all_right,143498,2.0
LPLC2_L,3,MN_all_right,143566,46.0
LPLC2_L,3,MN_all_right,143567,47.0
LPLC2_L,3,MN_all_right,143581,68.0
LPLC2_L,3,MN_all_right,143635,5.0
LPLC2_L,3,MN_all_right,143643,1.0
LPLC2_L,3,MN_all_right,143728,19.0
LPLC2_L,3,MN_all_right,143754,68.0
LPLC2_L,3,MN_all_right,143786,79.0
LPLC2_L,3,MN_all_right,143796,4.0
LPLC2_L,3,MN_all_right,143804,1.0
LPLC2_L,3,MN_all_right,143828,9.0
LPLC2_L,3,MN_all_right,143830,47.0
LPLC2_L,3,MN_all_right,143900,68.0
LPLC2_L,3,MN_all_right,144043,15.0
LPLC2_L,3,MN_all_right,144076,27.0
LPLC2_L,3,MN_all_right,144107,7.0
LPLC2_L,3,MN_all_right,144149,81.0
LPLC2_L,3,MN_all_right,144152,102.0
LPLC2_L,3,MN_all_right,144158,33.0
LPLC2_L,3,MN_all_right,144211,3.0
LPLC2_L,3,MN_all_right,144246,49.0
LPLC2_L,3,MN_all_right,144285,79.0
LPLC2_L,3,MN_all_right,144312,1.0
LPLC2_L,3,MN_all_right,144338,38.0
LPLC2_L,3,MN_all_right,144370,22.0
LPLC2_L,3,MN_all_right,144391,35.0
LPLC2_L,3,MN_all_right,144429,17.0
LPLC2_L,3,MN_all_right,144466,76.0
LPLC2_L,3,MN_all_right,144516,5.0
LPLC2_L,3,MN_all_right,144652,1.0
LPLC2_L,3,MN_all_right,144664,7.0
LPLC2_L,3,MN_all_right,144682,22.0
LPLC2_L,3,MN_all_right,144768,2.0
LPLC2_L,3,MN_all_right,144790,1.0
LPLC2_L,3,MN_all_right,144899,23.0
LPLC2_L,3,MN_all_right,144918,6.0
LPLC2_L,3,MN_all_right,144952,92.0
LPLC2_L,3,MN_all_right,144987,59.0
LPLC2_L,3,MN_all_right,145007,64.0
LPLC2_L,3,MN_all_right,145064,46.0
LPLC2_L,3,MN_all_right,145083,2.0
LPLC2_L,3,MN_all_right,145127,92.0
LPLC2_L,3,MN_all_right,145221,73.0
LPLC2_L,3,MN_all_right,145278,28.0
LPLC2_L,3,MN_all_right,145327,29.0
LPLC2_L,3,MN_all_right,145458,1.0
LPLC2_L,3,MN_all_right,145461,39.0
LPLC2_L,3,MN_all_right,145492,81.0
LPLC2_L,3,MN_all_right,145559,6.0
LPLC2_L,3,MN_all_right,145576,15.0
LPLC2_L,3,MN_all_right,145581,2.0
LPLC2_L,3,MN_all_right,145592,54.0
LPLC2_L,3,MN_all_right,145621,1.0
LPLC2_L,3,MN_all_right,145653,54.0
LPLC2_L,3,MN_all_right,145721,2.0
LPLC2_L,3,MN_all_right,145738,4.0
LPLC2_L,3,MN_all_right,145832,50.0
LPLC2_L,3,MN_all_right,145953,3.0
LPLC2_L,3,MN_all_right,145960,38.0
LPLC2_L,3,MN_all_right,146130,29.0
LPLC2_L,3,MN_all_right,146173,56.0
LPLC2_L,3,MN_all_right,146318,47.0
LPLC2_L,3,MN_all_right,146668,40.0
LPLC2_L,3,MN_all_right,146701,1.0
LPLC2_L,3,MN_all_right,146725,52.0
LPLC2_L,3,MN_all_right,146868,10.0
LPLC2_L,3,MN_all_right,146879,2.0
LPLC2_L,3,MN_all_right,147037,31.0
LPLC2_L,3,MN_all_right,147094,16.0
LPLC2_L,3,MN_all_right,147184,2.0
LPLC2_L,3,MN_all_right,147267,12.0
LPLC2_L,3,MN_all_right,147470,12.0
LPLC2_L,3,MN_all_right,147519,39.0
LPLC2_L,3,MN_all_right,147543,45.0
LPLC2_L,3,MN_all_right,147559,46.0
LPLC2_L,3,MN_all_right,147606,1.0
LPLC2_L,3,MN_all_right,147646,35.0
LPLC2_L,3,MN_all_right,147672,31.0
LPLC2_L,3,MN_all_right,147794,41.0
LPLC2_L,3,MN_all_right,147905,5.0
LPLC2_L,3,MN_all_right,147957,3.0
LPLC2_L,3,MN_all_right,148001,6.0
LPLC2_L,3,MN_all_right,148017,25.0
LPLC2_L,3,MN_all_right,148201,9.0
LPLC2_L,3,MN_all_right,148237,5.0
LPLC2_L,3,MN_all_right,148293,5.0
LPLC2_L,3,MN_all_right,148422,58.0
LPLC2_L,3,MN_all_right,148611,49.0
LPLC2_L,3,MN_all_right,148816,29.0
LPLC2_L,3,MN_all_right,148823,43.0
LPLC2_L,3,MN_all_right,148879,6.0
LPLC2_L,3,MN_all_right,148985,2.0
LPLC2_L,3,MN_all_right,149056,86.0
LPLC2_L,3,MN_all_right,149234,2.0
LPLC2_L,3,MN_all_right,149327,55.0
LPLC2_L,3,MN_all_right,149498,29.0
LPLC2_L,3,MN_all_right,149864,2.0
LPLC2_L,3,MN_all_right,149895,28.0
LPLC2_L,3,MN_all_right,150019,51.0
LPLC2_L,3,MN_all_right,150204,1.0
LPLC2_L,3,MN_all_right,150362,27.0
LPLC2_L,3,MN_all_right,150676,20.0
LPLC2_L,3,MN_all_right,150738,4.0
LPLC2_L,3,MN_all_right,150989,20.0
LPLC2_L,3,MN_all_right,152104,4.0
LPLC2_L,3,MN_all_right,152528,35.0
LPLC2_L,3,MN_all_right,153409,57.0
LPLC2_L,3,MN_all_right,153686,1.0
LPLC2_L,3,MN_all_right,154055,34.0
LPLC2_L,3,MN_all_right,154732,35.0
LPLC2_L,3,MN_all_right,154941,72.0
LPLC2_L,3,MN_all_right,155213,1.0
LPLC2_L,3,MN_all_right,156301,4.0
LPLC2_L,3,MN_all_right,156514,3.0
LPLC2_L,3,MN_all_right,158193,24.0
LPLC2_L,3,MN_all_right,158204,6.0
LPLC2_L,3,MN_all_right,158546,65.0
LPLC2_L,3,MN_all_right,158670,24.0
LPLC2_L,3,MN_all_right,158812,1.0
LPLC2_L,3,MN_all_right,159157,5.0
LPLC2_L,3,MN_all_right,159225,14.0
LPLC2_L,3,MN_all_right,159253,38.0
LPLC2_L,3,MN_all_right,159477,6.0
LPLC2_L,3,MN_all_right,159478,3.0
LPLC2_L,3,MN_all_right,159546,1.0
LPLC2_L,3,MN_all_right,159896,21.0
LPLC2_L,3,MN_all_right,160165,25.0
LPLC2_L,3,MN_all_right,160191,5.0
LPLC2_L,3,MN_all_right,160245,30.0
LPLC2_L,3,MN_all_right,160271,37.0
LPLC2_L,3,MN_all_right,160307,1.0
LPLC2_L,3,MN_all_right,160329,27.0
LPLC2_L,3,MN_all_right,160551,30.0
LPLC2_L,3,MN_all_right,161306,3.0
LPLC2_L,3,MN_all_right,161523,15.0
LPLC2_L,3,MN_all_right,162256,1.0
LPLC2_L,3,MN_all_right,162556,24.0
LPLC2_L,3,MN_all_right,162677,15.0
LPLC2_L,3,MN_all_right,162781,80.0
LPLC2_L,3,MN_all_right,164606,77.0
LPLC2_L,3,MN_all_right,164614,86.0
LPLC2_L,3,MN_all_right,164616,59.0
LPLC2_L,3,MN_all_right,164623,7.0
LC4_L,0,DN_all_left,6,222.0
LC4_L,0,DN_all_left,36,1.0
LC4_L,0,DN_all_left,78,1.0
LC4_L,0,DN_all_left,104,235.0
LC4_L,0,DN_all_left,109,75.0
LC4_L,0,DN_all_left,121,5.0
LC4_L,0,DN_all_left,144,16.0
LC4_L,0,DN_all_left,147,1.0
LC4_L,0,DN_all_left,178,234.0
LC4_L,0,DN_all_left,204,19.0
LC4_L,0,DN_all_left,207,22.0
LC4_L,0,DN_all_left,213,1.0
LC4_L,0,DN_all_left,226,2.0
LC4_L,0,DN_all_left,228,97.0
LC4_L,0,DN_all_left,238,216.0
LC4_L,0,DN_all_left,252,2.0
LC4_L,0,DN_all_left,264,104.0
LC4_L,0,DN_all_left,273,97.0
LC4_L,0,DN_all_left,316,60.0
LC4_L,0,DN_all_left,333,22.0
LC4_L,0,DN_all_left,349,140.0
LC4_L,0,DN_all_left,363,57.0
LC4_L,0,DN_all_left,384,5.0
LC4_L,0,DN_all_left,391,3.0
LC4_L,0,DN_all_left,410,31.0
LC4_L,0,DN_all_left,433,1.0
LC4_L,0,DN_all_left,446,44.0
LC4_L,0,DN_all_left,489,7.0
LC4_L,0,DN_all_left,514,26.0
LC4_L,0,DN_all_left,541,3.0
LC4_L,0,DN_all_left,603,3.0
LC4_L,0,DN_all_left,614,2.0
LC4_L,0,DN_all_left,628,24.0
LC4_L,0,DN_all_left,632,13.0
LC4_L,0,DN_all_left,656,71.0
LC4_L,0,DN_all_left,673,30.0
LC4_L,0,DN_all_left,675,31.0
LC4_L,0,DN_all_left,687,22.0
LC4_L,0,DN_all_left,696,201.0
LC4_L,0,DN_all_left,741,44.0
LC4_L,0,DN_all_left,773,53.0
LC4_L,0,DN_all_left,783,4.0
LC4_L,0,DN_all_left,791,1.0
LC4_L,0,DN_all_left,861,8.0
LC4_L,0,DN_all_left,879,2.0
LC4_L,0,DN_all_left,906,16.0
LC4_L,0,DN_all_left,931,4.0
LC4_L,0,DN_all_left,979,1.0
LC4_L,0,DN_all_left,984,2.0
LC4_L,0,DN_all_left,992,122.0
LC4_L,0,DN_all_left,993,23.0
LC4_L,0,DN_all_left,994,72.0
LC4_L,0,DN_all_left,1037,25.0
LC4_L,0,DN_all_left,1043,7.0
LC4_L,0,DN_all_left,1047,124.0
LC4_L,0,DN_all_left,1071,1.0
LC4_L,0,DN_all_left,1111,65.0
LC4_L,0,DN_all_left,1131,1.0
LC4_L,0,DN_all_left,1170,2.0
LC4_L,0,DN_all_left,1212,3.0
LC4_L,0,DN_all_left,1273,100.0
LC4_L,0,DN_all_left,1278,3.0
LC4_L,0,DN_all_left,1324,89.0
LC4_L,0,DN_all_left,1325,41.0
LC4_L,0,DN_all_left,1361,1.0
LC4_L,0,DN_all_left,1392,31.0
LC4_L,0,DN_all_left,1466,8.0
LC4_L,0,DN_all_left,1506,86.0
LC4_L,0,DN_all_left,1562,44.0
LC4_L,0,DN_all_left,1564,7.0
LC4_L,0,DN_all_left,1626,1.0
LC4_L,0,DN_all_left,1677,19.0
LC4_L,0,DN_all_left,1724,93.0
LC4_L,0,DN_all_left,1821,2.0
LC4_L,0,DN_all_left,1833,3.0
LC4_L,0,DN_all_left,1870,4.0
LC4_L,0,DN_all_left,1905,9.0
LC4_L,0,DN_all_left,1950,13.0
LC4_L,0,DN_all_left,1994,1.0
LC4_L,0,DN_all_left,2103,9.0
LC4_L,0,DN_all_left,2286,50.0
LC4_L,0,DN_all_left,2311,1.0
LC4_L,0,DN_all_left,2329,46.0
LC4_L,0,DN_all_left,2354,13.0
LC4_L,0,DN_all_left,2414,1.0
LC4_L,0,DN_all_left,2423,27.0
LC4_L,0,DN_all_left,2449,1.0
LC4_L,0,DN_all_left,2451,99.0
LC4_L,0,DN_all_left,2465,52.0
LC4_L,0,DN_all_left,2475,1.0
LC4_L,0,DN_all_left,2500,5.0
LC4_L,0,DN_all_left,2574,8.0
LC4_L,0,DN_all_left,2583,57.0
LC4_L,0,DN_all_left,2588,8.0
LC4_L,0,DN_all_left,2620,1.0
LC4_L,0,DN_all_left,2648,5.0
LC4_L,0,DN_all_left,2676,13.0
LC4_L,0,DN_all_left,2683,9.0
LC4_L,0,DN_all_left,2700,1.0
LC4_L,0,DN_all_left,2814,4.0
LC4_L,0,DN_all_left,2816,1.0
LC4_L,0,DN_all_left,2837,3.0
LC4_L,0,DN_all_left,2868,4.0
LC4_L,0,DN_all_left,3009,11.0
LC4_L,0,DN_all_left,3045,1.0
LC4_L,0,DN_all_left,3084,25.0
LC4_L,0,DN_all_left,3106,192.0
LC4_L,0,DN_all_left,3184,21.0
LC4_L,0,DN_all_left,3222,12.0
LC4_L,0,DN_all_left,3331,51.0
LC4_L,0,DN_all_left,3349,17.0
LC4_L,0,DN_all_left,3380,3.0
LC4_L,0,DN_all_left,3394,2.0
LC4_L,0,DN_all_left,3505,17.0
LC4_L,0,DN_all_left,3569,2.0
LC4_L,0,DN_all_left,3770,4.0
LC4_L,0,DN_all_left,3915,1.0
LC4_L,0,DN_all_left,3939,8.0
LC4_L,0,DN_all_left,3946,3.0
LC4_L,0,DN_all_left,3966,65.0
LC4_L,0,DN_all_left,4017,2.0
LC4_L,0,DN_all_left,4215,1.0
LC4_L,0,DN_all_left,4335,84.0
LC4_L,0,DN_all_left,4609,19.0
LC4_L,0,DN_all_left,4917,37.0
LC4_L,0,DN_all_left,5056,1.0
LC4_L,0,DN_all_left,5067,55.0
LC4_L,0,DN_all_left,5217,30.0
LC4_L,0,DN_all_left,5300,1.0
LC4_L,0,DN_all_left,5616,1.0
LC4_L,0,DN_all_left,5624,4.0
LC4_L,0,DN_all_left,5678,4.0
LC4_L,0,DN_all_left,5867,53.0
LC4_L,0,DN_all_left,5993,49.0
LC4_L,0,DN_all_left,6490,2.0
LC4_L,0,DN_all_left,6498,1.0
LC4_L,0,DN_all_left,6736,22.0
LC4_L,0,DN_all_left,7415,4.0
LC4_L,0,DN_all_left,8234,1.0
LC4_L,0,DN_all_left,8591,1.0
LC4_L,0,DN_all_left,8764,6.0
LC4_L,0,DN_all_left,9402,55.0
LC4_L,0,DN_all_left,10086,9.0
LC4_L,0,DN_all_left,10110,22.0
LC4_L,0,DN_all_left,10532,4.0
LC4_L,0,DN_all_left,12883,99.0
LC4_L,0,DN_all_left,13723,2.0
LC4_L,0,DN_all_left,14132,3.0
LC4_L,0,DN_all_left,14329,3.0
LC4_L,0,DN_all_left,14338,3.0
LC4_L,0,DN_all_left,15020,2.0
LC4_L,0,DN_all_left,15054,2.0
LC4_L,0,DN_all_left,15328,1.0
LC4_L,0,DN_all_left,17208,7.0
LC4_L,0,DN_all_left,19578,8.0
LC4_L,0,DN_all_left,20018,1.0
LC4_L,0,DN_all_left,21341,2.0
LC4_L,0,DN_all_left,22875,1.0
LC4_L,0,DN_all_left,28642,5.0
LC4_L,0,DN_all_left,28804,19.0
LC4_L,0,DN_all_left,49995,2.0
LC4_L,0,DN_all_left,53674,8.0
LC4_L,0,DN_all_left,60324,24.0
LC4_L,0,DN_all_left,70432,11.0
LC4_L,0,DN_all_left,116552,7.0
LC4_L,0,DN_all_left,122321,2.0
LC4_L,0,DN_all_left,123129,3.0
LC4_L,0,DN_all_left,124448,52.0
LC4_L,0,DN_all_left,125112,1.0
LC4_L,0,DN_all_left,126100,69.0
LC4_L,0,DN_all_left,127227,2.0
LC4_L,0,DN_all_left,127958,24.0
LC4_L,0,DN_all_left,128595,1.0
LC4_L,0,DN_all_left,128725,6.0
LC4_L,0,DN_all_left,128862,46.0
LC4_L,0,DN_all_left,128935,5.0
LC4_L,0,DN_all_left,128964,2.0
LC4_L,0,DN_all_left,129107,6.0
LC4_L,0,DN_all_left,129520,2.0
LC4_L,0,DN_all_left,129654,26.0
LC4_L,0,DN_all_left,130077,13.0
LC4_L,0,DN_all_left,130458,8.0
LC4_L,0,DN_all_left,130496,8.0
LC4_L,0,DN_all_left,130616,4.0
LC4_L,0,DN_all_left,130618,123.0
LC4_L,0,DN_all_left,132535,17.0
LC4_L,0,DN_all_left,133364,13.0
LC4_L,0,DN_all_left,133740,292.0
LC4_L,0,DN_all_left,135657,45.0
LC4_L,0,DN_all_left,139863,5.0
LC4_L,0,DN_all_left,140885,10.0
LC4_L,0,DN_all_left,141026,134.0
LC4_L,0,DN_all_left,141033,9.0
LC4_L,0,DN_all_left,142108,95.0
LC4_L,0,DN_all_left,163281,4.0
LC4_L,0,DN_all_right,0,4.0
LC4_L,0,DN_all_right,19,1.0
LC4_L,0,DN_all_right,25,125.0
LC4_L,0,DN_all_right,45,13.0
LC4_L,0,DN_all_right,48,3.0
LC4_L,0,DN_all_right,51,28.0
LC4_L,0,DN_all_right,52,250.0
LC4_L,0,DN_all_right,137,2.0
LC4_L,0,DN_all_right,176,38.0
LC4_L,0,DN_all_right,194,8.0
LC4_L,0,DN_all_right,197,3.0
LC4_L,0,DN_all_right,199,2.0
LC4_L,0,DN_all_right,215,89.0
LC4_L,0,DN_all_right,216,81.0
LC4_L,0,DN_all_right,243,102.0
LC4_L,0,DN_all_right,258,1.0
LC4_L,0,DN_all_right,259,4.0
LC4_L,0,DN_all_right,261,1.0
LC4_L,0,DN_all_right,274,119.0
LC4_L,0,DN_all_right,281,54.0
LC4_L,0,DN_all_right,290,72.0
LC4_L,0,DN_all_right,311,19.0
LC4_L,0,DN_all_right,317,100.0
LC4_L,0,DN_all_right,327,25.0
LC4_L,0,DN_all_right,378,78.0
LC4_L,0,DN_all_right,397,6.0
LC4_L,0,DN_all_right,428,14.0
LC4_L,0,DN_all_right,467,11.0
LC4_L,0,DN_all_right,505,17.0
LC4_L,0,DN_all_right,506,1.0
LC4_L,0,DN_all_right,545,8.0
LC4_L,0,DN_all_right,597,6.0
LC4_L,0,DN_all_right,620,2.0
LC4_L,0,DN_all_right,654,5.0
LC4_L,0,DN_all_right,703,77.0
LC4_L,0,DN_all_right,704,3.0
LC4_L,0,DN_all_right,706,1.0
LC4_L,0,DN_all_right,746,16.0
LC4_L,0,DN_all_right,762,92.0
LC4_L,0,DN_all_right,763,28.0
LC4_L,0,DN_all_right,772,4.0
LC4_L,0,DN_all_right,777,47.0
LC4_L,0,DN_all_right,785,27.0
LC4_L,0,DN_all_right,794,1.0
LC4_L,0,DN_all_right,809,30.0
LC4_L,0,DN_all_right,828,6.0
LC4_L,0,DN_all_right,853,13.0
LC4_L,0,DN_all_right,854,5.0
LC4_L,0,DN_all_right,886,60.0
LC4_L,0,DN_all_right,894,117.0
LC4_L,0,DN_all_right,903,6.0
LC4_L,0,DN_all_right,911,9.0
LC4_L,0,DN_all_right,987,1.0
LC4_L,0,DN_all_right,1021,86.0
LC4_L,0,DN_all_right,1032,16.0
LC4_L,0,DN_all_right,1048,3.0
LC4_L,0,DN_all_right,1083,4.0
LC4_L,0,DN_all_right,1089,9.0
LC4_L,0,DN_all_right,1092,1.0
LC4_L,0,DN_all_right,1108,36.0
LC4_L,0,DN_all_right,1124,42.0
LC4_L,0,DN_all_right,1150,13.0
LC4_L,0,DN_all_right,1165,9.0
LC4_L,0,DN_all_right,1168,1.0
LC4_L,0,DN_all_right,1210,60.0
LC4_L,0,DN_all_right,1218,23.0
LC4_L,0,DN_all_right,1222,1.0
LC4_L,0,DN_all_right,1242,3.0
LC4_L,0,DN_all_right,1269,43.0
LC4_L,0,DN_all_right,1277,88.0
LC4_L,0,DN_all_right,1315,3.0
LC4_L,0,DN_all_right,1400,1.0
LC4_L,0,DN_all_right,1405,2.0
LC4_L,0,DN_all_right,1457,31.0
LC4_L,0,DN_all_right,1468,1.0
LC4_L,0,DN_all_right,1492,28.0
LC4_L,0,DN_all_right,1502,36.0
LC4_L,0,DN_all_right,1593,14.0
LC4_L,0,DN_all_right,1621,6.0
LC4_L,0,DN_all_right,1648,17.0
LC4_L,0,DN_all_right,1653,1.0
LC4_L,0,DN_all_right,1699,68.0
LC4_L,0,DN_all_right,1708,44.0
LC4_L,0,DN_all_right,1756,9.0
LC4_L,0,DN_all_right,1789,3.0
LC4_L,0,DN_all_right,1804,74.0
LC4_L,0,DN_all_right,1823,9.0
LC4_L,0,DN_all_right,1837,3.0
LC4_L,0,DN_all_right,1842,1.0
LC4_L,0,DN_all_right,1897,2.0
LC4_L,0,DN_all_right,1954,43.0
LC4_L,0,DN_all_right,1965,2.0
LC4_L,0,DN_all_right,1995,2.0
LC4_L,0,DN_all_right,2033,4.0
LC4_L,0,DN_all_right,2037,1.0
LC4_L,0,DN_all_right,2070,30.0
LC4_L,0,DN_all_right,2079,58.0
LC4_L,0,DN_all_right,2094,39.0
LC4_L,0,DN_all_right,2210,6.0
LC4_L,0,DN_all_right,2218,1.0
LC4_L,0,DN_all_right,2222,1.0
LC4_L,0,DN_all_right,2238,3.0
LC4_L,0,DN_all_right,2251,12.0
LC4_L,0,DN_all_right,2325,5.0
LC4_L,0,DN_all_right,2332,24.0
LC4_L,0,DN_all_right,2350,38.0
LC4_L,0,DN_all_right,2433,1.0
LC4_L,0,DN_all_right,2458,2.0
LC4_L,0,DN_all_right,2495,4.0
LC4_L,0,DN_all_right,2529,29.0
LC4_L,0,DN_all_right,2572,4.0
LC4_L,0,DN_all_right,2600,25.0
LC4_L,0,DN_all_right,2606,45.0
LC4_L,0,DN_all_right,2607,129.0
LC4_L,0,DN_all_right,2613,16.0
LC4_L,0,DN_all_right,2636,4.0
LC4_L,0,DN_all_right,2752,4.0
LC4_L,0,DN_all_right,2841,5.0
LC4_L,0,DN_all_right,2906,7.0
LC4_L,0,DN_all_right,3020,43.0
LC4_L,0,DN_all_right,3048,1.0
LC4_L,0,DN_all_right,3059,33.0
LC4_L,0,DN_all_right,3068,6.0
LC4_L,0,DN_all_right,3132,42.0
LC4_L,0,DN_all_right,3149,7.0
LC4_L,0,DN_all_right,3220,192.0
LC4_L,0,DN_all_right,3270,17.0
LC4_L,0,DN_all_right,3348,55.0
LC4_L,0,DN_all_right,3374,1.0
LC4_L,0,DN_all_right,3383,8.0
LC4_L,0,DN_all_right,3403,27.0
LC4_L,0,DN_all_right,3406,6.0
LC4_L,0,DN_all_right,3437,33.0
LC4_L,0,DN_all_right,3593,15.0
LC4_L,0,DN_all_right,3625,1.0
LC4_L,0,DN_all_right,3654,21.0
LC4_L,0,DN_all_right,3694,2.0
LC4_L,0,DN_all_right,3707,8.0
LC4_L,0,DN_all_right,3754,43.0
LC4_L,0,DN_all_right,3828,4.0
LC4_L,0,DN_all_right,3853,33.0
LC4_L,0,DN_all_right,3868,4.0
LC4_L,0,DN_all_right,3945,46.0
LC4_L,0,DN_all_right,3960,38.0
LC4_L,0,DN_all_right,3973,27.0
LC4_L,0,DN_all_right,3997,24.0
LC4_L,0,DN_all_right,4020,52.0
LC4_L,0,DN_all_right,4078,1.0
LC4_L,0,DN_all_right,4098,16.0
LC4_L,0,DN_all_right,4443,2.0
LC4_L,0,DN_all_right,4514,11.0
LC4_L,0,DN_all_right,4641,45.0
LC4_L,0,DN_all_right,4645,47.0
LC4_L,0,DN_all_right,5027,7.0
LC4_L,0,DN_all_right,5124,40.0
LC4_L,0,DN_all_right,5348,1.0
LC4_L,0,DN_all_right,5367,7.0
LC4_L,0,DN_all_right,5381,30.0
LC4_L,0,DN_all_right,5458,49.0
LC4_L,0,DN_all_right,5597,1.0
LC4_L,0,DN_all_right,5739,1.0
LC4_L,0,DN_all_right,5841,5.0
LC4_L,0,DN_all_right,6074,5.0
LC4_L,0,DN_all_right,6169,1.0
LC4_L,0,DN_all_right,6278,14.0
LC4_L,0,DN_all_right,6358,9.0
LC4_L,0,DN_all_right,6570,38.0
LC4_L,0,DN_all_right,6753,8.0
LC4_L,0,DN_all_right,7801,5.0
LC4_L,0,DN_all_right,7850,17.0
LC4_L,0,DN_all_right,8762,2.0
LC4_L,0,DN_all_right,9254,101.0
LC4_L,0,DN_all_right,9458,122.0
LC4_L,0,DN_all_right,9662,61.0
LC4_L,0,DN_all_right,9780,87.0
LC4_L,0,DN_all_right,9912,46.0
LC4_L,0,DN_all_right,10114,1.0
LC4_L,0,DN_all_right,10368,1.0
LC4_L,0,DN_all_right,11504,27.0
LC4_L,0,DN_all_right,12336,8.0
LC4_L,0,DN_all_right,15566,29.0
LC4_L,0,DN_all_right,15893,29.0
LC4_L,0,DN_all_right,23535,1.0
LC4_L,0,DN_all_right,27054,4.0
LC4_L,0,DN_all_right,27532,2.0
LC4_L,0,DN_all_right,32032,9.0
LC4_L,0,DN_all_right,47173,1.0
LC4_L,0,DN_all_right,50694,14.0
LC4_L,0,DN_all_right,72835,40.0
LC4_L,0,DN_all_right,116556,5.0
LC4_L,0,DN_all_right,117981,38.0
LC4_L,0,DN_all_right,122432,38.0
LC4_L,0,DN_all_right,123333,1.0
LC4_L,0,DN_all_right,124419,21.0
LC4_L,0,DN_all_right,124541,64.0
LC4_L,0,DN_all_right,124920,9.0
LC4_L,0,DN_all_right,125376,44.0
LC4_L,0,DN_all_right,125430,1.0
LC4_L,0,DN_all_right,125795,13.0
LC4_L,0,DN_all_right,126404,37.0
LC4_L,0,DN_all_right,126772,2.0
LC4_L,0,DN_all_right,127636,2.0
LC4_L,0,DN_all_right,127758,16.0
LC4_L,0,DN_all_right,128032,61.0
LC4_L,0,DN_all_right,128692,4.0
LC4_L,0,DN_all_right,128892,45.0
LC4_L,0,DN_all_right,129301,2.0
LC4_L,0,DN_all_right,129659,25.0
LC4_L,0,DN_all_right,129688,4.0
LC4_L,0,DN_all_right,129718,7.0
LC4_L,0,DN_all_right,130847,18.0
LC4_L,0,DN_all_right,130858,4.0
LC4_L,0,DN_all_right,131136,141.0
LC4_L,0,DN_all_right,131434,52.0
LC4_L,0,DN_all_right,131504,2.0
LC4_L,0,DN_all_right,133544,20.0
LC4_L,0,DN_all_right,140978,1.0
LC4_L,0,DN_all_right,140980,2.0
LC4_L,0,DN_all_right,141051,2.0
LC4_L,0,DN_all_right,141735,75.0
LC4_L,0,DN_all_right,142119,17.0
LC4_L,0,DN_all_right,143416,133.0
LC4_L,0,DN_all_right,143432,65.0
LC4_L,0,DN_all_right,144269,53.0
LC4_L,0,DN_all_right,145368,4.0
LC4_L,0,DN_all_right,151545,1.0
LC4_L,0,DN_all_right,161396,59.0
LC4_L,0,DN_all_right,162540,4.0
LC4_L,0,MN_all_left,111304,1.0
LC4_L,0,MN_all_left,142836,21.0
LC4_L,0,MN_all_left,142922,6.0
LC4_L,0,MN_all_left,142929,16.0
LC4_L,0,MN_all_left,142964,51.0
LC4_L,0,MN_all_left,143064,68.0
LC4_L,0,MN_all_left,143088,105.0
LC4_L,0,MN_all_left,143139,5.0
LC4_L,0,MN_all_left,143160,25.0
LC4_L,0,MN_all_left,143221,57.0
LC4_L,0,MN_all_left,143222,42.0
LC4_L,0,MN_all_left,143231,37.0
LC4_L,0,MN_all_left,143243,35.0
LC4_L,0,MN_all_left,143252,39.0
LC4_L,0,MN_all_left,143259,7.0
LC4_L,0,MN_all_left,143281,2.0
LC4_L,0,MN_all_left,143322,117.0
LC4_L,0,MN_all_left,143418,13.0
LC4_L,0,MN_all_left,143421,5.0
LC4_L,0,MN_all_left,143436,13.0
LC4_L,0,MN_all_left,143445,119.0
LC4_L,0,MN_all_left,143464,57.0
LC4_L,0,MN_all_left,143478,23.0
LC4_L,0,MN_all_left,143539,2.0
LC4_L,0,MN_all_left,143540,8.0
LC4_L,0,MN_all_left,143626,18.0
LC4_L,0,MN_all_left,143654,15.0
LC4_L,0,MN_all_left,143664,3.0
LC4_L,0,MN_all_left,143690,51.0
LC4_L,0,MN_all_left,143700,54.0
LC4_L,0,MN_all_left,143751,6.0
LC4_L,0,MN_all_left,143760,10.0
LC4_L,0,MN_all_left,143766,4.0
LC4_L,0,MN_all_left,143773,3.0
LC4_L,0,MN_all_left,143860,7.0
LC4_L,0,MN_all_left,143901,21.0
LC4_L,0,MN_all_left,143949,8.0
LC4_L,0,MN_all_left,144071,57.0
LC4_L,0,MN_all_left,144086,44.0
LC4_L,0,MN_all_left,144111,8.0
LC4_L,0,MN_all_left,144209,111.0
LC4_L,0,MN_all_left,144222,7.0
LC4_L,0,MN_all_left,144234,5.0
LC4_L,0,MN_all_left,144265,132.0
LC4_L,0,MN_all_left,144290,1.0
LC4_L,0,MN_all_left,144377,3.0
LC4_L,0,MN_all_left,144382,54.0
LC4_L,0,MN_all_left,144400,50.0
LC4_L,0,MN_all_left,144450,35.0
LC4_L,0,MN_all_left,144457,12.0
LC4_L,0,MN_all_left,144465,85.0
LC4_L,0,MN_all_left,144494,2.0
LC4_L,0,MN_all_left,144538,14.0
LC4_L,0,MN_all_left,144576,27.0
LC4_L,0,MN_all_left,144584,60.0
LC4_L,0,MN_all_left,144657,29.0
LC4_L,0,MN_all_left,144821,86.0
LC4_L,0,MN_all_left,144860,3.0
LC4_L,0,MN_all_left,144878,2.0
LC4_L,0,MN_all_left,144897,10.0
LC4_L,0,MN_all_left,144974,55.0
LC4_L,0,MN_all_left,144997,3.0
LC4_L,0,MN_all_left,145034,91.0
LC4_L,0,MN_all_left,145063,5.0
LC4_L,0,MN_all_left,145081,56.0
LC4_L,0,MN_all_left,145094,1.0
LC4_L,0,MN_all_left,145109,43.0
LC4_L,0,MN_all_left,145142,8.0
LC4_L,0,MN_all_left,145198,69.0
LC4_L,0,MN_all_left,145207,2.0
LC4_L,0,MN_all_left,145217,12.0
LC4_L,0,MN_all_left,145274,12.0
LC4_L,0,MN_all_left,145303,23.0
LC4_L,0,MN_all_left,145351,54.0
LC4_L,0,MN_all_left,145382,11.0
LC4_L,0,MN_all_left,145405,20.0
LC4_L,0,MN_all_left,145438,52.0
LC4_L,0,MN_all_left,145476,4.0
LC4_L,0,MN_all_left,145483,5.0
LC4_L,0,MN_all_left,145573,2.0
LC4_L,0,MN_all_left,145652,3.0
LC4_L,0,MN_all_left,145660,1.0
LC4_L,0,MN_all_left,145672,44.0
LC4_L,0,MN_all_left,145732,6.0
LC4_L,0,MN_all_left,145766,6.0
LC4_L,0,MN_all_left,145796,102.0
LC4_L,0,MN_all_left,145805,29.0
LC4_L,0,MN_all_left,145900,24.0
LC4_L,0,MN_all_left,145911,72.0
LC4_L,0,MN_all_left,145975,41.0
LC4_L,0,MN_all_left,146072,23.0
LC4_L,0,MN_all_left,146107,39.0
LC4_L,0,MN_all_left,146190,4.0
LC4_L,0,MN_all_left,146333,10.0
LC4_L,0,MN_all_left,146441,4.0
LC4_L,0,MN_all_left,146494,1.0
LC4_L,0,MN_all_left,146498,1.0
LC4_L,0,MN_all_left,146507,9.0
LC4_L,0,MN_all_left,146556,8.0
LC4_L,0,MN_all_left,146571,5.0
LC4_L,0,MN_all_left,146590,2.0
LC4_L,0,MN_all_left,146748,91.0
LC4_L,0,MN_all_left,146821,6.0
LC4_L,0,MN_all_left,147111,3.0
LC4_L,0,MN_all_left,147153,79.0
LC4_L,0,MN_all_left,147241,28.0
LC4_L,0,MN_all_left,147254,7.0
LC4_L,0,MN_all_left,147272,2.0
LC4_L,0,MN_all_left,147311,23.0
LC4_L,0,MN_all_left,147444,28.0
LC4_L,0,MN_all_left,147449,19.0
LC4_L,0,MN_all_left,147492,36.0
LC4_L,0,MN_all_left,147569,16.0
LC4_L,0,MN_all_left,147690,19.0
LC4_L,0,MN_all_left,147730,18.0
LC4_L,0,MN_all_left,147938,1.0
LC4_L,0,MN_all_left,148076,1.0
LC4_L,0,MN_all_left,148097,2.0
LC4_L,0,MN_all_left,148126,40.0
LC4_L,0,MN_all_left,148144,5.0
LC4_L,0,MN_all_left,148349,4.0
LC4_L,0,MN_all_left,148397,15.0
LC4_L,0,MN_all_left,148412,4.0
LC4_L,0,MN_all_left,148537,34.0
LC4_L,0,MN_all_left,148589,84.0
LC4_L,0,MN_all_left,148779,1.0
LC4_L,0,MN_all_left,148953,84.0
LC4_L,0,MN_all_left,148964,1.0
LC4_L,0,MN_all_left,149298,16.0
LC4_L,0,MN_all_left,149557,1.0
LC4_L,0,MN_all_left,149592,8.0
LC4_L,0,MN_all_left,149636,8.0
LC4_L,0,MN_all_left,149652,2.0
LC4_L,0,MN_all_left,150276,8.0
LC4_L,0,MN_all_left,150280,36.0
LC4_L,0,MN_all_left,150354,2.0
LC4_L,0,MN_all_left,150721,2.0
LC4_L,0,MN_all_left,150850,18.0
LC4_L,0,MN_all_left,150864,27.0
LC4_L,0,MN_all_left,151089,20.0
LC4_L,0,MN_all_left,151305,5.0
LC4_L,0,MN_all_left,152375,38.0
LC4_L,0,MN_all_left,152535,8.0
LC4_L,0,MN_all_left,154142,32.0
LC4_L,0,MN_all_left,154315,68.0
LC4_L,0,MN_all_left,154353,2.0
LC4_L,0,MN_all_left,154887,50.0
LC4_L,0,MN_all_left,155085,1.0
LC4_L,0,MN_all_left,156887,1.0
LC4_L,0,MN_all_left,156971,1.0
LC4_L,0,MN_all_left,158106,2.0
LC4_L,0,MN_all_left,158328,1.0
LC4_L,0,MN_all_left,158604,58.0
LC4_L,0,MN_all_left,158794,3.0
LC4_L,0,MN_all_left,159087,16.0
LC4_L,0,MN_all_left,159285,15.0
LC4_L,0,MN_all_left,159287,14.0
LC4_L,0,MN_all_left,159288,41.0
LC4_L,0,MN_all_left,159488,50.0
LC4_L,0,MN_all_left,159489,68.0
LC4_L,0,MN_all_left,159993,6.0
LC4_L,0,MN_all_left,160070,7.0
LC4_L,0,MN_all_left,160137,17.0
LC4_L,0,MN_all_left,160430,1.0
LC4_L,0,MN_all_left,160448,91.0
LC4_L,0,MN_all_left,160854,57.0
LC4_L,0,MN_all_left,162458,3.0
LC4_L,0,MN_all_left,162557,8.0
LC4_L,0,MN_all_left,162657,1.0
LC4_L,0,MN_all_left,162782,111.0
LC4_L,0,MN_all_left,162796,112.0
LC4_L,0,MN_all_left,162914,4.0
LC4_L,0,MN_all_left,164603,2.0
LC4_L,0,MN_all_left,164726,8.0
LC4_L,0,MN_all_right,142834,126.0
LC4_L,0,MN_all_right,142900,1.0
LC4_L,0,MN_all_right,142932,15.0
LC4_L,0,MN_all_right,142956,20.0
LC4_L,0,MN_all_right,143020,1.0
LC4_L,0,MN_all_right,143136,59.0
LC4_L,0,MN_all_right,143200,1.0
LC4_L,0,MN_all_right,143217,63.0
LC4_L,0,MN_all_right,143244,6.0
LC4_L,0,MN_all_right,143260,105.0
LC4_L,0,MN_all_right,143304,18.0
LC4_L,0,MN_all_right,143341,28.0
LC4_L,0,MN_all_right,143362,11.0
LC4_L,0,MN_all_right,143454,1.0
LC4_L,0,MN_all_right,143460,7.0
LC4_L,0,MN_all_right,143467,48.0
LC4_L,0,MN_all_right,143498,1.0
LC4_L,0,MN_all_right,143566,46.0
LC4_L,0,MN_all_right,143567,45.0
LC4_L,0,MN_all_right,143581,33.0
LC4_L,0,MN_all_right,143589,1.0
LC4_L,0,MN_all_right,143635,7.0
LC4_L,0,MN_all_right,143643,2.0
LC4_L,0,MN_all_right,143728,17.0
LC4_L,0,MN_all_right,143754,130.0
LC4_L,0,MN_all_right,143786,83.0
LC4_L,0,MN_all_right,143796,8.0
LC4_L,0,MN_all_right,143804,2.0
LC4_L,0,MN_all_right,143828,4.0
LC4_L,0,MN_all_right,143830,54.0
LC4_L,0,MN_all_right,143884,10.0
LC4_L,0,MN_all_right,143900,63.0
LC4_L,0,MN_all_right,144043,2.0
LC4_L,0,MN_all_right,144076,23.0
LC4_L,0,MN_all_right,144107,2.0
LC4_L,0,MN_all_right,144149,84.0
LC4_L,0,MN_all_right,144151,3.0
LC4_L,0,MN_all_right,144152,106.0
LC4_L,0,MN_all_right,144158,24.0
LC4_L,0,MN_all_right,144211,4.0
LC4_L,0,MN_all_right,144246,61.0
LC4_L,0,MN_all_right,144285,136.0
LC4_L,0,MN_all_right,144338,10.0
LC4_L,0,MN_all_right,144370,22.0
LC4_L,0,MN_all_right,144391,20.0
LC4_L,0,MN_all_right,144392,1.0
LC4_L,0,MN_all_right,144429,12.0
LC4_L,0,MN_all_right,144466,91.0
LC4_L,0,MN_all_right,144516,4.0
LC4_L,0,MN_all_right,144652,1.0
LC4_L,0,MN_all_right,144664,1.0
LC4_L,0,MN_all_right,144682,94.0
LC4_L,0,MN_all_right,144715,1.0
LC4_L,0,MN_all_right,144768,3.0
LC4_L,0,MN_all_right,144790,3.0
LC4_L,0,MN_all_right,144899,7.0
LC4_L,0,MN_all_right,144918,2.0
LC4_L,0,MN_all_right,144952,79.0
LC4_L,0,MN_all_right,144987,57.0
LC4_L,0,MN_all_right,145007,48.0
LC4_L,0,MN_all_right,145064,98.0
LC4_L,0,MN_all_right,145083,6.0
LC4_L,0,MN_all_right,145103,4.0
LC4_L,0,MN_all_right,145127,104.0
LC4_L,0,MN_all_right,145221,64.0
LC4_L,0,MN_all_right,145278,3.0
LC4_L,0,MN_all_right,145327,12.0
LC4_L,0,MN_all_right,145461,33.0
LC4_L,0,MN_all_right,145492,89.0
LC4_L,0,MN_all_right,145559,10.0
LC4_L,0,MN_all_right,145576,5.0
LC4_L,0,MN_all_right,145581,14.0
LC4_L,0,MN_all_right,145592,48.0
LC4_L,0,MN_all_right,145621,1.0
LC4_L,0,MN_all_right,145653,50.0
LC4_L,0,MN_all_right,145738,6.0
LC4_L,0,MN_all_right,145832,55.0
LC4_L,0,MN_all_right,145953,5.0
LC4_L,0,MN_all_right,145960,41.0
LC4_L,0,MN_all_right,146130,36.0
LC4_L,0,MN_all_right,146173,52.0
LC4_L,0,MN_all_right,146318,36.0
LC4_L,0,MN_all_right,146627,10.0
LC4_L,0,MN_all_right,146668,44.0
LC4_L,0,MN_all_right,146701,2.0
LC4_L,0,MN_all_right,146725,81.0
LC4_L,0,MN_all_right,146879,7.0
LC4_L,0,MN_all_right,147037,29.0
LC4_L,0,MN_all_right,147094,32.0
LC4_L,0,MN_all_right,147184,10.0
LC4_L,0,MN_all_right,147267,20.0
LC4_L,0,MN_all_right,147470,14.0
LC4_L,0,MN_all_right,147519,21.0
LC4_L,0,MN_all_right,147543,28.0
LC4_L,0,MN_all_right,147559,44.0
LC4_L,0,MN_all_right,147606,1.0
LC4_L,0,MN_all_right,147646,33.0
LC4_L,0,MN_all_right,147672,30.0
LC4_L,0,MN_all_right,147794,37.0
LC4_L,0,MN_all_right,147905,16.0
LC4_L,0,MN_all_right,147957,2.0
LC4_L,0,MN_all_right,148001,12.0
LC4_L,0,MN_all_right,148017,29.0
LC4_L,0,MN_all_right,148201,17.0
LC4_L,0,MN_all_right,148237,5.0
LC4_L,0,MN_all_right,148293,5.0
LC4_L,0,MN_all_right,148422,75.0
LC4_L,0,MN_all_right,148611,33.0
LC4_L,0,MN_all_right,148616,1.0
LC4_L,0,MN_all_right,148760,1.0
LC4_L,0,MN_all_right,148816,21.0
LC4_L,0,MN_all_right,148823,38.0
LC4_L,0,MN_all_right,148879,14.0
LC4_L,0,MN_all_right,149056,93.0
LC4_L,0,MN_all_right,149209,1.0
LC4_L,0,MN_all_right,149234,3.0
LC4_L,0,MN_all_right,149327,55.0
LC4_L,0,MN_all_right,149498,8.0
LC4_L,0,MN_all_right,149691,1.0
LC4_L,0,MN_all_right,149809,3.0
LC4_L,0,MN_all_right,149895,5.0
LC4_L,0,MN_all_right,149996,2.0
LC4_L,0,MN_all_right,150019,67.0
LC4_L,0,MN_all_right,150204,1.0
LC4_L,0,MN_all_right,150362,5.0
LC4_L,0,MN_all_right,150676,23.0
LC4_L,0,MN_all_right,150738,8.0
LC4_L,0,MN_all_right,150873,4.0
LC4_L,0,MN_all_right,150989,22.0
LC4_L,0,MN_all_right,152104,2.0
LC4_L,0,MN_all_right,152528,32.0
LC4_L,0,MN_all_right,153409,53.0
LC4_L,0,MN_all_right,153686,1.0
LC4_L,0,MN_all_right,154055,7.0
LC4_L,0,MN_all_right,154732,28.0
LC4_L,0,MN_all_right,154941,64.0
LC4_L,0,MN_all_right,157875,4.0
LC4_L,0,MN_all_right,158193,16.0
LC4_L,0,MN_all_right,158204,9.0
LC4_L,0,MN_all_right,158546,52.0
LC4_L,0,MN_all_right,158670,3.0
LC4_L,0,MN_all_right,158812,1.0
LC4_L,0,MN_all_right,159157,4.0
LC4_L,0,MN_all_right,159225,11.0
LC4_L,0,MN_all_right,159253,46.0
LC4_L,0,MN_all_right,159477,3.0
LC4_L,0,MN_all_right,159538,1.0
LC4_L,0,MN_all_right,159546,10.0
LC4_L,0,MN_all_right,159896,14.0
LC4_L,0,MN_all_right,160165,7.0
LC4_L,0,MN_all_right,160191,2.0
LC4_L,0,MN_all_right,160245,29.0
LC4_L,0,MN_all_right,160271,48.0
LC4_L,0,MN_all_right,160307,7.0
LC4_L,0,MN_all_right,160329,37.0
LC4_L,0,MN_all_right,160551,6.0
LC4_L,0,MN_all_right,161306,2.0
LC4_L,0,MN_all_right,161523,6.0
LC4_L,0,MN_all_right,162256,1.0
LC4_L,0,MN_all_right,162556,15.0
LC4_L,0,MN_all_right,162677,12.0
LC4_L,0,MN_all_right,162781,85.0
LC4_L,0,MN_all_right,164606,125.0
LC4_L,0,MN_all_right,164614,92.0
LC4_L,0,MN_all_right,164616,51.0
LC4_L,0,MN_all_right,164623,10.0
LC4_L,1,DN_all_left,6,254.0
LC4_L,1,DN_all_left,36,1.0
LC4_L,1,DN_all_left,78,1.0
LC4_L,1,DN_all_left,104,7.0
LC4_L,1,DN_all_left,121,56.0
LC4_L,1,DN_all_left,144,17.0
LC4_L,1,DN_all_left,147,1.0
LC4_L,1,DN_all_left,178,237.0
LC4_L,1,DN_all_left,207,111.0
LC4_L,1,DN_all_left,213,1.0
LC4_L,1,DN_all_left,226,1.0
LC4_L,1,DN_all_left,228,32.0
LC4_L,1,DN_all_left,238,223.0
LC4_L,1,DN_all_left,252,2.0
LC4_L,1,DN_all_left,264,22.0
LC4_L,1,DN_all_left,273,59.0
LC4_L,1,DN_all_left,316,33.0
LC4_L,1,DN_all_left,333,133.0
LC4_L,1,DN_all_left,349,36.0
LC4_L,1,DN_all_left,363,26.0
LC4_L,1,DN_all_left,383,5.0
LC4_L,1,DN_all_left,384,16.0
LC4_L,1,DN_all_left,391,3.0
LC4_L,1,DN_all_left,410,18.0
LC4_L,1,DN_all_left,433,3.0
LC4_L,1,DN_all_left,489,5.0
LC4_L,1,DN_all_left,523,3.0
LC4_L,1,DN_all_left,541,4.0
LC4_L,1,DN_all_left,543,25.0
LC4_L,1,DN_all_left,603,6.0
LC4_L,1,DN_all_left,614,6.0
LC4_L,1,DN_all_left,628,57.0
LC4_L,1,DN_all_left,632,3.0
LC4_L,1,DN_all_left,673,2.0
LC4_L,1,DN_all_left,687,58.0
LC4_L,1,DN_all_left,696,198.0
LC4_L,1,DN_all_left,713,1.0
LC4_L,1,DN_all_left,741,14.0
LC4_L,1,DN_all_left,773,27.0
LC4_L,1,DN_all_left,783,18.0
LC4_L,1,DN_all_left,791,4.0
LC4_L,1,DN_all_left,861,36.0
LC4_L,1,DN_all_left,879,6.0
LC4_L,1,DN_all_left,906,1.0
LC4_L,1,DN_all_left,931,2.0
LC4_L,1,DN_all_left,979,1.0
LC4_L,1,DN_all_left,984,19.0
LC4_L,1,DN_all_left,992,10.0
LC4_L,1,DN_all_left,993,8.0
LC4_L,1,DN_all_left,994,23.0
LC4_L,1,DN_all_left,1037,1.0
LC4_L,1,DN_all_left,1043,77.0
LC4_L,1,DN_all_left,1047,61.0
LC4_L,1,DN_all_left,1071,2.0
LC4_L,1,DN_all_left,1111,19.0
LC4_L,1,DN_all_left,1131,1.0
LC4_L,1,DN_all_left,1132,1.0
LC4_L,1,DN_all_left,1170,2.0
LC4_L,1,DN_all_left,1212,40.0
LC4_L,1,DN_all_left,1273,19.0
LC4_L,1,DN_all_left,1278,42.0
LC4_L,1,DN_all_left,1324,37.0
LC4_L,1,DN_all_left,1325,20.0
LC4_L,1,DN_all_left,1342,2.0
LC4_L,1,DN_all_left,1361,6.0
LC4_L,1,DN_all_left,1387,6.0
LC4_L,1,DN_all_left,1392,7.0
LC4_L,1,DN_all_left,1466,8.0
LC4_L,1,DN_all_left,1490,13.0
LC4_L,1,DN_all_left,1506,77.0
LC4_L,1,DN_all_left,1562,11.0
LC4_L,1,DN_all_left,1564,2.0
LC4_L,1,DN_all_left,1591,1.0
LC4_L,1,DN_all_left,1626,20.0
LC4_L,1,DN_all_left,1724,35.0
LC4_L,1,DN_all_left,1752,1.0
LC4_L,1,DN_all_left,1764,2.0
LC4_L,1,DN_all_left,1833,14.0
LC4_L,1,DN_all_left,1870,6.0
LC4_L,1,DN_all_left,1894,1.0
LC4_L,1,DN_all_left,1905,67.0
LC4_L,1,DN_all_left,1950,3.0
LC4_L,1,DN_all_left,1994,13.0
LC4_L,1,DN_all_left,2103,14.0
LC4_L,1,DN_all_left,2154,3.0
LC4_L,1,DN_all_left,2286,24.0
LC4_L,1,DN_all_left,2311,1.0
LC4_L,1,DN_all_left,2329,2.0
LC4_L,1,DN_all_left,2354,10.0
LC4_L,1,DN_all_left,2441,1.0
LC4_L,1,DN_all_left,2449,31.0
LC4_L,1,DN_all_left,2465,10.0
LC4_L,1,DN_all_left,2475,24.0
LC4_L,1,DN_all_left,2500,28.0
LC4_L,1,DN_all_left,2565,1.0
LC4_L,1,DN_all_left,2574,64.0
LC4_L,1,DN_all_left,2583,52.0
LC4_L,1,DN_all_left,2588,14.0
LC4_L,1,DN_all_left,2620,12.0
LC4_L,1,DN_all_left,2676,7.0
LC4_L,1,DN_all_left,2683,52.0
LC4_L,1,DN_all_left,2700,1.0
LC4_L,1,DN_all_left,2814,40.0
LC4_L,1,DN_all_left,2816,11.0
LC4_L,1,DN_all_left,2837,18.0
LC4_L,1,DN_all_left,2868,2.0
LC4_L,1,DN_all_left,2933,3.0
LC4_L,1,DN_all_left,3003,1.0
LC4_L,1,DN_all_left,3009,12.0
LC4_L,1,DN_all_left,3045,2.0
LC4_L,1,DN_all_left,3084,16.0
LC4_L,1,DN_all_left,3106,166.0
LC4_L,1,DN_all_left,3184,22.0
LC4_L,1,DN_all_left,3222,30.0
LC4_L,1,DN_all_left,3306,4.0
LC4_L,1,DN_all_left,3331,66.0
LC4_L,1,DN_all_left,3349,12.0
LC4_L,1,DN_all_left,3390,3.0
LC4_L,1,DN_all_left,3451,5.0
LC4_L,1,DN_all_left,3505,2.0
LC4_L,1,DN_all_left,3548,1.0
LC4_L,1,DN_all_left,3569,15.0
LC4_L,1,DN_all_left,3595,7.0
LC4_L,1,DN_all_left,3597,12.0
LC4_L,1,DN_all_left,3770,8.0
LC4_L,1,DN_all_left,3788,8.0
LC4_L,1,DN_all_left,3915,15.0
LC4_L,1,DN_all_left,3939,33.0
LC4_L,1,DN_all_left,3946,40.0
LC4_L,1,DN_all_left,3966,10.0
LC4_L,1,DN_all_left,4017,10.0
LC4_L,1,DN_all_left,4057,1.0
LC4_L,1,DN_all_left,4215,1.0
LC4_L,1,DN_all_left,4335,78.0
LC4_L,1,DN_all_left,4609,18.0
LC4_L,1,DN_all_left,4685,4.0
LC4_L,1,DN_all_left,4917,1.0
LC4_L,1,DN_all_left,5056,16.0
LC4_L,1,DN_all_left,5067,46.0
LC4_L,1,DN_all_left,5129,3.0
LC4_L,1,DN_all_left,5300,1.0
LC4_L,1,DN_all_left,5616,2.0
LC4_L,1,DN_all_left,5624,35.0
LC4_L,1,DN_all_left,5678,23.0
LC4_L,1,DN_all_left,5867,48.0
LC4_L,1,DN_all_left,5993,5.0
LC4_L,1,DN_all_left,6490,1.0
LC4_L,1,DN_all_left,6498,1.0
LC4_L,1,DN_all_left,6736,5.0
LC4_L,1,DN_all_left,7415,2.0
LC4_L,1,DN_all_left,7447,5.0
LC4_L,1,DN_all_left,8234,2.0
LC4_L,1,DN_all_left,8764,12.0
LC4_L,1,DN_all_left,8870,5.0
LC4_L,1,DN_all_left,8977,4.0
LC4_L,1,DN_all_left,9207,2.0
LC4_L,1,DN_all_left,9402,32.0
LC4_L,1,DN_all_left,10086,7.0
LC4_L,1,DN_all_left,10110,8.0
LC4_L,1,DN_all_left,10532,20.0
LC4_L,1,DN_all_left,11249,5.0
LC4_L,1,DN_all_left,12085,2.0
LC4_L,1,DN_all_left,12839,1.0
LC4_L,1,DN_all_left,12883,88.0
LC4_L,1,DN_all_left,13723,7.0
LC4_L,1,DN_all_left,13746,1.0
LC4_L,1,DN_all_left,14132,7.0
LC4_L,1,DN_all_left,14329,12.0
LC4_L,1,DN_all_left,14338,16.0
LC4_L,1,DN_all_left,14442,1.0
LC4_L,1,DN_all_left,15020,2.0
LC4_L,1,DN_all_left,15054,1.0
LC4_L,1,DN_all_left,15782,5.0
LC4_L,1,DN_all_left,17045,4.0
LC4_L,1,DN_all_left,17208,43.0
LC4_L,1,DN_all_left,17402,1.0
LC4_L,1,DN_all_left,19578,20.0
LC4_L,1,DN_all_left,21341,3.0
LC4_L,1,DN_all_left,22875,2.0
LC4_L,1,DN_all_left,23287,5.0
LC4_L,1,DN_all_left,28642,10.0
LC4_L,1,DN_all_left,28804,20.0
LC4_L,1,DN_all_left,49317,1.0
LC4_L,1,DN_all_left,49995,10.0
LC4_L,1,DN_all_left,53674,9.0
LC4_L,1,DN_all_left,55200,2.0
LC4_L,1,DN_all_left,60324,23.0
LC4_L,1,DN_all_left,60365,1.0
LC4_L,1,DN_all_left,110506,1.0
LC4_L,1,DN_all_left,116552,1.0
LC4_L,1,DN_all_left,120436,1.0
LC4_L,1,DN_all_left,120875,1.0
LC4_L,1,DN_all_left,122321,3.0
LC4_L,1,DN_all_left,123129,14.0
LC4_L,1,DN_all_left,124448,20.0
LC4_L,1,DN_all_left,125112,9.0
LC4_L,1,DN_all_left,126100,14.0
LC4_L,1,DN_all_left,127227,6.0
LC4_L,1,DN_all_left,127958,10.0
LC4_L,1,DN_all_left,128595,4.0
LC4_L,1,DN_all_left,128725,18.0
LC4_L,1,DN_all_left,128822,2.0
LC4_L,1,DN_all_left,128862,17.0
LC4_L,1,DN_all_left,128935,43.0
LC4_L,1,DN_all_left,128964,14.0
LC4_L,1,DN_all_left,129107,21.0
LC4_L,1,DN_all_left,129520,11.0
LC4_L,1,DN_all_left,129654,1.0
LC4_L,1,DN_all_left,130249,1.0
LC4_L,1,DN_all_left,130458,44.0
LC4_L,1,DN_all_left,130496,13.0
LC4_L,1,DN_all_left,130499,5.0
LC4_L,1,DN_all_left,130618,121.0
LC4_L,1,DN_all_left,132535,28.0
LC4_L,1,DN_all_left,132582,3.0
LC4_L,1,DN_all_left,133364,13.0
LC4_L,1,DN_all_left,133740,293.0
LC4_L,1,DN_all_left,135657,24.0
LC4_L,1,DN_all_left,139863,21.0
LC4_L,1,DN_all_left,140885,6.0
LC4_L,1,DN_all_left,140913,4.0
LC4_L,1,DN_all_left,141026,38.0
LC4_L,1,DN_all_left,142108,85.0
LC4_L,1,DN_all_left,163281,48.0
LC4_L,1,DN_all_right,0,3.0
LC4_L,1,DN_all_right,19,3.0
LC4_L,1,DN_all_right,25,11.0
LC4_L,1,DN_all_right,46,1.0
LC4_L,1,DN_all_right,51,15.0
LC4_L,1,DN_all_right,52,23.0
LC4_L,1,DN_all_right,215,38.0
LC4_L,1,DN_all_right,243,29.0
LC4_L,1,DN_all_right,259,3.0
LC4_L,1,DN_all_right,261,1.0
LC4_L,1,DN_all_right,290,46.0
LC4_L,1,DN_all_right,327,18.0
LC4_L,1,DN_all_right,378,44.0
LC4_L,1,DN_all_right,397,4.0
LC4_L,1,DN_all_right,428,7.0
LC4_L,1,DN_all_right,467,1.0
LC4_L,1,DN_all_right,536,2.0
LC4_L,1,DN_all_right,545,37.0
LC4_L,1,DN_all_right,597,66.0
LC4_L,1,DN_all_right,616,3.0
LC4_L,1,DN_all_right,624,2.0
LC4_L,1,DN_all_right,654,5.0
LC4_L,1,DN_all_right,661,1.0
LC4_L,1,DN_all_right,703,63.0
LC4_L,1,DN_all_right,704,11.0
LC4_L,1,DN_all_right,746,2.0
LC4_L,1,DN_all_right,762,53.0
LC4_L,1,DN_all_right,763,3.0
LC4_L,1,DN_all_right,772,50.0
LC4_L,1,DN_all_right,776,1.0
LC4_L,1,DN_all_right,777,6.0
LC4_L,1,DN_all_right,785,29.0
LC4_L,1,DN_all_right,794,2.0
LC4_L,1,DN_all_right,828,6.0
LC4_L,1,DN_all_right,853,39.0
LC4_L,1,DN_all_right,854,15.0
LC4_L,1,DN_all_right,886,35.0
LC4_L,1,DN_all_right,894,59.0
LC4_L,1,DN_all_right,903,5.0
LC4_L,1,DN_all_right,911,5.0
LC4_L,1,DN_all_right,987,2.0
LC4_L,1,DN_all_right,1021,41.0
LC4_L,1,DN_all_right,1048,3.0
LC4_L,1,DN_all_right,1083,27.0
LC4_L,1,DN_all_right,1089,61.0
LC4_L,1,DN_all_right,1092,10.0
LC4_L,1,DN_all_right,1108,1.0
LC4_L,1,DN_all_right,1150,51.0
LC4_L,1,DN_all_right,1165,46.0
LC4_L,1,DN_all_right,1168,2.0
LC4_L,1,DN_all_right,1210,36.0
LC4_L,1,DN_all_right,1218,20.0
LC4_L,1,DN_all_right,1222,12.0
LC4_L,1,DN_all_right,1242,13.0
LC4_L,1,DN_all_right,1269,28.0
LC4_L,1,DN_all_right,1277,38.0
LC4_L,1,DN_all_right,1315,24.0
LC4_L,1,DN_all_right,1331,6.0
LC4_L,1,DN_all_right,1382,3.0
LC4_L,1,DN_all_right,1384,2.0
LC4_L,1,DN_all_right,1400,5.0
LC4_L,1,DN_all_right,1405,9.0
LC4_L,1,DN_all_right,1412,4.0
LC4_L,1,DN_all_right,1457,6.0
LC4_L,1,DN_all_right,1468,6.0
LC4_L,1,DN_all_right,1492,3.0
LC4_L,1,DN_all_right,1502,2.0
LC4_L,1,DN_all_right,1515,1.0
LC4_L,1,DN_all_right,1575,2.0
LC4_L,1,DN_all_right,1581,5.0
LC4_L,1,DN_all_right,1621,9.0
LC4_L,1,DN_all_right,1648,3.0
LC4_L,1,DN_all_right,1653,5.0
LC4_L,1,DN_all_right,1699,10.0
LC4_L,1,DN_all_right,1708,69.0
LC4_L,1,DN_all_right,1748,7.0
LC4_L,1,DN_all_right,1756,40.0
LC4_L,1,DN_all_right,1789,21.0
LC4_L,1,DN_all_right,1823,69.0
LC4_L,1,DN_all_right,1837,7.0
LC4_L,1,DN_all_right,1842,22.0
LC4_L,1,DN_all_right,1897,2.0
LC4_L,1,DN_all_right,1909,1.0
LC4_L,1,DN_all_right,1954,3.0
LC4_L,1,DN_all_right,1965,9.0
LC4_L,1,DN_all_right,1995,4.0
LC4_L,1,DN_all_right,2033,13.0
LC4_L,1,DN_all_right,2037,6.0
LC4_L,1,DN_all_right,2079,7.0
LC4_L,1,DN_all_right,2094,17.0
LC4_L,1,DN_all_right,2120,12.0
LC4_L,1,DN_all_right,2210,64.0
LC4_L,1,DN_all_right,2218,7.0
LC4_L,1,DN_all_right,2222,29.0
LC4_L,1,DN_all_right,2238,10.0
LC4_L,1,DN_all_right,2325,36.0
LC4_L,1,DN_all_right,2332,17.0
LC4_L,1,DN_all_right,2350,5.0
LC4_L,1,DN_all_right,2458,2.0
LC4_L,1,DN_all_right,2495,6.0
LC4_L,1,DN_all_right,2607,129.0
LC4_L,1,DN_all_right,2613,6.0
LC4_L,1,DN_all_right,2659,3.0
LC4_L,1,DN_all_right,2752,19.0
LC4_L,1,DN_all_right,2830,8.0
LC4_L,1,DN_all_right,2841,10.0
LC4_L,1,DN_all_right,3020,8.0
LC4_L,1,DN_all_right,3048,1.0
LC4_L,1,DN_all_right,3059,50.0
LC4_L,1,DN_all_right,3068,45.0
LC4_L,1,DN_all_right,3220,167.0
LC4_L,1,DN_all_right,3270,60.0
LC4_L,1,DN_all_right,3278,5.0
LC4_L,1,DN_all_right,3348,20.0
LC4_L,1,DN_all_right,3374,8.0
LC4_L,1,DN_all_right,3383,14.0
LC4_L,1,DN_all_right,3403,14.0
LC4_L,1,DN_all_right,3406,30.0
LC4_L,1,DN_all_right,3491,7.0
LC4_L,1,DN_all_right,3539,5.0
LC4_L,1,DN_all_right,3593,3.0
LC4_L,1,DN_all_right,3625,3.0
LC4_L,1,DN_all_right,3654,8.0
LC4_L,1,DN_all_right,3694,1.0
LC4_L,1,DN_all_right,3707,2.0
LC4_L,1,DN_all_right,3754,14.0
LC4_L,1,DN_all_right,3828,22.0
LC4_L,1,DN_all_right,3853,49.0
LC4_L,1,DN_all_right,3862,2.0
LC4_L,1,DN_all_right,3868,3.0
LC4_L,1,DN_all_right,3945,20.0
LC4_L,1,DN_all_right,3973,2.0
LC4_L,1,DN_all_right,3997,4.0
LC4_L,1,DN_all_right,4020,5.0
LC4_L,1,DN_all_right,4042,1.0
LC4_L,1,DN_all_right,4078,18.0
LC4_L,1,DN_all_right,4120,1.0
LC4_L,1,DN_all_right,4479,1.0
LC4_L,1,DN_all_right,4514,11.0
LC4_L,1,DN_all_right,4641,38.0
LC4_L,1,DN_all_right,4645,41.0
LC4_L,1,DN_all_right,4801,1.0
LC4_L,1,DN_all_right,4879,16.0
LC4_L,1,DN_all_right,5027,9.0
LC4_L,1,DN_all_right,5124,38.0
LC4_L,1,DN_all_right,5348,1.0
LC4_L,1,DN_all_right,5367,3.0
LC4_L,1,DN_all_right,5381,5.0
LC4_L,1,DN_all_right,5458,40.0
LC4_L,1,DN_all_right,5597,10.0
LC4_L,1,DN_all_right,5739,8.0
LC4_L,1,DN_all_right,5841,18.0
LC4_L,1,DN_all_right,6074,44.0
LC4_L,1,DN_all_right,6358,54.0
LC4_L,1,DN_all_right,6427,4.0
LC4_L,1,DN_all_right,6570,44.0
LC4_L,1,DN_all_right,6599,5.0
LC4_L,1,DN_all_right,6753,2.0
LC4_L,1,DN_all_right,7801,8.0
LC4_L,1,DN_all_right,7850,32.0
LC4_L,1,DN_all_right,8815,1.0
LC4_L,1,DN_all_right,9254,94.0
LC4_L,1,DN_all_right,9458,44.0
LC4_L,1,DN_all_right,9780,79.0
LC4_L,1,DN_all_right,9912,10.0
LC4_L,1,DN_all_right,10114,1.0
LC4_L,1,DN_all_right,10343,1.0
LC4_L,1,DN_all_right,10368,12.0
LC4_L,1,DN_all_right,11239,5.0
LC4_L,1,DN_all_right,11504,5.0
LC4_L,1,DN_all_right,12150,5.0
LC4_L,1,DN_all_right,12336,52.0
LC4_L,1,DN_all_right,12572,7.0
LC4_L,1,DN_all_right,14496,6.0
LC4_L,1,DN_all_right,15028,3.0
LC4_L,1,DN_all_right,15460,2.0
LC4_L,1,DN_all_right,15566,24.0
LC4_L,1,DN_all_right,15893,23.0
LC4_L,1,DN_all_right,16849,1.0
LC4_L,1,DN_all_right,17700,5.0
LC4_L,1,DN_all_right,18221,3.0
LC4_L,1,DN_all_right,19450,6.0
LC4_L,1,DN_all_right,23535,6.0
LC4_L,1,DN_all_right,23861,3.0
LC4_L,1,DN_all_right,27054,5.0
LC4_L,1,DN_all_right,27379,3.0
LC4_L,1,DN_all_right,27532,8.0
LC4_L,1,DN_all_right,32032,16.0
LC4_L,1,DN_all_right,47173,8.0
LC4_L,1,DN_all_right,50694,4.0
LC4_L,1,DN_all_right,51855,5.0
LC4_L,1,DN_all_right,63360,2.0
LC4_L,1,DN_all_right,72835,11.0
LC4_L,1,DN_all_right,116556,43.0
LC4_L,1,DN_all_right,117981,8.0
LC4_L,1,DN_all_right,118808,2.0
LC4_L,1,DN_all_right,121642,5.0
LC4_L,1,DN_all_right,122053,1.0
LC4_L,1,DN_all_right,122432,31.0
LC4_L,1,DN_all_right,123333,9.0
LC4_L,1,DN_all_right,124419,1.0
LC4_L,1,DN_all_right,125376,43.0
LC4_L,1,DN_all_right,125430,5.0
LC4_L,1,DN_all_right,125617,1.0
LC4_L,1,DN_all_right,125795,57.0
LC4_L,1,DN_all_right,126404,18.0
LC4_L,1,DN_all_right,126772,1.0
LC4_L,1,DN_all_right,127636,21.0
LC4_L,1,DN_all_right,127734,4.0
LC4_L,1,DN_all_right,127758,3.0
LC4_L,1,DN_all_right,128032,18.0
LC4_L,1,DN_all_right,128892,85.0
LC4_L,1,DN_all_right,129301,3.0
LC4_L,1,DN_all_right,129659,1.0
LC4_L,1,DN_all_right,129688,1.0
LC4_L,1,DN_all_right,129718,19.0
LC4_L,1,DN_all_right,130252,2.0
LC4_L,1,DN_all_right,130847,12.0
LC4_L,1,DN_all_right,130858,3.0
LC4_L,1,DN_all_right,131136,47.0
LC4_L,1,DN_all_right,131434,57.0
LC4_L,1,DN_all_right,131504,16.0
LC4_L,1,DN_all_right,133544,49.0
LC4_L,1,DN_all_right,133816,1.0
LC4_L,1,DN_all_right,140621,1.0
LC4_L,1,DN_all_right,140978,28.0
LC4_L,1,DN_all_right,140980,5.0
LC4_L,1,DN_all_right,141051,16.0
LC4_L,1,DN_all_right,141735,36.0
LC4_L,1,DN_all_right,143416,25.0
LC4_L,1,DN_all_right,144269,60.0
LC4_L,1,DN_all_right,145368,34.0
LC4_L,1,DN_all_right,151545,3.0
LC4_L,1,DN_all_right,161396,53.0
LC4_L,1,DN_all_right,162540,15.0
LC4_L,1,MN_all_left,111304,4.0
LC4_L,1,MN_all_left,142922,4.0
LC4_L,1,MN_all_left,142929,101.0
LC4_L,1,MN_all_left,142964,22.0
LC4_L,1,MN_all_left,143088,112.0
LC4_L,1,MN_all_left,143139,29.0
LC4_L,1,MN_all_left,143160,60.0
LC4_L,1,MN_all_left,143221,36.0
LC4_L,1,MN_all_left,143222,56.0
LC4_L,1,MN_all_left,143231,38.0
LC4_L,1,MN_all_left,143243,44.0
LC4_L,1,MN_all_left,143252,12.0
LC4_L,1,MN_all_left,143281,15.0
LC4_L,1,MN_all_left,143322,166.0
LC4_L,1,MN_all_left,143418,19.0
LC4_L,1,MN_all_left,143421,41.0
LC4_L,1,MN_all_left,143436,3.0
LC4_L,1,MN_all_left,143445,169.0
LC4_L,1,MN_all_left,143464,3.0
LC4_L,1,MN_all_left,143478,41.0
LC4_L,1,MN_all_left,143539,16.0
LC4_L,1,MN_all_left,143626,87.0
LC4_L,1,MN_all_left,143760,9.0
LC4_L,1,MN_all_left,143766,13.0
LC4_L,1,MN_all_left,143773,17.0
LC4_L,1,MN_all_left,143860,43.0
LC4_L,1,MN_all_left,143901,9.0
LC4_L,1,MN_all_left,143949,6.0
LC4_L,1,MN_all_left,144071,24.0
LC4_L,1,MN_all_left,144086,3.0
LC4_L,1,MN_all_left,144111,26.0
LC4_L,1,MN_all_left,144209,161.0
LC4_L,1,MN_all_left,144222,6.0
LC4_L,1,MN_all_left,144265,174.0
LC4_L,1,MN_all_left,144290,3.0
LC4_L,1,MN_all_left,144377,3.0
LC4_L,1,MN_all_left,144382,40.0
LC4_L,1,MN_all_left,144400,56.0
LC4_L,1,MN_all_left,144450,39.0
LC4_L,1,MN_all_left,144465,96.0
LC4_L,1,MN_all_left,144494,7.0
LC4_L,1,MN_all_left,144576,37.0
LC4_L,1,MN_all_left,144584,36.0
LC4_L,1,MN_all_left,144657,11.0
LC4_L,1,MN_all_left,144709,8.0
LC4_L,1,MN_all_left,144821,100.0
LC4_L,1,MN_all_left,144860,6.0
LC4_L,1,MN_all_left,144878,12.0
LC4_L,1,MN_all_left,144897,51.0
LC4_L,1,MN_all_left,144974,9.0
LC4_L,1,MN_all_left,145034,146.0
LC4_L,1,MN_all_left,145081,28.0
LC4_L,1,MN_all_left,145094,3.0
LC4_L,1,MN_all_left,145109,37.0
LC4_L,1,MN_all_left,145142,34.0
LC4_L,1,MN_all_left,145198,94.0
LC4_L,1,MN_all_left,145207,3.0
LC4_L,1,MN_all_left,145217,7.0
LC4_L,1,MN_all_left,145274,1.0
LC4_L,1,MN_all_left,145303,36.0
LC4_L,1,MN_all_left,145382,45.0
LC4_L,1,MN_all_left,145405,47.0
LC4_L,1,MN_all_left,145438,32.0
LC4_L,1,MN_all_left,145476,19.0
LC4_L,1,MN_all_left,145573,12.0
LC4_L,1,MN_all_left,145660,6.0
LC4_L,1,MN_all_left,145672,10.0
LC4_L,1,MN_all_left,145732,32.0
LC4_L,1,MN_all_left,145766,22.0
LC4_L,1,MN_all_left,145796,100.0
LC4_L,1,MN_all_left,145805,42.0
LC4_L,1,MN_all_left,145900,5.0
LC4_L,1,MN_all_left,145911,48.0
LC4_L,1,MN_all_left,145975,43.0
LC4_L,1,MN_all_left,146072,41.0
LC4_L,1,MN_all_left,146107,7.0
LC4_L,1,MN_all_left,146233,4.0
LC4_L,1,MN_all_left,146333,47.0
LC4_L,1,MN_all_left,146441,18.0
LC4_L,1,MN_all_left,146494,9.0
LC4_L,1,MN_all_left,146556,43.0
LC4_L,1,MN_all_left,146590,16.0
LC4_L,1,MN_all_left,146748,91.0
LC4_L,1,MN_all_left,146821,31.0
LC4_L,1,MN_all_left,147153,25.0
LC4_L,1,MN_all_left,147241,33.0
LC4_L,1,MN_all_left,147254,19.0
LC4_L,1,MN_all_left,147272,3.0
LC4_L,1,MN_all_left,147311,44.0
LC4_L,1,MN_all_left,147444,30.0
LC4_L,1,MN_all_left,147449,43.0
LC4_L,1,MN_all_left,147492,40.0
LC4_L,1,MN_all_left,147569,45.0
LC4_L,1,MN_all_left,147690,4.0
LC4_L,1,MN_all_left,147730,3.0
LC4_L,1,MN_all_left,147844,21.0
LC4_L,1,MN_all_left,147938,3.0
LC4_L,1,MN_all_left,148076,1.0
LC4_L,1,MN_all_left,148097,1.0
LC4_L,1,MN_all_left,148126,49.0
LC4_L,1,MN_all_left,148144,26.0
LC4_L,1,MN_all_left,148349,6.0
LC4_L,1,MN_all_left,148397,33.0
LC4_L,1,MN_all_left,148408,1.0
LC4_L,1,MN_all_left,148412,21.0
LC4_L,1,MN_all_left,148537,7.0
LC4_L,1,MN_all_left,148589,105.0
LC4_L,1,MN_all_left,148779,2.0
LC4_L,1,MN_all_left,148953,89.0
LC4_L,1,MN_all_left,148964,3.0
LC4_L,1,MN_all_left,148984,1.0
LC4_L,1,MN_all_left,149298,38.0
LC4_L,1,MN_all_left,149557,4.0
LC4_L,1,MN_all_left,149592,21.0
LC4_L,1,MN_all_left,149636,33.0
LC4_L,1,MN_all_left,149652,5.0
LC4_L,1,MN_all_left,150276,22.0
LC4_L,1,MN_all_left,150280,7.0
LC4_L,1,MN_all_left,150354,9.0
LC4_L,1,MN_all_left,150721,10.0
LC4_L,1,MN_all_left,150850,1.0
LC4_L,1,MN_all_left,150864,29.0
LC4_L,1,MN_all_left,151089,2.0
LC4_L,1,MN_all_left,151305,43.0
LC4_L,1,MN_all_left,152375,8.0
LC4_L,1,MN_all_left,152535,19.0
LC4_L,1,MN_all_left,152793,1.0
LC4_L,1,MN_all_left,153181,2.0
LC4_L,1,MN_all_left,154142,41.0
LC4_L,1,MN_all_left,154315,60.0
LC4_L,1,MN_all_left,154353,19.0
LC4_L,1,MN_all_left,154887,46.0
LC4_L,1,MN_all_left,155085,6.0
LC4_L,1,MN_all_left,156887,1.0
LC4_L,1,MN_all_left,158106,24.0
LC4_L,1,MN_all_left,158122,2.0
LC4_L,1,MN_all_left,158328,3.0
LC4_L,1,MN_all_left,158475,4.0
LC4_L,1,MN_all_left,158794,22.0
LC4_L,1,MN_all_left,159087,53.0
LC4_L,1,MN_all_left,159285,1.0
LC4_L,1,MN_all_left,159287,1.0
LC4_L,1,MN_all_left,159288,6.0
LC4_L,1,MN_all_left,159417,1.0
LC4_L,1,MN_all_left,159488,31.0
LC4_L,1,MN_all_left,159489,1.0
LC4_L,1,MN_all_left,159993,7.0
LC4_L,1,MN_all_left,160070,19.0
LC4_L,1,MN_all_left,160137,66.0
LC4_L,1,MN_all_left,160430,2.0
LC4_L,1,MN_all_left,160448,95.0
LC4_L,1,MN_all_left,160854,83.0
LC4_L,1,MN_all_left,162458,4.0
LC4_L,1,MN_all_left,162557,1.0
LC4_L,1,MN_all_left,162657,10.0
LC4_L,1,MN_all_left,162678,22.0
LC4_L,1,MN_all_left,162782,116.0
LC4_L,1,MN_all_left,162796,118.0
LC4_L,1,MN_all_left,162914,13.0
LC4_L,1,MN_all_left,164603,14.0
LC4_L,1,MN_all_left,164626,7.0
LC4_L,1,MN_all_left,164726,1.0
LC4_L,1,MN_all_right,142834,126.0
LC4_L,1,MN_all_right,142900,4.0
LC4_L,1,MN_all_right,142932,22.0
LC4_L,1,MN_all_right,142956,50.0
LC4_L,1,MN_all_right,143136,49.0
LC4_L,1,MN_all_right,143200,9.0
LC4_L,1,MN_all_right,143244,29.0
LC4_L,1,MN_all_right,143260,36.0
LC4_L,1,MN_all_right,143304,110.0
LC4_L,1,MN_all_right,143341,49.0
LC4_L,1,MN_all_right,143362,47.0
LC4_L,1,MN_all_right,143454,1.0
LC4_L,1,MN_all_right,143460,3.0
LC4_L,1,MN_all_right,143467,23.0
LC4_L,1,MN_all_right,143498,7.0
LC4_L,1,MN_all_right,143566,13.0
LC4_L,1,MN_all_right,143567,13.0
LC4_L,1,MN_all_right,143581,2.0
LC4_L,1,MN_all_right,143589,4.0
LC4_L,1,MN_all_right,143635,42.0
LC4_L,1,MN_all_right,143643,14.0
LC4_L,1,MN_all_right,143728,46.0
LC4_L,1,MN_all_right,143754,171.0
LC4_L,1,MN_all_right,143786,101.0
LC4_L,1,MN_all_right,143796,43.0
LC4_L,1,MN_all_right,143828,2.0
LC4_L,1,MN_all_right,143830,28.0
LC4_L,1,MN_all_right,143890,6.0
LC4_L,1,MN_all_right,143900,50.0
LC4_L,1,MN_all_right,144043,12.0
LC4_L,1,MN_all_right,144076,9.0
LC4_L,1,MN_all_right,144107,28.0
LC4_L,1,MN_all_right,144149,17.0
LC4_L,1,MN_all_right,144152,104.0
LC4_L,1,MN_all_right,144158,1.0
LC4_L,1,MN_all_right,144211,5.0
LC4_L,1,MN_all_right,144246,5.0
LC4_L,1,MN_all_right,144285,179.0
LC4_L,1,MN_all_right,144367,4.0
LC4_L,1,MN_all_right,144370,2.0
LC4_L,1,MN_all_right,144391,1.0
LC4_L,1,MN_all_right,144392,5.0
LC4_L,1,MN_all_right,144429,41.0
LC4_L,1,MN_all_right,144466,94.0
LC4_L,1,MN_all_right,144516,1.0
LC4_L,1,MN_all_right,144664,14.0
LC4_L,1,MN_all_right,144682,152.0
LC4_L,1,MN_all_right,144715,3.0
LC4_L,1,MN_all_right,144768,2.0
LC4_L,1,MN_all_right,144790,10.0
LC4_L,1,MN_all_right,144918,2.0
LC4_L,1,MN_all_right,144952,25.0
LC4_L,1,MN_all_right,144987,35.0
LC4_L,1,MN_all_right,145007,16.0
LC4_L,1,MN_all_right,145064,142.0
LC4_L,1,MN_all_right,145083,29.0
LC4_L,1,MN_all_right,145103,37.0
LC4_L,1,MN_all_right,145127,114.0
LC4_L,1,MN_all_right,145221,35.0
LC4_L,1,MN_all_right,145278,1.0
LC4_L,1,MN_all_right,145458,3.0
LC4_L,1,MN_all_right,145461,39.0
LC4_L,1,MN_all_right,145492,90.0
LC4_L,1,MN_all_right,145559,17.0
LC4_L,1,MN_all_right,145581,56.0
LC4_L,1,MN_all_right,145592,45.0
LC4_L,1,MN_all_right,145621,23.0
LC4_L,1,MN_all_right,145653,49.0
LC4_L,1,MN_all_right,145721,2.0
LC4_L,1,MN_all_right,145738,17.0
LC4_L,1,MN_all_right,145832,33.0
LC4_L,1,MN_all_right,145953,11.0
LC4_L,1,MN_all_right,145960,33.0
LC4_L,1,MN_all_right,146013,4.0
LC4_L,1,MN_all_right,146056,1.0
LC4_L,1,MN_all_right,146130,33.0
LC4_L,1,MN_all_right,146173,55.0
LC4_L,1,MN_all_right,146318,6.0
LC4_L,1,MN_all_right,146627,38.0
LC4_L,1,MN_all_right,146668,42.0
LC4_L,1,MN_all_right,146701,6.0
LC4_L,1,MN_all_right,146725,102.0
LC4_L,1,MN_all_right,146879,43.0
LC4_L,1,MN_all_right,147037,12.0
LC4_L,1,MN_all_right,147094,34.0
LC4_L,1,MN_all_right,147184,3.0
LC4_L,1,MN_all_right,147267,34.0
LC4_L,1,MN_all_right,147470,21.0
LC4_L,1,MN_all_right,147519,4.0
LC4_L,1,MN_all_right,147543,3.0
LC4_L,1,MN_all_right,147559,39.0
LC4_L,1,MN_all_right,147606,1.0
LC4_L,1,MN_all_right,147646,27.0
LC4_L,1,MN_all_right,147672,36.0
LC4_L,1,MN_all_right,147771,2.0
LC4_L,1,MN_all_right,147794,36.0
LC4_L,1,MN_all_right,147905,33.0
LC4_L,1,MN_all_right,147957,6.0
LC4_L,1,MN_all_right,148001,21.0
LC4_L,1,MN_all_right,148017,11.0
LC4_L,1,MN_all_right,148201,33.0
LC4_L,1,MN_all_right,148237,21.0
LC4_L,1,MN_all_right,148293,17.0
LC4_L,1,MN_all_right,148422,89.0
LC4_L,1,MN_all_right,148611,5.0
LC4_L,1,MN_all_right,148760,3.0
LC4_L,1,MN_all_right,148816,15.0
LC4_L,1,MN_all_right,148823,42.0
LC4_L,1,MN_all_right,148879,37.0
LC4_L,1,MN_all_right,149056,91.0
LC4_L,1,MN_all_right,149234,12.0
LC4_L,1,MN_all_right,149327,36.0
LC4_L,1,MN_all_right,149498,21.0
LC4_L,1,MN_all_right,149691,6.0
LC4_L,1,MN_all_right,149809,6.0
LC4_L,1,MN_all_right,149864,1.0
LC4_L,1,MN_all_right,149895,15.0
LC4_L,1,MN_all_right,149996,4.0
LC4_L,1,MN_all_right,150019,94.0
LC4_L,1,MN_all_right,150204,6.0
LC4_L,1,MN_all_right,150362,17.0
LC4_L,1,MN_all_right,150676,4.0
LC4_L,1,MN_all_right,150873,14.0
LC4_L,1,MN_all_right,150989,3.0
LC4_L,1,MN_all_right,152528,7.0
LC4_L,1,MN_all_right,153000,3.0
LC4_L,1,MN_all_right,153409,25.0
LC4_L,1,MN_all_right,153686,10.0
LC4_L,1,MN_all_right,154055,20.0
LC4_L,1,MN_all_right,154732,28.0
LC4_L,1,MN_all_right,154941,57.0
LC4_L,1,MN_all_right,156514,8.0
LC4_L,1,MN_all_right,157875,16.0
LC4_L,1,MN_all_right,158193,3.0
LC4_L,1,MN_all_right,158204,2.0
LC4_L,1,MN_all_right,158812,1.0
LC4_L,1,MN_all_right,159157,21.0
LC4_L,1,MN_all_right,159225,43.0
LC4_L,1,MN_all_right,159253,4.0
LC4_L,1,MN_all_right,159286,5.0
LC4_L,1,MN_all_right,159477,19.0
LC4_L,1,MN_all_right,159478,6.0
LC4_L,1,MN_all_right,159896,1.0
LC4_L,1,MN_all_right,160165,19.0
LC4_L,1,MN_all_right,160191,6.0
LC4_L,1,MN_all_right,160245,35.0
LC4_L,1,MN_all_right,160271,41.0
LC4_L,1,MN_all_right,160307,38.0
LC4_L,1,MN_all_right,160329,18.0
LC4_L,1,MN_all_right,160551,27.0
LC4_L,1,MN_all_right,161306,1.0
LC4_L,1,MN_all_right,161523,10.0
LC4_L,1,MN_all_right,162256,4.0
LC4_L,1,MN_all_right,162556,2.0
LC4_L,1,MN_all_right,162781,81.0
LC4_L,1,MN_all_right,164606,166.0
LC4_L,1,MN_all_right,164614,84.0
LC4_L,1,MN_all_right,164616,37.0
LC4_L,1,MN_all_right,164623,5.0
LC4_L,2,DN_all_left,6,252.0
LC4_L,2,DN_all_left,36,1.0
LC4_L,2,DN_all_left,78,1.0
LC4_L,2,DN_all_left,104,6.0
LC4_L,2,DN_all_left,121,107.0
LC4_L,2,DN_all_left,144,33.0
LC4_L,2,DN_all_left,147,1.0
LC4_L,2,DN_all_left,178,233.0
LC4_L,2,DN_all_left,207,118.0
LC4_L,2,DN_all_left,213,1.0
LC4_L,2,DN_all_left,226,1.0
LC4_L,2,DN_all_left,228,32.0
LC4_L,2,DN_all_left,238,223.0
LC4_L,2,DN_all_left,252,2.0
LC4_L,2,DN_all_left,264,23.0
LC4_L,2,DN_all_left,273,52.0
LC4_L,2,DN_all_left,278,1.0
LC4_L,2,DN_all_left,316,23.0
LC4_L,2,DN_all_left,333,139.0
LC4_L,2,DN_all_left,349,15.0
LC4_L,2,DN_all_left,363,16.0
LC4_L,2,DN_all_left,383,10.0
LC4_L,2,DN_all_left,384,14.0
LC4_L,2,DN_all_left,391,2.0
LC4_L,2,DN_all_left,410,17.0
LC4_L,2,DN_all_left,489,5.0
LC4_L,2,DN_all_left,523,2.0
LC4_L,2,DN_all_left,541,3.0
LC4_L,2,DN_all_left,543,44.0
LC4_L,2,DN_all_left,603,8.0
LC4_L,2,DN_all_left,614,2.0
LC4_L,2,DN_all_left,628,68.0
LC4_L,2,DN_all_left,632,3.0
LC4_L,2,DN_all_left,673,3.0
LC4_L,2,DN_all_left,687,89.0
LC4_L,2,DN_all_left,696,199.0
LC4_L,2,DN_all_left,741,6.0
LC4_L,2,DN_all_left,773,13.0
LC4_L,2,DN_all_left,783,3.0
LC4_L,2,DN_all_left,861,44.0
LC4_L,2,DN_all_left,879,4.0
LC4_L,2,DN_all_left,898,1.0
LC4_L,2,DN_all_left,931,2.0
LC4_L,2,DN_all_left,979,1.0
LC4_L,2,DN_all_left,984,15.0
LC4_L,2,DN_all_left,992,14.0
LC4_L,2,DN_all_left,993,3.0
LC4_L,2,DN_all_left,994,23.0
LC4_L,2,DN_all_left,1037,6.0
LC4_L,2,DN_all_left,1043,144.0
LC4_L,2,DN_all_left,1047,65.0
LC4_L,2,DN_all_left,1131,5.0
LC4_L,2,DN_all_left,1170,1.0
LC4_L,2,DN_all_left,1212,71.0
LC4_L,2,DN_all_left,1273,22.0
LC4_L,2,DN_all_left,1278,79.0
LC4_L,2,DN_all_left,1324,38.0
LC4_L,2,DN_all_left,1325,4.0
LC4_L,2,DN_all_left,1342,3.0
LC4_L,2,DN_all_left,1361,13.0
LC4_L,2,DN_all_left,1392,6.0
LC4_L,2,DN_all_left,1466,2.0
LC4_L,2,DN_all_left,1490,30.0
LC4_L,2,DN_all_left,1506,67.0
LC4_L,2,DN_all_left,1545,1.0
LC4_L,2,DN_all_left,1562,8.0
LC4_L,2,DN_all_left,1564,1.0
LC4_L,2,DN_all_left,1591,3.0
LC4_L,2,DN_all_left,1626,22.0
LC4_L,2,DN_all_left,1724,26.0
LC4_L,2,DN_all_left,1752,2.0
LC4_L,2,DN_all_left,1764,1.0
LC4_L,2,DN_all_left,1833,24.0
LC4_L,2,DN_all_left,1870,2.0
LC4_L,2,DN_all_left,1894,3.0
LC4_L,2,DN_all_left,1905,116.0
LC4_L,2,DN_all_left,1950,1.0
LC4_L,2,DN_all_left,1994,8.0
LC4_L,2,DN_all_left,2103,21.0
LC4_L,2,DN_all_left,2154,4.0
LC4_L,2,DN_all_left,2286,16.0
LC4_L,2,DN_all_left,2311,1.0
LC4_L,2,DN_all_left,2329,1.0
LC4_L,2,DN_all_left,2354,17.0
LC4_L,2,DN_all_left,2449,59.0
LC4_L,2,DN_all_left,2451,1.0
LC4_L,2,DN_all_left,2475,46.0
LC4_L,2,DN_all_left,2500,53.0
LC4_L,2,DN_all_left,2565,2.0
LC4_L,2,DN_all_left,2574,118.0
LC4_L,2,DN_all_left,2583,51.0
LC4_L,2,DN_all_left,2588,6.0
LC4_L,2,DN_all_left,2620,16.0
LC4_L,2,DN_all_left,2676,1.0
LC4_L,2,DN_all_left,2683,99.0
LC4_L,2,DN_all_left,2700,1.0
LC4_L,2,DN_all_left,2814,80.0
LC4_L,2,DN_all_left,2816,6.0
LC4_L,2,DN_all_left,2837,10.0
LC4_L,2,DN_all_left,2868,4.0
LC4_L,2,DN_all_left,2933,4.0
LC4_L,2,DN_all_left,3003,2.0
LC4_L,2,DN_all_left,3009,14.0
LC4_L,2,DN_all_left,3045,1.0
LC4_L,2,DN_all_left,3084,10.0
LC4_L,2,DN_all_left,3106,160.0
LC4_L,2,DN_all_left,3184,19.0
LC4_L,2,DN_all_left,3222,29.0
LC4_L,2,DN_all_left,3306,6.0
LC4_L,2,DN_all_left,3331,57.0
LC4_L,2,DN_all_left,3390,8.0
LC4_L,2,DN_all_left,3451,9.0
LC4_L,2,DN_all_left,3548,1.0
LC4_L,2,DN_all_left,3569,5.0
LC4_L,2,DN_all_left,3595,1.0
LC4_L,2,DN_all_left,3597,21.0
LC4_L,2,DN_all_left,3768,1.0
LC4_L,2,DN_all_left,3770,22.0
LC4_L,2,DN_all_left,3915,27.0
LC4_L,2,DN_all_left,3939,28.0
LC4_L,2,DN_all_left,3946,71.0
LC4_L,2,DN_all_left,3966,11.0
LC4_L,2,DN_all_left,4017,6.0
LC4_L,2,DN_all_left,4215,1.0
LC4_L,2,DN_all_left,4335,74.0
LC4_L,2,DN_all_left,4609,16.0
LC4_L,2,DN_all_left,4678,1.0
LC4_L,2,DN_all_left,4685,9.0
LC4_L,2,DN_all_left,5056,14.0
LC4_L,2,DN_all_left,5067,45.0
LC4_L,2,DN_all_left,5129,3.0
LC4_L,2,DN_all_left,5300,1.0
LC4_L,2,DN_all_left,5616,3.0
LC4_L,2,DN_all_left,5624,65.0
LC4_L,2,DN_all_left,5678,22.0
LC4_L,2,DN_all_left,5867,46.0
LC4_L,2,DN_all_left,6490,1.0
LC4_L,2,DN_all_left,7447,6.0
LC4_L,2,DN_all_left,8284,1.0
LC4_L,2,DN_all_left,8591,1.0
LC4_L,2,DN_all_left,8764,11.0
LC4_L,2,DN_all_left,8870,1.0
LC4_L,2,DN_all_left,8892,1.0
LC4_L,2,DN_all_left,8977,6.0
LC4_L,2,DN_all_left,9207,1.0
LC4_L,2,DN_all_left,9402,28.0
LC4_L,2,DN_all_left,10086,9.0
LC4_L,2,DN_all_left,10110,13.0
LC4_L,2,DN_all_left,10532,11.0
LC4_L,2,DN_all_left,11249,7.0
LC4_L,2,DN_all_left,12883,87.0
LC4_L,2,DN_all_left,13723,4.0
LC4_L,2,DN_all_left,13746,1.0
LC4_L,2,DN_all_left,14132,4.0
LC4_L,2,DN_all_left,14329,11.0
LC4_L,2,DN_all_left,14338,5.0
LC4_L,2,DN_all_left,15020,2.0
LC4_L,2,DN_all_left,15054,1.0
LC4_L,2,DN_all_left,15782,8.0
LC4_L,2,DN_all_left,17045,6.0
LC4_L,2,DN_all_left,17208,84.0
LC4_L,2,DN_all_left,17402,2.0
LC4_L,2,DN_all_left,19578,19.0
LC4_L,2,DN_all_left,21341,5.0
LC4_L,2,DN_all_left,22875,2.0
LC4_L,2,DN_all_left,23287,8.0
LC4_L,2,DN_all_left,28642,8.0
LC4_L,2,DN_all_left,28804,18.0
LC4_L,2,DN_all_left,49995,9.0
LC4_L,2,DN_all_left,53674,8.0
LC4_L,2,DN_all_left,60324,20.0
LC4_L,2,DN_all_left,116552,1.0
LC4_L,2,DN_all_left,122321,2.0
LC4_L,2,DN_all_left,123129,13.0
LC4_L,2,DN_all_left,124448,15.0
LC4_L,2,DN_all_left,125112,9.0
LC4_L,2,DN_all_left,125333,1.0
LC4_L,2,DN_all_left,126100,3.0
LC4_L,2,DN_all_left,127227,4.0
LC4_L,2,DN_all_left,127958,4.0
LC4_L,2,DN_all_left,128595,2.0
LC4_L,2,DN_all_left,128725,17.0
LC4_L,2,DN_all_left,128862,8.0
LC4_L,2,DN_all_left,128935,75.0
LC4_L,2,DN_all_left,128964,5.0
LC4_L,2,DN_all_left,129107,9.0
LC4_L,2,DN_all_left,129520,10.0
LC4_L,2,DN_all_left,130458,83.0
LC4_L,2,DN_all_left,130496,8.0
LC4_L,2,DN_all_left,130499,5.0
LC4_L,2,DN_all_left,130618,122.0
LC4_L,2,DN_all_left,132535,18.0
LC4_L,2,DN_all_left,133364,1.0
LC4_L,2,DN_all_left,133740,292.0
LC4_L,2,DN_all_left,135657,13.0
LC4_L,2,DN_all_left,139863,37.0
LC4_L,2,DN_all_left,140885,3.0
LC4_L,2,DN_all_left,140913,4.0
LC4_L,2,DN_all_left,141026,37.0
LC4_L,2,DN_all_left,142108,83.0
LC4_L,2,DN_all_left,163281,77.0
LC4_L,2,DN_all_right,0,4.0
LC4_L,2,DN_all_right,19,2.0
LC4_L,2,DN_all_right,25,15.0
LC4_L,2,DN_all_right,46,1.0
LC4_L,2,DN_all_right,51,9.0
LC4_L,2,DN_all_right,52,17.0
LC4_L,2,DN_all_right,197,1.0
LC4_L,2,DN_all_right,215,36.0
LC4_L,2,DN_all_right,243,32.0
LC4_L,2,DN_all_right,259,3.0
LC4_L,2,DN_all_right,261,1.0
LC4_L,2,DN_all_right,290,100.0
LC4_L,2,DN_all_right,327,17.0
LC4_L,2,DN_all_right,378,53.0
LC4_L,2,DN_all_right,397,4.0
LC4_L,2,DN_all_right,404,1.0
LC4_L,2,DN_all_right,505,2.0
LC4_L,2,DN_all_right,536,2.0
LC4_L,2,DN_all_right,545,38.0
LC4_L,2,DN_all_right,597,123.0
LC4_L,2,DN_all_right,616,3.0
LC4_L,2,DN_all_right,624,5.0
LC4_L,2,DN_all_right,654,4.0
LC4_L,2,DN_all_right,661,2.0
LC4_L,2,DN_all_right,703,68.0
LC4_L,2,DN_all_right,704,9.0
LC4_L,2,DN_all_right,706,1.0
LC4_L,2,DN_all_right,746,4.0
LC4_L,2,DN_all_right,762,61.0
LC4_L,2,DN_all_right,763,2.0
LC4_L,2,DN_all_right,772,90.0
LC4_L,2,DN_all_right,776,1.0
LC4_L,2,DN_all_right,777,9.0
LC4_L,2,DN_all_right,785,26.0
LC4_L,2,DN_all_right,794,3.0
LC4_L,2,DN_all_right,828,12.0
LC4_L,2,DN_all_right,853,52.0
LC4_L,2,DN_all_right,854,18.0
LC4_L,2,DN_all_right,886,28.0
LC4_L,2,DN_all_right,894,58.0
LC4_L,2,DN_all_right,903,2.0
LC4_L,2,DN_all_right,911,7.0
LC4_L,2,DN_all_right,987,2.0
LC4_L,2,DN_all_right,1021,42.0
LC4_L,2,DN_all_right,1032,4.0
LC4_L,2,DN_all_right,1048,2.0
LC4_L,2,DN_all_right,1083,49.0
LC4_L,2,DN_all_right,1089,110.0
LC4_L,2,DN_all_right,1092,13.0
LC4_L,2,DN_all_right,1150,85.0
LC4_L,2,DN_all_right,1165,75.0
LC4_L,2,DN_all_right,1210,31.0
LC4_L,2,DN_all_right,1218,4.0
LC4_L,2,DN_all_right,1222,15.0
LC4_L,2,DN_all_right,1242,15.0
LC4_L,2,DN_all_right,1269,29.0
LC4_L,2,DN_all_right,1277,34.0
LC4_L,2,DN_all_right,1315,51.0
LC4_L,2,DN_all_right,1331,10.0
LC4_L,2,DN_all_right,1382,5.0
LC4_L,2,DN_all_right,1384,1.0
LC4_L,2,DN_all_right,1400,7.0
LC4_L,2,DN_all_right,1405,3.0
LC4_L,2,DN_all_right,1412,2.0
LC4_L,2,DN_all_right,1457,5.0
LC4_L,2,DN_all_right,1492,5.0
LC4_L,2,DN_all_right,1502,1.0
LC4_L,2,DN_all_right,1515,2.0
LC4_L,2,DN_all_right,1575,1.0
LC4_L,2,DN_all_right,1581,1.0
LC4_L,2,DN_all_right,1653,5.0
LC4_L,2,DN_all_right,1708,73.0
LC4_L,2,DN_all_right,1748,8.0
LC4_L,2,DN_all_right,1756,77.0
LC4_L,2,DN_all_right,1789,17.0
LC4_L,2,DN_all_right,1823,124.0
LC4_L,2,DN_all_right,1837,2.0
LC4_L,2,DN_all_right,1842,49.0
LC4_L,2,DN_all_right,1897,2.0
LC4_L,2,DN_all_right,1965,11.0
LC4_L,2,DN_all_right,1995,2.0
LC4_L,2,DN_all_right,2033,3.0
LC4_L,2,DN_all_right,2037,4.0
LC4_L,2,DN_all_right,2094,7.0
LC4_L,2,DN_all_right,2120,22.0
LC4_L,2,DN_all_right,2210,116.0
LC4_L,2,DN_all_right,2218,1.0
LC4_L,2,DN_all_right,2222,50.0
LC4_L,2,DN_all_right,2238,3.0
LC4_L,2,DN_all_right,2325,64.0
LC4_L,2,DN_all_right,2332,35.0
LC4_L,2,DN_all_right,2350,1.0
LC4_L,2,DN_all_right,2458,1.0
LC4_L,2,DN_all_right,2495,8.0
LC4_L,2,DN_all_right,2595,1.0
LC4_L,2,DN_all_right,2606,2.0
LC4_L,2,DN_all_right,2607,127.0
LC4_L,2,DN_all_right,2613,2.0
LC4_L,2,DN_all_right,2752,12.0
LC4_L,2,DN_all_right,2830,17.0
LC4_L,2,DN_all_right,2841,11.0
LC4_L,2,DN_all_right,2898,1.0
LC4_L,2,DN_all_right,3020,12.0
LC4_L,2,DN_all_right,3048,1.0
LC4_L,2,DN_all_right,3059,55.0
LC4_L,2,DN_all_right,3068,92.0
LC4_L,2,DN_all_right,3220,161.0
LC4_L,2,DN_all_right,3270,113.0
LC4_L,2,DN_all_right,3278,7.0
LC4_L,2,DN_all_right,3348,16.0
LC4_L,2,DN_all_right,3374,4.0
LC4_L,2,DN_all_right,3383,5.0
LC4_L,2,DN_all_right,3403,8.0
LC4_L,2,DN_all_right,3406,19.0
LC4_L,2,DN_all_right,3491,11.0
LC4_L,2,DN_all_right,3539,7.0
LC4_L,2,DN_all_right,3625,1.0
LC4_L,2,DN_all_right,3654,8.0
LC4_L,2,DN_all_right,3754,6.0
LC4_L,2,DN_all_right,3828,40.0
LC4_L,2,DN_all_right,3853,53.0
LC4_L,2,DN_all_right,3862,1.0
LC4_L,2,DN_all_right,3868,3.0
LC4_L,2,DN_all_right,3945,21.0
LC4_L,2,DN_all_right,3973,2.0
LC4_L,2,DN_all_right,3997,9.0
LC4_L,2,DN_all_right,4020,4.0
LC4_L,2,DN_all_right,4042,1.0
LC4_L,2,DN_all_right,4078,18.0
LC4_L,2,DN_all_right,4479,8.0
LC4_L,2,DN_all_right,4514,8.0
LC4_L,2,DN_all_right,4641,36.0
LC4_L,2,DN_all_right,4645,38.0
LC4_L,2,DN_all_right,4879,30.0
LC4_L,2,DN_all_right,5027,15.0
LC4_L,2,DN_all_right,5124,34.0
LC4_L,2,DN_all_right,5367,7.0
LC4_L,2,DN_all_right,5381,6.0
LC4_L,2,DN_all_right,5458,37.0
LC4_L,2,DN_all_right,5597,18.0
LC4_L,2,DN_all_right,5739,7.0
LC4_L,2,DN_all_right,5841,18.0
LC4_L,2,DN_all_right,6074,76.0
LC4_L,2,DN_all_right,6358,100.0
LC4_L,2,DN_all_right,6427,5.0
LC4_L,2,DN_all_right,6570,47.0
LC4_L,2,DN_all_right,6599,9.0
LC4_L,2,DN_all_right,6701,1.0
LC4_L,2,DN_all_right,7801,5.0
LC4_L,2,DN_all_right,7850,30.0
LC4_L,2,DN_all_right,8815,2.0
LC4_L,2,DN_all_right,9254,87.0
LC4_L,2,DN_all_right,9458,56.0
LC4_L,2,DN_all_right,9780,75.0
LC4_L,2,DN_all_right,9912,9.0
LC4_L,2,DN_all_right,10343,1.0
LC4_L,2,DN_all_right,10368,9.0
LC4_L,2,DN_all_right,11239,6.0
LC4_L,2,DN_all_right,11504,5.0
LC4_L,2,DN_all_right,12150,5.0
LC4_L,2,DN_all_right,12336,52.0
LC4_L,2,DN_all_right,12572,7.0
LC4_L,2,DN_all_right,14496,8.0
LC4_L,2,DN_all_right,15028,3.0
LC4_L,2,DN_all_right,15460,2.0
LC4_L,2,DN_all_right,15566,28.0
LC4_L,2,DN_all_right,15893,22.0
LC4_L,2,DN_all_right,17700,4.0
LC4_L,2,DN_all_right,18221,6.0
LC4_L,2,DN_all_right,19450,9.0
LC4_L,2,DN_all_right,23535,4.0
LC4_L,2,DN_all_right,23861,3.0
LC4_L,2,DN_all_right,27054,4.0
LC4_L,2,DN_all_right,27379,1.0
LC4_L,2,DN_all_right,27532,7.0
LC4_L,2,DN_all_right,32032,12.0
LC4_L,2,DN_all_right,47173,2.0
LC4_L,2,DN_all_right,50694,8.0
LC4_L,2,DN_all_right,51855,2.0
LC4_L,2,DN_all_right,63360,5.0
LC4_L,2,DN_all_right,72835,4.0
LC4_L,2,DN_all_right,116556,89.0
LC4_L,2,DN_all_right,117981,1.0
LC4_L,2,DN_all_right,118808,2.0
LC4_L,2,DN_all_right,121642,16.0
LC4_L,2,DN_all_right,122432,30.0
LC4_L,2,DN_all_right,123333,7.0
LC4_L,2,DN_all_right,125376,42.0
LC4_L,2,DN_all_right,125430,1.0
LC4_L,2,DN_all_right,125795,65.0
LC4_L,2,DN_all_right,126404,28.0
LC4_L,2,DN_all_right,126772,2.0
LC4_L,2,DN_all_right,127636,42.0
LC4_L,2,DN_all_right,127734,5.0
LC4_L,2,DN_all_right,128892,79.0
LC4_L,2,DN_all_right,129301,3.0
LC4_L,2,DN_all_right,129688,3.0
LC4_L,2,DN_all_right,129718,24.0
LC4_L,2,DN_all_right,130252,5.0
LC4_L,2,DN_all_right,130858,1.0
LC4_L,2,DN_all_right,131136,41.0
LC4_L,2,DN_all_right,131434,59.0
LC4_L,2,DN_all_right,131504,13.0
LC4_L,2,DN_all_right,133544,52.0
LC4_L,2,DN_all_right,133816,1.0
LC4_L,2,DN_all_right,140621,2.0
LC4_L,2,DN_all_right,140978,55.0
LC4_L,2,DN_all_right,140980,6.0
LC4_L,2,DN_all_right,141051,14.0
LC4_L,2,DN_all_right,141735,31.0
LC4_L,2,DN_all_right,143416,26.0
LC4_L,2,DN_all_right,144269,55.0
LC4_L,2,DN_all_right,145368,23.0
LC4_L,2,DN_all_right,151545,5.0
LC4_L,2,DN_all_right,161396,50.0
LC4_L,2,DN_all_right,162540,11.0
LC4_L,2,MN_all_left,111304,8.0
LC4_L,2,MN_all_left,142922,1.0
LC4_L,2,MN_all_left,142929,101.0
LC4_L,2,MN_all_left,142964,13.0
LC4_L,2,MN_all_left,143088,105.0
LC4_L,2,MN_all_left,143139,29.0
LC4_L,2,MN_all_left,143160,48.0
LC4_L,2,MN_all_left,143189,1.0
LC4_L,2,MN_all_left,143221,37.0
LC4_L,2,MN_all_left,143222,42.0
LC4_L,2,MN_all_left,143231,75.0
LC4_L,2,MN_all_left,143243,41.0
LC4_L,2,MN_all_left,143252,1.0
LC4_L,2,MN_all_left,143281,7.0
LC4_L,2,MN_all_left,143322,163.0
LC4_L,2,MN_all_left,143418,7.0
LC4_L,2,MN_all_left,143421,39.0
LC4_L,2,MN_all_left,143445,166.0
LC4_L,2,MN_all_left,143478,25.0
LC4_L,2,MN_all_left,143539,19.0
LC4_L,2,MN_all_left,143626,89.0
LC4_L,2,MN_all_left,143760,9.0
LC4_L,2,MN_all_left,143766,18.0
LC4_L,2,MN_all_left,143773,33.0
LC4_L,2,MN_all_left,143860,39.0
LC4_L,2,MN_all_left,143901,9.0
LC4_L,2,MN_all_left,143949,5.0
LC4_L,2,MN_all_left,144071,14.0
LC4_L,2,MN_all_left,144086,7.0
LC4_L,2,MN_all_left,144111,21.0
LC4_L,2,MN_all_left,144209,156.0
LC4_L,2,MN_all_left,144222,3.0
LC4_L,2,MN_all_left,144234,1.0
LC4_L,2,MN_all_left,144265,170.0
LC4_L,2,MN_all_left,144290,2.0
LC4_L,2,MN_all_left,144377,3.0
LC4_L,2,MN_all_left,144382,41.0
LC4_L,2,MN_all_left,144400,55.0
LC4_L,2,MN_all_left,144450,80.0
LC4_L,2,MN_all_left,144457,2.0
LC4_L,2,MN_all_left,144465,104.0
LC4_L,2,MN_all_left,144494,8.0
LC4_L,2,MN_all_left,144538,2.0
LC4_L,2,MN_all_left,144576,30.0
LC4_L,2,MN_all_left,144578,1.0
LC4_L,2,MN_all_left,144584,36.0
LC4_L,2,MN_all_left,144657,10.0
LC4_L,2,MN_all_left,144709,3.0
LC4_L,2,MN_all_left,144821,101.0
LC4_L,2,MN_all_left,144860,15.0
LC4_L,2,MN_all_left,144878,4.0
LC4_L,2,MN_all_left,144897,61.0
LC4_L,2,MN_all_left,144974,15.0
LC4_L,2,MN_all_left,144997,1.0
LC4_L,2,MN_all_left,145034,140.0
LC4_L,2,MN_all_left,145081,33.0
LC4_L,2,MN_all_left,145094,1.0
LC4_L,2,MN_all_left,145109,39.0
LC4_L,2,MN_all_left,145142,53.0
LC4_L,2,MN_all_left,145198,93.0
LC4_L,2,MN_all_left,145207,2.0
LC4_L,2,MN_all_left,145217,3.0
LC4_L,2,MN_all_left,145274,1.0
LC4_L,2,MN_all_left,145303,31.0
LC4_L,2,MN_all_left,145351,1.0
LC4_L,2,MN_all_left,145382,46.0
LC4_L,2,MN_all_left,145405,56.0
LC4_L,2,MN_all_left,145438,32.0
LC4_L,2,MN_all_left,145476,34.0
LC4_L,2,MN_all_left,145573,6.0
LC4_L,2,MN_all_left,145652,1.0
LC4_L,2,MN_all_left,145660,3.0
LC4_L,2,MN_all_left,145672,33.0
LC4_L,2,MN_all_left,145732,32.0
LC4_L,2,MN_all_left,145766,17.0
LC4_L,2,MN_all_left,145796,98.0
LC4_L,2,MN_all_left,145805,36.0
LC4_L,2,MN_all_left,145900,4.0
LC4_L,2,MN_all_left,145911,48.0
LC4_L,2,MN_all_left,145975,38.0
LC4_L,2,MN_all_left,146072,39.0
LC4_L,2,MN_all_left,146107,1.0
LC4_L,2,MN_all_left,146233,3.0
LC4_L,2,MN_all_left,146333,45.0
LC4_L,2,MN_all_left,146441,18.0
LC4_L,2,MN_all_left,146494,12.0
LC4_L,2,MN_all_left,146556,62.0
LC4_L,2,MN_all_left,146590,5.0
LC4_L,2,MN_all_left,146748,86.0
LC4_L,2,MN_all_left,146821,27.0
LC4_L,2,MN_all_left,147153,27.0
LC4_L,2,MN_all_left,147241,28.0
LC4_L,2,MN_all_left,147254,11.0
LC4_L,2,MN_all_left,147272,1.0
LC4_L,2,MN_all_left,147311,37.0
LC4_L,2,MN_all_left,147444,36.0
LC4_L,2,MN_all_left,147449,35.0
LC4_L,2,MN_all_left,147492,36.0
LC4_L,2,MN_all_left,147569,39.0
LC4_L,2,MN_all_left,147690,1.0
LC4_L,2,MN_all_left,147730,1.0
LC4_L,2,MN_all_left,147844,42.0
LC4_L,2,MN_all_left,147938,1.0
LC4_L,2,MN_all_left,148076,1.0
LC4_L,2,MN_all_left,148097,1.0
LC4_L,2,MN_all_left,148126,51.0
LC4_L,2,MN_all_left,148144,24.0
LC4_L,2,MN_all_left,148349,9.0
LC4_L,2,MN_all_left,148397,33.0
LC4_L,2,MN_all_left,148408,3.0
LC4_L,2,MN_all_left,148412,13.0
LC4_L,2,MN_all_left,148537,8.0
LC4_L,2,MN_all_left,148589,104.0
LC4_L,2,MN_all_left,148953,86.0
LC4_L,2,MN_all_left,148964,3.0
LC4_L,2,MN_all_left,149298,37.0
LC4_L,2,MN_all_left,149557,2.0
LC4_L,2,MN_all_left,149592,5.0
LC4_L,2,MN_all_left,149636,34.0
LC4_L,2,MN_all_left,149652,2.0
LC4_L,2,MN_all_left,150276,5.0
LC4_L,2,MN_all_left,150280,8.0
LC4_L,2,MN_all_left,150354,2.0
LC4_L,2,MN_all_left,150721,2.0
LC4_L,2,MN_all_left,150864,24.0
LC4_L,2,MN_all_left,151089,1.0
LC4_L,2,MN_all_left,151305,51.0
LC4_L,2,MN_all_left,152375,10.0
LC4_L,2,MN_all_left,152535,4.0
LC4_L,2,MN_all_left,152793,1.0
LC4_L,2,MN_all_left,154142,36.0
LC4_L,2,MN_all_left,154315,54.0
LC4_L,2,MN_all_left,154353,18.0
LC4_L,2,MN_all_left,154887,41.0
LC4_L,2,MN_all_left,155085,13.0
LC4_L,2,MN_all_left,156377,1.0
LC4_L,2,MN_all_left,156887,1.0
LC4_L,2,MN_all_left,158106,31.0
LC4_L,2,MN_all_left,158122,3.0
LC4_L,2,MN_all_left,158328,4.0
LC4_L,2,MN_all_left,158475,1.0
LC4_L,2,MN_all_left,158794,36.0
LC4_L,2,MN_all_left,159087,42.0
LC4_L,2,MN_all_left,159285,1.0
LC4_L,2,MN_all_left,159287,1.0
LC4_L,2,MN_all_left,159288,25.0
LC4_L,2,MN_all_left,159417,1.0
LC4_L,2,MN_all_left,159488,35.0
LC4_L,2,MN_all_left,159489,2.0
LC4_L,2,MN_all_left,159993,12.0
LC4_L,2,MN_all_left,160070,12.0
LC4_L,2,MN_all_left,160137,84.0
LC4_L,2,MN_all_left,160448,92.0
LC4_L,2,MN_all_left,160854,81.0
LC4_L,2,MN_all_left,162458,1.0
LC4_L,2,MN_all_left,162557,1.0
LC4_L,2,MN_all_left,162657,14.0
LC4_L,2,MN_all_left,162678,42.0
LC4_L,2,MN_all_left,162782,107.0
LC4_L,2,MN_all_left,162796,111.0
LC4_L,2,MN_all_left,162914,1.0
LC4_L,2,MN_all_left,164603,25.0
LC4_L,2,MN_all_left,164626,6.0
LC4_L,2,MN_all_left,164720,2.0
LC4_L,2,MN_all_right,142834,126.0
LC4_L,2,MN_all_right,142900,7.0
LC4_L,2,MN_all_right,142932,27.0
LC4_L,2,MN_all_right,142956,39.0
LC4_L,2,MN_all_right,143136,52.0
LC4_L,2,MN_all_right,143244,27.0
LC4_L,2,MN_all_right,143260,40.0
LC4_L,2,MN_all_right,143304,103.0
LC4_L,2,MN_all_right,143341,56.0
LC4_L,2,MN_all_right,143362,23.0
LC4_L,2,MN_all_right,143454,1.0
LC4_L,2,MN_all_right,143460,2.0
LC4_L,2,MN_all_right,143467,20.0
LC4_L,2,MN_all_right,143498,1.0
LC4_L,2,MN_all_right,143566,21.0
LC4_L,2,MN_all_right,143567,21.0
LC4_L,2,MN_all_right,143581,3.0
LC4_L,2,MN_all_right,143589,1.0
LC4_L,2,MN_all_right,143635,26.0
LC4_L,2,MN_all_right,143643,7.0
LC4_L,2,MN_all_right,143728,24.0
LC4_L,2,MN_all_right,143754,167.0
LC4_L,2,MN_all_right,143786,105.0
LC4_L,2,MN_all_right,143796,43.0
LC4_L,2,MN_all_right,143828,4.0
LC4_L,2,MN_all_right,143830,30.0
LC4_L,2,MN_all_right,143890,1.0
LC4_L,2,MN_all_right,143900,55.0
LC4_L,2,MN_all_right,144043,2.0
LC4_L,2,MN_all_right,144076,16.0
LC4_L,2,MN_all_right,144107,5.0
LC4_L,2,MN_all_right,144149,22.0
LC4_L,2,MN_all_right,144152,100.0
LC4_L,2,MN_all_right,144211,4.0
LC4_L,2,MN_all_right,144246,8.0
LC4_L,2,MN_all_right,144285,173.0
LC4_L,2,MN_all_right,144370,1.0
LC4_L,2,MN_all_right,144391,2.0
LC4_L,2,MN_all_right,144392,5.0
LC4_L,2,MN_all_right,144429,44.0
LC4_L,2,MN_all_right,144466,113.0
LC4_L,2,MN_all_right,144664,1.0
LC4_L,2,MN_all_right,144682,147.0
LC4_L,2,MN_all_right,144715,5.0
LC4_L,2,MN_all_right,144768,1.0
LC4_L,2,MN_all_right,144790,1.0
LC4_L,2,MN_all_right,144899,1.0
LC4_L,2,MN_all_right,144918,2.0
LC4_L,2,MN_all_right,144952,23.0
LC4_L,2,MN_all_right,144987,36.0
LC4_L,2,MN_all_right,145007,15.0
LC4_L,2,MN_all_right,145064,137.0
LC4_L,2,MN_all_right,145083,34.0
LC4_L,2,MN_all_right,145103,48.0
LC4_L,2,MN_all_right,145127,112.0
LC4_L,2,MN_all_right,145221,48.0
LC4_L,2,MN_all_right,145416,1.0
LC4_L,2,MN_all_right,145458,4.0
LC4_L,2,MN_all_right,145461,35.0
LC4_L,2,MN_all_right,145492,86.0
LC4_L,2,MN_all_right,145559,11.0
LC4_L,2,MN_all_right,145581,60.0
LC4_L,2,MN_all_right,145592,40.0
LC4_L,2,MN_all_right,145621,36.0
LC4_L,2,MN_all_right,145653,49.0
LC4_L,2,MN_all_right,145721,1.0
LC4_L,2,MN_all_right,145738,14.0
LC4_L,2,MN_all_right,145832,36.0
LC4_L,2,MN_all_right,145953,9.0
LC4_L,2,MN_all_right,145960,29.0
LC4_L,2,MN_all_right,146013,9.0
LC4_L,2,MN_all_right,146056,1.0
LC4_L,2,MN_all_right,146130,29.0
LC4_L,2,MN_all_right,146173,58.0
LC4_L,2,MN_all_right,146318,1.0
LC4_L,2,MN_all_right,146627,33.0
LC4_L,2,MN_all_right,146668,48.0
LC4_L,2,MN_all_right,146701,1.0
LC4_L,2,MN_all_right,146725,97.0
LC4_L,2,MN_all_right,146879,38.0
LC4_L,2,MN_all_right,147037,13.0
LC4_L,2,MN_all_right,147094,42.0
LC4_L,2,MN_all_right,147184,4.0
LC4_L,2,MN_all_right,147267,23.0
LC4_L,2,MN_all_right,147470,20.0
LC4_L,2,MN_all_right,147519,4.0
LC4_L,2,MN_all_right,147543,1.0
LC4_L,2,MN_all_right,147559,34.0
LC4_L,2,MN_all_right,147606,1.0
LC4_L,2,MN_all_right,147646,19.0
LC4_L,2,MN_all_right,147672,32.0
LC4_L,2,MN_all_right,147771,5.0
LC4_L,2,MN_all_right,147794,34.0
LC4_L,2,MN_all_right,147905,23.0
LC4_L,2,MN_all_right,147957,4.0
LC4_L,2,MN_all_right,148001,26.0
LC4_L,2,MN_all_right,148017,11.0
LC4_L,2,MN_all_right,148201,30.0
LC4_L,2,MN_all_right,148237,14.0
LC4_L,2,MN_all_right,148293,20.0
LC4_L,2,MN_all_right,148422,90.0
LC4_L,2,MN_all_right,148611,5.0
LC4_L,2,MN_all_right,148816,28.0
LC4_L,2,MN_all_right,148823,44.0
LC4_L,2,MN_all_right,148879,38.0
LC4_L,2,MN_all_right,149056,88.0
LC4_L,2,MN_all_right,149234,15.0
LC4_L,2,MN_all_right,149327,35.0
LC4_L,2,MN_all_right,149498,5.0
LC4_L,2,MN_all_right,149691,8.0
LC4_L,2,MN_all_right,149809,9.0
LC4_L,2,MN_all_right,149895,3.0
LC4_L,2,MN_all_right,149996,6.0
LC4_L,2,MN_all_right,150019,91.0
LC4_L,2,MN_all_right,150204,5.0
LC4_L,2,MN_all_right,150362,3.0
LC4_L,2,MN_all_right,150676,2.0
LC4_L,2,MN_all_right,150873,9.0
LC4_L,2,MN_all_right,150989,1.0
LC4_L,2,MN_all_right,152528,10.0
LC4_L,2,MN_all_right,153409,29.0
LC4_L,2,MN_all_right,153686,13.0
LC4_L,2,MN_all_right,154055,3.0
LC4_L,2,MN_all_right,154732,23.0
LC4_L,2,MN_all_right,154941,53.0
LC4_L,2,MN_all_right,156171,1.0
LC4_L,2,MN_all_right,156514,18.0
LC4_L,2,MN_all_right,156605,1.0
LC4_L,2,MN_all_right,157875,30.0
LC4_L,2,MN_all_right,158193,4.0
LC4_L,2,MN_all_right,158204,1.0
LC4_L,2,MN_all_right,158812,1.0
LC4_L,2,MN_all_right,159157,5.0
LC4_L,2,MN_all_right,159225,19.0
LC4_L,2,MN_all_right,159253,2.0
LC4_L,2,MN_all_right,159286,10.0
LC4_L,2,MN_all_right,159477,3.0
LC4_L,2,MN_all_right,159546,1.0
LC4_L,2,MN_all_right,159896,2.0
LC4_L,2,MN_all_right,160165,4.0
LC4_L,2,MN_all_right,160245,50.0
LC4_L,2,MN_all_right,160271,43.0
LC4_L,2,MN_all_right,160307,39.0
LC4_L,2,MN_all_right,160329,23.0
LC4_L,2,MN_all_right,160551,5.0
LC4_L,2,MN_all_right,161011,1.0
LC4_L,2,MN_all_right,161523,21.0
LC4_L,2,MN_all_right,162256,3.0
LC4_L,2,MN_all_right,162781,76.0
LC4_L,2,MN_all_right,164606,159.0
LC4_L,2,MN_all_right,164614,84.0
LC4_L,2,MN_all_right,164616,38.0
LC4_L,2,MN_all_right,164623,13.0
LC4_L,3,DN_all_left,6,248.0
LC4_L,3,DN_all_left,36,1.0
LC4_L,3,DN_all_left,78,1.0
LC4_L,3,DN_all_left,104,3.0
LC4_L,3,DN_all_left,144,5.0
LC4_L,3,DN_all_left,147,2.0
LC4_L,3,DN_all_left,178,234.0
LC4_L,3,DN_all_left,207,96.0
LC4_L,3,DN_all_left,213,1.0
LC4_L,3,DN_all_left,226,1.0
LC4_L,3,DN_all_left,228,19.0
LC4_L,3,DN_all_left,238,226.0
LC4_L,3,DN_all_left,252,1.0
LC4_L,3,DN_all_left,264,9.0
LC4_L,3,DN_all_left,273,70.0
LC4_L,3,DN_all_left,278,2.0
LC4_L,3,DN_all_left,316,40.0
LC4_L,3,DN_all_left,333,133.0
LC4_L,3,DN_all_left,349,61.0
LC4_L,3,DN_all_left,363,45.0
LC4_L,3,DN_all_left,383,2.0
LC4_L,3,DN_all_left,384,6.0
LC4_L,3,DN_all_left,410,17.0
LC4_L,3,DN_all_left,446,1.0
LC4_L,3,DN_all_left,489,11.0
LC4_L,3,DN_all_left,541,6.0
LC4_L,3,DN_all_left,608,1.0
LC4_L,3,DN_all_left,614,15.0
LC4_L,3,DN_all_left,628,33.0
LC4_L,3,DN_all_left,632,2.0
LC4_L,3,DN_all_left,687,7.0
LC4_L,3,DN_all_left,696,198.0
LC4_L,3,DN_all_left,741,27.0
LC4_L,3,DN_all_left,773,40.0
LC4_L,3,DN_all_left,781,1.0
LC4_L,3,DN_all_left,783,41.0
LC4_L,3,DN_all_left,791,2.0
LC4_L,3,DN_all_left,820,1.0
LC4_L,3,DN_all_left,861,37.0
LC4_L,3,DN_all_left,879,11.0
LC4_L,3,DN_all_left,906,3.0
LC4_L,3,DN_all_left,931,2.0
LC4_L,3,DN_all_left,979,2.0
LC4_L,3,DN_all_left,984,21.0
LC4_L,3,DN_all_left,992,5.0
LC4_L,3,DN_all_left,993,22.0
LC4_L,3,DN_all_left,994,22.0
LC4_L,3,DN_all_left,1047,74.0
LC4_L,3,DN_all_left,1071,1.0
LC4_L,3,DN_all_left,1111,56.0
LC4_L,3,DN_all_left,1131,2.0
LC4_L,3,DN_all_left,1132,4.0
LC4_L,3,DN_all_left,1155,1.0
LC4_L,3,DN_all_left,1170,11.0
LC4_L,3,DN_all_left,1273,10.0
LC4_L,3,DN_all_left,1324,37.0
LC4_L,3,DN_all_left,1325,34.0
LC4_L,3,DN_all_left,1387,15.0
LC4_L,3,DN_all_left,1392,2.0
LC4_L,3,DN_all_left,1466,10.0
LC4_L,3,DN_all_left,1506,85.0
LC4_L,3,DN_all_left,1545,6.0
LC4_L,3,DN_all_left,1562,9.0
LC4_L,3,DN_all_left,1564,1.0
LC4_L,3,DN_all_left,1591,2.0
LC4_L,3,DN_all_left,1626,12.0
LC4_L,3,DN_all_left,1724,58.0
LC4_L,3,DN_all_left,1833,3.0
LC4_L,3,DN_all_left,1870,9.0
LC4_L,3,DN_all_left,1905,2.0
LC4_L,3,DN_all_left,1950,7.0
LC4_L,3,DN_all_left,1994,24.0
LC4_L,3,DN_all_left,2103,5.0
LC4_L,3,DN_all_left,2286,28.0
LC4_L,3,DN_all_left,2311,1.0
LC4_L,3,DN_all_left,2354,5.0
LC4_L,3,DN_all_left,2441,1.0
LC4_L,3,DN_all_left,2465,20.0
LC4_L,3,DN_all_left,2583,60.0
LC4_L,3,DN_all_left,2588,12.0
LC4_L,3,DN_all_left,2620,12.0
LC4_L,3,DN_all_left,2676,17.0
LC4_L,3,DN_all_left,2683,1.0
LC4_L,3,DN_all_left,2816,12.0
LC4_L,3,DN_all_left,2837,18.0
LC4_L,3,DN_all_left,2984,2.0
LC4_L,3,DN_all_left,3009,3.0
LC4_L,3,DN_all_left,3045,1.0
LC4_L,3,DN_all_left,3084,13.0
LC4_L,3,DN_all_left,3106,177.0
LC4_L,3,DN_all_left,3184,26.0
LC4_L,3,DN_all_left,3222,28.0
LC4_L,3,DN_all_left,3331,62.0
LC4_L,3,DN_all_left,3349,32.0
LC4_L,3,DN_all_left,3380,1.0
LC4_L,3,DN_all_left,3505,4.0
LC4_L,3,DN_all_left,3548,1.0
LC4_L,3,DN_all_left,3569,14.0
LC4_L,3,DN_all_left,3595,10.0
LC4_L,3,DN_all_left,3788,17.0
LC4_L,3,DN_all_left,3915,1.0
LC4_L,3,DN_all_left,3939,34.0
LC4_L,3,DN_all_left,3966,13.0
LC4_L,3,DN_all_left,4017,12.0
LC4_L,3,DN_all_left,4057,5.0
LC4_L,3,DN_all_left,4335,82.0
LC4_L,3,DN_all_left,4609,16.0
LC4_L,3,DN_all_left,4685,7.0
LC4_L,3,DN_all_left,4917,2.0
LC4_L,3,DN_all_left,5056,18.0
LC4_L,3,DN_all_left,5067,53.0
LC4_L,3,DN_all_left,5300,1.0
LC4_L,3,DN_all_left,5338,1.0
LC4_L,3,DN_all_left,5509,1.0
LC4_L,3,DN_all_left,5616,2.0
LC4_L,3,DN_all_left,5678,23.0
LC4_L,3,DN_all_left,5867,53.0
LC4_L,3,DN_all_left,5993,13.0
LC4_L,3,DN_all_left,6490,1.0
LC4_L,3,DN_all_left,6498,1.0
LC4_L,3,DN_all_left,6736,9.0
LC4_L,3,DN_all_left,7415,3.0
LC4_L,3,DN_all_left,8234,6.0
LC4_L,3,DN_all_left,8591,2.0
LC4_L,3,DN_all_left,8764,13.0
LC4_L,3,DN_all_left,8870,9.0
LC4_L,3,DN_all_left,9207,4.0
LC4_L,3,DN_all_left,9402,37.0
LC4_L,3,DN_all_left,10086,1.0
LC4_L,3,DN_all_left,10532,26.0
LC4_L,3,DN_all_left,12883,93.0
LC4_L,3,DN_all_left,13723,6.0
LC4_L,3,DN_all_left,14132,9.0
LC4_L,3,DN_all_left,14329,8.0
LC4_L,3,DN_all_left,14338,20.0
LC4_L,3,DN_all_left,14442,2.0
LC4_L,3,DN_all_left,15020,3.0
LC4_L,3,DN_all_left,15054,4.0
LC4_L,3,DN_all_left,17208,5.0
LC4_L,3,DN_all_left,19578,25.0
LC4_L,3,DN_all_left,21341,2.0
LC4_L,3,DN_all_left,23390,1.0
LC4_L,3,DN_all_left,28642,7.0
LC4_L,3,DN_all_left,28804,19.0
LC4_L,3,DN_all_left,33318,2.0
LC4_L,3,DN_all_left,49995,16.0
LC4_L,3,DN_all_left,53674,12.0
LC4_L,3,DN_all_left,55200,1.0
LC4_L,3,DN_all_left,60324,30.0
LC4_L,3,DN_all_left,70432,1.0
LC4_L,3,DN_all_left,104062,2.0
LC4_L,3,DN_all_left,122321,4.0
LC4_L,3,DN_all_left,123129,13.0
LC4_L,3,DN_all_left,124448,27.0
LC4_L,3,DN_all_left,124969,1.0
LC4_L,3,DN_all_left,125112,8.0
LC4_L,3,DN_all_left,126100,38.0
LC4_L,3,DN_all_left,127227,5.0
LC4_L,3,DN_all_left,127958,12.0
LC4_L,3,DN_all_left,128595,5.0
LC4_L,3,DN_all_left,128725,19.0
LC4_L,3,DN_all_left,128822,1.0
LC4_L,3,DN_all_left,128862,22.0
LC4_L,3,DN_all_left,128964,13.0
LC4_L,3,DN_all_left,129107,24.0
LC4_L,3,DN_all_left,129520,4.0
LC4_L,3,DN_all_left,130458,5.0
LC4_L,3,DN_all_left,130496,12.0
LC4_L,3,DN_all_left,130618,120.0
LC4_L,3,DN_all_left,132535,22.0
LC4_L,3,DN_all_left,132582,12.0
LC4_L,3,DN_all_left,133364,24.0
LC4_L,3,DN_all_left,133740,293.0
LC4_L,3,DN_all_left,135657,42.0
LC4_L,3,DN_all_left,139863,6.0
LC4_L,3,DN_all_left,140885,8.0
LC4_L,3,DN_all_left,141026,49.0
LC4_L,3,DN_all_left,142108,88.0
LC4_L,3,DN_all_left,144939,1.0
LC4_L,3,DN_all_right,0,11.0
LC4_L,3,DN_all_right,19,1.0
LC4_L,3,DN_all_right,46,1.0
LC4_L,3,DN_all_right,51,21.0
LC4_L,3,DN_all_right,52,35.0
LC4_L,3,DN_all_right,194,1.0
LC4_L,3,DN_all_right,215,42.0
LC4_L,3,DN_all_right,243,23.0
LC4_L,3,DN_all_right,259,3.0
LC4_L,3,DN_all_right,261,1.0
LC4_L,3,DN_all_right,327,23.0
LC4_L,3,DN_all_right,378,33.0
LC4_L,3,DN_all_right,428,17.0
LC4_L,3,DN_all_right,467,3.0
LC4_L,3,DN_all_right,545,35.0
LC4_L,3,DN_all_right,654,6.0
LC4_L,3,DN_all_right,703,77.0
LC4_L,3,DN_all_right,704,5.0
LC4_L,3,DN_all_right,746,1.0
LC4_L,3,DN_all_right,762,48.0
LC4_L,3,DN_all_right,763,2.0
LC4_L,3,DN_all_right,776,1.0
LC4_L,3,DN_all_right,777,3.0
LC4_L,3,DN_all_right,785,30.0
LC4_L,3,DN_all_right,794,2.0
LC4_L,3,DN_all_right,853,37.0
LC4_L,3,DN_all_right,854,14.0
LC4_L,3,DN_all_right,886,50.0
LC4_L,3,DN_all_right,894,72.0
LC4_L,3,DN_all_right,903,8.0
LC4_L,3,DN_all_right,911,4.0
LC4_L,3,DN_all_right,987,2.0
LC4_L,3,DN_all_right,1021,43.0
LC4_L,3,DN_all_right,1048,7.0
LC4_L,3,DN_all_right,1089,5.0
LC4_L,3,DN_all_right,1092,11.0
LC4_L,3,DN_all_right,1108,5.0
LC4_L,3,DN_all_right,1150,2.0
LC4_L,3,DN_all_right,1165,5.0
LC4_L,3,DN_all_right,1210,57.0
LC4_L,3,DN_all_right,1218,31.0
LC4_L,3,DN_all_right,1222,12.0
LC4_L,3,DN_all_right,1242,14.0
LC4_L,3,DN_all_right,1269,44.0
LC4_L,3,DN_all_right,1277,54.0
LC4_L,3,DN_all_right,1405,29.0
LC4_L,3,DN_all_right,1412,6.0
LC4_L,3,DN_all_right,1457,3.0
LC4_L,3,DN_all_right,1468,2.0
LC4_L,3,DN_all_right,1502,2.0
LC4_L,3,DN_all_right,1515,1.0
LC4_L,3,DN_all_right,1581,5.0
LC4_L,3,DN_all_right,1621,21.0
LC4_L,3,DN_all_right,1699,30.0
LC4_L,3,DN_all_right,1708,71.0
LC4_L,3,DN_all_right,1756,6.0
LC4_L,3,DN_all_right,1789,38.0
LC4_L,3,DN_all_right,1823,4.0
LC4_L,3,DN_all_right,1837,21.0
LC4_L,3,DN_all_right,1897,3.0
LC4_L,3,DN_all_right,1954,2.0
LC4_L,3,DN_all_right,1995,4.0
LC4_L,3,DN_all_right,2033,22.0
LC4_L,3,DN_all_right,2037,2.0
LC4_L,3,DN_all_right,2079,22.0
LC4_L,3,DN_all_right,2094,22.0
LC4_L,3,DN_all_right,2120,3.0
LC4_L,3,DN_all_right,2218,10.0
LC4_L,3,DN_all_right,2238,7.0
LC4_L,3,DN_all_right,2251,3.0
LC4_L,3,DN_all_right,2350,8.0
LC4_L,3,DN_all_right,2358,1.0
LC4_L,3,DN_all_right,2572,2.0
LC4_L,3,DN_all_right,2600,1.0
LC4_L,3,DN_all_right,2607,132.0
LC4_L,3,DN_all_right,2613,14.0
LC4_L,3,DN_all_right,2659,10.0
LC4_L,3,DN_all_right,2752,15.0
LC4_L,3,DN_all_right,2841,3.0
LC4_L,3,DN_all_right,3020,9.0
LC4_L,3,DN_all_right,3059,39.0
LC4_L,3,DN_all_right,3220,177.0
LC4_L,3,DN_all_right,3278,2.0
LC4_L,3,DN_all_right,3348,28.0
LC4_L,3,DN_all_right,3374,23.0
LC4_L,3,DN_all_right,3383,12.0
LC4_L,3,DN_all_right,3403,25.0
LC4_L,3,DN_all_right,3406,24.0
LC4_L,3,DN_all_right,3491,6.0
LC4_L,3,DN_all_right,3593,9.0
LC4_L,3,DN_all_right,3625,7.0
LC4_L,3,DN_all_right,3654,4.0
LC4_L,3,DN_all_right,3694,4.0
LC4_L,3,DN_all_right,3707,10.0
LC4_L,3,DN_all_right,3754,28.0
LC4_L,3,DN_all_right,3811,1.0
LC4_L,3,DN_all_right,3828,8.0
LC4_L,3,DN_all_right,3853,52.0
LC4_L,3,DN_all_right,3862,1.0
LC4_L,3,DN_all_right,3868,7.0
LC4_L,3,DN_all_right,3945,21.0
LC4_L,3,DN_all_right,3973,1.0
LC4_L,3,DN_all_right,4020,6.0
LC4_L,3,DN_all_right,4078,18.0
LC4_L,3,DN_all_right,4479,3.0
LC4_L,3,DN_all_right,4514,17.0
LC4_L,3,DN_all_right,4641,43.0
LC4_L,3,DN_all_right,4645,49.0
LC4_L,3,DN_all_right,4801,1.0
LC4_L,3,DN_all_right,5027,16.0
LC4_L,3,DN_all_right,5124,47.0
LC4_L,3,DN_all_right,5348,1.0
LC4_L,3,DN_all_right,5381,1.0
LC4_L,3,DN_all_right,5458,46.0
LC4_L,3,DN_all_right,5739,7.0
LC4_L,3,DN_all_right,5841,11.0
LC4_L,3,DN_all_right,6169,1.0
LC4_L,3,DN_all_right,6358,1.0
LC4_L,3,DN_all_right,6427,8.0
LC4_L,3,DN_all_right,6570,47.0
LC4_L,3,DN_all_right,6753,4.0
LC4_L,3,DN_all_right,7801,9.0
LC4_L,3,DN_all_right,7850,28.0
LC4_L,3,DN_all_right,9254,98.0
LC4_L,3,DN_all_right,9458,40.0
LC4_L,3,DN_all_right,9780,83.0
LC4_L,3,DN_all_right,9912,8.0
LC4_L,3,DN_all_right,10114,1.0
LC4_L,3,DN_all_right,10368,15.0
LC4_L,3,DN_all_right,12336,53.0
LC4_L,3,DN_all_right,15028,2.0
LC4_L,3,DN_all_right,15566,17.0
LC4_L,3,DN_all_right,15893,22.0
LC4_L,3,DN_all_right,19450,4.0
LC4_L,3,DN_all_right,23535,9.0
LC4_L,3,DN_all_right,27054,2.0
LC4_L,3,DN_all_right,27379,6.0
LC4_L,3,DN_all_right,27532,9.0
LC4_L,3,DN_all_right,32032,17.0
LC4_L,3,DN_all_right,47173,15.0
LC4_L,3,DN_all_right,50694,6.0
LC4_L,3,DN_all_right,51855,7.0
LC4_L,3,DN_all_right,72835,15.0
LC4_L,3,DN_all_right,107658,1.0
LC4_L,3,DN_all_right,117981,13.0
LC4_L,3,DN_all_right,122432,25.0
LC4_L,3,DN_all_right,123333,8.0
LC4_L,3,DN_all_right,124419,1.0
LC4_L,3,DN_all_right,125376,41.0
LC4_L,3,DN_all_right,125430,12.0
LC4_L,3,DN_all_right,125617,2.0
LC4_L,3,DN_all_right,125795,48.0
LC4_L,3,DN_all_right,126404,17.0
LC4_L,3,DN_all_right,126772,2.0
LC4_L,3,DN_all_right,127734,2.0
LC4_L,3,DN_all_right,127758,9.0
LC4_L,3,DN_all_right,128032,54.0
LC4_L,3,DN_all_right,128892,117.0
LC4_L,3,DN_all_right,129301,2.0
LC4_L,3,DN_all_right,129659,1.0
LC4_L,3,DN_all_right,129688,2.0
LC4_L,3,DN_all_right,129718,16.0
LC4_L,3,DN_all_right,130847,36.0
LC4_L,3,DN_all_right,131136,60.0
LC4_L,3,DN_all_right,131434,42.0
LC4_L,3,DN_all_right,131504,19.0
LC4_L,3,DN_all_right,133544,46.0
LC4_L,3,DN_all_right,133816,2.0
LC4_L,3,DN_all_right,140980,2.0
LC4_L,3,DN_all_right,141051,11.0
LC4_L,3,DN_all_right,141735,46.0
LC4_L,3,DN_all_right,143416,22.0
LC4_L,3,DN_all_right,144269,68.0
LC4_L,3,DN_all_right,145368,29.0
LC4_L,3,DN_all_right,151545,1.0
LC4_L,3,DN_all_right,161396,57.0
LC4_L,3,DN_all_right,162540,26.0
LC4_L,3,MN_all_left,111304,2.0
LC4_L,3,MN_all_left,142922,7.0
LC4_L,3,MN_all_left,142929,97.0
LC4_L,3,MN_all_left,142964,17.0
LC4_L,3,MN_all_left,143088,110.0
LC4_L,3,MN_all_left,143139,12.0
LC4_L,3,MN_all_left,143160,76.0
LC4_L,3,MN_all_left,143189,4.0
LC4_L,3,MN_all_left,143221,35.0
LC4_L,3,MN_all_left,143222,66.0
LC4_L,3,MN_all_left,143243,50.0
LC4_L,3,MN_all_left,143252,22.0
LC4_L,3,MN_all_left,143281,13.0
LC4_L,3,MN_all_left,143322,168.0
LC4_L,3,MN_all_left,143418,18.0
LC4_L,3,MN_all_left,143421,41.0
LC4_L,3,MN_all_left,143445,167.0
LC4_L,3,MN_all_left,143478,13.0
LC4_L,3,MN_all_left,143539,3.0
LC4_L,3,MN_all_left,143626,94.0
LC4_L,3,MN_all_left,143760,8.0
LC4_L,3,MN_all_left,143766,6.0
LC4_L,3,MN_all_left,143860,42.0
LC4_L,3,MN_all_left,143901,13.0
LC4_L,3,MN_all_left,143949,6.0
LC4_L,3,MN_all_left,144071,24.0
LC4_L,3,MN_all_left,144111,41.0
LC4_L,3,MN_all_left,144209,158.0
LC4_L,3,MN_all_left,144222,7.0
LC4_L,3,MN_all_left,144234,3.0
LC4_L,3,MN_all_left,144265,172.0
LC4_L,3,MN_all_left,144290,6.0
LC4_L,3,MN_all_left,144377,11.0
LC4_L,3,MN_all_left,144382,44.0
LC4_L,3,MN_all_left,144400,59.0
LC4_L,3,MN_all_left,144457,1.0
LC4_L,3,MN_all_left,144465,82.0
LC4_L,3,MN_all_left,144494,7.0
LC4_L,3,MN_all_left,144538,2.0
LC4_L,3,MN_all_left,144576,49.0
LC4_L,3,MN_all_left,144578,2.0
LC4_L,3,MN_all_left,144584,36.0
LC4_L,3,MN_all_left,144657,16.0
LC4_L,3,MN_all_left,144709,4.0
LC4_L,3,MN_all_left,144821,90.0
LC4_L,3,MN_all_left,144878,9.0
LC4_L,3,MN_all_left,144897,42.0
LC4_L,3,MN_all_left,144974,1.0
LC4_L,3,MN_all_left,144997,1.0
LC4_L,3,MN_all_left,145034,141.0
LC4_L,3,MN_all_left,145063,2.0
LC4_L,3,MN_all_left,145081,21.0
LC4_L,3,MN_all_left,145094,6.0
LC4_L,3,MN_all_left,145109,29.0
LC4_L,3,MN_all_left,145142,23.0
LC4_L,3,MN_all_left,145198,92.0
LC4_L,3,MN_all_left,145207,15.0
LC4_L,3,MN_all_left,145217,18.0
LC4_L,3,MN_all_left,145274,4.0
LC4_L,3,MN_all_left,145303,47.0
LC4_L,3,MN_all_left,145351,1.0
LC4_L,3,MN_all_left,145382,40.0
LC4_L,3,MN_all_left,145405,50.0
LC4_L,3,MN_all_left,145438,37.0
LC4_L,3,MN_all_left,145564,8.0
LC4_L,3,MN_all_left,145573,14.0
LC4_L,3,MN_all_left,145660,5.0
LC4_L,3,MN_all_left,145732,45.0
LC4_L,3,MN_all_left,145766,32.0
LC4_L,3,MN_all_left,145796,98.0
LC4_L,3,MN_all_left,145805,50.0
LC4_L,3,MN_all_left,145900,6.0
LC4_L,3,MN_all_left,145911,47.0
LC4_L,3,MN_all_left,145975,51.0
LC4_L,3,MN_all_left,146072,50.0
LC4_L,3,MN_all_left,146107,16.0
LC4_L,3,MN_all_left,146190,1.0
LC4_L,3,MN_all_left,146233,3.0
LC4_L,3,MN_all_left,146333,51.0
LC4_L,3,MN_all_left,146441,3.0
LC4_L,3,MN_all_left,146494,4.0
LC4_L,3,MN_all_left,146556,31.0
LC4_L,3,MN_all_left,146590,19.0
LC4_L,3,MN_all_left,146748,86.0
LC4_L,3,MN_all_left,146821,24.0
LC4_L,3,MN_all_left,147153,25.0
LC4_L,3,MN_all_left,147241,44.0
LC4_L,3,MN_all_left,147254,33.0
LC4_L,3,MN_all_left,147272,12.0
LC4_L,3,MN_all_left,147311,44.0
LC4_L,3,MN_all_left,147444,25.0
LC4_L,3,MN_all_left,147449,55.0
LC4_L,3,MN_all_left,147492,56.0
LC4_L,3,MN_all_left,147569,61.0
LC4_L,3,MN_all_left,147938,2.0
LC4_L,3,MN_all_left,147977,1.0
LC4_L,3,MN_all_left,148076,3.0
LC4_L,3,MN_all_left,148126,55.0
LC4_L,3,MN_all_left,148144,27.0
LC4_L,3,MN_all_left,148349,13.0
LC4_L,3,MN_all_left,148397,40.0
LC4_L,3,MN_all_left,148408,1.0
LC4_L,3,MN_all_left,148412,27.0
LC4_L,3,MN_all_left,148537,2.0
LC4_L,3,MN_all_left,148589,105.0
LC4_L,3,MN_all_left,148779,4.0
LC4_L,3,MN_all_left,148953,87.0
LC4_L,3,MN_all_left,148964,1.0
LC4_L,3,MN_all_left,148984,1.0
LC4_L,3,MN_all_left,149298,42.0
LC4_L,3,MN_all_left,149557,9.0
LC4_L,3,MN_all_left,149592,55.0
LC4_L,3,MN_all_left,149636,37.0
LC4_L,3,MN_all_left,149652,7.0
LC4_L,3,MN_all_left,150276,61.0
LC4_L,3,MN_all_left,150280,9.0
LC4_L,3,MN_all_left,150354,27.0
LC4_L,3,MN_all_left,150721,10.0
LC4_L,3,MN_all_left,150850,1.0
LC4_L,3,MN_all_left,150864,34.0
LC4_L,3,MN_all_left,151089,1.0
LC4_L,3,MN_all_left,151305,12.0
LC4_L,3,MN_all_left,152375,7.0
LC4_L,3,MN_all_left,152535,51.0
LC4_L,3,MN_all_left,152793,3.0
LC4_L,3,MN_all_left,154142,48.0
LC4_L,3,MN_all_left,154315,65.0
LC4_L,3,MN_all_left,154353,9.0
LC4_L,3,MN_all_left,154887,51.0
LC4_L,3,MN_all_left,156377,1.0
LC4_L,3,MN_all_left,156887,2.0
LC4_L,3,MN_all_left,158106,3.0
LC4_L,3,MN_all_left,158328,2.0
LC4_L,3,MN_all_left,158794,5.0
LC4_L,3,MN_all_left,159087,63.0
LC4_L,3,MN_all_left,159285,4.0
LC4_L,3,MN_all_left,159488,21.0
LC4_L,3,MN_all_left,159993,4.0
LC4_L,3,MN_all_left,160070,35.0
LC4_L,3,MN_all_left,160137,47.0
LC4_L,3,MN_all_left,160448,94.0
LC4_L,3,MN_all_left,160854,82.0
LC4_L,3,MN_all_left,162458,9.0
LC4_L,3,MN_all_left,162657,9.0
LC4_L,3,MN_all_left,162782,113.0
LC4_L,3,MN_all_left,162796,116.0
LC4_L,3,MN_all_left,162914,37.0
LC4_L,3,MN_all_right,142834,123.0
LC4_L,3,MN_all_right,142900,12.0
LC4_L,3,MN_all_right,142911,2.0
LC4_L,3,MN_all_right,142932,25.0
LC4_L,3,MN_all_right,142956,57.0
LC4_L,3,MN_all_right,143136,54.0
LC4_L,3,MN_all_right,143140,2.0
LC4_L,3,MN_all_right,143200,21.0
LC4_L,3,MN_all_right,143244,30.0
LC4_L,3,MN_all_right,143260,47.0
LC4_L,3,MN_all_right,143304,103.0
LC4_L,3,MN_all_right,143341,45.0
LC4_L,3,MN_all_right,143362,63.0
LC4_L,3,MN_all_right,143454,1.0
LC4_L,3,MN_all_right,143460,3.0
LC4_L,3,MN_all_right,143467,25.0
LC4_L,3,MN_all_right,143498,18.0
LC4_L,3,MN_all_right,143581,5.0
LC4_L,3,MN_all_right,143589,23.0
LC4_L,3,MN_all_right,143635,55.0
LC4_L,3,MN_all_right,143643,14.0
LC4_L,3,MN_all_right,143728,63.0
LC4_L,3,MN_all_right,143754,170.0
LC4_L,3,MN_all_right,143786,88.0
LC4_L,3,MN_all_right,143796,52.0
LC4_L,3,MN_all_right,143804,2.0
LC4_L,3,MN_all_right,143828,7.0
LC4_L,3,MN_all_right,143830,21.0
LC4_L,3,MN_all_right,143884,2.0
LC4_L,3,MN_all_right,143890,1.0
LC4_L,3,MN_all_right,143900,49.0
LC4_L,3,MN_all_right,144043,29.0
LC4_L,3,MN_all_right,144076,1.0
LC4_L,3,MN_all_right,144107,52.0
LC4_L,3,MN_all_right,144149,2.0
LC4_L,3,MN_all_right,144152,103.0
LC4_L,3,MN_all_right,144158,1.0
LC4_L,3,MN_all_right,144211,3.0
LC4_L,3,MN_all_right,144285,175.0
LC4_L,3,MN_all_right,144367,3.0
LC4_L,3,MN_all_right,144370,2.0
LC4_L,3,MN_all_right,144391,4.0
LC4_L,3,MN_all_right,144429,25.0
LC4_L,3,MN_all_right,144466,74.0
LC4_L,3,MN_all_right,144664,26.0
LC4_L,3,MN_all_right,144682,151.0
LC4_L,3,MN_all_right,144715,1.0
LC4_L,3,MN_all_right,144768,1.0
LC4_L,3,MN_all_right,144790,21.0
LC4_L,3,MN_all_right,144918,8.0
LC4_L,3,MN_all_right,144952,31.0
LC4_L,3,MN_all_right,144987,37.0
LC4_L,3,MN_all_right,145007,4.0
LC4_L,3,MN_all_right,145064,138.0
LC4_L,3,MN_all_right,145083,20.0
LC4_L,3,MN_all_right,145103,20.0
LC4_L,3,MN_all_right,145127,114.0
LC4_L,3,MN_all_right,145221,25.0
LC4_L,3,MN_all_right,145278,1.0
LC4_L,3,MN_all_right,145461,47.0
LC4_L,3,MN_all_right,145492,88.0
LC4_L,3,MN_all_right,145559,11.0
LC4_L,3,MN_all_right,145581,58.0
LC4_L,3,MN_all_right,145592,44.0
LC4_L,3,MN_all_right,145621,1.0
LC4_L,3,MN_all_right,145653,57.0
LC4_L,3,MN_all_right,145738,34.0
LC4_L,3,MN_all_right,145832,34.0
LC4_L,3,MN_all_right,145953,22.0
LC4_L,3,MN_all_right,145960,48.0
LC4_L,3,MN_all_right,146130,48.0
LC4_L,3,MN_all_right,146173,51.0
LC4_L,3,MN_all_right,146318,12.0
LC4_L,3,MN_all_right,146627,30.0
LC4_L,3,MN_all_right,146668,32.0
LC4_L,3,MN_all_right,146701,12.0
LC4_L,3,MN_all_right,146725,97.0
LC4_L,3,MN_all_right,146879,42.0
LC4_L,3,MN_all_right,147037,1.0
LC4_L,3,MN_all_right,147094,28.0
LC4_L,3,MN_all_right,147267,45.0
LC4_L,3,MN_all_right,147423,1.0
LC4_L,3,MN_all_right,147470,37.0
LC4_L,3,MN_all_right,147559,51.0
LC4_L,3,MN_all_right,147606,1.0
LC4_L,3,MN_all_right,147646,42.0
LC4_L,3,MN_all_right,147672,49.0
LC4_L,3,MN_all_right,147794,44.0
LC4_L,3,MN_all_right,147905,54.0
LC4_L,3,MN_all_right,147957,15.0
LC4_L,3,MN_all_right,148001,33.0
LC4_L,3,MN_all_right,148017,10.0
LC4_L,3,MN_all_right,148201,42.0
LC4_L,3,MN_all_right,148237,20.0
LC4_L,3,MN_all_right,148293,29.0
LC4_L,3,MN_all_right,148422,89.0
LC4_L,3,MN_all_right,148610,1.0
LC4_L,3,MN_all_right,148611,1.0
LC4_L,3,MN_all_right,148616,1.0
LC4_L,3,MN_all_right,148760,3.0
LC4_L,3,MN_all_right,148816,4.0
LC4_L,3,MN_all_right,148823,43.0
LC4_L,3,MN_all_right,148879,39.0
LC4_L,3,MN_all_right,149056,88.0
LC4_L,3,MN_all_right,149209,3.0
LC4_L,3,MN_all_right,149234,14.0
LC4_L,3,MN_all_right,149327,35.0
LC4_L,3,MN_all_right,149498,55.0
LC4_L,3,MN_all_right,149691,3.0
LC4_L,3,MN_all_right,149809,13.0
LC4_L,3,MN_all_right,149895,40.0
LC4_L,3,MN_all_right,150019,92.0
LC4_L,3,MN_all_right,150204,3.0
LC4_L,3,MN_all_right,150362,46.0
LC4_L,3,MN_all_right,150676,1.0
LC4_L,3,MN_all_right,150738,2.0
LC4_L,3,MN_all_right,150873,16.0
LC4_L,3,MN_all_right,150989,1.0
LC4_L,3,MN_all_right,152528,5.0
LC4_L,3,MN_all_right,153000,1.0
LC4_L,3,MN_all_right,153409,25.0
LC4_L,3,MN_all_right,153686,4.0
LC4_L,3,MN_all_right,154055,50.0
LC4_L,3,MN_all_right,154732,32.0
LC4_L,3,MN_all_right,154941,61.0
LC4_L,3,MN_all_right,156171,1.0
LC4_L,3,MN_all_right,156605,1.0
LC4_L,3,MN_all_right,156880,1.0
LC4_L,3,MN_all_right,157875,1.0
LC4_L,3,MN_all_right,158193,7.0
LC4_L,3,MN_all_right,158812,4.0
LC4_L,3,MN_all_right,159157,41.0
LC4_L,3,MN_all_right,159225,75.0
LC4_L,3,MN_all_right,159477,39.0
LC4_L,3,MN_all_right,159478,15.0
LC4_L,3,MN_all_right,159538,2.0
LC4_L,3,MN_all_right,159896,1.0
LC4_L,3,MN_all_right,160165,51.0
LC4_L,3,MN_all_right,160191,19.0
LC4_L,3,MN_all_right,160211,1.0
LC4_L,3,MN_all_right,160245,23.0
LC4_L,3,MN_all_right,160271,47.0
LC4_L,3,MN_all_right,160307,25.0
LC4_L,3,MN_all_right,160329,1.0
LC4_L,3,MN_all_right,160551,46.0
LC4_L,3,MN_all_right,160892,2.0
LC4_L,3,MN_all_right,162256,2.0
LC4_L,3,MN_all_right,162781,79.0
LC4_L,3,MN_all_right,164606,161.0
LC4_L,3,MN_all_right,164614,85.0
LC4_L,3,MN_all_right,164616,38.0
LPLC2_R,0,DN_all_left,6,10.0
LPLC2_R,0,DN_all_left,39,1.0
LPLC2_R,0,DN_all_left,78,7.0
LPLC2_R,0,DN_all_left,104,240.0
LPLC2_R,0,DN_all_left,109,85.0
LPLC2_R,0,DN_all_left,121,2.0
LPLC2_R,0,DN_all_left,144,14.0
LPLC2_R,0,DN_all_left,146,4.0
LPLC2_R,0,DN_all_left,147,2.0
LPLC2_R,0,DN_all_left,207,7.0
LPLC2_R,0,DN_all_left,226,5.0
LPLC2_R,0,DN_all_left,228,95.0
LPLC2_R,0,DN_all_left,252,1.0
LPLC2_R,0,DN_all_left,264,111.0
LPLC2_R,0,DN_all_left,273,100.0
LPLC2_R,0,DN_all_left,316,61.0
LPLC2_R,0,DN_all_left,333,7.0
LPLC2_R,0,DN_all_left,349,109.0
LPLC2_R,0,DN_all_left,363,70.0
LPLC2_R,0,DN_all_left,384,4.0
LPLC2_R,0,DN_all_left,406,1.0
LPLC2_R,0,DN_all_left,410,28.0
LPLC2_R,0,DN_all_left,433,1.0
LPLC2_R,0,DN_all_left,446,10.0
LPLC2_R,0,DN_all_left,482,3.0
LPLC2_R,0,DN_all_left,489,10.0
LPLC2_R,0,DN_all_left,514,29.0
LPLC2_R,0,DN_all_left,523,1.0
LPLC2_R,0,DN_all_left,541,6.0
LPLC2_R,0,DN_all_left,543,24.0
LPLC2_R,0,DN_all_left,603,2.0
LPLC2_R,0,DN_all_left,608,12.0
LPLC2_R,0,DN_all_left,614,1.0
LPLC2_R,0,DN_all_left,628,4.0
LPLC2_R,0,DN_all_left,632,12.0
LPLC2_R,0,DN_all_left,656,74.0
LPLC2_R,0,DN_all_left,673,38.0
LPLC2_R,0,DN_all_left,675,40.0
LPLC2_R,0,DN_all_left,681,1.0
LPLC2_R,0,DN_all_left,687,15.0
LPLC2_R,0,DN_all_left,741,36.0
LPLC2_R,0,DN_all_left,773,31.0
LPLC2_R,0,DN_all_left,781,1.0
LPLC2_R,0,DN_all_left,783,5.0
LPLC2_R,0,DN_all_left,791,3.0
LPLC2_R,0,DN_all_left,861,4.0
LPLC2_R,0,DN_all_left,879,6.0
LPLC2_R,0,DN_all_left,895,137.0
LPLC2_R,0,DN_all_left,906,8.0
LPLC2_R,0,DN_all_left,927,1.0
LPLC2_R,0,DN_all_left,931,7.0
LPLC2_R,0,DN_all_left,953,35.0
LPLC2_R,0,DN_all_left,979,6.0
LPLC2_R,0,DN_all_left,984,1.0
LPLC2_R,0,DN_all_left,992,123.0
LPLC2_R,0,DN_all_left,993,32.0
LPLC2_R,0,DN_all_left,994,73.0
LPLC2_R,0,DN_all_left,1037,21.0
LPLC2_R,0,DN_all_left,1047,133.0
LPLC2_R,0,DN_all_left,1071,2.0
LPLC2_R,0,DN_all_left,1111,67.0
LPLC2_R,0,DN_all_left,1131,19.0
LPLC2_R,0,DN_all_left,1155,22.0
LPLC2_R,0,DN_all_left,1170,1.0
LPLC2_R,0,DN_all_left,1273,105.0
LPLC2_R,0,DN_all_left,1314,1.0
LPLC2_R,0,DN_all_left,1324,89.0
LPLC2_R,0,DN_all_left,1361,17.0
LPLC2_R,0,DN_all_left,1387,4.0
LPLC2_R,0,DN_all_left,1392,40.0
LPLC2_R,0,DN_all_left,1506,85.0
LPLC2_R,0,DN_all_left,1545,2.0
LPLC2_R,0,DN_all_left,1562,42.0
LPLC2_R,0,DN_all_left,1564,8.0
LPLC2_R,0,DN_all_left,1626,3.0
LPLC2_R,0,DN_all_left,1677,38.0
LPLC2_R,0,DN_all_left,1692,2.0
LPLC2_R,0,DN_all_left,1724,112.0
LPLC2_R,0,DN_all_left,1752,1.0
LPLC2_R,0,DN_all_left,1764,2.0
LPLC2_R,0,DN_all_left,1821,6.0
LPLC2_R,0,DN_all_left,1827,3.0
LPLC2_R,0,DN_all_left,1833,1.0
LPLC2_R,0,DN_all_left,1870,5.0
LPLC2_R,0,DN_all_left,1994,3.0
LPLC2_R,0,DN_all_left,2074,18.0
LPLC2_R,0,DN_all_left,2078,1.0
LPLC2_R,0,DN_all_left,2286,38.0
LPLC2_R,0,DN_all_left,2329,51.0
LPLC2_R,0,DN_all_left,2354,27.0
LPLC2_R,0,DN_all_left,2414,8.0
LPLC2_R,0,DN_all_left,2423,36.0
LPLC2_R,0,DN_all_left,2441,3.0
LPLC2_R,0,DN_all_left,2450,4.0
LPLC2_R,0,DN_all_left,2451,121.0
LPLC2_R,0,DN_all_left,2465,52.0
LPLC2_R,0,DN_all_left,2475,1.0
LPLC2_R,0,DN_all_left,2500,3.0
LPLC2_R,0,DN_all_left,2583,54.0
LPLC2_R,0,DN_all_left,2588,4.0
LPLC2_R,0,DN_all_left,2620,8.0
LPLC2_R,0,DN_all_left,2676,13.0
LPLC2_R,0,DN_all_left,2700,1.0
LPLC2_R,0,DN_all_left,2792,1.0
LPLC2_R,0,DN_all_left,2868,7.0
LPLC2_R,0,DN_all_left,2933,2.0
LPLC2_R,0,DN_all_left,3045,1.0
LPLC2_R,0,DN_all_left,3084,30.0
LPLC2_R,0,DN_all_left,3106,193.0
LPLC2_R,0,DN_all_left,3184,16.0
LPLC2_R,0,DN_all_left,3222,16.0
LPLC2_R,0,DN_all_left,3331,54.0
LPLC2_R,0,DN_all_left,3349,24.0
LPLC2_R,0,DN_all_left,3380,4.0
LPLC2_R,0,DN_all_left,3394,7.0
LPLC2_R,0,DN_all_left,3451,2.0
LPLC2_R,0,DN_all_left,3505,15.0
LPLC2_R,0,DN_all_left,3569,5.0
LPLC2_R,0,DN_all_left,3722,76.0
LPLC2_R,0,DN_all_left,3768,2.0
LPLC2_R,0,DN_all_left,3770,9.0
LPLC2_R,0,DN_all_left,3939,47.0
LPLC2_R,0,DN_all_left,3966,63.0
LPLC2_R,0,DN_all_left,4017,14.0
LPLC2_R,0,DN_all_left,4215,1.0
LPLC2_R,0,DN_all_left,4335,86.0
LPLC2_R,0,DN_all_left,4609,23.0
LPLC2_R,0,DN_all_left,4685,2.0
LPLC2_R,0,DN_all_left,4917,60.0
LPLC2_R,0,DN_all_left,5056,2.0
LPLC2_R,0,DN_all_left,5067,53.0
LPLC2_R,0,DN_all_left,5217,29.0
LPLC2_R,0,DN_all_left,5247,6.0
LPLC2_R,0,DN_all_left,5300,1.0
LPLC2_R,0,DN_all_left,5624,1.0
LPLC2_R,0,DN_all_left,5678,3.0
LPLC2_R,0,DN_all_left,5867,54.0
LPLC2_R,0,DN_all_left,5993,45.0
LPLC2_R,0,DN_all_left,6736,31.0
LPLC2_R,0,DN_all_left,8764,5.0
LPLC2_R,0,DN_all_left,8977,1.0
LPLC2_R,0,DN_all_left,9057,1.0
LPLC2_R,0,DN_all_left,9402,21.0
LPLC2_R,0,DN_all_left,10086,5.0
LPLC2_R,0,DN_all_left,10110,9.0
LPLC2_R,0,DN_all_left,10532,2.0
LPLC2_R,0,DN_all_left,11237,2.0
LPLC2_R,0,DN_all_left,12839,1.0
LPLC2_R,0,DN_all_left,12883,97.0
LPLC2_R,0,DN_all_left,13746,1.0
LPLC2_R,0,DN_all_left,15020,1.0
LPLC2_R,0,DN_all_left,15328,2.0
LPLC2_R,0,DN_all_left,16757,5.0
LPLC2_R,0,DN_all_left,16779,2.0
LPLC2_R,0,DN_all_left,18428,3.0
LPLC2_R,0,DN_all_left,19578,5.0
LPLC2_R,0,DN_all_left,28642,7.0
LPLC2_R,0,DN_all_left,28804,20.0
LPLC2_R,0,DN_all_left,40339,14.0
LPLC2_R,0,DN_all_left,50715,2.0
LPLC2_R,0,DN_all_left,53674,9.0
LPLC2_R,0,DN_all_left,60324,23.0
LPLC2_R,0,DN_all_left,60365,1.0
LPLC2_R,0,DN_all_left,70432,8.0
LPLC2_R,0,DN_all_left,116552,1.0
LPLC2_R,0,DN_all_left,120875,1.0
LPLC2_R,0,DN_all_left,124448,61.0
LPLC2_R,0,DN_all_left,124813,1.0
LPLC2_R,0,DN_all_left,125112,1.0
LPLC2_R,0,DN_all_left,126100,58.0
LPLC2_R,0,DN_all_left,126526,1.0
LPLC2_R,0,DN_all_left,127958,23.0
LPLC2_R,0,DN_all_left,128725,5.0
LPLC2_R,0,DN_all_left,128822,1.0
LPLC2_R,0,DN_all_left,128862,31.0
LPLC2_R,0,DN_all_left,129107,4.0
LPLC2_R,0,DN_all_left,129654,49.0
LPLC2_R,0,DN_all_left,130077,10.0
LPLC2_R,0,DN_all_left,130311,1.0
LPLC2_R,0,DN_all_left,130496,13.0
LPLC2_R,0,DN_all_left,131552,2.0
LPLC2_R,0,DN_all_left,132535,17.0
LPLC2_R,0,DN_all_left,132582,1.0
LPLC2_R,0,DN_all_left,133364,1.0
LPLC2_R,0,DN_all_left,135657,49.0
LPLC2_R,0,DN_all_left,140885,2.0
LPLC2_R,0,DN_all_left,140913,2.0
LPLC2_R,0,DN_all_left,140941,1.0
LPLC2_R,0,DN_all_left,141026,139.0
LPLC2_R,0,DN_all_left,141033,117.0
LPLC2_R,0,DN_all_left,142108,92.0
LPLC2_R,0,DN_all_left,142174,3.0
LPLC2_R,0,DN_all_left,144939,6.0
LPLC2_R,0,DN_all_right,0,161.0
LPLC2_R,0,DN_all_right,25,131.0
LPLC2_R,0,DN_all_right,45,22.0
LPLC2_R,0,DN_all_right,51,29.0
LPLC2_R,0,DN_all_right,52,265.0
LPLC2_R,0,DN_all_right,55,20.0
LPLC2_R,0,DN_all_right,92,1.0
LPLC2_R,0,DN_all_right,117,5.0
LPLC2_R,0,DN_all_right,137,29.0
LPLC2_R,0,DN_all_right,176,52.0
LPLC2_R,0,DN_all_right,194,3.0
LPLC2_R,0,DN_all_right,215,94.0
LPLC2_R,0,DN_all_right,216,85.0
LPLC2_R,0,DN_all_right,243,111.0
LPLC2_R,0,DN_all_right,259,1.0
LPLC2_R,0,DN_all_right,261,197.0
LPLC2_R,0,DN_all_right,274,124.0
LPLC2_R,0,DN_all_right,281,55.0
LPLC2_R,0,DN_all_right,290,70.0
LPLC2_R,0,DN_all_right,311,29.0
LPLC2_R,0,DN_all_right,317,102.0
LPLC2_R,0,DN_all_right,327,26.0
LPLC2_R,0,DN_all_right,378,1.0
LPLC2_R,0,DN_all_right,428,9.0
LPLC2_R,0,DN_all_right,467,19.0
LPLC2_R,0,DN_all_right,505,9.0
LPLC2_R,0,DN_all_right,520,1.0
LPLC2_R,0,DN_all_right,545,42.0
LPLC2_R,0,DN_all_right,559,90.0
LPLC2_R,0,DN_all_right,624,2.0
LPLC2_R,0,DN_all_right,654,3.0
LPLC2_R,0,DN_all_right,661,1.0
LPLC2_R,0,DN_all_right,667,1.0
LPLC2_R,0,DN_all_right,680,162.0
LPLC2_R,0,DN_all_right,746,14.0
LPLC2_R,0,DN_all_right,762,95.0
LPLC2_R,0,DN_all_right,763,37.0
LPLC2_R,0,DN_all_right,777,37.0
LPLC2_R,0,DN_all_right,785,23.0
LPLC2_R,0,DN_all_right,794,1.0
LPLC2_R,0,DN_all_right,809,59.0
LPLC2_R,0,DN_all_right,828,23.0
LPLC2_R,0,DN_all_right,853,141.0
LPLC2_R,0,DN_all_right,886,76.0
LPLC2_R,0,DN_all_right,894,125.0
LPLC2_R,0,DN_all_right,911,3.0
LPLC2_R,0,DN_all_right,945,4.0
LPLC2_R,0,DN_all_right,970,2.0
LPLC2_R,0,DN_all_right,1007,1.0
LPLC2_R,0,DN_all_right,1021,95.0
LPLC2_R,0,DN_all_right,1048,11.0
LPLC2_R,0,DN_all_right,1052,186.0
LPLC2_R,0,DN_all_right,1070,1.0
LPLC2_R,0,DN_all_right,1083,1.0
LPLC2_R,0,DN_all_right,1108,39.0
LPLC2_R,0,DN_all_right,1124,45.0
LPLC2_R,0,DN_all_right,1150,2.0
LPLC2_R,0,DN_all_right,1165,8.0
LPLC2_R,0,DN_all_right,1166,1.0
LPLC2_R,0,DN_all_right,1168,7.0
LPLC2_R,0,DN_all_right,1198,12.0
LPLC2_R,0,DN_all_right,1210,51.0
LPLC2_R,0,DN_all_right,1242,14.0
LPLC2_R,0,DN_all_right,1269,59.0
LPLC2_R,0,DN_all_right,1277,85.0
LPLC2_R,0,DN_all_right,1315,4.0
LPLC2_R,0,DN_all_right,1412,2.0
LPLC2_R,0,DN_all_right,1457,52.0
LPLC2_R,0,DN_all_right,1468,2.0
LPLC2_R,0,DN_all_right,1492,33.0
LPLC2_R,0,DN_all_right,1502,17.0
LPLC2_R,0,DN_all_right,1575,1.0
LPLC2_R,0,DN_all_right,1581,3.0
LPLC2_R,0,DN_all_right,1593,19.0
LPLC2_R,0,DN_all_right,1648,35.0
LPLC2_R,0,DN_all_right,1699,68.0
LPLC2_R,0,DN_all_right,1789,1.0
LPLC2_R,0,DN_all_right,1804,81.0
LPLC2_R,0,DN_all_right,1837,2.0
LPLC2_R,0,DN_all_right,1909,1.0
LPLC2_R,0,DN_all_right,1954,63.0
LPLC2_R,0,DN_all_right,1965,1.0
LPLC2_R,0,DN_all_right,1995,3.0
LPLC2_R,0,DN_all_right,2033,4.0
LPLC2_R,0,DN_all_right,2037,5.0
LPLC2_R,0,DN_all_right,2070,49.0
LPLC2_R,0,DN_all_right,2079,51.0
LPLC2_R,0,DN_all_right,2094,29.0
LPLC2_R,0,DN_all_right,2238,2.0
LPLC2_R,0,DN_all_right,2251,2.0
LPLC2_R,0,DN_all_right,2289,1.0
LPLC2_R,0,DN_all_right,2325,2.0
LPLC2_R,0,DN_all_right,2332,7.0
LPLC2_R,0,DN_all_right,2350,106.0
LPLC2_R,0,DN_all_right,2420,1.0
LPLC2_R,0,DN_all_right,2458,13.0
LPLC2_R,0,DN_all_right,2529,22.0
LPLC2_R,0,DN_all_right,2600,1.0
LPLC2_R,0,DN_all_right,2606,44.0
LPLC2_R,0,DN_all_right,2607,3.0
LPLC2_R,0,DN_all_right,2613,36.0
LPLC2_R,0,DN_all_right,2636,15.0
LPLC2_R,0,DN_all_right,2752,6.0
LPLC2_R,0,DN_all_right,3020,47.0
LPLC2_R,0,DN_all_right,3048,1.0
LPLC2_R,0,DN_all_right,3059,11.0
LPLC2_R,0,DN_all_right,3067,1.0
LPLC2_R,0,DN_all_right,3132,46.0
LPLC2_R,0,DN_all_right,3149,16.0
LPLC2_R,0,DN_all_right,3220,194.0
LPLC2_R,0,DN_all_right,3278,2.0
LPLC2_R,0,DN_all_right,3348,57.0
LPLC2_R,0,DN_all_right,3383,22.0
LPLC2_R,0,DN_all_right,3403,1.0
LPLC2_R,0,DN_all_right,3406,1.0
LPLC2_R,0,DN_all_right,3437,35.0
LPLC2_R,0,DN_all_right,3491,2.0
LPLC2_R,0,DN_all_right,3593,32.0
LPLC2_R,0,DN_all_right,3654,24.0
LPLC2_R,0,DN_all_right,3694,14.0
LPLC2_R,0,DN_all_right,3707,1.0
LPLC2_R,0,DN_all_right,3754,48.0
LPLC2_R,0,DN_all_right,3865,1.0
LPLC2_R,0,DN_all_right,3945,48.0
LPLC2_R,0,DN_all_right,3960,37.0
LPLC2_R,0,DN_all_right,3973,2.0
LPLC2_R,0,DN_all_right,3997,15.0
LPLC2_R,0,DN_all_right,4020,50.0
LPLC2_R,0,DN_all_right,4078,2.0
LPLC2_R,0,DN_all_right,4098,11.0
LPLC2_R,0,DN_all_right,4443,2.0
LPLC2_R,0,DN_all_right,4467,1.0
LPLC2_R,0,DN_all_right,4641,45.0
LPLC2_R,0,DN_all_right,4645,35.0
LPLC2_R,0,DN_all_right,4801,2.0
LPLC2_R,0,DN_all_right,5124,42.0
LPLC2_R,0,DN_all_right,5348,5.0
LPLC2_R,0,DN_all_right,5357,1.0
LPLC2_R,0,DN_all_right,5367,4.0
LPLC2_R,0,DN_all_right,5381,23.0
LPLC2_R,0,DN_all_right,5390,2.0
LPLC2_R,0,DN_all_right,5458,44.0
LPLC2_R,0,DN_all_right,5739,3.0
LPLC2_R,0,DN_all_right,6278,25.0
LPLC2_R,0,DN_all_right,7801,1.0
LPLC2_R,0,DN_all_right,9254,105.0
LPLC2_R,0,DN_all_right,9458,133.0
LPLC2_R,0,DN_all_right,9662,68.0
LPLC2_R,0,DN_all_right,9780,89.0
LPLC2_R,0,DN_all_right,9912,48.0
LPLC2_R,0,DN_all_right,11504,27.0
LPLC2_R,0,DN_all_right,12336,3.0
LPLC2_R,0,DN_all_right,12572,1.0
LPLC2_R,0,DN_all_right,15460,1.0
LPLC2_R,0,DN_all_right,15893,28.0
LPLC2_R,0,DN_all_right,27054,4.0
LPLC2_R,0,DN_all_right,27532,1.0
LPLC2_R,0,DN_all_right,32032,1.0
LPLC2_R,0,DN_all_right,50694,2.0
LPLC2_R,0,DN_all_right,72835,27.0
LPLC2_R,0,DN_all_right,117981,35.0
LPLC2_R,0,DN_all_right,123333,1.0
LPLC2_R,0,DN_all_right,124419,30.0
LPLC2_R,0,DN_all_right,124541,67.0
LPLC2_R,0,DN_all_right,124920,22.0
LPLC2_R,0,DN_all_right,125430,1.0
LPLC2_R,0,DN_all_right,125795,1.0
LPLC2_R,0,DN_all_right,126404,43.0
LPLC2_R,0,DN_all_right,127758,2.0
LPLC2_R,0,DN_all_right,128032,63.0
LPLC2_R,0,DN_all_right,128892,7.0
LPLC2_R,0,DN_all_right,129301,1.0
LPLC2_R,0,DN_all_right,129659,41.0
LPLC2_R,0,DN_all_right,129718,3.0
LPLC2_R,0,DN_all_right,130847,22.0
LPLC2_R,0,DN_all_right,130858,6.0
LPLC2_R,0,DN_all_right,131136,151.0
LPLC2_R,0,DN_all_right,131365,1.0
LPLC2_R,0,DN_all_right,131434,32.0
LPLC2_R,0,DN_all_right,133544,3.0
LPLC2_R,0,DN_all_right,140980,2.0
LPLC2_R,0,DN_all_right,141735,71.0
LPLC2_R,0,DN_all_right,142119,24.0
LPLC2_R,0,DN_all_right,143416,143.0
LPLC2_R,0,DN_all_right,143432,61.0
LPLC2_R,0,DN_all_right,144269,44.0
LPLC2_R,0,DN_all_right,145368,8.0
LPLC2_R,0,DN_all_right,161396,57.0
LPLC2_R,0,DN_all_right,162540,1.0
LPLC2_R,0,MN_all_left,111304,2.0
LPLC2_R,0,MN_all_left,142836,51.0
LPLC2_R,0,MN_all_left,142922,2.0
LPLC2_R,0,MN_all_left,142929,2.0
LPLC2_R,0,MN_all_left,142964,14.0
LPLC2_R,0,MN_all_left,143064,91.0
LPLC2_R,0,MN_all_left,143088,92.0
LPLC2_R,0,MN_all_left,143139,4.0
LPLC2_R,0,MN_all_left,143160,5.0
LPLC2_R,0,MN_all_left,143221,49.0
LPLC2_R,0,MN_all_left,143222,20.0
LPLC2_R,0,MN_all_left,143231,15.0
LPLC2_R,0,MN_all_left,143243,15.0
LPLC2_R,0,MN_all_left,143252,25.0
LPLC2_R,0,MN_all_left,143259,18.0
LPLC2_R,0,MN_all_left,143281,1.0
LPLC2_R,0,MN_all_left,143322,38.0
LPLC2_R,0,MN_all_left,143353,2.0
LPLC2_R,0,MN_all_left,143418,5.0
LPLC2_R,0,MN_all_left,143421,2.0
LPLC2_R,0,MN_all_left,143436,1.0
LPLC2_R,0,MN_all_left,143445,44.0
LPLC2_R,0,MN_all_left,143464,54.0
LPLC2_R,0,MN_all_left,143478,1.0
LPLC2_R,0,MN_all_left,143539,1.0
LPLC2_R,0,MN_all_left,143540,1.0
LPLC2_R,0,MN_all_left,143626,5.0
LPLC2_R,0,MN_all_left,143654,30.0
LPLC2_R,0,MN_all_left,143690,105.0
LPLC2_R,0,MN_all_left,143700,53.0
LPLC2_R,0,MN_all_left,143751,62.0
LPLC2_R,0,MN_all_left,143760,22.0
LPLC2_R,0,MN_all_left,143766,1.0
LPLC2_R,0,MN_all_left,143773,2.0
LPLC2_R,0,MN_all_left,143860,2.0
LPLC2_R,0,MN_all_left,143901,2.0
LPLC2_R,0,MN_all_left,143949,38.0
LPLC2_R,0,MN_all_left,144071,29.0
LPLC2_R,0,MN_all_left,144086,74.0
LPLC2_R,0,MN_all_left,144111,6.0
LPLC2_R,0,MN_all_left,144209,52.0
LPLC2_R,0,MN_all_left,144234,76.0
LPLC2_R,0,MN_all_left,144248,2.0
LPLC2_R,0,MN_all_left,144265,56.0
LPLC2_R,0,MN_all_left,144377,1.0
LPLC2_R,0,MN_all_left,144382,58.0
LPLC2_R,0,MN_all_left,144400,48.0
LPLC2_R,0,MN_all_left,144439,25.0
LPLC2_R,0,MN_all_left,144450,16.0
LPLC2_R,0,MN_all_left,144457,21.0
LPLC2_R,0,MN_all_left,144465,38.0
LPLC2_R,0,MN_all_left,144494,1.0
LPLC2_R,0,MN_all_left,144538,17.0
LPLC2_R,0,MN_all_left,144576,20.0
LPLC2_R,0,MN_all_left,144578,1.0
LPLC2_R,0,MN_all_left,144584,55.0
LPLC2_R,0,MN_all_left,144657,12.0
LPLC2_R,0,MN_all_left,144687,2.0
LPLC2_R,0,MN_all_left,144821,69.0
LPLC2_R,0,MN_all_left,144860,4.0
LPLC2_R,0,MN_all_left,144878,2.0
LPLC2_R,0,MN_all_left,144964,28.0
LPLC2_R,0,MN_all_left,144974,77.0
LPLC2_R,0,MN_all_left,144997,1.0
LPLC2_R,0,MN_all_left,145034,20.0
LPLC2_R,0,MN_all_left,145063,40.0
LPLC2_R,0,MN_all_left,145081,68.0
LPLC2_R,0,MN_all_left,145094,1.0
LPLC2_R,0,MN_all_left,145109,34.0
LPLC2_R,0,MN_all_left,145198,24.0
LPLC2_R,0,MN_all_left,145207,2.0
LPLC2_R,0,MN_all_left,145217,12.0
LPLC2_R,0,MN_all_left,145274,71.0
LPLC2_R,0,MN_all_left,145303,24.0
LPLC2_R,0,MN_all_left,145351,58.0
LPLC2_R,0,MN_all_left,145382,1.0
LPLC2_R,0,MN_all_left,145405,7.0
LPLC2_R,0,MN_all_left,145438,60.0
LPLC2_R,0,MN_all_left,145476,5.0
LPLC2_R,0,MN_all_left,145573,3.0
LPLC2_R,0,MN_all_left,145660,10.0
LPLC2_R,0,MN_all_left,145672,27.0
LPLC2_R,0,MN_all_left,145732,3.0
LPLC2_R,0,MN_all_left,145766,2.0
LPLC2_R,0,MN_all_left,145796,87.0
LPLC2_R,0,MN_all_left,145805,18.0
LPLC2_R,0,MN_all_left,145900,22.0
LPLC2_R,0,MN_all_left,145911,65.0
LPLC2_R,0,MN_all_left,145975,36.0
LPLC2_R,0,MN_all_left,146072,13.0
LPLC2_R,0,MN_all_left,146107,55.0
LPLC2_R,0,MN_all_left,146190,7.0
LPLC2_R,0,MN_all_left,146333,3.0
LPLC2_R,0,MN_all_left,146441,1.0
LPLC2_R,0,MN_all_left,146507,2.0
LPLC2_R,0,MN_all_left,146556,1.0
LPLC2_R,0,MN_all_left,146571,4.0
LPLC2_R,0,MN_all_left,146590,1.0
LPLC2_R,0,MN_all_left,146748,79.0
LPLC2_R,0,MN_all_left,146821,1.0
LPLC2_R,0,MN_all_left,147006,1.0
LPLC2_R,0,MN_all_left,147111,4.0
LPLC2_R,0,MN_all_left,147153,85.0
LPLC2_R,0,MN_all_left,147241,25.0
LPLC2_R,0,MN_all_left,147254,5.0
LPLC2_R,0,MN_all_left,147311,8.0
LPLC2_R,0,MN_all_left,147444,9.0
LPLC2_R,0,MN_all_left,147449,5.0
LPLC2_R,0,MN_all_left,147492,30.0
LPLC2_R,0,MN_all_left,147569,5.0
LPLC2_R,0,MN_all_left,147690,41.0
LPLC2_R,0,MN_all_left,147730,39.0
LPLC2_R,0,MN_all_left,147977,2.0
LPLC2_R,0,MN_all_left,148126,33.0
LPLC2_R,0,MN_all_left,148144,1.0
LPLC2_R,0,MN_all_left,148349,3.0
LPLC2_R,0,MN_all_left,148397,4.0
LPLC2_R,0,MN_all_left,148512,1.0
LPLC2_R,0,MN_all_left,148537,54.0
LPLC2_R,0,MN_all_left,148589,37.0
LPLC2_R,0,MN_all_left,148668,4.0
LPLC2_R,0,MN_all_left,148852,1.0
LPLC2_R,0,MN_all_left,148953,70.0
LPLC2_R,0,MN_all_left,149011,1.0
LPLC2_R,0,MN_all_left,149101,1.0
LPLC2_R,0,MN_all_left,149298,5.0
LPLC2_R,0,MN_all_left,149592,5.0
LPLC2_R,0,MN_all_left,149636,2.0
LPLC2_R,0,MN_all_left,149722,1.0
LPLC2_R,0,MN_all_left,150276,11.0
LPLC2_R,0,MN_all_left,150280,39.0
LPLC2_R,0,MN_all_left,150850,15.0
LPLC2_R,0,MN_all_left,150864,26.0
LPLC2_R,0,MN_all_left,151089,17.0
LPLC2_R,0,MN_all_left,152375,36.0
LPLC2_R,0,MN_all_left,152535,4.0
LPLC2_R,0,MN_all_left,154142,31.0
LPLC2_R,0,MN_all_left,154315,69.0
LPLC2_R,0,MN_all_left,154887,51.0
LPLC2_R,0,MN_all_left,156971,2.0
LPLC2_R,0,MN_all_left,158328,2.0
LPLC2_R,0,MN_all_left,158556,6.0
LPLC2_R,0,MN_all_left,158604,64.0
LPLC2_R,0,MN_all_left,159087,8.0
LPLC2_R,0,MN_all_left,159285,13.0
LPLC2_R,0,MN_all_left,159287,1.0
LPLC2_R,0,MN_all_left,159288,14.0
LPLC2_R,0,MN_all_left,159488,47.0
LPLC2_R,0,MN_all_left,159489,66.0
LPLC2_R,0,MN_all_left,159777,1.0
LPLC2_R,0,MN_all_left,159993,8.0
LPLC2_R,0,MN_all_left,160070,4.0
LPLC2_R,0,MN_all_left,160137,4.0
LPLC2_R,0,MN_all_left,160430,9.0
LPLC2_R,0,MN_all_left,160448,77.0
LPLC2_R,0,MN_all_left,160854,10.0
LPLC2_R,0,MN_all_left,162458,9.0
LPLC2_R,0,MN_all_left,162557,27.0
LPLC2_R,0,MN_all_left,162657,1.0
LPLC2_R,0,MN_all_left,162782,101.0
LPLC2_R,0,MN_all_left,162796,98.0
LPLC2_R,0,MN_all_left,162914,8.0
LPLC2_R,0,MN_all_left,164726,1.0
LPLC2_R,0,MN_all_right,142834,110.0
LPLC2_R,0,MN_all_right,142900,28.0
LPLC2_R,0,MN_all_right,142911,10.0
LPLC2_R,0,MN_all_right,142932,5.0
LPLC2_R,0,MN_all_right,142956,6.0
LPLC2_R,0,MN_all_right,143020,16.0
LPLC2_R,0,MN_all_right,143136,31.0
LPLC2_R,0,MN_all_right,143217,83.0
LPLC2_R,0,MN_all_right,143244,2.0
LPLC2_R,0,MN_all_right,143260,77.0
LPLC2_R,0,MN_all_right,143304,3.0
LPLC2_R,0,MN_all_right,143341,3.0
LPLC2_R,0,MN_all_right,143362,4.0
LPLC2_R,0,MN_all_right,143454,2.0
LPLC2_R,0,MN_all_right,143460,2.0
LPLC2_R,0,MN_all_right,143467,8.0
LPLC2_R,0,MN_all_right,143566,71.0
LPLC2_R,0,MN_all_right,143567,68.0
LPLC2_R,0,MN_all_right,143581,43.0
LPLC2_R,0,MN_all_right,143589,13.0
LPLC2_R,0,MN_all_right,143635,44.0
LPLC2_R,0,MN_all_right,143643,1.0
LPLC2_R,0,MN_all_right,143728,40.0
LPLC2_R,0,MN_all_right,143754,58.0
LPLC2_R,0,MN_all_right,143786,63.0
LPLC2_R,0,MN_all_right,143796,6.0
LPLC2_R,0,MN_all_right,143815,11.0
LPLC2_R,0,MN_all_right,143830,51.0
LPLC2_R,0,MN_all_right,143884,3.0
LPLC2_R,0,MN_all_right,143900,66.0
LPLC2_R,0,MN_all_right,144043,5.0
LPLC2_R,0,MN_all_right,144076,6.0
LPLC2_R,0,MN_all_right,144107,4.0
LPLC2_R,0,MN_all_right,144149,103.0
LPLC2_R,0,MN_all_right,144151,10.0
LPLC2_R,0,MN_all_right,144152,97.0
LPLC2_R,0,MN_all_right,144158,59.0
LPLC2_R,0,MN_all_right,144211,4.0
LPLC2_R,0,MN_all_right,144246,80.0
LPLC2_R,0,MN_all_right,144285,61.0
LPLC2_R,0,MN_all_right,144338,43.0
LPLC2_R,0,MN_all_right,144370,18.0
LPLC2_R,0,MN_all_right,144391,23.0
LPLC2_R,0,MN_all_right,144429,15.0
LPLC2_R,0,MN_all_right,144466,42.0
LPLC2_R,0,MN_all_right,144516,10.0
LPLC2_R,0,MN_all_right,144652,1.0
LPLC2_R,0,MN_all_right,144664,1.0
LPLC2_R,0,MN_all_right,144682,12.0
LPLC2_R,0,MN_all_right,144899,15.0
LPLC2_R,0,MN_all_right,144952,87.0
LPLC2_R,0,MN_all_right,144987,55.0
LPLC2_R,0,MN_all_right,145007,68.0
LPLC2_R,0,MN_all_right,145064,29.0
LPLC2_R,0,MN_all_right,145083,1.0
LPLC2_R,0,MN_all_right,145127,84.0
LPLC2_R,0,MN_all_right,145221,72.0
LPLC2_R,0,MN_all_right,145278,3.0
LPLC2_R,0,MN_all_right,145327,39.0
LPLC2_R,0,MN_all_right,145458,5.0
LPLC2_R,0,MN_all_right,145461,32.0
LPLC2_R,0,MN_all_right,145492,77.0
LPLC2_R,0,MN_all_right,145559,10.0
LPLC2_R,0,MN_all_right,145576,35.0
LPLC2_R,0,MN_all_right,145581,1.0
LPLC2_R,0,MN_all_right,145592,49.0
LPLC2_R,0,MN_all_right,145621,3.0
LPLC2_R,0,MN_all_right,145653,41.0
LPLC2_R,0,MN_all_right,145721,3.0
LPLC2_R,0,MN_all_right,145738,2.0
LPLC2_R,0,MN_all_right,145832,55.0
LPLC2_R,0,MN_all_right,145953,1.0
LPLC2_R,0,MN_all_right,145960,27.0
LPLC2_R,0,MN_all_right,146056,1.0
LPLC2_R,0,MN_all_right,146130,24.0
LPLC2_R,0,MN_all_right,146173,45.0
LPLC2_R,0,MN_all_right,146318,47.0
LPLC2_R,0,MN_all_right,146627,1.0
LPLC2_R,0,MN_all_right,146668,37.0
LPLC2_R,0,MN_all_right,146701,1.0
LPLC2_R,0,MN_all_right,146725,28.0
LPLC2_R,0,MN_all_right,146879,1.0
LPLC2_R,0,MN_all_right,147037,7.0
LPLC2_R,0,MN_all_right,147094,10.0
LPLC2_R,0,MN_all_right,147184,8.0
LPLC2_R,0,MN_all_right,147267,6.0
LPLC2_R,0,MN_all_right,147470,17.0
LPLC2_R,0,MN_all_right,147519,42.0
LPLC2_R,0,MN_all_right,147543,47.0
LPLC2_R,0,MN_all_right,147559,40.0
LPLC2_R,0,MN_all_right,147646,30.0
LPLC2_R,0,MN_all_right,147672,25.0
LPLC2_R,0,MN_all_right,147794,34.0
LPLC2_R,0,MN_all_right,147905,5.0
LPLC2_R,0,MN_all_right,147957,2.0
LPLC2_R,0,MN_all_right,148001,3.0
LPLC2_R,0,MN_all_right,148017,27.0
LPLC2_R,0,MN_all_right,148201,2.0
LPLC2_R,0,MN_all_right,148237,2.0
LPLC2_R,0,MN_all_right,148293,3.0
LPLC2_R,0,MN_all_right,148422,31.0
LPLC2_R,0,MN_all_right,148611,47.0
LPLC2_R,0,MN_all_right,148816,6.0
LPLC2_R,0,MN_all_right,148823,34.0
LPLC2_R,0,MN_all_right,148879,4.0
LPLC2_R,0,MN_all_right,148985,2.0
LPLC2_R,0,MN_all_right,149056,80.0
LPLC2_R,0,MN_all_right,149234,1.0
LPLC2_R,0,MN_all_right,149327,52.0
LPLC2_R,0,MN_all_right,149498,5.0
LPLC2_R,0,MN_all_right,149895,6.0
LPLC2_R,0,MN_all_right,150019,28.0
LPLC2_R,0,MN_all_right,150152,1.0
LPLC2_R,0,MN_all_right,150362,8.0
LPLC2_R,0,MN_all_right,150676,23.0
LPLC2_R,0,MN_all_right,150738,1.0
LPLC2_R,0,MN_all_right,150989,23.0
LPLC2_R,0,MN_all_right,152528,33.0
LPLC2_R,0,MN_all_right,153409,56.0
LPLC2_R,0,MN_all_right,153686,1.0
LPLC2_R,0,MN_all_right,154055,10.0
LPLC2_R,0,MN_all_right,154732,29.0
LPLC2_R,0,MN_all_right,154941,66.0
LPLC2_R,0,MN_all_right,158193,3.0
LPLC2_R,0,MN_all_right,158204,17.0
LPLC2_R,0,MN_all_right,158546,22.0
LPLC2_R,0,MN_all_right,158670,13.0
LPLC2_R,0,MN_all_right,159157,3.0
LPLC2_R,0,MN_all_right,159225,5.0
LPLC2_R,0,MN_all_right,159253,72.0
LPLC2_R,0,MN_all_right,159286,1.0
LPLC2_R,0,MN_all_right,159477,1.0
LPLC2_R,0,MN_all_right,159546,1.0
LPLC2_R,0,MN_all_right,159896,24.0
LPLC2_R,0,MN_all_right,160165,4.0
LPLC2_R,0,MN_all_right,160191,11.0
LPLC2_R,0,MN_all_right,160211,8.0
LPLC2_R,0,MN_all_right,160245,3.0
LPLC2_R,0,MN_all_right,160271,28.0
LPLC2_R,0,MN_all_right,160307,1.0
LPLC2_R,0,MN_all_right,160329,41.0
LPLC2_R,0,MN_all_right,160551,5.0
LPLC2_R,0,MN_all_right,161306,1.0
LPLC2_R,0,MN_all_right,161523,14.0
LPLC2_R,0,MN_all_right,162256,2.0
LPLC2_R,0,MN_all_right,162556,27.0
LPLC2_R,0,MN_all_right,162781,74.0
LPLC2_R,0,MN_all_right,164606,65.0
LPLC2_R,0,MN_all_right,164614,77.0
LPLC2_R,0,MN_all_right,164616,58.0
LPLC2_R,1,DN_all_left,6,8.0
LPLC2_R,1,DN_all_left,39,1.0
LPLC2_R,1,DN_all_left,78,3.0
LPLC2_R,1,DN_all_left,104,239.0
LPLC2_R,1,DN_all_left,109,76.0
LPLC2_R,1,DN_all_left,144,18.0
LPLC2_R,1,DN_all_left,146,10.0
LPLC2_R,1,DN_all_left,147,2.0
LPLC2_R,1,DN_all_left,207,4.0
LPLC2_R,1,DN_all_left,226,3.0
LPLC2_R,1,DN_all_left,228,101.0
LPLC2_R,1,DN_all_left,252,1.0
LPLC2_R,1,DN_all_left,264,113.0
LPLC2_R,1,DN_all_left,273,101.0
LPLC2_R,1,DN_all_left,316,62.0
LPLC2_R,1,DN_all_left,333,5.0
LPLC2_R,1,DN_all_left,349,112.0
LPLC2_R,1,DN_all_left,363,68.0
LPLC2_R,1,DN_all_left,384,3.0
LPLC2_R,1,DN_all_left,391,3.0
LPLC2_R,1,DN_all_left,410,31.0
LPLC2_R,1,DN_all_left,433,1.0
LPLC2_R,1,DN_all_left,446,15.0
LPLC2_R,1,DN_all_left,482,2.0
LPLC2_R,1,DN_all_left,489,9.0
LPLC2_R,1,DN_all_left,514,30.0
LPLC2_R,1,DN_all_left,523,3.0
LPLC2_R,1,DN_all_left,541,6.0
LPLC2_R,1,DN_all_left,543,22.0
LPLC2_R,1,DN_all_left,603,4.0
LPLC2_R,1,DN_all_left,608,11.0
LPLC2_R,1,DN_all_left,614,1.0
LPLC2_R,1,DN_all_left,628,5.0
LPLC2_R,1,DN_all_left,632,13.0
LPLC2_R,1,DN_all_left,656,73.0
LPLC2_R,1,DN_all_left,673,34.0
LPLC2_R,1,DN_all_left,675,48.0
LPLC2_R,1,DN_all_left,681,1.0
LPLC2_R,1,DN_all_left,687,12.0
LPLC2_R,1,DN_all_left,741,39.0
LPLC2_R,1,DN_all_left,773,38.0
LPLC2_R,1,DN_all_left,781,2.0
LPLC2_R,1,DN_all_left,783,4.0
LPLC2_R,1,DN_all_left,791,2.0
LPLC2_R,1,DN_all_left,823,3.0
LPLC2_R,1,DN_all_left,861,4.0
LPLC2_R,1,DN_all_left,879,9.0
LPLC2_R,1,DN_all_left,895,140.0
LPLC2_R,1,DN_all_left,906,14.0
LPLC2_R,1,DN_all_left,927,1.0
LPLC2_R,1,DN_all_left,931,4.0
LPLC2_R,1,DN_all_left,953,33.0
LPLC2_R,1,DN_all_left,979,4.0
LPLC2_R,1,DN_all_left,992,122.0
LPLC2_R,1,DN_all_left,993,21.0
LPLC2_R,1,DN_all_left,994,70.0
LPLC2_R,1,DN_all_left,1037,18.0
LPLC2_R,1,DN_all_left,1047,137.0
LPLC2_R,1,DN_all_left,1071,1.0
LPLC2_R,1,DN_all_left,1111,73.0
LPLC2_R,1,DN_all_left,1131,16.0
LPLC2_R,1,DN_all_left,1155,24.0
LPLC2_R,1,DN_all_left,1170,5.0
LPLC2_R,1,DN_all_left,1273,101.0
LPLC2_R,1,DN_all_left,1314,1.0
LPLC2_R,1,DN_all_left,1324,87.0
LPLC2_R,1,DN_all_left,1328,1.0
LPLC2_R,1,DN_all_left,1342,1.0
LPLC2_R,1,DN_all_left,1361,20.0
LPLC2_R,1,DN_all_left,1387,3.0
LPLC2_R,1,DN_all_left,1392,35.0
LPLC2_R,1,DN_all_left,1506,78.0
LPLC2_R,1,DN_all_left,1545,1.0
LPLC2_R,1,DN_all_left,1562,43.0
LPLC2_R,1,DN_all_left,1564,9.0
LPLC2_R,1,DN_all_left,1626,4.0
LPLC2_R,1,DN_all_left,1677,46.0
LPLC2_R,1,DN_all_left,1692,3.0
LPLC2_R,1,DN_all_left,1724,111.0
LPLC2_R,1,DN_all_left,1752,1.0
LPLC2_R,1,DN_all_left,1764,2.0
LPLC2_R,1,DN_all_left,1821,9.0
LPLC2_R,1,DN_all_left,1827,6.0
LPLC2_R,1,DN_all_left,1833,1.0
LPLC2_R,1,DN_all_left,1870,7.0
LPLC2_R,1,DN_all_left,1994,3.0
LPLC2_R,1,DN_all_left,2074,18.0
LPLC2_R,1,DN_all_left,2286,45.0
LPLC2_R,1,DN_all_left,2329,47.0
LPLC2_R,1,DN_all_left,2354,27.0
LPLC2_R,1,DN_all_left,2414,7.0
LPLC2_R,1,DN_all_left,2423,34.0
LPLC2_R,1,DN_all_left,2450,1.0
LPLC2_R,1,DN_all_left,2451,120.0
LPLC2_R,1,DN_all_left,2465,53.0
LPLC2_R,1,DN_all_left,2475,1.0
LPLC2_R,1,DN_all_left,2583,53.0
LPLC2_R,1,DN_all_left,2588,3.0
LPLC2_R,1,DN_all_left,2620,5.0
LPLC2_R,1,DN_all_left,2676,10.0
LPLC2_R,1,DN_all_left,2792,3.0
LPLC2_R,1,DN_all_left,2837,1.0
LPLC2_R,1,DN_all_left,2868,8.0
LPLC2_R,1,DN_all_left,2933,1.0
LPLC2_R,1,DN_all_left,3009,1.0
LPLC2_R,1,DN_all_left,3045,1.0
LPLC2_R,1,DN_all_left,3084,29.0
LPLC2_R,1,DN_all_left,3106,192.0
LPLC2_R,1,DN_all_left,3159,1.0
LPLC2_R,1,DN_all_left,3184,21.0
LPLC2_R,1,DN_all_left,3222,17.0
LPLC2_R,1,DN_all_left,3331,42.0
LPLC2_R,1,DN_all_left,3349,27.0
LPLC2_R,1,DN_all_left,3390,1.0
LPLC2_R,1,DN_all_left,3394,12.0
LPLC2_R,1,DN_all_left,3451,3.0
LPLC2_R,1,DN_all_left,3505,14.0
LPLC2_R,1,DN_all_left,3569,2.0
LPLC2_R,1,DN_all_left,3722,73.0
LPLC2_R,1,DN_all_left,3768,3.0
LPLC2_R,1,DN_all_left,3770,7.0
LPLC2_R,1,DN_all_left,3788,2.0
LPLC2_R,1,DN_all_left,3939,50.0
LPLC2_R,1,DN_all_left,3966,62.0
LPLC2_R,1,DN_all_left,4017,17.0
LPLC2_R,1,DN_all_left,4215,1.0
LPLC2_R,1,DN_all_left,4335,88.0
LPLC2_R,1,DN_all_left,4591,1.0
LPLC2_R,1,DN_all_left,4609,24.0
LPLC2_R,1,DN_all_left,4678,1.0
LPLC2_R,1,DN_all_left,4679,1.0
LPLC2_R,1,DN_all_left,4685,1.0
LPLC2_R,1,DN_all_left,4917,60.0
LPLC2_R,1,DN_all_left,5056,1.0
LPLC2_R,1,DN_all_left,5067,53.0
LPLC2_R,1,DN_all_left,5217,26.0
LPLC2_R,1,DN_all_left,5247,6.0
LPLC2_R,1,DN_all_left,5509,1.0
LPLC2_R,1,DN_all_left,5678,1.0
LPLC2_R,1,DN_all_left,5867,53.0
LPLC2_R,1,DN_all_left,5993,40.0
LPLC2_R,1,DN_all_left,6588,1.0
LPLC2_R,1,DN_all_left,6736,37.0
LPLC2_R,1,DN_all_left,8764,4.0
LPLC2_R,1,DN_all_left,8977,2.0
LPLC2_R,1,DN_all_left,9057,1.0
LPLC2_R,1,DN_all_left,9137,1.0
LPLC2_R,1,DN_all_left,9300,1.0
LPLC2_R,1,DN_all_left,9402,23.0
LPLC2_R,1,DN_all_left,10086,6.0
LPLC2_R,1,DN_all_left,10110,11.0
LPLC2_R,1,DN_all_left,10532,1.0
LPLC2_R,1,DN_all_left,11249,2.0
LPLC2_R,1,DN_all_left,12085,2.0
LPLC2_R,1,DN_all_left,12839,1.0
LPLC2_R,1,DN_all_left,12883,94.0
LPLC2_R,1,DN_all_left,13746,2.0
LPLC2_R,1,DN_all_left,14329,2.0
LPLC2_R,1,DN_all_left,14442,2.0
LPLC2_R,1,DN_all_left,15020,2.0
LPLC2_R,1,DN_all_left,15782,1.0
LPLC2_R,1,DN_all_left,16002,1.0
LPLC2_R,1,DN_all_left,16757,7.0
LPLC2_R,1,DN_all_left,16779,2.0
LPLC2_R,1,DN_all_left,17208,1.0
LPLC2_R,1,DN_all_left,17402,1.0
LPLC2_R,1,DN_all_left,18428,1.0
LPLC2_R,1,DN_all_left,19578,7.0
LPLC2_R,1,DN_all_left,23287,1.0
LPLC2_R,1,DN_all_left,25769,1.0
LPLC2_R,1,DN_all_left,28642,5.0
LPLC2_R,1,DN_all_left,28804,20.0
LPLC2_R,1,DN_all_left,33318,1.0
LPLC2_R,1,DN_all_left,40339,13.0
LPLC2_R,1,DN_all_left,50715,2.0
LPLC2_R,1,DN_all_left,53674,6.0
LPLC2_R,1,DN_all_left,60324,25.0
LPLC2_R,1,DN_all_left,60365,1.0
LPLC2_R,1,DN_all_left,70432,7.0
LPLC2_R,1,DN_all_left,116552,2.0
LPLC2_R,1,DN_all_left,120875,1.0
LPLC2_R,1,DN_all_left,124448,58.0
LPLC2_R,1,DN_all_left,124813,4.0
LPLC2_R,1,DN_all_left,125112,1.0
LPLC2_R,1,DN_all_left,125333,3.0
LPLC2_R,1,DN_all_left,126100,63.0
LPLC2_R,1,DN_all_left,126526,1.0
LPLC2_R,1,DN_all_left,127958,25.0
LPLC2_R,1,DN_all_left,128725,4.0
LPLC2_R,1,DN_all_left,128822,1.0
LPLC2_R,1,DN_all_left,128862,35.0
LPLC2_R,1,DN_all_left,128964,2.0
LPLC2_R,1,DN_all_left,129107,1.0
LPLC2_R,1,DN_all_left,129520,2.0
LPLC2_R,1,DN_all_left,129654,52.0
LPLC2_R,1,DN_all_left,130077,19.0
LPLC2_R,1,DN_all_left,130496,15.0
LPLC2_R,1,DN_all_left,131552,1.0
LPLC2_R,1,DN_all_left,132535,13.0
LPLC2_R,1,DN_all_left,132582,1.0
LPLC2_R,1,DN_all_left,135657,52.0
LPLC2_R,1,DN_all_left,139863,5.0
LPLC2_R,1,DN_all_left,140885,1.0
LPLC2_R,1,DN_all_left,140913,4.0
LPLC2_R,1,DN_all_left,140941,1.0
LPLC2_R,1,DN_all_left,141026,141.0
LPLC2_R,1,DN_all_left,141033,114.0
LPLC2_R,1,DN_all_left,142108,89.0
LPLC2_R,1,DN_all_left,142174,3.0
LPLC2_R,1,DN_all_left,144939,9.0
LPLC2_R,1,DN_all_right,0,156.0
LPLC2_R,1,DN_all_right,25,128.0
LPLC2_R,1,DN_all_right,45,19.0
LPLC2_R,1,DN_all_right,48,1.0
LPLC2_R,1,DN_all_right,51,31.0
LPLC2_R,1,DN_all_right,52,259.0
LPLC2_R,1,DN_all_right,55,20.0
LPLC2_R,1,DN_all_right,92,1.0
LPLC2_R,1,DN_all_right,117,3.0
LPLC2_R,1,DN_all_right,137,26.0
LPLC2_R,1,DN_all_right,176,50.0
LPLC2_R,1,DN_all_right,194,4.0
LPLC2_R,1,DN_all_right,215,93.0
LPLC2_R,1,DN_all_right,216,80.0
LPLC2_R,1,DN_all_right,243,98.0
LPLC2_R,1,DN_all_right,259,1.0
LPLC2_R,1,DN_all_right,261,197.0
LPLC2_R,1,DN_all_right,274,125.0
LPLC2_R,1,DN_all_right,281,55.0
LPLC2_R,1,DN_all_right,290,65.0
LPLC2_R,1,DN_all_right,311,29.0
LPLC2_R,1,DN_all_right,317,102.0
LPLC2_R,1,DN_all_right,327,27.0
LPLC2_R,1,DN_all_right,397,3.0
LPLC2_R,1,DN_all_right,424,1.0
LPLC2_R,1,DN_all_right,428,11.0
LPLC2_R,1,DN_all_right,467,21.0
LPLC2_R,1,DN_all_right,505,10.0
LPLC2_R,1,DN_all_right,520,1.0
LPLC2_R,1,DN_all_right,545,55.0
LPLC2_R,1,DN_all_right,559,90.0
LPLC2_R,1,DN_all_right,616,1.0
LPLC2_R,1,DN_all_right,620,1.0
LPLC2_R,1,DN_all_right,624,4.0
LPLC2_R,1,DN_all_right,654,3.0
LPLC2_R,1,DN_all_right,661,1.0
LPLC2_R,1,DN_all_right,667,1.0
LPLC2_R,1,DN_all_right,680,162.0
LPLC2_R,1,DN_all_right,746,15.0
LPLC2_R,1,DN_all_right,762,96.0
LPLC2_R,1,DN_all_right,763,35.0
LPLC2_R,1,DN_all_right,777,35.0
LPLC2_R,1,DN_all_right,785,32.0
LPLC2_R,1,DN_all_right,794,1.0
LPLC2_R,1,DN_all_right,809,63.0
LPLC2_R,1,DN_all_right,828,17.0
LPLC2_R,1,DN_all_right,853,131.0
LPLC2_R,1,DN_all_right,886,78.0
LPLC2_R,1,DN_all_right,894,132.0
LPLC2_R,1,DN_all_right,911,1.0
LPLC2_R,1,DN_all_right,945,4.0
LPLC2_R,1,DN_all_right,970,4.0
LPLC2_R,1,DN_all_right,1021,91.0
LPLC2_R,1,DN_all_right,1048,11.0
LPLC2_R,1,DN_all_right,1052,181.0
LPLC2_R,1,DN_all_right,1070,1.0
LPLC2_R,1,DN_all_right,1108,40.0
LPLC2_R,1,DN_all_right,1124,41.0
LPLC2_R,1,DN_all_right,1165,5.0
LPLC2_R,1,DN_all_right,1166,1.0
LPLC2_R,1,DN_all_right,1168,8.0
LPLC2_R,1,DN_all_right,1198,12.0
LPLC2_R,1,DN_all_right,1210,51.0
LPLC2_R,1,DN_all_right,1222,1.0
LPLC2_R,1,DN_all_right,1242,19.0
LPLC2_R,1,DN_all_right,1269,62.0
LPLC2_R,1,DN_all_right,1277,83.0
LPLC2_R,1,DN_all_right,1405,1.0
LPLC2_R,1,DN_all_right,1412,2.0
LPLC2_R,1,DN_all_right,1457,52.0
LPLC2_R,1,DN_all_right,1468,2.0
LPLC2_R,1,DN_all_right,1492,32.0
LPLC2_R,1,DN_all_right,1502,7.0
LPLC2_R,1,DN_all_right,1575,7.0
LPLC2_R,1,DN_all_right,1581,4.0
LPLC2_R,1,DN_all_right,1593,15.0
LPLC2_R,1,DN_all_right,1648,38.0
LPLC2_R,1,DN_all_right,1653,1.0
LPLC2_R,1,DN_all_right,1699,64.0
LPLC2_R,1,DN_all_right,1756,1.0
LPLC2_R,1,DN_all_right,1789,3.0
LPLC2_R,1,DN_all_right,1804,76.0
LPLC2_R,1,DN_all_right,1837,2.0
LPLC2_R,1,DN_all_right,1909,2.0
LPLC2_R,1,DN_all_right,1954,62.0
LPLC2_R,1,DN_all_right,1965,1.0
LPLC2_R,1,DN_all_right,1995,3.0
LPLC2_R,1,DN_all_right,2033,4.0
LPLC2_R,1,DN_all_right,2037,13.0
LPLC2_R,1,DN_all_right,2070,48.0
LPLC2_R,1,DN_all_right,2079,51.0
LPLC2_R,1,DN_all_right,2094,33.0
LPLC2_R,1,DN_all_right,2238,1.0
LPLC2_R,1,DN_all_right,2289,1.0
LPLC2_R,1,DN_all_right,2295,1.0
LPLC2_R,1,DN_all_right,2332,13.0
LPLC2_R,1,DN_all_right,2350,110.0
LPLC2_R,1,DN_all_right,2420,1.0
LPLC2_R,1,DN_all_right,2458,13.0
LPLC2_R,1,DN_all_right,2529,19.0
LPLC2_R,1,DN_all_right,2606,44.0
LPLC2_R,1,DN_all_right,2607,3.0
LPLC2_R,1,DN_all_right,2613,34.0
LPLC2_R,1,DN_all_right,2636,15.0
LPLC2_R,1,DN_all_right,2659,2.0
LPLC2_R,1,DN_all_right,2752,2.0
LPLC2_R,1,DN_all_right,2841,1.0
LPLC2_R,1,DN_all_right,3020,54.0
LPLC2_R,1,DN_all_right,3059,10.0
LPLC2_R,1,DN_all_right,3067,1.0
LPLC2_R,1,DN_all_right,3132,44.0
LPLC2_R,1,DN_all_right,3149,19.0
LPLC2_R,1,DN_all_right,3220,193.0
LPLC2_R,1,DN_all_right,3278,2.0
LPLC2_R,1,DN_all_right,3348,58.0
LPLC2_R,1,DN_all_right,3374,1.0
LPLC2_R,1,DN_all_right,3383,19.0
LPLC2_R,1,DN_all_right,3385,1.0
LPLC2_R,1,DN_all_right,3403,1.0
LPLC2_R,1,DN_all_right,3406,1.0
LPLC2_R,1,DN_all_right,3437,37.0
LPLC2_R,1,DN_all_right,3491,3.0
LPLC2_R,1,DN_all_right,3593,34.0
LPLC2_R,1,DN_all_right,3625,1.0
LPLC2_R,1,DN_all_right,3654,24.0
LPLC2_R,1,DN_all_right,3694,12.0
LPLC2_R,1,DN_all_right,3754,51.0
LPLC2_R,1,DN_all_right,3828,1.0
LPLC2_R,1,DN_all_right,3853,1.0
LPLC2_R,1,DN_all_right,3862,1.0
LPLC2_R,1,DN_all_right,3865,1.0
LPLC2_R,1,DN_all_right,3945,48.0
LPLC2_R,1,DN_all_right,3960,36.0
LPLC2_R,1,DN_all_right,3973,3.0
LPLC2_R,1,DN_all_right,3997,14.0
LPLC2_R,1,DN_all_right,4020,48.0
LPLC2_R,1,DN_all_right,4078,2.0
LPLC2_R,1,DN_all_right,4098,13.0
LPLC2_R,1,DN_all_right,4467,1.0
LPLC2_R,1,DN_all_right,4641,43.0
LPLC2_R,1,DN_all_right,4645,34.0
LPLC2_R,1,DN_all_right,4680,1.0
LPLC2_R,1,DN_all_right,4801,1.0
LPLC2_R,1,DN_all_right,5124,39.0
LPLC2_R,1,DN_all_right,5348,4.0
LPLC2_R,1,DN_all_right,5357,2.0
LPLC2_R,1,DN_all_right,5367,4.0
LPLC2_R,1,DN_all_right,5381,18.0
LPLC2_R,1,DN_all_right,5458,42.0
LPLC2_R,1,DN_all_right,5739,3.0
LPLC2_R,1,DN_all_right,6278,24.0
LPLC2_R,1,DN_all_right,7801,1.0
LPLC2_R,1,DN_all_right,8815,1.0
LPLC2_R,1,DN_all_right,9254,105.0
LPLC2_R,1,DN_all_right,9458,130.0
LPLC2_R,1,DN_all_right,9662,66.0
LPLC2_R,1,DN_all_right,9780,90.0
LPLC2_R,1,DN_all_right,9912,48.0
LPLC2_R,1,DN_all_right,10343,1.0
LPLC2_R,1,DN_all_right,11239,1.0
LPLC2_R,1,DN_all_right,11504,27.0
LPLC2_R,1,DN_all_right,12150,1.0
LPLC2_R,1,DN_all_right,12336,2.0
LPLC2_R,1,DN_all_right,12572,3.0
LPLC2_R,1,DN_all_right,14496,1.0
LPLC2_R,1,DN_all_right,15460,1.0
LPLC2_R,1,DN_all_right,15893,27.0
LPLC2_R,1,DN_all_right,19450,1.0
LPLC2_R,1,DN_all_right,27054,3.0
LPLC2_R,1,DN_all_right,47173,2.0
LPLC2_R,1,DN_all_right,63360,1.0
LPLC2_R,1,DN_all_right,72835,25.0
LPLC2_R,1,DN_all_right,117981,35.0
LPLC2_R,1,DN_all_right,118808,1.0
LPLC2_R,1,DN_all_right,123333,1.0
LPLC2_R,1,DN_all_right,124419,32.0
LPLC2_R,1,DN_all_right,124541,67.0
LPLC2_R,1,DN_all_right,124920,23.0
LPLC2_R,1,DN_all_right,125430,1.0
LPLC2_R,1,DN_all_right,126404,47.0
LPLC2_R,1,DN_all_right,127758,4.0
LPLC2_R,1,DN_all_right,128032,71.0
LPLC2_R,1,DN_all_right,128892,5.0
LPLC2_R,1,DN_all_right,129301,1.0
LPLC2_R,1,DN_all_right,129659,45.0
LPLC2_R,1,DN_all_right,129718,5.0
LPLC2_R,1,DN_all_right,130847,27.0
LPLC2_R,1,DN_all_right,130858,10.0
LPLC2_R,1,DN_all_right,131136,148.0
LPLC2_R,1,DN_all_right,131365,1.0
LPLC2_R,1,DN_all_right,131434,28.0
LPLC2_R,1,DN_all_right,133544,2.0
LPLC2_R,1,DN_all_right,140621,1.0
LPLC2_R,1,DN_all_right,140980,1.0
LPLC2_R,1,DN_all_right,141735,66.0
LPLC2_R,1,DN_all_right,142119,28.0
LPLC2_R,1,DN_all_right,143416,140.0
LPLC2_R,1,DN_all_right,143432,67.0
LPLC2_R,1,DN_all_right,144269,46.0
LPLC2_R,1,DN_all_right,145368,11.0
LPLC2_R,1,DN_all_right,161396,56.0
LPLC2_R,1,MN_all_left,111304,2.0
LPLC2_R,1,MN_all_left,142836,51.0
LPLC2_R,1,MN_all_left,142922,4.0
LPLC2_R,1,MN_all_left,142929,3.0
LPLC2_R,1,MN_all_left,142964,20.0
LPLC2_R,1,MN_all_left,143064,86.0
LPLC2_R,1,MN_all_left,143088,92.0
LPLC2_R,1,MN_all_left,143139,1.0
LPLC2_R,1,MN_all_left,143160,5.0
LPLC2_R,1,MN_all_left,143221,42.0
LPLC2_R,1,MN_all_left,143222,29.0
LPLC2_R,1,MN_all_left,143231,11.0
LPLC2_R,1,MN_all_left,143243,13.0
LPLC2_R,1,MN_all_left,143252,22.0
LPLC2_R,1,MN_all_left,143259,16.0
LPLC2_R,1,MN_all_left,143281,1.0
LPLC2_R,1,MN_all_left,143322,40.0
LPLC2_R,1,MN_all_left,143353,10.0
LPLC2_R,1,MN_all_left,143418,4.0
LPLC2_R,1,MN_all_left,143421,1.0
LPLC2_R,1,MN_all_left,143436,3.0
LPLC2_R,1,MN_all_left,143445,41.0
LPLC2_R,1,MN_all_left,143464,64.0
LPLC2_R,1,MN_all_left,143478,5.0
LPLC2_R,1,MN_all_left,143539,1.0
LPLC2_R,1,MN_all_left,143540,3.0
LPLC2_R,1,MN_all_left,143626,2.0
LPLC2_R,1,MN_all_left,143654,28.0
LPLC2_R,1,MN_all_left,143690,109.0
LPLC2_R,1,MN_all_left,143700,65.0
LPLC2_R,1,MN_all_left,143751,64.0
LPLC2_R,1,MN_all_left,143760,33.0
LPLC2_R,1,MN_all_left,143860,4.0
LPLC2_R,1,MN_all_left,143901,10.0
LPLC2_R,1,MN_all_left,143949,23.0
LPLC2_R,1,MN_all_left,144071,46.0
LPLC2_R,1,MN_all_left,144086,54.0
LPLC2_R,1,MN_all_left,144111,4.0
LPLC2_R,1,MN_all_left,144209,51.0
LPLC2_R,1,MN_all_left,144222,1.0
LPLC2_R,1,MN_all_left,144234,83.0
LPLC2_R,1,MN_all_left,144248,1.0
LPLC2_R,1,MN_all_left,144265,59.0
LPLC2_R,1,MN_all_left,144290,1.0
LPLC2_R,1,MN_all_left,144377,1.0
LPLC2_R,1,MN_all_left,144382,57.0
LPLC2_R,1,MN_all_left,144400,45.0
LPLC2_R,1,MN_all_left,144439,11.0
LPLC2_R,1,MN_all_left,144450,12.0
LPLC2_R,1,MN_all_left,144457,16.0
LPLC2_R,1,MN_all_left,144465,38.0
LPLC2_R,1,MN_all_left,144494,1.0
LPLC2_R,1,MN_all_left,144508,2.0
LPLC2_R,1,MN_all_left,144538,22.0
LPLC2_R,1,MN_all_left,144576,23.0
LPLC2_R,1,MN_all_left,144578,1.0
LPLC2_R,1,MN_all_left,144584,52.0
LPLC2_R,1,MN_all_left,144657,13.0
LPLC2_R,1,MN_all_left,144687,4.0
LPLC2_R,1,MN_all_left,144821,68.0
LPLC2_R,1,MN_all_left,144860,8.0
LPLC2_R,1,MN_all_left,144878,3.0
LPLC2_R,1,MN_all_left,144897,1.0
LPLC2_R,1,MN_all_left,144964,34.0
LPLC2_R,1,MN_all_left,144974,76.0
LPLC2_R,1,MN_all_left,144997,4.0
LPLC2_R,1,MN_all_left,145034,24.0
LPLC2_R,1,MN_all_left,145063,28.0
LPLC2_R,1,MN_all_left,145081,70.0
LPLC2_R,1,MN_all_left,145109,32.0
LPLC2_R,1,MN_all_left,145142,1.0
LPLC2_R,1,MN_all_left,145198,22.0
LPLC2_R,1,MN_all_left,145207,1.0
LPLC2_R,1,MN_all_left,145217,14.0
LPLC2_R,1,MN_all_left,145274,71.0
LPLC2_R,1,MN_all_left,145303,23.0
LPLC2_R,1,MN_all_left,145351,58.0
LPLC2_R,1,MN_all_left,145382,4.0
LPLC2_R,1,MN_all_left,145405,5.0
LPLC2_R,1,MN_all_left,145438,55.0
LPLC2_R,1,MN_all_left,145476,10.0
LPLC2_R,1,MN_all_left,145483,2.0
LPLC2_R,1,MN_all_left,145564,3.0
LPLC2_R,1,MN_all_left,145652,1.0
LPLC2_R,1,MN_all_left,145660,11.0
LPLC2_R,1,MN_all_left,145672,22.0
LPLC2_R,1,MN_all_left,145732,3.0
LPLC2_R,1,MN_all_left,145766,4.0
LPLC2_R,1,MN_all_left,145796,85.0
LPLC2_R,1,MN_all_left,145805,21.0
LPLC2_R,1,MN_all_left,145878,2.0
LPLC2_R,1,MN_all_left,145900,24.0
LPLC2_R,1,MN_all_left,145911,64.0
LPLC2_R,1,MN_all_left,145975,38.0
LPLC2_R,1,MN_all_left,146072,13.0
LPLC2_R,1,MN_all_left,146107,49.0
LPLC2_R,1,MN_all_left,146190,8.0
LPLC2_R,1,MN_all_left,146333,1.0
LPLC2_R,1,MN_all_left,146441,1.0
LPLC2_R,1,MN_all_left,146507,2.0
LPLC2_R,1,MN_all_left,146556,2.0
LPLC2_R,1,MN_all_left,146571,5.0
LPLC2_R,1,MN_all_left,146590,4.0
LPLC2_R,1,MN_all_left,146748,80.0
LPLC2_R,1,MN_all_left,146821,1.0
LPLC2_R,1,MN_all_left,147006,2.0
LPLC2_R,1,MN_all_left,147111,4.0
LPLC2_R,1,MN_all_left,147153,85.0
LPLC2_R,1,MN_all_left,147241,28.0
LPLC2_R,1,MN_all_left,147254,7.0
LPLC2_R,1,MN_all_left,147272,3.0
LPLC2_R,1,MN_all_left,147311,12.0
LPLC2_R,1,MN_all_left,147444,9.0
LPLC2_R,1,MN_all_left,147449,5.0
LPLC2_R,1,MN_all_left,147492,30.0
LPLC2_R,1,MN_all_left,147569,6.0
LPLC2_R,1,MN_all_left,147690,40.0
LPLC2_R,1,MN_all_left,147730,39.0
LPLC2_R,1,MN_all_left,147977,2.0
LPLC2_R,1,MN_all_left,148097,1.0
LPLC2_R,1,MN_all_left,148126,34.0
LPLC2_R,1,MN_all_left,148144,3.0
LPLC2_R,1,MN_all_left,148218,1.0
LPLC2_R,1,MN_all_left,148349,2.0
LPLC2_R,1,MN_all_left,148397,4.0
LPLC2_R,1,MN_all_left,148537,52.0
LPLC2_R,1,MN_all_left,148589,31.0
LPLC2_R,1,MN_all_left,148668,8.0
LPLC2_R,1,MN_all_left,148779,1.0
LPLC2_R,1,MN_all_left,148852,2.0
LPLC2_R,1,MN_all_left,148953,71.0
LPLC2_R,1,MN_all_left,148964,1.0
LPLC2_R,1,MN_all_left,148984,1.0
LPLC2_R,1,MN_all_left,149011,3.0
LPLC2_R,1,MN_all_left,149101,1.0
LPLC2_R,1,MN_all_left,149298,5.0
LPLC2_R,1,MN_all_left,149557,1.0
LPLC2_R,1,MN_all_left,149592,21.0
LPLC2_R,1,MN_all_left,149636,3.0
LPLC2_R,1,MN_all_left,149722,4.0
LPLC2_R,1,MN_all_left,150276,25.0
LPLC2_R,1,MN_all_left,150280,37.0
LPLC2_R,1,MN_all_left,150354,1.0
LPLC2_R,1,MN_all_left,150850,14.0
LPLC2_R,1,MN_all_left,150864,29.0
LPLC2_R,1,MN_all_left,151089,18.0
LPLC2_R,1,MN_all_left,152375,38.0
LPLC2_R,1,MN_all_left,152535,17.0
LPLC2_R,1,MN_all_left,152793,2.0
LPLC2_R,1,MN_all_left,154142,30.0
LPLC2_R,1,MN_all_left,154315,70.0
LPLC2_R,1,MN_all_left,154887,52.0
LPLC2_R,1,MN_all_left,154980,1.0
LPLC2_R,1,MN_all_left,158328,2.0
LPLC2_R,1,MN_all_left,158556,6.0
LPLC2_R,1,MN_all_left,158604,62.0
LPLC2_R,1,MN_all_left,159087,6.0
LPLC2_R,1,MN_all_left,159285,17.0
LPLC2_R,1,MN_all_left,159287,2.0
LPLC2_R,1,MN_all_left,159288,14.0
LPLC2_R,1,MN_all_left,159488,34.0
LPLC2_R,1,MN_all_left,159489,72.0
LPLC2_R,1,MN_all_left,159777,2.0
LPLC2_R,1,MN_all_left,159993,10.0
LPLC2_R,1,MN_all_left,160070,1.0
LPLC2_R,1,MN_all_left,160137,4.0
LPLC2_R,1,MN_all_left,160430,16.0
LPLC2_R,1,MN_all_left,160448,77.0
LPLC2_R,1,MN_all_left,160854,5.0
LPLC2_R,1,MN_all_left,161187,2.0
LPLC2_R,1,MN_all_left,162458,14.0
LPLC2_R,1,MN_all_left,162557,26.0
LPLC2_R,1,MN_all_left,162657,1.0
LPLC2_R,1,MN_all_left,162782,101.0
LPLC2_R,1,MN_all_left,162796,97.0
LPLC2_R,1,MN_all_left,162914,17.0
LPLC2_R,1,MN_all_right,142834,109.0
LPLC2_R,1,MN_all_right,142900,30.0
LPLC2_R,1,MN_all_right,142911,8.0
LPLC2_R,1,MN_all_right,142932,2.0
LPLC2_R,1,MN_all_right,142956,4.0
LPLC2_R,1,MN_all_right,143020,29.0
LPLC2_R,1,MN_all_right,143136,26.0
LPLC2_R,1,MN_all_right,143140,2.0
LPLC2_R,1,MN_all_right,143217,81.0
LPLC2_R,1,MN_all_right,143244,2.0
LPLC2_R,1,MN_all_right,143260,79.0
LPLC2_R,1,MN_all_right,143304,4.0
LPLC2_R,1,MN_all_right,143341,6.0
LPLC2_R,1,MN_all_right,143362,2.0
LPLC2_R,1,MN_all_right,143454,1.0
LPLC2_R,1,MN_all_right,143460,1.0
LPLC2_R,1,MN_all_right,143467,7.0
LPLC2_R,1,MN_all_right,143566,64.0
LPLC2_R,1,MN_all_right,143567,62.0
LPLC2_R,1,MN_all_right,143581,45.0
LPLC2_R,1,MN_all_right,143589,9.0
LPLC2_R,1,MN_all_right,143635,35.0
LPLC2_R,1,MN_all_right,143643,1.0
LPLC2_R,1,MN_all_right,143728,30.0
LPLC2_R,1,MN_all_right,143754,57.0
LPLC2_R,1,MN_all_right,143786,67.0
LPLC2_R,1,MN_all_right,143796,3.0
LPLC2_R,1,MN_all_right,143804,4.0
LPLC2_R,1,MN_all_right,143815,4.0
LPLC2_R,1,MN_all_right,143828,1.0
LPLC2_R,1,MN_all_right,143830,39.0
LPLC2_R,1,MN_all_right,143884,4.0
LPLC2_R,1,MN_all_right,143900,68.0
LPLC2_R,1,MN_all_right,144043,6.0
LPLC2_R,1,MN_all_right,144076,3.0
LPLC2_R,1,MN_all_right,144107,1.0
LPLC2_R,1,MN_all_right,144149,102.0
LPLC2_R,1,MN_all_right,144151,19.0
LPLC2_R,1,MN_all_right,144152,94.0
LPLC2_R,1,MN_all_right,144158,60.0
LPLC2_R,1,MN_all_right,144211,6.0
LPLC2_R,1,MN_all_right,144246,78.0
LPLC2_R,1,MN_all_right,144285,64.0
LPLC2_R,1,MN_all_right,144338,47.0
LPLC2_R,1,MN_all_right,144370,17.0
LPLC2_R,1,MN_all_right,144391,23.0
LPLC2_R,1,MN_all_right,144429,10.0
LPLC2_R,1,MN_all_right,144466,43.0
LPLC2_R,1,MN_all_right,144516,12.0
LPLC2_R,1,MN_all_right,144652,4.0
LPLC2_R,1,MN_all_right,144664,1.0
LPLC2_R,1,MN_all_right,144682,11.0
LPLC2_R,1,MN_all_right,144790,1.0
LPLC2_R,1,MN_all_right,144899,15.0
LPLC2_R,1,MN_all_right,144918,1.0
LPLC2_R,1,MN_all_right,144952,90.0
LPLC2_R,1,MN_all_right,144987,50.0
LPLC2_R,1,MN_all_right,145007,70.0
LPLC2_R,1,MN_all_right,145064,31.0
LPLC2_R,1,MN_all_right,145083,2.0
LPLC2_R,1,MN_all_right,145103,3.0
LPLC2_R,1,MN_all_right,145127,86.0
LPLC2_R,1,MN_all_right,145221,71.0
LPLC2_R,1,MN_all_right,145278,7.0
LPLC2_R,1,MN_all_right,145327,45.0
LPLC2_R,1,MN_all_right,145458,8.0
LPLC2_R,1,MN_all_right,145461,32.0
LPLC2_R,1,MN_all_right,145492,77.0
LPLC2_R,1,MN_all_right,145559,18.0
LPLC2_R,1,MN_all_right,145576,28.0
LPLC2_R,1,MN_all_right,145581,3.0
LPLC2_R,1,MN_all_right,145592,50.0
LPLC2_R,1,MN_all_right,145621,3.0
LPLC2_R,1,MN_all_right,145653,40.0
LPLC2_R,1,MN_all_right,145721,2.0
LPLC2_R,1,MN_all_right,145738,3.0
LPLC2_R,1,MN_all_right,145832,44.0
LPLC2_R,1,MN_all_right,145953,2.0
LPLC2_R,1,MN_all_right,145960,31.0
LPLC2_R,1,MN_all_right,146056,1.0
LPLC2_R,1,MN_all_right,146130,21.0
LPLC2_R,1,MN_all_right,146173,44.0
LPLC2_R,1,MN_all_right,146318,47.0
LPLC2_R,1,MN_all_right,146627,2.0
LPLC2_R,1,MN_all_right,146668,33.0
LPLC2_R,1,MN_all_right,146701,2.0
LPLC2_R,1,MN_all_right,146725,24.0
LPLC2_R,1,MN_all_right,146868,2.0
LPLC2_R,1,MN_all_right,146879,1.0
LPLC2_R,1,MN_all_right,147037,9.0
LPLC2_R,1,MN_all_right,147094,12.0
LPLC2_R,1,MN_all_right,147184,9.0
LPLC2_R,1,MN_all_right,147267,9.0
LPLC2_R,1,MN_all_right,147470,13.0
LPLC2_R,1,MN_all_right,147519,42.0
LPLC2_R,1,MN_all_right,147543,47.0
LPLC2_R,1,MN_all_right,147559,41.0
LPLC2_R,1,MN_all_right,147646,28.0
LPLC2_R,1,MN_all_right,147672,25.0
LPLC2_R,1,MN_all_right,147794,31.0
LPLC2_R,1,MN_all_right,147905,6.0
LPLC2_R,1,MN_all_right,147957,3.0
LPLC2_R,1,MN_all_right,148001,4.0
LPLC2_R,1,MN_all_right,148017,28.0
LPLC2_R,1,MN_all_right,148201,4.0
LPLC2_R,1,MN_all_right,148237,2.0
LPLC2_R,1,MN_all_right,148293,3.0
LPLC2_R,1,MN_all_right,148422,29.0
LPLC2_R,1,MN_all_right,148611,47.0
LPLC2_R,1,MN_all_right,148616,1.0
LPLC2_R,1,MN_all_right,148814,1.0
LPLC2_R,1,MN_all_right,148816,4.0
LPLC2_R,1,MN_all_right,148823,36.0
LPLC2_R,1,MN_all_right,148863,2.0
LPLC2_R,1,MN_all_right,148879,4.0
LPLC2_R,1,MN_all_right,148985,2.0
LPLC2_R,1,MN_all_right,148997,1.0
LPLC2_R,1,MN_all_right,149035,1.0
LPLC2_R,1,MN_all_right,149056,82.0
LPLC2_R,1,MN_all_right,149209,1.0
LPLC2_R,1,MN_all_right,149234,1.0
LPLC2_R,1,MN_all_right,149327,47.0
LPLC2_R,1,MN_all_right,149498,23.0
LPLC2_R,1,MN_all_right,149809,2.0
LPLC2_R,1,MN_all_right,149864,1.0
LPLC2_R,1,MN_all_right,149895,18.0
LPLC2_R,1,MN_all_right,149996,1.0
LPLC2_R,1,MN_all_right,150019,25.0
LPLC2_R,1,MN_all_right,150152,2.0
LPLC2_R,1,MN_all_right,150362,19.0
LPLC2_R,1,MN_all_right,150676,23.0
LPLC2_R,1,MN_all_right,150989,22.0
LPLC2_R,1,MN_all_right,152104,1.0
LPLC2_R,1,MN_all_right,152528,36.0
LPLC2_R,1,MN_all_right,153409,56.0
LPLC2_R,1,MN_all_right,153686,2.0
LPLC2_R,1,MN_all_right,154055,22.0
LPLC2_R,1,MN_all_right,154732,31.0
LPLC2_R,1,MN_all_right,154941,67.0
LPLC2_R,1,MN_all_right,155213,1.0
LPLC2_R,1,MN_all_right,158193,4.0
LPLC2_R,1,MN_all_right,158204,15.0
LPLC2_R,1,MN_all_right,158546,23.0
LPLC2_R,1,MN_all_right,158670,12.0
LPLC2_R,1,MN_all_right,158812,1.0
LPLC2_R,1,MN_all_right,159157,1.0
LPLC2_R,1,MN_all_right,159225,3.0
LPLC2_R,1,MN_all_right,159253,82.0
LPLC2_R,1,MN_all_right,159286,1.0
LPLC2_R,1,MN_all_right,159477,1.0
LPLC2_R,1,MN_all_right,159538,1.0
LPLC2_R,1,MN_all_right,159546,1.0
LPLC2_R,1,MN_all_right,159896,18.0
LPLC2_R,1,MN_all_right,160165,18.0
LPLC2_R,1,MN_all_right,160191,5.0
LPLC2_R,1,MN_all_right,160211,7.0
LPLC2_R,1,MN_all_right,160245,2.0
LPLC2_R,1,MN_all_right,160271,28.0
LPLC2_R,1,MN_all_right,160307,1.0
LPLC2_R,1,MN_all_right,160329,69.0
LPLC2_R,1,MN_all_right,160551,1.0
LPLC2_R,1,MN_all_right,161306,5.0
LPLC2_R,1,MN_all_right,161523,17.0
LPLC2_R,1,MN_all_right,162256,2.0
LPLC2_R,1,MN_all_right,162556,26.0
LPLC2_R,1,MN_all_right,162677,1.0
LPLC2_R,1,MN_all_right,162781,76.0
LPLC2_R,1,MN_all_right,164606,64.0
LPLC2_R,1,MN_all_right,164614,75.0
LPLC2_R,1,MN_all_right,164616,57.0
LPLC2_R,2,DN_all_left,6,39.0
LPLC2_R,2,DN_all_left,39,1.0
LPLC2_R,2,DN_all_left,78,24.0
LPLC2_R,2,DN_all_left,104,26.0
LPLC2_R,2,DN_all_left,144,20.0
LPLC2_R,2,DN_all_left,146,1.0
LPLC2_R,2,DN_all_left,147,2.0
LPLC2_R,2,DN_all_left,207,14.0
LPLC2_R,2,DN_all_left,226,1.0
LPLC2_R,2,DN_all_left,228,52.0
LPLC2_R,2,DN_all_left,252,1.0
LPLC2_R,2,DN_all_left,264,39.0
LPLC2_R,2,DN_all_left,273,84.0
LPLC2_R,2,DN_all_left,316,32.0
LPLC2_R,2,DN_all_left,333,16.0
LPLC2_R,2,DN_all_left,363,69.0
LPLC2_R,2,DN_all_left,384,5.0
LPLC2_R,2,DN_all_left,406,1.0
LPLC2_R,2,DN_all_left,410,30.0
LPLC2_R,2,DN_all_left,482,1.0
LPLC2_R,2,DN_all_left,489,6.0
LPLC2_R,2,DN_all_left,523,3.0
LPLC2_R,2,DN_all_left,541,24.0
LPLC2_R,2,DN_all_left,543,66.0
LPLC2_R,2,DN_all_left,603,3.0
LPLC2_R,2,DN_all_left,608,35.0
LPLC2_R,2,DN_all_left,614,3.0
LPLC2_R,2,DN_all_left,628,25.0
LPLC2_R,2,DN_all_left,632,7.0
LPLC2_R,2,DN_all_left,681,1.0
LPLC2_R,2,DN_all_left,687,10.0
LPLC2_R,2,DN_all_left,741,34.0
LPLC2_R,2,DN_all_left,773,33.0
LPLC2_R,2,DN_all_left,781,2.0
LPLC2_R,2,DN_all_left,783,66.0
LPLC2_R,2,DN_all_left,791,11.0
LPLC2_R,2,DN_all_left,861,20.0
LPLC2_R,2,DN_all_left,879,15.0
LPLC2_R,2,DN_all_left,895,142.0
LPLC2_R,2,DN_all_left,906,1.0
LPLC2_R,2,DN_all_left,927,1.0
LPLC2_R,2,DN_all_left,931,3.0
LPLC2_R,2,DN_all_left,953,29.0
LPLC2_R,2,DN_all_left,979,19.0
LPLC2_R,2,DN_all_left,984,2.0
LPLC2_R,2,DN_all_left,992,11.0
LPLC2_R,2,DN_all_left,993,13.0
LPLC2_R,2,DN_all_left,994,41.0
LPLC2_R,2,DN_all_left,1047,92.0
LPLC2_R,2,DN_all_left,1071,7.0
LPLC2_R,2,DN_all_left,1111,58.0
LPLC2_R,2,DN_all_left,1131,14.0
LPLC2_R,2,DN_all_left,1155,56.0
LPLC2_R,2,DN_all_left,1170,13.0
LPLC2_R,2,DN_all_left,1273,20.0
LPLC2_R,2,DN_all_left,1314,1.0
LPLC2_R,2,DN_all_left,1324,39.0
LPLC2_R,2,DN_all_left,1328,5.0
LPLC2_R,2,DN_all_left,1342,1.0
LPLC2_R,2,DN_all_left,1361,11.0
LPLC2_R,2,DN_all_left,1387,38.0
LPLC2_R,2,DN_all_left,1392,2.0
LPLC2_R,2,DN_all_left,1490,2.0
LPLC2_R,2,DN_all_left,1506,89.0
LPLC2_R,2,DN_all_left,1545,11.0
LPLC2_R,2,DN_all_left,1562,31.0
LPLC2_R,2,DN_all_left,1564,5.0
LPLC2_R,2,DN_all_left,1591,2.0
LPLC2_R,2,DN_all_left,1626,13.0
LPLC2_R,2,DN_all_left,1677,6.0
LPLC2_R,2,DN_all_left,1692,3.0
LPLC2_R,2,DN_all_left,1724,83.0
LPLC2_R,2,DN_all_left,1752,5.0
LPLC2_R,2,DN_all_left,1764,1.0
LPLC2_R,2,DN_all_left,1821,18.0
LPLC2_R,2,DN_all_left,1827,3.0
LPLC2_R,2,DN_all_left,1833,4.0
LPLC2_R,2,DN_all_left,1870,25.0
LPLC2_R,2,DN_all_left,1994,36.0
LPLC2_R,2,DN_all_left,2074,30.0
LPLC2_R,2,DN_all_left,2286,28.0
LPLC2_R,2,DN_all_left,2329,26.0
LPLC2_R,2,DN_all_left,2354,38.0
LPLC2_R,2,DN_all_left,2449,1.0
LPLC2_R,2,DN_all_left,2451,10.0
LPLC2_R,2,DN_all_left,2465,13.0
LPLC2_R,2,DN_all_left,2583,60.0
LPLC2_R,2,DN_all_left,2588,5.0
LPLC2_R,2,DN_all_left,2620,34.0
LPLC2_R,2,DN_all_left,2676,29.0
LPLC2_R,2,DN_all_left,2688,1.0
LPLC2_R,2,DN_all_left,2700,1.0
LPLC2_R,2,DN_all_left,2792,2.0
LPLC2_R,2,DN_all_left,2837,6.0
LPLC2_R,2,DN_all_left,2868,2.0
LPLC2_R,2,DN_all_left,3045,1.0
LPLC2_R,2,DN_all_left,3084,25.0
LPLC2_R,2,DN_all_left,3106,194.0
LPLC2_R,2,DN_all_left,3184,15.0
LPLC2_R,2,DN_all_left,3222,39.0
LPLC2_R,2,DN_all_left,3331,46.0
LPLC2_R,2,DN_all_left,3349,40.0
LPLC2_R,2,DN_all_left,3390,17.0
LPLC2_R,2,DN_all_left,3451,9.0
LPLC2_R,2,DN_all_left,3505,33.0
LPLC2_R,2,DN_all_left,3569,14.0
LPLC2_R,2,DN_all_left,3722,83.0
LPLC2_R,2,DN_all_left,3768,6.0
LPLC2_R,2,DN_all_left,3788,4.0
LPLC2_R,2,DN_all_left,3939,58.0
LPLC2_R,2,DN_all_left,3966,11.0
LPLC2_R,2,DN_all_left,4017,42.0
LPLC2_R,2,DN_all_left,4057,1.0
LPLC2_R,2,DN_all_left,4215,1.0
LPLC2_R,2,DN_all_left,4335,89.0
LPLC2_R,2,DN_all_left,4609,19.0
LPLC2_R,2,DN_all_left,4685,11.0
LPLC2_R,2,DN_all_left,4917,53.0
LPLC2_R,2,DN_all_left,5056,19.0
LPLC2_R,2,DN_all_left,5067,56.0
LPLC2_R,2,DN_all_left,5129,2.0
LPLC2_R,2,DN_all_left,5509,1.0
LPLC2_R,2,DN_all_left,5678,9.0
LPLC2_R,2,DN_all_left,5867,56.0
LPLC2_R,2,DN_all_left,5993,8.0
LPLC2_R,2,DN_all_left,6498,1.0
LPLC2_R,2,DN_all_left,6588,1.0
LPLC2_R,2,DN_all_left,6736,19.0
LPLC2_R,2,DN_all_left,8234,1.0
LPLC2_R,2,DN_all_left,8764,14.0
LPLC2_R,2,DN_all_left,8870,5.0
LPLC2_R,2,DN_all_left,8977,2.0
LPLC2_R,2,DN_all_left,9057,1.0
LPLC2_R,2,DN_all_left,9207,6.0
LPLC2_R,2,DN_all_left,10086,7.0
LPLC2_R,2,DN_all_left,10532,3.0
LPLC2_R,2,DN_all_left,11249,5.0
LPLC2_R,2,DN_all_left,12085,1.0
LPLC2_R,2,DN_all_left,12883,99.0
LPLC2_R,2,DN_all_left,13746,1.0
LPLC2_R,2,DN_all_left,14132,5.0
LPLC2_R,2,DN_all_left,14329,10.0
LPLC2_R,2,DN_all_left,14338,1.0
LPLC2_R,2,DN_all_left,14442,7.0
LPLC2_R,2,DN_all_left,15020,1.0
LPLC2_R,2,DN_all_left,15054,1.0
LPLC2_R,2,DN_all_left,15782,2.0
LPLC2_R,2,DN_all_left,16779,1.0
LPLC2_R,2,DN_all_left,17045,3.0
LPLC2_R,2,DN_all_left,19578,20.0
LPLC2_R,2,DN_all_left,23287,3.0
LPLC2_R,2,DN_all_left,28642,6.0
LPLC2_R,2,DN_all_left,28804,22.0
LPLC2_R,2,DN_all_left,33318,1.0
LPLC2_R,2,DN_all_left,40339,13.0
LPLC2_R,2,DN_all_left,49995,10.0
LPLC2_R,2,DN_all_left,50715,2.0
LPLC2_R,2,DN_all_left,53674,10.0
LPLC2_R,2,DN_all_left,53936,1.0
LPLC2_R,2,DN_all_left,60324,27.0
LPLC2_R,2,DN_all_left,120436,4.0
LPLC2_R,2,DN_all_left,120875,1.0
LPLC2_R,2,DN_all_left,124448,4.0
LPLC2_R,2,DN_all_left,124813,1.0
LPLC2_R,2,DN_all_left,124969,1.0
LPLC2_R,2,DN_all_left,125112,3.0
LPLC2_R,2,DN_all_left,126100,27.0
LPLC2_R,2,DN_all_left,126526,1.0
LPLC2_R,2,DN_all_left,127958,11.0
LPLC2_R,2,DN_all_left,128595,6.0
LPLC2_R,2,DN_all_left,128725,28.0
LPLC2_R,2,DN_all_left,128822,1.0
LPLC2_R,2,DN_all_left,128862,21.0
LPLC2_R,2,DN_all_left,128964,1.0
LPLC2_R,2,DN_all_left,129107,22.0
LPLC2_R,2,DN_all_left,129520,5.0
LPLC2_R,2,DN_all_left,129654,5.0
LPLC2_R,2,DN_all_left,130496,7.0
LPLC2_R,2,DN_all_left,131552,2.0
LPLC2_R,2,DN_all_left,132535,13.0
LPLC2_R,2,DN_all_left,132582,7.0
LPLC2_R,2,DN_all_left,133364,3.0
LPLC2_R,2,DN_all_left,135657,47.0
LPLC2_R,2,DN_all_left,139863,1.0
LPLC2_R,2,DN_all_left,140885,2.0
LPLC2_R,2,DN_all_left,140913,2.0
LPLC2_R,2,DN_all_left,140941,1.0
LPLC2_R,2,DN_all_left,141026,59.0
LPLC2_R,2,DN_all_left,141033,109.0
LPLC2_R,2,DN_all_left,142108,95.0
LPLC2_R,2,DN_all_left,142174,11.0
LPLC2_R,2,DN_all_left,144939,21.0
LPLC2_R,2,DN_all_right,0,207.0
LPLC2_R,2,DN_all_right,25,9.0
LPLC2_R,2,DN_all_right,45,4.0
LPLC2_R,2,DN_all_right,51,26.0
LPLC2_R,2,DN_all_right,52,60.0
LPLC2_R,2,DN_all_right,55,1.0
LPLC2_R,2,DN_all_right,92,1.0
LPLC2_R,2,DN_all_right,117,1.0
LPLC2_R,2,DN_all_right,137,14.0
LPLC2_R,2,DN_all_right,215,54.0
LPLC2_R,2,DN_all_right,243,37.0
LPLC2_R,2,DN_all_right,259,1.0
LPLC2_R,2,DN_all_right,261,213.0
LPLC2_R,2,DN_all_right,274,1.0
LPLC2_R,2,DN_all_right,327,28.0
LPLC2_R,2,DN_all_right,378,1.0
LPLC2_R,2,DN_all_right,428,5.0
LPLC2_R,2,DN_all_right,467,6.0
LPLC2_R,2,DN_all_right,520,1.0
LPLC2_R,2,DN_all_right,545,57.0
LPLC2_R,2,DN_all_right,559,125.0
LPLC2_R,2,DN_all_right,616,1.0
LPLC2_R,2,DN_all_right,624,3.0
LPLC2_R,2,DN_all_right,654,2.0
LPLC2_R,2,DN_all_right,661,2.0
LPLC2_R,2,DN_all_right,667,1.0
LPLC2_R,2,DN_all_right,680,164.0
LPLC2_R,2,DN_all_right,703,3.0
LPLC2_R,2,DN_all_right,746,1.0
LPLC2_R,2,DN_all_right,762,77.0
LPLC2_R,2,DN_all_right,763,5.0
LPLC2_R,2,DN_all_right,777,3.0
LPLC2_R,2,DN_all_right,785,34.0
LPLC2_R,2,DN_all_right,794,4.0
LPLC2_R,2,DN_all_right,809,7.0
LPLC2_R,2,DN_all_right,828,3.0
LPLC2_R,2,DN_all_right,853,163.0
LPLC2_R,2,DN_all_right,886,71.0
LPLC2_R,2,DN_all_right,894,88.0
LPLC2_R,2,DN_all_right,911,2.0
LPLC2_R,2,DN_all_right,945,9.0
LPLC2_R,2,DN_all_right,1007,4.0
LPLC2_R,2,DN_all_right,1021,67.0
LPLC2_R,2,DN_all_right,1048,73.0
LPLC2_R,2,DN_all_right,1052,191.0
LPLC2_R,2,DN_all_right,1070,2.0
LPLC2_R,2,DN_all_right,1108,3.0
LPLC2_R,2,DN_all_right,1150,1.0
LPLC2_R,2,DN_all_right,1165,47.0
LPLC2_R,2,DN_all_right,1166,1.0
LPLC2_R,2,DN_all_right,1168,14.0
LPLC2_R,2,DN_all_right,1198,16.0
LPLC2_R,2,DN_all_right,1210,52.0
LPLC2_R,2,DN_all_right,1222,7.0
LPLC2_R,2,DN_all_right,1242,89.0
LPLC2_R,2,DN_all_right,1269,40.0
LPLC2_R,2,DN_all_right,1277,51.0
LPLC2_R,2,DN_all_right,1382,4.0
LPLC2_R,2,DN_all_right,1405,15.0
LPLC2_R,2,DN_all_right,1412,6.0
LPLC2_R,2,DN_all_right,1457,15.0
LPLC2_R,2,DN_all_right,1468,6.0
LPLC2_R,2,DN_all_right,1492,3.0
LPLC2_R,2,DN_all_right,1575,5.0
LPLC2_R,2,DN_all_right,1581,35.0
LPLC2_R,2,DN_all_right,1621,1.0
LPLC2_R,2,DN_all_right,1648,38.0
LPLC2_R,2,DN_all_right,1699,28.0
LPLC2_R,2,DN_all_right,1789,26.0
LPLC2_R,2,DN_all_right,1804,11.0
LPLC2_R,2,DN_all_right,1837,25.0
LPLC2_R,2,DN_all_right,1909,2.0
LPLC2_R,2,DN_all_right,1954,30.0
LPLC2_R,2,DN_all_right,1965,1.0
LPLC2_R,2,DN_all_right,1995,2.0
LPLC2_R,2,DN_all_right,2033,13.0
LPLC2_R,2,DN_all_right,2037,20.0
LPLC2_R,2,DN_all_right,2070,35.0
LPLC2_R,2,DN_all_right,2079,16.0
LPLC2_R,2,DN_all_right,2094,24.0
LPLC2_R,2,DN_all_right,2120,11.0
LPLC2_R,2,DN_all_right,2238,3.0
LPLC2_R,2,DN_all_right,2289,1.0
LPLC2_R,2,DN_all_right,2321,1.0
LPLC2_R,2,DN_all_right,2331,1.0
LPLC2_R,2,DN_all_right,2350,111.0
LPLC2_R,2,DN_all_right,2420,1.0
LPLC2_R,2,DN_all_right,2433,1.0
LPLC2_R,2,DN_all_right,2458,74.0
LPLC2_R,2,DN_all_right,2575,11.0
LPLC2_R,2,DN_all_right,2595,2.0
LPLC2_R,2,DN_all_right,2606,5.0
LPLC2_R,2,DN_all_right,2607,4.0
LPLC2_R,2,DN_all_right,2613,46.0
LPLC2_R,2,DN_all_right,2636,1.0
LPLC2_R,2,DN_all_right,2659,14.0
LPLC2_R,2,DN_all_right,2752,15.0
LPLC2_R,2,DN_all_right,3020,46.0
LPLC2_R,2,DN_all_right,3059,2.0
LPLC2_R,2,DN_all_right,3067,1.0
LPLC2_R,2,DN_all_right,3132,1.0
LPLC2_R,2,DN_all_right,3149,1.0
LPLC2_R,2,DN_all_right,3220,194.0
LPLC2_R,2,DN_all_right,3278,11.0
LPLC2_R,2,DN_all_right,3348,20.0
LPLC2_R,2,DN_all_right,3374,11.0
LPLC2_R,2,DN_all_right,3383,14.0
LPLC2_R,2,DN_all_right,3403,7.0
LPLC2_R,2,DN_all_right,3406,1.0
LPLC2_R,2,DN_all_right,3491,14.0
LPLC2_R,2,DN_all_right,3593,21.0
LPLC2_R,2,DN_all_right,3625,7.0
LPLC2_R,2,DN_all_right,3654,9.0
LPLC2_R,2,DN_all_right,3694,3.0
LPLC2_R,2,DN_all_right,3707,3.0
LPLC2_R,2,DN_all_right,3754,37.0
LPLC2_R,2,DN_all_right,3811,3.0
LPLC2_R,2,DN_all_right,3862,7.0
LPLC2_R,2,DN_all_right,3865,1.0
LPLC2_R,2,DN_all_right,3945,26.0
LPLC2_R,2,DN_all_right,4020,12.0
LPLC2_R,2,DN_all_right,4078,22.0
LPLC2_R,2,DN_all_right,4098,16.0
LPLC2_R,2,DN_all_right,4641,46.0
LPLC2_R,2,DN_all_right,4645,50.0
LPLC2_R,2,DN_all_right,4801,1.0
LPLC2_R,2,DN_all_right,5124,50.0
LPLC2_R,2,DN_all_right,5348,40.0
LPLC2_R,2,DN_all_right,5381,1.0
LPLC2_R,2,DN_all_right,5458,50.0
LPLC2_R,2,DN_all_right,5739,10.0
LPLC2_R,2,DN_all_right,5841,1.0
LPLC2_R,2,DN_all_right,6278,8.0
LPLC2_R,2,DN_all_right,7801,6.0
LPLC2_R,2,DN_all_right,9254,102.0
LPLC2_R,2,DN_all_right,9458,57.0
LPLC2_R,2,DN_all_right,9662,14.0
LPLC2_R,2,DN_all_right,9780,86.0
LPLC2_R,2,DN_all_right,9912,16.0
LPLC2_R,2,DN_all_right,10368,10.0
LPLC2_R,2,DN_all_right,11239,5.0
LPLC2_R,2,DN_all_right,11504,1.0
LPLC2_R,2,DN_all_right,12150,5.0
LPLC2_R,2,DN_all_right,12336,12.0
LPLC2_R,2,DN_all_right,12572,6.0
LPLC2_R,2,DN_all_right,14496,5.0
LPLC2_R,2,DN_all_right,15028,2.0
LPLC2_R,2,DN_all_right,15460,3.0
LPLC2_R,2,DN_all_right,15893,21.0
LPLC2_R,2,DN_all_right,18221,4.0
LPLC2_R,2,DN_all_right,19450,6.0
LPLC2_R,2,DN_all_right,23453,1.0
LPLC2_R,2,DN_all_right,23535,2.0
LPLC2_R,2,DN_all_right,27054,7.0
LPLC2_R,2,DN_all_right,27379,1.0
LPLC2_R,2,DN_all_right,27532,9.0
LPLC2_R,2,DN_all_right,32032,12.0
LPLC2_R,2,DN_all_right,47173,22.0
LPLC2_R,2,DN_all_right,50694,1.0
LPLC2_R,2,DN_all_right,51855,6.0
LPLC2_R,2,DN_all_right,72835,10.0
LPLC2_R,2,DN_all_right,107658,4.0
LPLC2_R,2,DN_all_right,117981,8.0
LPLC2_R,2,DN_all_right,123333,10.0
LPLC2_R,2,DN_all_right,124419,9.0
LPLC2_R,2,DN_all_right,124920,5.0
LPLC2_R,2,DN_all_right,125430,3.0
LPLC2_R,2,DN_all_right,125795,9.0
LPLC2_R,2,DN_all_right,126404,29.0
LPLC2_R,2,DN_all_right,127734,3.0
LPLC2_R,2,DN_all_right,127758,2.0
LPLC2_R,2,DN_all_right,128032,58.0
LPLC2_R,2,DN_all_right,128892,55.0
LPLC2_R,2,DN_all_right,129301,1.0
LPLC2_R,2,DN_all_right,129659,1.0
LPLC2_R,2,DN_all_right,129718,10.0
LPLC2_R,2,DN_all_right,130847,36.0
LPLC2_R,2,DN_all_right,131136,69.0
LPLC2_R,2,DN_all_right,131365,1.0
LPLC2_R,2,DN_all_right,131434,2.0
LPLC2_R,2,DN_all_right,131504,9.0
LPLC2_R,2,DN_all_right,133544,12.0
LPLC2_R,2,DN_all_right,140980,2.0
LPLC2_R,2,DN_all_right,141735,35.0
LPLC2_R,2,DN_all_right,143416,53.0
LPLC2_R,2,DN_all_right,144269,66.0
LPLC2_R,2,DN_all_right,145368,43.0
LPLC2_R,2,DN_all_right,151545,1.0
LPLC2_R,2,DN_all_right,161396,66.0
LPLC2_R,2,DN_all_right,162540,2.0
LPLC2_R,2,MN_all_left,111304,1.0
LPLC2_R,2,MN_all_left,142836,44.0
LPLC2_R,2,MN_all_left,142929,43.0
LPLC2_R,2,MN_all_left,142964,30.0
LPLC2_R,2,MN_all_left,143088,107.0
LPLC2_R,2,MN_all_left,143139,5.0
LPLC2_R,2,MN_all_left,143160,41.0
LPLC2_R,2,MN_all_left,143221,25.0
LPLC2_R,2,MN_all_left,143222,35.0
LPLC2_R,2,MN_all_left,143231,26.0
LPLC2_R,2,MN_all_left,143243,48.0
LPLC2_R,2,MN_all_left,143252,23.0
LPLC2_R,2,MN_all_left,143259,2.0
LPLC2_R,2,MN_all_left,143281,2.0
LPLC2_R,2,MN_all_left,143322,127.0
LPLC2_R,2,MN_all_left,143418,32.0
LPLC2_R,2,MN_all_left,143421,21.0
LPLC2_R,2,MN_all_left,143445,129.0
LPLC2_R,2,MN_all_left,143464,19.0
LPLC2_R,2,MN_all_left,143478,14.0
LPLC2_R,2,MN_all_left,143539,1.0
LPLC2_R,2,MN_all_left,143540,6.0
LPLC2_R,2,MN_all_left,143626,18.0
LPLC2_R,2,MN_all_left,143654,13.0
LPLC2_R,2,MN_all_left,143690,9.0
LPLC2_R,2,MN_all_left,143700,17.0
LPLC2_R,2,MN_all_left,143751,7.0
LPLC2_R,2,MN_all_left,143760,4.0
LPLC2_R,2,MN_all_left,143766,1.0
LPLC2_R,2,MN_all_left,143860,6.0
LPLC2_R,2,MN_all_left,143949,54.0
LPLC2_R,2,MN_all_left,144071,9.0
LPLC2_R,2,MN_all_left,144086,31.0
LPLC2_R,2,MN_all_left,144111,50.0
LPLC2_R,2,MN_all_left,144209,137.0
LPLC2_R,2,MN_all_left,144234,67.0
LPLC2_R,2,MN_all_left,144248,6.0
LPLC2_R,2,MN_all_left,144265,131.0
LPLC2_R,2,MN_all_left,144290,6.0
LPLC2_R,2,MN_all_left,144377,3.0
LPLC2_R,2,MN_all_left,144382,57.0
LPLC2_R,2,MN_all_left,144400,38.0
LPLC2_R,2,MN_all_left,144439,7.0
LPLC2_R,2,MN_all_left,144450,23.0
LPLC2_R,2,MN_all_left,144465,23.0
LPLC2_R,2,MN_all_left,144494,4.0
LPLC2_R,2,MN_all_left,144508,4.0
LPLC2_R,2,MN_all_left,144538,3.0
LPLC2_R,2,MN_all_left,144576,34.0
LPLC2_R,2,MN_all_left,144584,25.0
LPLC2_R,2,MN_all_left,144657,13.0
LPLC2_R,2,MN_all_left,144821,69.0
LPLC2_R,2,MN_all_left,144860,15.0
LPLC2_R,2,MN_all_left,144878,10.0
LPLC2_R,2,MN_all_left,144897,1.0
LPLC2_R,2,MN_all_left,144964,2.0
LPLC2_R,2,MN_all_left,144974,27.0
LPLC2_R,2,MN_all_left,145034,119.0
LPLC2_R,2,MN_all_left,145063,7.0
LPLC2_R,2,MN_all_left,145081,55.0
LPLC2_R,2,MN_all_left,145094,3.0
LPLC2_R,2,MN_all_left,145109,21.0
LPLC2_R,2,MN_all_left,145142,6.0
LPLC2_R,2,MN_all_left,145198,58.0
LPLC2_R,2,MN_all_left,145207,17.0
LPLC2_R,2,MN_all_left,145274,63.0
LPLC2_R,2,MN_all_left,145303,31.0
LPLC2_R,2,MN_all_left,145351,9.0
LPLC2_R,2,MN_all_left,145382,5.0
LPLC2_R,2,MN_all_left,145405,44.0
LPLC2_R,2,MN_all_left,145438,32.0
LPLC2_R,2,MN_all_left,145483,1.0
LPLC2_R,2,MN_all_left,145564,7.0
LPLC2_R,2,MN_all_left,145573,27.0
LPLC2_R,2,MN_all_left,145672,23.0
LPLC2_R,2,MN_all_left,145732,16.0
LPLC2_R,2,MN_all_left,145766,22.0
LPLC2_R,2,MN_all_left,145796,93.0
LPLC2_R,2,MN_all_left,145805,32.0
LPLC2_R,2,MN_all_left,145911,35.0
LPLC2_R,2,MN_all_left,145918,1.0
LPLC2_R,2,MN_all_left,145975,36.0
LPLC2_R,2,MN_all_left,146072,31.0
LPLC2_R,2,MN_all_left,146107,17.0
LPLC2_R,2,MN_all_left,146233,2.0
LPLC2_R,2,MN_all_left,146333,11.0
LPLC2_R,2,MN_all_left,146441,1.0
LPLC2_R,2,MN_all_left,146494,3.0
LPLC2_R,2,MN_all_left,146556,20.0
LPLC2_R,2,MN_all_left,146571,1.0
LPLC2_R,2,MN_all_left,146590,12.0
LPLC2_R,2,MN_all_left,146748,95.0
LPLC2_R,2,MN_all_left,146821,2.0
LPLC2_R,2,MN_all_left,147111,1.0
LPLC2_R,2,MN_all_left,147153,35.0
LPLC2_R,2,MN_all_left,147241,34.0
LPLC2_R,2,MN_all_left,147254,29.0
LPLC2_R,2,MN_all_left,147272,15.0
LPLC2_R,2,MN_all_left,147311,21.0
LPLC2_R,2,MN_all_left,147343,1.0
LPLC2_R,2,MN_all_left,147418,1.0
LPLC2_R,2,MN_all_left,147444,20.0
LPLC2_R,2,MN_all_left,147449,27.0
LPLC2_R,2,MN_all_left,147492,37.0
LPLC2_R,2,MN_all_left,147569,29.0
LPLC2_R,2,MN_all_left,147690,11.0
LPLC2_R,2,MN_all_left,147730,15.0
LPLC2_R,2,MN_all_left,147938,1.0
LPLC2_R,2,MN_all_left,147977,4.0
LPLC2_R,2,MN_all_left,148076,2.0
LPLC2_R,2,MN_all_left,148126,36.0
LPLC2_R,2,MN_all_left,148144,10.0
LPLC2_R,2,MN_all_left,148349,14.0
LPLC2_R,2,MN_all_left,148397,22.0
LPLC2_R,2,MN_all_left,148537,30.0
LPLC2_R,2,MN_all_left,148589,69.0
LPLC2_R,2,MN_all_left,148779,5.0
LPLC2_R,2,MN_all_left,148852,9.0
LPLC2_R,2,MN_all_left,148953,80.0
LPLC2_R,2,MN_all_left,148964,1.0
LPLC2_R,2,MN_all_left,148984,5.0
LPLC2_R,2,MN_all_left,149298,29.0
LPLC2_R,2,MN_all_left,149557,8.0
LPLC2_R,2,MN_all_left,149592,58.0
LPLC2_R,2,MN_all_left,149636,13.0
LPLC2_R,2,MN_all_left,149722,7.0
LPLC2_R,2,MN_all_left,150276,64.0
LPLC2_R,2,MN_all_left,150280,13.0
LPLC2_R,2,MN_all_left,150354,13.0
LPLC2_R,2,MN_all_left,150850,4.0
LPLC2_R,2,MN_all_left,150864,36.0
LPLC2_R,2,MN_all_left,151089,4.0
LPLC2_R,2,MN_all_left,151228,1.0
LPLC2_R,2,MN_all_left,151305,3.0
LPLC2_R,2,MN_all_left,152375,6.0
LPLC2_R,2,MN_all_left,152535,51.0
LPLC2_R,2,MN_all_left,152793,4.0
LPLC2_R,2,MN_all_left,153181,1.0
LPLC2_R,2,MN_all_left,154142,36.0
LPLC2_R,2,MN_all_left,154315,74.0
LPLC2_R,2,MN_all_left,154887,53.0
LPLC2_R,2,MN_all_left,158328,1.0
LPLC2_R,2,MN_all_left,158604,7.0
LPLC2_R,2,MN_all_left,159087,51.0
LPLC2_R,2,MN_all_left,159287,2.0
LPLC2_R,2,MN_all_left,159288,17.0
LPLC2_R,2,MN_all_left,159417,3.0
LPLC2_R,2,MN_all_left,159488,17.0
LPLC2_R,2,MN_all_left,159993,1.0
LPLC2_R,2,MN_all_left,160070,17.0
LPLC2_R,2,MN_all_left,160137,22.0
LPLC2_R,2,MN_all_left,160448,96.0
LPLC2_R,2,MN_all_left,160846,1.0
LPLC2_R,2,MN_all_left,160854,51.0
LPLC2_R,2,MN_all_left,162458,2.0
LPLC2_R,2,MN_all_left,162657,7.0
LPLC2_R,2,MN_all_left,162782,108.0
LPLC2_R,2,MN_all_left,162796,111.0
LPLC2_R,2,MN_all_left,162914,44.0
LPLC2_R,2,MN_all_left,164726,2.0
LPLC2_R,2,MN_all_right,142834,122.0
LPLC2_R,2,MN_all_right,142900,74.0
LPLC2_R,2,MN_all_right,142911,19.0
LPLC2_R,2,MN_all_right,142932,35.0
LPLC2_R,2,MN_all_right,142956,43.0
LPLC2_R,2,MN_all_right,143020,5.0
LPLC2_R,2,MN_all_right,143136,21.0
LPLC2_R,2,MN_all_right,143140,2.0
LPLC2_R,2,MN_all_right,143200,5.0
LPLC2_R,2,MN_all_right,143244,4.0
LPLC2_R,2,MN_all_right,143277,3.0
LPLC2_R,2,MN_all_right,143304,46.0
LPLC2_R,2,MN_all_right,143341,29.0
LPLC2_R,2,MN_all_right,143362,7.0
LPLC2_R,2,MN_all_right,143454,7.0
LPLC2_R,2,MN_all_right,143460,6.0
LPLC2_R,2,MN_all_right,143467,18.0
LPLC2_R,2,MN_all_right,143566,15.0
LPLC2_R,2,MN_all_right,143567,24.0
LPLC2_R,2,MN_all_right,143581,4.0
LPLC2_R,2,MN_all_right,143589,61.0
LPLC2_R,2,MN_all_right,143635,76.0
LPLC2_R,2,MN_all_right,143643,2.0
LPLC2_R,2,MN_all_right,143728,65.0
LPLC2_R,2,MN_all_right,143754,130.0
LPLC2_R,2,MN_all_right,143786,66.0
LPLC2_R,2,MN_all_right,143796,23.0
LPLC2_R,2,MN_all_right,143804,1.0
LPLC2_R,2,MN_all_right,143815,26.0
LPLC2_R,2,MN_all_right,143828,3.0
LPLC2_R,2,MN_all_right,143830,21.0
LPLC2_R,2,MN_all_right,143900,56.0
LPLC2_R,2,MN_all_right,144043,17.0
LPLC2_R,2,MN_all_right,144107,5.0
LPLC2_R,2,MN_all_right,144149,58.0
LPLC2_R,2,MN_all_right,144151,15.0
LPLC2_R,2,MN_all_right,144152,99.0
LPLC2_R,2,MN_all_right,144158,75.0
LPLC2_R,2,MN_all_right,144211,1.0
LPLC2_R,2,MN_all_right,144246,28.0
LPLC2_R,2,MN_all_right,144285,141.0
LPLC2_R,2,MN_all_right,144312,1.0
LPLC2_R,2,MN_all_right,144338,83.0
LPLC2_R,2,MN_all_right,144367,1.0
LPLC2_R,2,MN_all_right,144429,10.0
LPLC2_R,2,MN_all_right,144466,9.0
LPLC2_R,2,MN_all_right,144516,2.0
LPLC2_R,2,MN_all_right,144664,9.0
LPLC2_R,2,MN_all_right,144682,119.0
LPLC2_R,2,MN_all_right,144715,1.0
LPLC2_R,2,MN_all_right,144790,8.0
LPLC2_R,2,MN_all_right,144899,6.0
LPLC2_R,2,MN_all_right,144918,13.0
LPLC2_R,2,MN_all_right,144952,41.0
LPLC2_R,2,MN_all_right,144987,31.0
LPLC2_R,2,MN_all_right,145007,33.0
LPLC2_R,2,MN_all_right,145064,105.0
LPLC2_R,2,MN_all_right,145083,2.0
LPLC2_R,2,MN_all_right,145103,3.0
LPLC2_R,2,MN_all_right,145127,103.0
LPLC2_R,2,MN_all_right,145221,62.0
LPLC2_R,2,MN_all_right,145278,1.0
LPLC2_R,2,MN_all_right,145461,35.0
LPLC2_R,2,MN_all_right,145492,86.0
LPLC2_R,2,MN_all_right,145559,5.0
LPLC2_R,2,MN_all_right,145576,8.0
LPLC2_R,2,MN_all_right,145581,8.0
LPLC2_R,2,MN_all_right,145592,50.0
LPLC2_R,2,MN_all_right,145621,10.0
LPLC2_R,2,MN_all_right,145653,42.0
LPLC2_R,2,MN_all_right,145721,1.0
LPLC2_R,2,MN_all_right,145738,10.0
LPLC2_R,2,MN_all_right,145832,26.0
LPLC2_R,2,MN_all_right,145953,12.0
LPLC2_R,2,MN_all_right,145960,36.0
LPLC2_R,2,MN_all_right,146056,3.0
LPLC2_R,2,MN_all_right,146130,26.0
LPLC2_R,2,MN_all_right,146173,36.0
LPLC2_R,2,MN_all_right,146318,16.0
LPLC2_R,2,MN_all_right,146627,3.0
LPLC2_R,2,MN_all_right,146668,22.0
LPLC2_R,2,MN_all_right,146701,7.0
LPLC2_R,2,MN_all_right,146725,62.0
LPLC2_R,2,MN_all_right,146879,4.0
LPLC2_R,2,MN_all_right,147094,20.0
LPLC2_R,2,MN_all_right,147184,2.0
LPLC2_R,2,MN_all_right,147267,24.0
LPLC2_R,2,MN_all_right,147470,30.0
LPLC2_R,2,MN_all_right,147519,15.0
LPLC2_R,2,MN_all_right,147543,13.0
LPLC2_R,2,MN_all_right,147559,35.0
LPLC2_R,2,MN_all_right,147606,1.0
LPLC2_R,2,MN_all_right,147646,32.0
LPLC2_R,2,MN_all_right,147672,31.0
LPLC2_R,2,MN_all_right,147794,30.0
LPLC2_R,2,MN_all_right,147905,26.0
LPLC2_R,2,MN_all_right,147957,19.0
LPLC2_R,2,MN_all_right,148001,22.0
LPLC2_R,2,MN_all_right,148017,7.0
LPLC2_R,2,MN_all_right,148201,16.0
LPLC2_R,2,MN_all_right,148237,15.0
LPLC2_R,2,MN_all_right,148293,17.0
LPLC2_R,2,MN_all_right,148422,46.0
LPLC2_R,2,MN_all_right,148611,23.0
LPLC2_R,2,MN_all_right,148616,4.0
LPLC2_R,2,MN_all_right,148760,2.0
LPLC2_R,2,MN_all_right,148823,30.0
LPLC2_R,2,MN_all_right,148863,9.0
LPLC2_R,2,MN_all_right,148879,24.0
LPLC2_R,2,MN_all_right,148985,4.0
LPLC2_R,2,MN_all_right,148997,1.0
LPLC2_R,2,MN_all_right,149056,86.0
LPLC2_R,2,MN_all_right,149209,4.0
LPLC2_R,2,MN_all_right,149234,2.0
LPLC2_R,2,MN_all_right,149327,29.0
LPLC2_R,2,MN_all_right,149491,7.0
LPLC2_R,2,MN_all_right,149498,55.0
LPLC2_R,2,MN_all_right,149809,7.0
LPLC2_R,2,MN_all_right,149895,44.0
LPLC2_R,2,MN_all_right,149996,4.0
LPLC2_R,2,MN_all_right,150019,62.0
LPLC2_R,2,MN_all_right,150152,4.0
LPLC2_R,2,MN_all_right,150204,2.0
LPLC2_R,2,MN_all_right,150362,48.0
LPLC2_R,2,MN_all_right,150676,5.0
LPLC2_R,2,MN_all_right,150738,8.0
LPLC2_R,2,MN_all_right,150989,4.0
LPLC2_R,2,MN_all_right,152104,1.0
LPLC2_R,2,MN_all_right,152528,7.0
LPLC2_R,2,MN_all_right,153000,1.0
LPLC2_R,2,MN_all_right,153409,31.0
LPLC2_R,2,MN_all_right,153686,1.0
LPLC2_R,2,MN_all_right,154055,57.0
LPLC2_R,2,MN_all_right,154732,36.0
LPLC2_R,2,MN_all_right,154941,69.0
LPLC2_R,2,MN_all_right,155213,1.0
LPLC2_R,2,MN_all_right,158193,5.0
LPLC2_R,2,MN_all_right,158204,3.0
LPLC2_R,2,MN_all_right,158546,3.0
LPLC2_R,2,MN_all_right,158812,8.0
LPLC2_R,2,MN_all_right,159157,4.0
LPLC2_R,2,MN_all_right,159225,25.0
LPLC2_R,2,MN_all_right,159253,40.0
LPLC2_R,2,MN_all_right,159477,6.0
LPLC2_R,2,MN_all_right,159478,1.0
LPLC2_R,2,MN_all_right,159538,3.0
LPLC2_R,2,MN_all_right,159546,1.0
LPLC2_R,2,MN_all_right,160165,51.0
LPLC2_R,2,MN_all_right,160191,27.0
LPLC2_R,2,MN_all_right,160211,16.0
LPLC2_R,2,MN_all_right,160271,11.0
LPLC2_R,2,MN_all_right,160307,4.0
LPLC2_R,2,MN_all_right,160329,35.0
LPLC2_R,2,MN_all_right,160551,11.0
LPLC2_R,2,MN_all_right,160892,2.0
LPLC2_R,2,MN_all_right,162256,1.0
LPLC2_R,2,MN_all_right,162556,4.0
LPLC2_R,2,MN_all_right,162781,85.0
LPLC2_R,2,MN_all_right,164606,134.0
LPLC2_R,2,MN_all_right,164614,87.0
LPLC2_R,2,MN_all_right,164616,33.0
LPLC2_R,3,DN_all_left,6,23.0
LPLC2_R,3,DN_all_left,39,1.0
LPLC2_R,3,DN_all_left,78,13.0
LPLC2_R,3,DN_all_left,104,28.0
LPLC2_R,3,DN_all_left,144,16.0
LPLC2_R,3,DN_all_left,146,4.0
LPLC2_R,3,DN_all_left,147,1.0
LPLC2_R,3,DN_all_left,207,8.0
LPLC2_R,3,DN_all_left,226,4.0
LPLC2_R,3,DN_all_left,228,63.0
LPLC2_R,3,DN_all_left,252,2.0
LPLC2_R,3,DN_all_left,264,27.0
LPLC2_R,3,DN_all_left,273,86.0
LPLC2_R,3,DN_all_left,316,33.0
LPLC2_R,3,DN_all_left,333,9.0
LPLC2_R,3,DN_all_left,363,68.0
LPLC2_R,3,DN_all_left,384,3.0
LPLC2_R,3,DN_all_left,410,29.0
LPLC2_R,3,DN_all_left,433,1.0
LPLC2_R,3,DN_all_left,482,2.0
LPLC2_R,3,DN_all_left,489,3.0
LPLC2_R,3,DN_all_left,523,1.0
LPLC2_R,3,DN_all_left,541,19.0
LPLC2_R,3,DN_all_left,543,62.0
LPLC2_R,3,DN_all_left,603,4.0
LPLC2_R,3,DN_all_left,608,29.0
LPLC2_R,3,DN_all_left,614,2.0
LPLC2_R,3,DN_all_left,628,20.0
LPLC2_R,3,DN_all_left,632,5.0
LPLC2_R,3,DN_all_left,687,6.0
LPLC2_R,3,DN_all_left,741,32.0
LPLC2_R,3,DN_all_left,773,30.0
LPLC2_R,3,DN_all_left,781,5.0
LPLC2_R,3,DN_all_left,783,53.0
LPLC2_R,3,DN_all_left,791,3.0
LPLC2_R,3,DN_all_left,861,17.0
LPLC2_R,3,DN_all_left,879,17.0
LPLC2_R,3,DN_all_left,895,142.0
LPLC2_R,3,DN_all_left,927,1.0
LPLC2_R,3,DN_all_left,931,2.0
LPLC2_R,3,DN_all_left,953,18.0
LPLC2_R,3,DN_all_left,979,15.0
LPLC2_R,3,DN_all_left,984,2.0
LPLC2_R,3,DN_all_left,992,16.0
LPLC2_R,3,DN_all_left,993,9.0
LPLC2_R,3,DN_all_left,994,39.0
LPLC2_R,3,DN_all_left,1047,104.0
LPLC2_R,3,DN_all_left,1071,4.0
LPLC2_R,3,DN_all_left,1111,69.0
LPLC2_R,3,DN_all_left,1131,17.0
LPLC2_R,3,DN_all_left,1155,55.0
LPLC2_R,3,DN_all_left,1170,18.0
LPLC2_R,3,DN_all_left,1273,21.0
LPLC2_R,3,DN_all_left,1314,1.0
LPLC2_R,3,DN_all_left,1324,44.0
LPLC2_R,3,DN_all_left,1328,3.0
LPLC2_R,3,DN_all_left,1342,2.0
LPLC2_R,3,DN_all_left,1361,15.0
LPLC2_R,3,DN_all_left,1387,37.0
LPLC2_R,3,DN_all_left,1392,7.0
LPLC2_R,3,DN_all_left,1490,2.0
LPLC2_R,3,DN_all_left,1506,85.0
LPLC2_R,3,DN_all_left,1545,8.0
LPLC2_R,3,DN_all_left,1562,28.0
LPLC2_R,3,DN_all_left,1564,4.0
LPLC2_R,3,DN_all_left,1591,1.0
LPLC2_R,3,DN_all_left,1626,12.0
LPLC2_R,3,DN_all_left,1677,2.0
LPLC2_R,3,DN_all_left,1692,1.0
LPLC2_R,3,DN_all_left,1724,77.0
LPLC2_R,3,DN_all_left,1752,8.0
LPLC2_R,3,DN_all_left,1764,4.0
LPLC2_R,3,DN_all_left,1821,14.0
LPLC2_R,3,DN_all_left,1827,7.0
LPLC2_R,3,DN_all_left,1833,2.0
LPLC2_R,3,DN_all_left,1870,19.0
LPLC2_R,3,DN_all_left,1894,1.0
LPLC2_R,3,DN_all_left,1994,31.0
LPLC2_R,3,DN_all_left,2074,25.0
LPLC2_R,3,DN_all_left,2286,31.0
LPLC2_R,3,DN_all_left,2329,23.0
LPLC2_R,3,DN_all_left,2354,34.0
LPLC2_R,3,DN_all_left,2449,1.0
LPLC2_R,3,DN_all_left,2451,14.0
LPLC2_R,3,DN_all_left,2465,18.0
LPLC2_R,3,DN_all_left,2583,57.0
LPLC2_R,3,DN_all_left,2588,5.0
LPLC2_R,3,DN_all_left,2620,32.0
LPLC2_R,3,DN_all_left,2676,25.0
LPLC2_R,3,DN_all_left,2688,1.0
LPLC2_R,3,DN_all_left,2792,2.0
LPLC2_R,3,DN_all_left,2837,7.0
LPLC2_R,3,DN_all_left,2868,3.0
LPLC2_R,3,DN_all_left,2933,2.0
LPLC2_R,3,DN_all_left,3003,1.0
LPLC2_R,3,DN_all_left,3009,1.0
LPLC2_R,3,DN_all_left,3045,2.0
LPLC2_R,3,DN_all_left,3084,24.0
LPLC2_R,3,DN_all_left,3106,194.0
LPLC2_R,3,DN_all_left,3159,1.0
LPLC2_R,3,DN_all_left,3184,19.0
LPLC2_R,3,DN_all_left,3222,41.0
LPLC2_R,3,DN_all_left,3331,55.0
LPLC2_R,3,DN_all_left,3349,45.0
LPLC2_R,3,DN_all_left,3380,1.0
LPLC2_R,3,DN_all_left,3390,13.0
LPLC2_R,3,DN_all_left,3451,8.0
LPLC2_R,3,DN_all_left,3505,29.0
LPLC2_R,3,DN_all_left,3569,7.0
LPLC2_R,3,DN_all_left,3722,85.0
LPLC2_R,3,DN_all_left,3768,7.0
LPLC2_R,3,DN_all_left,3770,2.0
LPLC2_R,3,DN_all_left,3788,7.0
LPLC2_R,3,DN_all_left,3939,60.0
LPLC2_R,3,DN_all_left,3966,12.0
LPLC2_R,3,DN_all_left,4017,37.0
LPLC2_R,3,DN_all_left,4057,1.0
LPLC2_R,3,DN_all_left,4215,1.0
LPLC2_R,3,DN_all_left,4335,88.0
LPLC2_R,3,DN_all_left,4591,1.0
LPLC2_R,3,DN_all_left,4609,21.0
LPLC2_R,3,DN_all_left,4678,1.0
LPLC2_R,3,DN_all_left,4679,1.0
LPLC2_R,3,DN_all_left,4685,9.0
LPLC2_R,3,DN_all_left,4917,51.0
LPLC2_R,3,DN_all_left,5056,18.0
LPLC2_R,3,DN_all_left,5067,54.0
LPLC2_R,3,DN_all_left,5129,1.0
LPLC2_R,3,DN_all_left,5300,1.0
LPLC2_R,3,DN_all_left,5678,15.0
LPLC2_R,3,DN_all_left,5867,55.0
LPLC2_R,3,DN_all_left,5993,11.0
LPLC2_R,3,DN_all_left,6736,20.0
LPLC2_R,3,DN_all_left,7415,1.0
LPLC2_R,3,DN_all_left,8764,12.0
LPLC2_R,3,DN_all_left,8870,1.0
LPLC2_R,3,DN_all_left,8977,2.0
LPLC2_R,3,DN_all_left,9057,2.0
LPLC2_R,3,DN_all_left,9207,2.0
LPLC2_R,3,DN_all_left,9300,1.0
LPLC2_R,3,DN_all_left,10086,9.0
LPLC2_R,3,DN_all_left,10532,4.0
LPLC2_R,3,DN_all_left,11249,7.0
LPLC2_R,3,DN_all_left,12085,1.0
LPLC2_R,3,DN_all_left,12839,2.0
LPLC2_R,3,DN_all_left,12883,97.0
LPLC2_R,3,DN_all_left,13746,1.0
LPLC2_R,3,DN_all_left,14132,6.0
LPLC2_R,3,DN_all_left,14329,16.0
LPLC2_R,3,DN_all_left,14442,11.0
LPLC2_R,3,DN_all_left,15020,1.0
LPLC2_R,3,DN_all_left,15782,4.0
LPLC2_R,3,DN_all_left,16757,1.0
LPLC2_R,3,DN_all_left,16779,2.0
LPLC2_R,3,DN_all_left,17045,5.0
LPLC2_R,3,DN_all_left,17402,2.0
LPLC2_R,3,DN_all_left,19578,17.0
LPLC2_R,3,DN_all_left,23287,4.0
LPLC2_R,3,DN_all_left,25769,1.0
LPLC2_R,3,DN_all_left,28642,9.0
LPLC2_R,3,DN_all_left,28804,23.0
LPLC2_R,3,DN_all_left,40339,9.0
LPLC2_R,3,DN_all_left,49995,11.0
LPLC2_R,3,DN_all_left,50715,2.0
LPLC2_R,3,DN_all_left,53674,9.0
LPLC2_R,3,DN_all_left,60324,26.0
LPLC2_R,3,DN_all_left,60365,1.0
LPLC2_R,3,DN_all_left,70432,1.0
LPLC2_R,3,DN_all_left,116552,1.0
LPLC2_R,3,DN_all_left,120436,2.0
LPLC2_R,3,DN_all_left,120875,1.0
LPLC2_R,3,DN_all_left,124448,6.0
LPLC2_R,3,DN_all_left,124813,3.0
LPLC2_R,3,DN_all_left,125112,4.0
LPLC2_R,3,DN_all_left,125333,2.0
LPLC2_R,3,DN_all_left,126100,29.0
LPLC2_R,3,DN_all_left,126526,1.0
LPLC2_R,3,DN_all_left,127958,10.0
LPLC2_R,3,DN_all_left,128595,4.0
LPLC2_R,3,DN_all_left,128725,30.0
LPLC2_R,3,DN_all_left,128822,2.0
LPLC2_R,3,DN_all_left,128862,28.0
LPLC2_R,3,DN_all_left,129107,18.0
LPLC2_R,3,DN_all_left,129520,9.0
LPLC2_R,3,DN_all_left,129654,4.0
LPLC2_R,3,DN_all_left,130496,11.0
LPLC2_R,3,DN_all_left,131552,1.0
LPLC2_R,3,DN_all_left,132535,14.0
LPLC2_R,3,DN_all_left,132582,3.0
LPLC2_R,3,DN_all_left,133364,4.0
LPLC2_R,3,DN_all_left,135657,51.0
LPLC2_R,3,DN_all_left,138118,1.0
LPLC2_R,3,DN_all_left,139863,6.0
LPLC2_R,3,DN_all_left,140885,1.0
LPLC2_R,3,DN_all_left,140913,2.0
LPLC2_R,3,DN_all_left,141026,70.0
LPLC2_R,3,DN_all_left,141033,115.0
LPLC2_R,3,DN_all_left,142108,94.0
LPLC2_R,3,DN_all_left,142174,11.0
LPLC2_R,3,DN_all_left,144939,17.0
LPLC2_R,3,DN_all_right,0,206.0
LPLC2_R,3,DN_all_right,25,15.0
LPLC2_R,3,DN_all_right,45,11.0
LPLC2_R,3,DN_all_right,48,1.0
LPLC2_R,3,DN_all_right,51,28.0
LPLC2_R,3,DN_all_right,52,61.0
LPLC2_R,3,DN_all_right,55,1.0
LPLC2_R,3,DN_all_right,92,1.0
LPLC2_R,3,DN_all_right,117,4.0
LPLC2_R,3,DN_all_right,137,7.0
LPLC2_R,3,DN_all_right,215,51.0
LPLC2_R,3,DN_all_right,243,49.0
LPLC2_R,3,DN_all_right,259,3.0
LPLC2_R,3,DN_all_right,261,210.0
LPLC2_R,3,DN_all_right,274,2.0
LPLC2_R,3,DN_all_right,327,29.0
LPLC2_R,3,DN_all_right,378,1.0
LPLC2_R,3,DN_all_right,424,1.0
LPLC2_R,3,DN_all_right,428,5.0
LPLC2_R,3,DN_all_right,467,9.0
LPLC2_R,3,DN_all_right,505,4.0
LPLC2_R,3,DN_all_right,520,1.0
LPLC2_R,3,DN_all_right,545,56.0
LPLC2_R,3,DN_all_right,559,125.0
LPLC2_R,3,DN_all_right,620,3.0
LPLC2_R,3,DN_all_right,624,4.0
LPLC2_R,3,DN_all_right,654,2.0
LPLC2_R,3,DN_all_right,661,1.0
LPLC2_R,3,DN_all_right,680,164.0
LPLC2_R,3,DN_all_right,746,1.0
LPLC2_R,3,DN_all_right,762,79.0
LPLC2_R,3,DN_all_right,763,3.0
LPLC2_R,3,DN_all_right,777,3.0
LPLC2_R,3,DN_all_right,785,39.0
LPLC2_R,3,DN_all_right,794,2.0
LPLC2_R,3,DN_all_right,809,6.0
LPLC2_R,3,DN_all_right,828,8.0
LPLC2_R,3,DN_all_right,853,168.0
LPLC2_R,3,DN_all_right,886,74.0
LPLC2_R,3,DN_all_right,894,94.0
LPLC2_R,3,DN_all_right,911,3.0
LPLC2_R,3,DN_all_right,945,2.0
LPLC2_R,3,DN_all_right,1007,7.0
LPLC2_R,3,DN_all_right,1021,70.0
LPLC2_R,3,DN_all_right,1048,70.0
LPLC2_R,3,DN_all_right,1052,188.0
LPLC2_R,3,DN_all_right,1070,1.0
LPLC2_R,3,DN_all_right,1108,5.0
LPLC2_R,3,DN_all_right,1165,45.0
LPLC2_R,3,DN_all_right,1166,1.0
LPLC2_R,3,DN_all_right,1168,14.0
LPLC2_R,3,DN_all_right,1198,17.0
LPLC2_R,3,DN_all_right,1210,71.0
LPLC2_R,3,DN_all_right,1222,10.0
LPLC2_R,3,DN_all_right,1242,86.0
LPLC2_R,3,DN_all_right,1269,38.0
LPLC2_R,3,DN_all_right,1277,54.0
LPLC2_R,3,DN_all_right,1382,3.0
LPLC2_R,3,DN_all_right,1405,11.0
LPLC2_R,3,DN_all_right,1412,5.0
LPLC2_R,3,DN_all_right,1457,17.0
LPLC2_R,3,DN_all_right,1468,2.0
LPLC2_R,3,DN_all_right,1492,3.0
LPLC2_R,3,DN_all_right,1575,4.0
LPLC2_R,3,DN_all_right,1581,38.0
LPLC2_R,3,DN_all_right,1648,35.0
LPLC2_R,3,DN_all_right,1653,2.0
LPLC2_R,3,DN_all_right,1699,38.0
LPLC2_R,3,DN_all_right,1748,1.0
LPLC2_R,3,DN_all_right,1756,1.0
LPLC2_R,3,DN_all_right,1789,24.0
LPLC2_R,3,DN_all_right,1804,7.0
LPLC2_R,3,DN_all_right,1837,16.0
LPLC2_R,3,DN_all_right,1909,3.0
LPLC2_R,3,DN_all_right,1954,26.0
LPLC2_R,3,DN_all_right,1965,1.0
LPLC2_R,3,DN_all_right,1995,2.0
LPLC2_R,3,DN_all_right,2033,12.0
LPLC2_R,3,DN_all_right,2037,14.0
LPLC2_R,3,DN_all_right,2070,32.0
LPLC2_R,3,DN_all_right,2079,19.0
LPLC2_R,3,DN_all_right,2094,30.0
LPLC2_R,3,DN_all_right,2120,8.0
LPLC2_R,3,DN_all_right,2238,2.0
LPLC2_R,3,DN_all_right,2289,1.0
LPLC2_R,3,DN_all_right,2295,1.0
LPLC2_R,3,DN_all_right,2350,112.0
LPLC2_R,3,DN_all_right,2420,1.0
LPLC2_R,3,DN_all_right,2433,1.0
LPLC2_R,3,DN_all_right,2458,71.0
LPLC2_R,3,DN_all_right,2575,10.0
LPLC2_R,3,DN_all_right,2606,10.0
LPLC2_R,3,DN_all_right,2607,4.0
LPLC2_R,3,DN_all_right,2613,39.0
LPLC2_R,3,DN_all_right,2636,1.0
LPLC2_R,3,DN_all_right,2659,14.0
LPLC2_R,3,DN_all_right,2752,6.0
LPLC2_R,3,DN_all_right,2841,1.0
LPLC2_R,3,DN_all_right,3020,38.0
LPLC2_R,3,DN_all_right,3036,1.0
LPLC2_R,3,DN_all_right,3059,9.0
LPLC2_R,3,DN_all_right,3067,1.0
LPLC2_R,3,DN_all_right,3149,1.0
LPLC2_R,3,DN_all_right,3220,195.0
LPLC2_R,3,DN_all_right,3278,8.0
LPLC2_R,3,DN_all_right,3348,25.0
LPLC2_R,3,DN_all_right,3374,13.0
LPLC2_R,3,DN_all_right,3383,5.0
LPLC2_R,3,DN_all_right,3385,1.0
LPLC2_R,3,DN_all_right,3403,4.0
LPLC2_R,3,DN_all_right,3406,1.0
LPLC2_R,3,DN_all_right,3491,17.0
LPLC2_R,3,DN_all_right,3593,16.0
LPLC2_R,3,DN_all_right,3625,11.0
LPLC2_R,3,DN_all_right,3654,5.0
LPLC2_R,3,DN_all_right,3694,3.0
LPLC2_R,3,DN_all_right,3707,1.0
LPLC2_R,3,DN_all_right,3754,40.0
LPLC2_R,3,DN_all_right,3811,3.0
LPLC2_R,3,DN_all_right,3828,2.0
LPLC2_R,3,DN_all_right,3853,1.0
LPLC2_R,3,DN_all_right,3862,2.0
LPLC2_R,3,DN_all_right,3865,1.0
LPLC2_R,3,DN_all_right,3945,29.0
LPLC2_R,3,DN_all_right,4020,6.0
LPLC2_R,3,DN_all_right,4078,24.0
LPLC2_R,3,DN_all_right,4098,20.0
LPLC2_R,3,DN_all_right,4467,1.0
LPLC2_R,3,DN_all_right,4479,1.0
LPLC2_R,3,DN_all_right,4641,42.0
LPLC2_R,3,DN_all_right,4645,44.0
LPLC2_R,3,DN_all_right,4680,2.0
LPLC2_R,3,DN_all_right,4801,1.0
LPLC2_R,3,DN_all_right,5124,46.0
LPLC2_R,3,DN_all_right,5211,1.0
LPLC2_R,3,DN_all_right,5348,33.0
LPLC2_R,3,DN_all_right,5381,1.0
LPLC2_R,3,DN_all_right,5458,45.0
LPLC2_R,3,DN_all_right,5739,10.0
LPLC2_R,3,DN_all_right,6152,1.0
LPLC2_R,3,DN_all_right,6255,1.0
LPLC2_R,3,DN_all_right,6278,7.0
LPLC2_R,3,DN_all_right,7801,4.0
LPLC2_R,3,DN_all_right,9254,107.0
LPLC2_R,3,DN_all_right,9458,58.0
LPLC2_R,3,DN_all_right,9662,12.0
LPLC2_R,3,DN_all_right,9780,89.0
LPLC2_R,3,DN_all_right,9912,18.0
LPLC2_R,3,DN_all_right,10368,6.0
LPLC2_R,3,DN_all_right,11239,8.0
LPLC2_R,3,DN_all_right,12150,5.0
LPLC2_R,3,DN_all_right,12336,6.0
LPLC2_R,3,DN_all_right,12572,8.0
LPLC2_R,3,DN_all_right,14496,7.0
LPLC2_R,3,DN_all_right,15028,4.0
LPLC2_R,3,DN_all_right,15460,2.0
LPLC2_R,3,DN_all_right,15893,20.0
LPLC2_R,3,DN_all_right,17700,1.0
LPLC2_R,3,DN_all_right,18221,3.0
LPLC2_R,3,DN_all_right,19450,7.0
LPLC2_R,3,DN_all_right,23535,2.0
LPLC2_R,3,DN_all_right,27054,5.0
LPLC2_R,3,DN_all_right,27532,8.0
LPLC2_R,3,DN_all_right,32032,9.0
LPLC2_R,3,DN_all_right,47173,24.0
LPLC2_R,3,DN_all_right,51855,6.0
LPLC2_R,3,DN_all_right,72835,16.0
LPLC2_R,3,DN_all_right,117981,8.0
LPLC2_R,3,DN_all_right,118808,1.0
LPLC2_R,3,DN_all_right,121642,1.0
LPLC2_R,3,DN_all_right,123333,9.0
LPLC2_R,3,DN_all_right,124419,4.0
LPLC2_R,3,DN_all_right,124920,3.0
LPLC2_R,3,DN_all_right,125430,4.0
LPLC2_R,3,DN_all_right,125699,1.0
LPLC2_R,3,DN_all_right,125795,6.0
LPLC2_R,3,DN_all_right,126404,32.0
LPLC2_R,3,DN_all_right,127734,3.0
LPLC2_R,3,DN_all_right,127758,3.0
LPLC2_R,3,DN_all_right,128032,68.0
LPLC2_R,3,DN_all_right,128892,36.0
LPLC2_R,3,DN_all_right,129301,1.0
LPLC2_R,3,DN_all_right,129718,12.0
LPLC2_R,3,DN_all_right,130252,1.0
LPLC2_R,3,DN_all_right,130847,41.0
LPLC2_R,3,DN_all_right,130858,1.0
LPLC2_R,3,DN_all_right,131136,80.0
LPLC2_R,3,DN_all_right,131365,2.0
LPLC2_R,3,DN_all_right,131434,5.0
LPLC2_R,3,DN_all_right,131504,3.0
LPLC2_R,3,DN_all_right,133544,8.0
LPLC2_R,3,DN_all_right,140621,1.0
LPLC2_R,3,DN_all_right,140980,1.0
LPLC2_R,3,DN_all_right,141735,28.0
LPLC2_R,3,DN_all_right,143416,54.0
LPLC2_R,3,DN_all_right,144269,62.0
LPLC2_R,3,DN_all_right,145368,40.0
LPLC2_R,3,DN_all_right,151545,1.0
LPLC2_R,3,DN_all_right,161396,62.0
LPLC2_R,3,DN_all_right,162540,1.0
LPLC2_R,3,MN_all_left,111304,2.0
LPLC2_R,3,MN_all_left,142836,34.0
LPLC2_R,3,MN_all_left,142922,1.0
LPLC2_R,3,MN_all_left,142929,47.0
LPLC2_R,3,MN_all_left,142964,27.0
LPLC2_R,3,MN_all_left,143088,110.0
LPLC2_R,3,MN_all_left,143139,5.0
LPLC2_R,3,MN_all_left,143160,25.0
LPLC2_R,3,MN_all_left,143221,17.0
LPLC2_R,3,MN_all_left,143222,32.0
LPLC2_R,3,MN_all_left,143231,30.0
LPLC2_R,3,MN_all_left,143243,47.0
LPLC2_R,3,MN_all_left,143252,20.0
LPLC2_R,3,MN_all_left,143281,1.0
LPLC2_R,3,MN_all_left,143322,127.0
LPLC2_R,3,MN_all_left,143353,4.0
LPLC2_R,3,MN_all_left,143418,24.0
LPLC2_R,3,MN_all_left,143421,13.0
LPLC2_R,3,MN_all_left,143436,1.0
LPLC2_R,3,MN_all_left,143445,132.0
LPLC2_R,3,MN_all_left,143464,31.0
LPLC2_R,3,MN_all_left,143478,18.0
LPLC2_R,3,MN_all_left,143539,1.0
LPLC2_R,3,MN_all_left,143540,2.0
LPLC2_R,3,MN_all_left,143626,13.0
LPLC2_R,3,MN_all_left,143654,3.0
LPLC2_R,3,MN_all_left,143690,15.0
LPLC2_R,3,MN_all_left,143700,23.0
LPLC2_R,3,MN_all_left,143751,12.0
LPLC2_R,3,MN_all_left,143760,11.0
LPLC2_R,3,MN_all_left,143860,5.0
LPLC2_R,3,MN_all_left,143901,5.0
LPLC2_R,3,MN_all_left,143949,35.0
LPLC2_R,3,MN_all_left,144071,17.0
LPLC2_R,3,MN_all_left,144086,24.0
LPLC2_R,3,MN_all_left,144111,51.0
LPLC2_R,3,MN_all_left,144209,134.0
LPLC2_R,3,MN_all_left,144222,3.0
LPLC2_R,3,MN_all_left,144234,60.0
LPLC2_R,3,MN_all_left,144248,9.0
LPLC2_R,3,MN_all_left,144265,131.0
LPLC2_R,3,MN_all_left,144290,6.0
LPLC2_R,3,MN_all_left,144377,6.0
LPLC2_R,3,MN_all_left,144382,56.0
LPLC2_R,3,MN_all_left,144400,35.0
LPLC2_R,3,MN_all_left,144439,2.0
LPLC2_R,3,MN_all_left,144450,30.0
LPLC2_R,3,MN_all_left,144465,34.0
LPLC2_R,3,MN_all_left,144494,3.0
LPLC2_R,3,MN_all_left,144508,2.0
LPLC2_R,3,MN_all_left,144538,1.0
LPLC2_R,3,MN_all_left,144576,37.0
LPLC2_R,3,MN_all_left,144578,1.0
LPLC2_R,3,MN_all_left,144584,21.0
LPLC2_R,3,MN_all_left,144657,8.0
LPLC2_R,3,MN_all_left,144687,1.0
LPLC2_R,3,MN_all_left,144821,64.0
LPLC2_R,3,MN_all_left,144860,16.0
LPLC2_R,3,MN_all_left,144878,8.0
LPLC2_R,3,MN_all_left,144897,3.0
LPLC2_R,3,MN_all_left,144964,2.0
LPLC2_R,3,MN_all_left,144974,31.0
LPLC2_R,3,MN_all_left,144997,1.0
LPLC2_R,3,MN_all_left,145034,116.0
LPLC2_R,3,MN_all_left,145063,13.0
LPLC2_R,3,MN_all_left,145081,51.0
LPLC2_R,3,MN_all_left,145094,3.0
LPLC2_R,3,MN_all_left,145109,17.0
LPLC2_R,3,MN_all_left,145142,2.0
LPLC2_R,3,MN_all_left,145198,55.0
LPLC2_R,3,MN_all_left,145207,15.0
LPLC2_R,3,MN_all_left,145217,3.0
LPLC2_R,3,MN_all_left,145274,62.0
LPLC2_R,3,MN_all_left,145303,36.0
LPLC2_R,3,MN_all_left,145351,5.0
LPLC2_R,3,MN_all_left,145382,10.0
LPLC2_R,3,MN_all_left,145405,29.0
LPLC2_R,3,MN_all_left,145438,24.0
LPLC2_R,3,MN_all_left,145564,11.0
LPLC2_R,3,MN_all_left,145573,25.0
LPLC2_R,3,MN_all_left,145652,1.0
LPLC2_R,3,MN_all_left,145660,5.0
LPLC2_R,3,MN_all_left,145672,26.0
LPLC2_R,3,MN_all_left,145732,16.0
LPLC2_R,3,MN_all_left,145766,27.0
LPLC2_R,3,MN_all_left,145796,94.0
LPLC2_R,3,MN_all_left,145805,31.0
LPLC2_R,3,MN_all_left,145911,26.0
LPLC2_R,3,MN_all_left,145918,1.0
LPLC2_R,3,MN_all_left,145975,38.0
LPLC2_R,3,MN_all_left,146072,32.0
LPLC2_R,3,MN_all_left,146107,19.0
LPLC2_R,3,MN_all_left,146333,7.0
LPLC2_R,3,MN_all_left,146441,1.0
LPLC2_R,3,MN_all_left,146494,4.0
LPLC2_R,3,MN_all_left,146507,1.0
LPLC2_R,3,MN_all_left,146556,6.0
LPLC2_R,3,MN_all_left,146590,23.0
LPLC2_R,3,MN_all_left,146748,96.0
LPLC2_R,3,MN_all_left,146821,3.0
LPLC2_R,3,MN_all_left,147111,1.0
LPLC2_R,3,MN_all_left,147153,41.0
LPLC2_R,3,MN_all_left,147241,38.0
LPLC2_R,3,MN_all_left,147254,35.0
LPLC2_R,3,MN_all_left,147272,15.0
LPLC2_R,3,MN_all_left,147311,25.0
LPLC2_R,3,MN_all_left,147418,4.0
LPLC2_R,3,MN_all_left,147444,15.0
LPLC2_R,3,MN_all_left,147449,26.0
LPLC2_R,3,MN_all_left,147492,39.0
LPLC2_R,3,MN_all_left,147569,29.0
LPLC2_R,3,MN_all_left,147690,13.0
LPLC2_R,3,MN_all_left,147730,15.0
LPLC2_R,3,MN_all_left,147938,1.0
LPLC2_R,3,MN_all_left,147977,3.0
LPLC2_R,3,MN_all_left,148076,5.0
LPLC2_R,3,MN_all_left,148126,42.0
LPLC2_R,3,MN_all_left,148144,19.0
LPLC2_R,3,MN_all_left,148349,13.0
LPLC2_R,3,MN_all_left,148397,23.0
LPLC2_R,3,MN_all_left,148537,30.0
LPLC2_R,3,MN_all_left,148589,59.0
LPLC2_R,3,MN_all_left,148779,8.0
LPLC2_R,3,MN_all_left,148852,10.0
LPLC2_R,3,MN_all_left,148953,82.0
LPLC2_R,3,MN_all_left,148964,2.0
LPLC2_R,3,MN_all_left,148984,6.0
LPLC2_R,3,MN_all_left,149011,1.0
LPLC2_R,3,MN_all_left,149101,1.0
LPLC2_R,3,MN_all_left,149298,28.0
LPLC2_R,3,MN_all_left,149557,11.0
LPLC2_R,3,MN_all_left,149592,81.0
LPLC2_R,3,MN_all_left,149636,16.0
LPLC2_R,3,MN_all_left,149722,6.0
LPLC2_R,3,MN_all_left,150276,86.0
LPLC2_R,3,MN_all_left,150280,12.0
LPLC2_R,3,MN_all_left,150354,18.0
LPLC2_R,3,MN_all_left,150850,1.0
LPLC2_R,3,MN_all_left,150864,38.0
LPLC2_R,3,MN_all_left,151089,1.0
LPLC2_R,3,MN_all_left,152375,6.0
LPLC2_R,3,MN_all_left,152535,70.0
LPLC2_R,3,MN_all_left,152793,7.0
LPLC2_R,3,MN_all_left,153181,3.0
LPLC2_R,3,MN_all_left,154142,40.0
LPLC2_R,3,MN_all_left,154315,74.0
LPLC2_R,3,MN_all_left,154887,59.0
LPLC2_R,3,MN_all_left,158328,2.0
LPLC2_R,3,MN_all_left,158604,1.0
LPLC2_R,3,MN_all_left,159087,45.0
LPLC2_R,3,MN_all_left,159285,3.0
LPLC2_R,3,MN_all_left,159287,6.0
LPLC2_R,3,MN_all_left,159288,23.0
LPLC2_R,3,MN_all_left,159417,6.0
LPLC2_R,3,MN_all_left,159488,12.0
LPLC2_R,3,MN_all_left,160070,12.0
LPLC2_R,3,MN_all_left,160137,19.0
LPLC2_R,3,MN_all_left,160430,3.0
LPLC2_R,3,MN_all_left,160448,96.0
LPLC2_R,3,MN_all_left,160854,44.0
LPLC2_R,3,MN_all_left,162557,1.0
LPLC2_R,3,MN_all_left,162657,3.0
LPLC2_R,3,MN_all_left,162782,106.0
LPLC2_R,3,MN_all_left,162796,111.0
LPLC2_R,3,MN_all_left,162914,59.0
LPLC2_R,3,MN_all_left,164726,5.0
LPLC2_R,3,MN_all_right,142834,119.0
LPLC2_R,3,MN_all_right,142900,71.0
LPLC2_R,3,MN_all_right,142911,15.0
LPLC2_R,3,MN_all_right,142932,28.0
LPLC2_R,3,MN_all_right,142956,31.0
LPLC2_R,3,MN_all_right,143020,9.0
LPLC2_R,3,MN_all_right,143136,31.0
LPLC2_R,3,MN_all_right,143140,5.0
LPLC2_R,3,MN_all_right,143200,6.0
LPLC2_R,3,MN_all_right,143244,2.0
LPLC2_R,3,MN_all_right,143277,1.0
LPLC2_R,3,MN_all_right,143304,53.0
LPLC2_R,3,MN_all_right,143341,28.0
LPLC2_R,3,MN_all_right,143362,6.0
LPLC2_R,3,MN_all_right,143454,4.0
LPLC2_R,3,MN_all_right,143460,5.0
LPLC2_R,3,MN_all_right,143467,15.0
LPLC2_R,3,MN_all_right,143498,1.0
LPLC2_R,3,MN_all_right,143566,28.0
LPLC2_R,3,MN_all_right,143567,28.0
LPLC2_R,3,MN_all_right,143581,1.0
LPLC2_R,3,MN_all_right,143589,57.0
LPLC2_R,3,MN_all_right,143635,72.0
LPLC2_R,3,MN_all_right,143643,2.0
LPLC2_R,3,MN_all_right,143728,63.0
LPLC2_R,3,MN_all_right,143754,134.0
LPLC2_R,3,MN_all_right,143786,62.0
LPLC2_R,3,MN_all_right,143796,17.0
LPLC2_R,3,MN_all_right,143804,2.0
LPLC2_R,3,MN_all_right,143815,28.0
LPLC2_R,3,MN_all_right,143830,11.0
LPLC2_R,3,MN_all_right,143900,57.0
LPLC2_R,3,MN_all_right,144043,14.0
LPLC2_R,3,MN_all_right,144056,1.0
LPLC2_R,3,MN_all_right,144107,2.0
LPLC2_R,3,MN_all_right,144149,50.0
LPLC2_R,3,MN_all_right,144151,22.0
LPLC2_R,3,MN_all_right,144152,98.0
LPLC2_R,3,MN_all_right,144158,76.0
LPLC2_R,3,MN_all_right,144211,1.0
LPLC2_R,3,MN_all_right,144246,30.0
LPLC2_R,3,MN_all_right,144285,136.0
LPLC2_R,3,MN_all_right,144338,80.0
LPLC2_R,3,MN_all_right,144429,11.0
LPLC2_R,3,MN_all_right,144466,9.0
LPLC2_R,3,MN_all_right,144516,1.0
LPLC2_R,3,MN_all_right,144664,3.0
LPLC2_R,3,MN_all_right,144682,117.0
LPLC2_R,3,MN_all_right,144768,1.0
LPLC2_R,3,MN_all_right,144790,10.0
LPLC2_R,3,MN_all_right,144899,8.0
LPLC2_R,3,MN_all_right,144918,9.0
LPLC2_R,3,MN_all_right,144952,48.0
LPLC2_R,3,MN_all_right,144987,23.0
LPLC2_R,3,MN_all_right,145007,40.0
LPLC2_R,3,MN_all_right,145064,108.0
LPLC2_R,3,MN_all_right,145083,3.0
LPLC2_R,3,MN_all_right,145103,4.0
LPLC2_R,3,MN_all_right,145127,103.0
LPLC2_R,3,MN_all_right,145221,61.0
LPLC2_R,3,MN_all_right,145278,3.0
LPLC2_R,3,MN_all_right,145327,1.0
LPLC2_R,3,MN_all_right,145461,38.0
LPLC2_R,3,MN_all_right,145492,86.0
LPLC2_R,3,MN_all_right,145559,3.0
LPLC2_R,3,MN_all_right,145576,12.0
LPLC2_R,3,MN_all_right,145581,8.0
LPLC2_R,3,MN_all_right,145592,49.0
LPLC2_R,3,MN_all_right,145621,12.0
LPLC2_R,3,MN_all_right,145653,46.0
LPLC2_R,3,MN_all_right,145721,4.0
LPLC2_R,3,MN_all_right,145738,18.0
LPLC2_R,3,MN_all_right,145832,18.0
LPLC2_R,3,MN_all_right,145953,16.0
LPLC2_R,3,MN_all_right,145960,37.0
LPLC2_R,3,MN_all_right,146056,2.0
LPLC2_R,3,MN_all_right,146130,26.0
LPLC2_R,3,MN_all_right,146173,33.0
LPLC2_R,3,MN_all_right,146318,18.0
LPLC2_R,3,MN_all_right,146627,1.0
LPLC2_R,3,MN_all_right,146668,17.0
LPLC2_R,3,MN_all_right,146701,13.0
LPLC2_R,3,MN_all_right,146725,53.0
LPLC2_R,3,MN_all_right,146879,3.0
LPLC2_R,3,MN_all_right,147094,13.0
LPLC2_R,3,MN_all_right,147184,7.0
LPLC2_R,3,MN_all_right,147267,23.0
LPLC2_R,3,MN_all_right,147423,2.0
LPLC2_R,3,MN_all_right,147470,35.0
LPLC2_R,3,MN_all_right,147519,15.0
LPLC2_R,3,MN_all_right,147543,18.0
LPLC2_R,3,MN_all_right,147559,37.0
LPLC2_R,3,MN_all_right,147646,33.0
LPLC2_R,3,MN_all_right,147672,35.0
LPLC2_R,3,MN_all_right,147794,32.0
LPLC2_R,3,MN_all_right,147905,25.0
LPLC2_R,3,MN_all_right,147957,17.0
LPLC2_R,3,MN_all_right,148001,22.0
LPLC2_R,3,MN_all_right,148017,6.0
LPLC2_R,3,MN_all_right,148201,17.0
LPLC2_R,3,MN_all_right,148237,19.0
LPLC2_R,3,MN_all_right,148293,17.0
LPLC2_R,3,MN_all_right,148422,39.0
LPLC2_R,3,MN_all_right,148611,25.0
LPLC2_R,3,MN_all_right,148616,6.0
LPLC2_R,3,MN_all_right,148760,1.0
LPLC2_R,3,MN_all_right,148823,33.0
LPLC2_R,3,MN_all_right,148863,9.0
LPLC2_R,3,MN_all_right,148879,19.0
LPLC2_R,3,MN_all_right,148985,6.0
LPLC2_R,3,MN_all_right,148997,2.0
LPLC2_R,3,MN_all_right,149056,85.0
LPLC2_R,3,MN_all_right,149209,6.0
LPLC2_R,3,MN_all_right,149234,2.0
LPLC2_R,3,MN_all_right,149327,21.0
LPLC2_R,3,MN_all_right,149491,8.0
LPLC2_R,3,MN_all_right,149498,83.0
LPLC2_R,3,MN_all_right,149809,7.0
LPLC2_R,3,MN_all_right,149895,65.0
LPLC2_R,3,MN_all_right,149996,4.0
LPLC2_R,3,MN_all_right,150019,55.0
LPLC2_R,3,MN_all_right,150152,6.0
LPLC2_R,3,MN_all_right,150204,3.0
LPLC2_R,3,MN_all_right,150362,64.0
LPLC2_R,3,MN_all_right,150676,3.0
LPLC2_R,3,MN_all_right,150738,2.0
LPLC2_R,3,MN_all_right,150989,2.0
LPLC2_R,3,MN_all_right,152104,1.0
LPLC2_R,3,MN_all_right,152528,5.0
LPLC2_R,3,MN_all_right,153000,4.0
LPLC2_R,3,MN_all_right,153409,31.0
LPLC2_R,3,MN_all_right,153686,1.0
LPLC2_R,3,MN_all_right,154055,75.0
LPLC2_R,3,MN_all_right,154732,38.0
LPLC2_R,3,MN_all_right,154941,71.0
LPLC2_R,3,MN_all_right,156514,1.0
LPLC2_R,3,MN_all_right,158204,1.0
LPLC2_R,3,MN_all_right,158812,4.0
LPLC2_R,3,MN_all_right,159157,4.0
LPLC2_R,3,MN_all_right,159225,24.0
LPLC2_R,3,MN_all_right,159253,27.0
LPLC2_R,3,MN_all_right,159477,6.0
LPLC2_R,3,MN_all_right,159478,1.0
LPLC2_R,3,MN_all_right,159538,1.0
LPLC2_R,3,MN_all_right,159546,1.0
LPLC2_R,3,MN_all_right,160165,74.0
LPLC2_R,3,MN_all_right,160191,26.0
LPLC2_R,3,MN_all_right,160211,20.0
LPLC2_R,3,MN_all_right,160271,13.0
LPLC2_R,3,MN_all_right,160307,1.0
LPLC2_R,3,MN_all_right,160329,27.0
LPLC2_R,3,MN_all_right,160551,14.0
LPLC2_R,3,MN_all_right,160892,5.0
LPLC2_R,3,MN_all_right,161523,4.0
LPLC2_R,3,MN_all_right,162256,2.0
LPLC2_R,3,MN_all_right,162556,9.0
LPLC2_R,3,MN_all_right,162781,85.0
LPLC2_R,3,MN_all_right,164606,135.0
LPLC2_R,3,MN_all_right,164614,89.0
LPLC2_R,3,MN_all_right,164616,32.0
T4T5_abcd_L,0,DN_all_left,6,254.0
T4T5_abcd_L,0,DN_all_left,39,2.0
T4T5_abcd_L,0,DN_all_left,78,77.0
T4T5_abcd_L,0,DN_all_left,104,258.0
T4T5_abcd_L,0,DN_all_left,109,65.0
T4T5_abcd_L,0,DN_all_left,129,40.0
T4T5_abcd_L,0,DN_all_left,144,58.0
T4T5_abcd_L,0,DN_all_left,146,202.0
T4T5_abcd_L,0,DN_all_left,147,1.0
T4T5_abcd_L,0,DN_all_left,173,1.0
T4T5_abcd_L,0,DN_all_left,204,219.0
T4T5_abcd_L,0,DN_all_left,207,122.0
T4T5_abcd_L,0,DN_all_left,213,2.0
T4T5_abcd_L,0,DN_all_left,223,49.0
T4T5_abcd_L,0,DN_all_left,226,1.0
T4T5_abcd_L,0,DN_all_left,228,155.0
T4T5_abcd_L,0,DN_all_left,252,1.0
T4T5_abcd_L,0,DN_all_left,264,104.0
T4T5_abcd_L,0,DN_all_left,273,110.0
T4T5_abcd_L,0,DN_all_left,316,47.0
T4T5_abcd_L,0,DN_all_left,333,184.0
T4T5_abcd_L,0,DN_all_left,349,119.0
T4T5_abcd_L,0,DN_all_left,363,85.0
T4T5_abcd_L,0,DN_all_left,384,255.0
T4T5_abcd_L,0,DN_all_left,391,1.0
T4T5_abcd_L,0,DN_all_left,410,24.0
T4T5_abcd_L,0,DN_all_left,413,162.0
T4T5_abcd_L,0,DN_all_left,433,35.0
T4T5_abcd_L,0,DN_all_left,489,9.0
T4T5_abcd_L,0,DN_all_left,514,42.0
T4T5_abcd_L,0,DN_all_left,523,143.0
T4T5_abcd_L,0,DN_all_left,541,5.0
T4T5_abcd_L,0,DN_all_left,543,13.0
T4T5_abcd_L,0,DN_all_left,603,1.0
T4T5_abcd_L,0,DN_all_left,608,51.0
T4T5_abcd_L,0,DN_all_left,614,1.0
T4T5_abcd_L,0,DN_all_left,632,23.0
T4T5_abcd_L,0,DN_all_left,656,75.0
T4T5_abcd_L,0,DN_all_left,673,50.0
T4T5_abcd_L,0,DN_all_left,675,25.0
T4T5_abcd_L,0,DN_all_left,687,1.0
T4T5_abcd_L,0,DN_all_left,741,17.0
T4T5_abcd_L,0,DN_all_left,751,24.0
T4T5_abcd_L,0,DN_all_left,773,101.0
T4T5_abcd_L,0,DN_all_left,783,8.0
T4T5_abcd_L,0,DN_all_left,791,2.0
T4T5_abcd_L,0,DN_all_left,823,114.0
T4T5_abcd_L,0,DN_all_left,861,63.0
T4T5_abcd_L,0,DN_all_left,898,1.0
T4T5_abcd_L,0,DN_all_left,906,35.0
T4T5_abcd_L,0,DN_all_left,927,22.0
T4T5_abcd_L,0,DN_all_left,931,2.0
T4T5_abcd_L,0,DN_all_left,979,1.0
T4T5_abcd_L,0,DN_all_left,992,127.0
T4T5_abcd_L,0,DN_all_left,993,6.0
T4T5_abcd_L,0,DN_all_left,994,76.0
T4T5_abcd_L,0,DN_all_left,1037,18.0
T4T5_abcd_L,0,DN_all_left,1047,138.0
T4T5_abcd_L,0,DN_all_left,1071,1.0
T4T5_abcd_L,0,DN_all_left,1111,73.0
T4T5_abcd_L,0,DN_all_left,1131,10.0
T4T5_abcd_L,0,DN_all_left,1155,2.0
T4T5_abcd_L,0,DN_all_left,1160,1.0
T4T5_abcd_L,0,DN_all_left,1167,87.0
T4T5_abcd_L,0,DN_all_left,1170,1.0
T4T5_abcd_L,0,DN_all_left,1196,1.0
T4T5_abcd_L,0,DN_all_left,1273,107.0
T4T5_abcd_L,0,DN_all_left,1314,1.0
T4T5_abcd_L,0,DN_all_left,1324,96.0
T4T5_abcd_L,0,DN_all_left,1325,1.0
T4T5_abcd_L,0,DN_all_left,1342,1.0
T4T5_abcd_L,0,DN_all_left,1361,125.0
T4T5_abcd_L,0,DN_all_left,1387,3.0
T4T5_abcd_L,0,DN_all_left,1392,13.0
T4T5_abcd_L,0,DN_all_left,1506,86.0
T4T5_abcd_L,0,DN_all_left,1562,56.0
T4T5_abcd_L,0,DN_all_left,1564,16.0
T4T5_abcd_L,0,DN_all_left,1591,1.0
T4T5_abcd_L,0,DN_all_left,1626,5.0
T4T5_abcd_L,0,DN_all_left,1677,17.0
T4T5_abcd_L,0,DN_all_left,1724,106.0
T4T5_abcd_L,0,DN_all_left,1821,42.0
T4T5_abcd_L,0,DN_all_left,1827,1.0
T4T5_abcd_L,0,DN_all_left,1833,3.0
T4T5_abcd_L,0,DN_all_left,1870,3.0
T4T5_abcd_L,0,DN_all_left,1935,103.0
T4T5_abcd_L,0,DN_all_left,1950,1.0
T4T5_abcd_L,0,DN_all_left,2074,45.0
T4T5_abcd_L,0,DN_all_left,2078,15.0
T4T5_abcd_L,0,DN_all_left,2103,5.0
T4T5_abcd_L,0,DN_all_left,2154,114.0
T4T5_abcd_L,0,DN_all_left,2194,1.0
T4T5_abcd_L,0,DN_all_left,2286,41.0
T4T5_abcd_L,0,DN_all_left,2329,46.0
T4T5_abcd_L,0,DN_all_left,2354,34.0
T4T5_abcd_L,0,DN_all_left,2423,52.0
T4T5_abcd_L,0,DN_all_left,2441,8.0
T4T5_abcd_L,0,DN_all_left,2449,4.0
T4T5_abcd_L,0,DN_all_left,2450,1.0
T4T5_abcd_L,0,DN_all_left,2451,110.0
T4T5_abcd_L,0,DN_all_left,2465,53.0
T4T5_abcd_L,0,DN_all_left,2500,2.0
T4T5_abcd_L,0,DN_all_left,2583,51.0
T4T5_abcd_L,0,DN_all_left,2588,22.0
T4T5_abcd_L,0,DN_all_left,2620,1.0
T4T5_abcd_L,0,DN_all_left,2676,91.0
T4T5_abcd_L,0,DN_all_left,2688,2.0
T4T5_abcd_L,0,DN_all_left,2700,1.0
T4T5_abcd_L,0,DN_all_left,2837,9.0
T4T5_abcd_L,0,DN_all_left,2868,10.0
T4T5_abcd_L,0,DN_all_left,2933,72.0
T4T5_abcd_L,0,DN_all_left,3003,102.0
T4T5_abcd_L,0,DN_all_left,3009,1.0
T4T5_abcd_L,0,DN_all_left,3045,7.0
T4T5_abcd_L,0,DN_all_left,3084,22.0
T4T5_abcd_L,0,DN_all_left,3106,205.0
T4T5_abcd_L,0,DN_all_left,3159,4.0
T4T5_abcd_L,0,DN_all_left,3222,26.0
T4T5_abcd_L,0,DN_all_left,3306,13.0
T4T5_abcd_L,0,DN_all_left,3331,127.0
T4T5_abcd_L,0,DN_all_left,3349,33.0
T4T5_abcd_L,0,DN_all_left,3390,2.0
T4T5_abcd_L,0,DN_all_left,3394,34.0
T4T5_abcd_L,0,DN_all_left,3451,3.0
T4T5_abcd_L,0,DN_all_left,3505,103.0
T4T5_abcd_L,0,DN_all_left,3569,1.0
T4T5_abcd_L,0,DN_all_left,3595,1.0
T4T5_abcd_L,0,DN_all_left,3722,42.0
T4T5_abcd_L,0,DN_all_left,3770,33.0
T4T5_abcd_L,0,DN_all_left,3788,3.0
T4T5_abcd_L,0,DN_all_left,3939,2.0
T4T5_abcd_L,0,DN_all_left,3966,63.0
T4T5_abcd_L,0,DN_all_left,4017,2.0
T4T5_abcd_L,0,DN_all_left,4215,1.0
T4T5_abcd_L,0,DN_all_left,4335,91.0
T4T5_abcd_L,0,DN_all_left,4591,1.0
T4T5_abcd_L,0,DN_all_left,4609,47.0
T4T5_abcd_L,0,DN_all_left,4678,2.0
T4T5_abcd_L,0,DN_all_left,4917,73.0
T4T5_abcd_L,0,DN_all_left,5015,166.0
T4T5_abcd_L,0,DN_all_left,5021,91.0
T4T5_abcd_L,0,DN_all_left,5056,1.0
T4T5_abcd_L,0,DN_all_left,5067,50.0
T4T5_abcd_L,0,DN_all_left,5217,26.0
T4T5_abcd_L,0,DN_all_left,5247,4.0
T4T5_abcd_L,0,DN_all_left,5262,2.0
T4T5_abcd_L,0,DN_all_left,5300,1.0
T4T5_abcd_L,0,DN_all_left,5579,3.0
T4T5_abcd_L,0,DN_all_left,5616,1.0
T4T5_abcd_L,0,DN_all_left,5624,19.0
T4T5_abcd_L,0,DN_all_left,5867,48.0
T4T5_abcd_L,0,DN_all_left,5993,41.0
T4T5_abcd_L,0,DN_all_left,6490,51.0
T4T5_abcd_L,0,DN_all_left,6736,33.0
T4T5_abcd_L,0,DN_all_left,6742,10.0
T4T5_abcd_L,0,DN_all_left,8977,1.0
T4T5_abcd_L,0,DN_all_left,9137,1.0
T4T5_abcd_L,0,DN_all_left,9402,34.0
T4T5_abcd_L,0,DN_all_left,10000,52.0
T4T5_abcd_L,0,DN_all_left,10086,1.0
T4T5_abcd_L,0,DN_all_left,11249,1.0
T4T5_abcd_L,0,DN_all_left,12883,100.0
T4T5_abcd_L,0,DN_all_left,13339,52.0
T4T5_abcd_L,0,DN_all_left,13746,1.0
T4T5_abcd_L,0,DN_all_left,14442,1.0
T4T5_abcd_L,0,DN_all_left,15020,1.0
T4T5_abcd_L,0,DN_all_left,15035,5.0
T4T5_abcd_L,0,DN_all_left,15054,1.0
T4T5_abcd_L,0,DN_all_left,15328,2.0
T4T5_abcd_L,0,DN_all_left,15782,1.0
T4T5_abcd_L,0,DN_all_left,15877,87.0
T4T5_abcd_L,0,DN_all_left,17073,44.0
T4T5_abcd_L,0,DN_all_left,17402,1.0
T4T5_abcd_L,0,DN_all_left,17744,87.0
T4T5_abcd_L,0,DN_all_left,18165,24.0
T4T5_abcd_L,0,DN_all_left,18428,3.0
T4T5_abcd_L,0,DN_all_left,18745,44.0
T4T5_abcd_L,0,DN_all_left,20018,2.0
T4T5_abcd_L,0,DN_all_left,20649,57.0
T4T5_abcd_L,0,DN_all_left,21341,1.0
T4T5_abcd_L,0,DN_all_left,21944,1.0
T4T5_abcd_L,0,DN_all_left,22768,66.0
T4T5_abcd_L,0,DN_all_left,22875,10.0
T4T5_abcd_L,0,DN_all_left,22975,71.0
T4T5_abcd_L,0,DN_all_left,23287,1.0
T4T5_abcd_L,0,DN_all_left,23939,45.0
T4T5_abcd_L,0,DN_all_left,24331,71.0
T4T5_abcd_L,0,DN_all_left,25434,67.0
T4T5_abcd_L,0,DN_all_left,25769,19.0
T4T5_abcd_L,0,DN_all_left,26196,12.0
T4T5_abcd_L,0,DN_all_left,27665,66.0
T4T5_abcd_L,0,DN_all_left,28642,71.0
T4T5_abcd_L,0,DN_all_left,28804,46.0
T4T5_abcd_L,0,DN_all_left,53674,20.0
T4T5_abcd_L,0,DN_all_left,60324,15.0
T4T5_abcd_L,0,DN_all_left,70432,1.0
T4T5_abcd_L,0,DN_all_left,116552,41.0
T4T5_abcd_L,0,DN_all_left,124448,31.0
T4T5_abcd_L,0,DN_all_left,124813,7.0
T4T5_abcd_L,0,DN_all_left,125112,1.0
T4T5_abcd_L,0,DN_all_left,126100,94.0
T4T5_abcd_L,0,DN_all_left,126526,2.0
T4T5_abcd_L,0,DN_all_left,127958,7.0
T4T5_abcd_L,0,DN_all_left,128725,1.0
T4T5_abcd_L,0,DN_all_left,128862,32.0
T4T5_abcd_L,0,DN_all_left,128890,172.0
T4T5_abcd_L,0,DN_all_left,128964,18.0
T4T5_abcd_L,0,DN_all_left,129107,1.0
T4T5_abcd_L,0,DN_all_left,129654,7.0
T4T5_abcd_L,0,DN_all_left,130077,1.0
T4T5_abcd_L,0,DN_all_left,130311,100.0
T4T5_abcd_L,0,DN_all_left,130458,1.0
T4T5_abcd_L,0,DN_all_left,130496,17.0
T4T5_abcd_L,0,DN_all_left,130499,8.0
T4T5_abcd_L,0,DN_all_left,132535,20.0
T4T5_abcd_L,0,DN_all_left,132582,18.0
T4T5_abcd_L,0,DN_all_left,132965,20.0
T4T5_abcd_L,0,DN_all_left,133364,7.0
T4T5_abcd_L,0,DN_all_left,133740,254.0
T4T5_abcd_L,0,DN_all_left,135657,50.0
T4T5_abcd_L,0,DN_all_left,140913,4.0
T4T5_abcd_L,0,DN_all_left,141026,145.0
T4T5_abcd_L,0,DN_all_left,141033,3.0
T4T5_abcd_L,0,DN_all_left,142108,95.0
T4T5_abcd_L,0,DN_all_left,142174,2.0
T4T5_abcd_L,0,DN_all_left,144939,1.0
T4T5_abcd_L,0,DN_all_left,162563,1.0
T4T5_abcd_L,0,DN_all_right,0,4.0
T4T5_abcd_L,0,DN_all_right,19,1.0
T4T5_abcd_L,0,DN_all_right,25,137.0
T4T5_abcd_L,0,DN_all_right,45,7.0
T4T5_abcd_L,0,DN_all_right,51,37.0
T4T5_abcd_L,0,DN_all_right,52,266.0
T4T5_abcd_L,0,DN_all_right,117,1.0
T4T5_abcd_L,0,DN_all_right,137,1.0
T4T5_abcd_L,0,DN_all_right,176,47.0
T4T5_abcd_L,0,DN_all_right,194,1.0
T4T5_abcd_L,0,DN_all_right,215,93.0
T4T5_abcd_L,0,DN_all_right,216,75.0
T4T5_abcd_L,0,DN_all_right,243,28.0
T4T5_abcd_L,0,DN_all_right,259,1.0
T4T5_abcd_L,0,DN_all_right,261,3.0
T4T5_abcd_L,0,DN_all_right,274,106.0
T4T5_abcd_L,0,DN_all_right,281,49.0
T4T5_abcd_L,0,DN_all_right,290,93.0
T4T5_abcd_L,0,DN_all_right,311,39.0
T4T5_abcd_L,0,DN_all_right,317,101.0
T4T5_abcd_L,0,DN_all_right,327,25.0
T4T5_abcd_L,0,DN_all_right,332,1.0
T4T5_abcd_L,0,DN_all_right,351,31.0
T4T5_abcd_L,0,DN_all_right,378,34.0
T4T5_abcd_L,0,DN_all_right,424,2.0
T4T5_abcd_L,0,DN_all_right,428,1.0
T4T5_abcd_L,0,DN_all_right,467,28.0
T4T5_abcd_L,0,DN_all_right,505,21.0
T4T5_abcd_L,0,DN_all_right,545,3.0
T4T5_abcd_L,0,DN_all_right,616,2.0
T4T5_abcd_L,0,DN_all_right,620,88.0
T4T5_abcd_L,0,DN_all_right,624,2.0
T4T5_abcd_L,0,DN_all_right,654,2.0
T4T5_abcd_L,0,DN_all_right,703,73.0
T4T5_abcd_L,0,DN_all_right,704,8.0
T4T5_abcd_L,0,DN_all_right,706,1.0
T4T5_abcd_L,0,DN_all_right,746,5.0
T4T5_abcd_L,0,DN_all_right,762,100.0
T4T5_abcd_L,0,DN_all_right,763,36.0
T4T5_abcd_L,0,DN_all_right,776,5.0
T4T5_abcd_L,0,DN_all_right,777,47.0
T4T5_abcd_L,0,DN_all_right,809,6.0
T4T5_abcd_L,0,DN_all_right,828,14.0
T4T5_abcd_L,0,DN_all_right,853,3.0
T4T5_abcd_L,0,DN_all_right,854,4.0
T4T5_abcd_L,0,DN_all_right,886,94.0
T4T5_abcd_L,0,DN_all_right,894,133.0
T4T5_abcd_L,0,DN_all_right,902,1.0
T4T5_abcd_L,0,DN_all_right,911,2.0
T4T5_abcd_L,0,DN_all_right,987,1.0
T4T5_abcd_L,0,DN_all_right,988,16.0
T4T5_abcd_L,0,DN_all_right,1021,85.0
T4T5_abcd_L,0,DN_all_right,1048,3.0
T4T5_abcd_L,0,DN_all_right,1083,1.0
T4T5_abcd_L,0,DN_all_right,1089,4.0
T4T5_abcd_L,0,DN_all_right,1108,27.0
T4T5_abcd_L,0,DN_all_right,1124,135.0
T4T5_abcd_L,0,DN_all_right,1142,1.0
T4T5_abcd_L,0,DN_all_right,1150,1.0
T4T5_abcd_L,0,DN_all_right,1165,64.0
T4T5_abcd_L,0,DN_all_right,1166,1.0
T4T5_abcd_L,0,DN_all_right,1168,3.0
T4T5_abcd_L,0,DN_all_right,1210,45.0
T4T5_abcd_L,0,DN_all_right,1222,2.0
T4T5_abcd_L,0,DN_all_right,1240,1.0
T4T5_abcd_L,0,DN_all_right,1242,4.0
T4T5_abcd_L,0,DN_all_right,1269,47.0
T4T5_abcd_L,0,DN_all_right,1277,110.0
T4T5_abcd_L,0,DN_all_right,1315,36.0
T4T5_abcd_L,0,DN_all_right,1384,2.0
T4T5_abcd_L,0,DN_all_right,1400,56.0
T4T5_abcd_L,0,DN_all_right,1405,3.0
T4T5_abcd_L,0,DN_all_right,1457,23.0
T4T5_abcd_L,0,DN_all_right,1468,2.0
T4T5_abcd_L,0,DN_all_right,1492,39.0
T4T5_abcd_L,0,DN_all_right,1502,36.0
T4T5_abcd_L,0,DN_all_right,1575,2.0
T4T5_abcd_L,0,DN_all_right,1581,2.0
T4T5_abcd_L,0,DN_all_right,1593,55.0
T4T5_abcd_L,0,DN_all_right,1610,1.0
T4T5_abcd_L,0,DN_all_right,1621,3.0
T4T5_abcd_L,0,DN_all_right,1648,32.0
T4T5_abcd_L,0,DN_all_right,1653,2.0
T4T5_abcd_L,0,DN_all_right,1699,48.0
T4T5_abcd_L,0,DN_all_right,1708,10.0
T4T5_abcd_L,0,DN_all_right,1756,3.0
T4T5_abcd_L,0,DN_all_right,1804,79.0
T4T5_abcd_L,0,DN_all_right,1837,4.0
T4T5_abcd_L,0,DN_all_right,1897,2.0
T4T5_abcd_L,0,DN_all_right,1954,42.0
T4T5_abcd_L,0,DN_all_right,1965,2.0
T4T5_abcd_L,0,DN_all_right,1995,1.0
T4T5_abcd_L,0,DN_all_right,2033,4.0
T4T5_abcd_L,0,DN_all_right,2037,1.0
T4T5_abcd_L,0,DN_all_right,2070,66.0
T4T5_abcd_L,0,DN_all_right,2079,60.0
T4T5_abcd_L,0,DN_all_right,2094,26.0
T4T5_abcd_L,0,DN_all_right,2120,3.0
T4T5_abcd_L,0,DN_all_right,2238,1.0
T4T5_abcd_L,0,DN_all_right,2289,1.0
T4T5_abcd_L,0,DN_all_right,2295,1.0
T4T5_abcd_L,0,DN_all_right,2321,2.0
T4T5_abcd_L,0,DN_all_right,2325,28.0
T4T5_abcd_L,0,DN_all_right,2331,29.0
T4T5_abcd_L,0,DN_all_right,2350,53.0
T4T5_abcd_L,0,DN_all_right,2433,9.0
T4T5_abcd_L,0,DN_all_right,2458,3.0
T4T5_abcd_L,0,DN_all_right,2495,37.0
T4T5_abcd_L,0,DN_all_right,2529,42.0
T4T5_abcd_L,0,DN_all_right,2595,1.0
T4T5_abcd_L,0,DN_all_right,2600,112.0
T4T5_abcd_L,0,DN_all_right,2606,44.0
T4T5_abcd_L,0,DN_all_right,2607,109.0
T4T5_abcd_L,0,DN_all_right,2613,42.0
T4T5_abcd_L,0,DN_all_right,2636,43.0
T4T5_abcd_L,0,DN_all_right,2639,1.0
T4T5_abcd_L,0,DN_all_right,2659,1.0
T4T5_abcd_L,0,DN_all_right,2752,1.0
T4T5_abcd_L,0,DN_all_right,2841,2.0
T4T5_abcd_L,0,DN_all_right,2851,31.0
T4T5_abcd_L,0,DN_all_right,3020,149.0
T4T5_abcd_L,0,DN_all_right,3059,42.0
T4T5_abcd_L,0,DN_all_right,3067,1.0
T4T5_abcd_L,0,DN_all_right,3132,45.0
T4T5_abcd_L,0,DN_all_right,3149,5.0
T4T5_abcd_L,0,DN_all_right,3220,206.0
T4T5_abcd_L,0,DN_all_right,3270,1.0
T4T5_abcd_L,0,DN_all_right,3278,4.0
T4T5_abcd_L,0,DN_all_right,3348,62.0
T4T5_abcd_L,0,DN_all_right,3374,35.0
T4T5_abcd_L,0,DN_all_right,3383,19.0
T4T5_abcd_L,0,DN_all_right,3403,1.0
T4T5_abcd_L,0,DN_all_right,3406,1.0
T4T5_abcd_L,0,DN_all_right,3437,7.0
T4T5_abcd_L,0,DN_all_right,3491,7.0
T4T5_abcd_L,0,DN_all_right,3593,11.0
T4T5_abcd_L,0,DN_all_right,3654,26.0
T4T5_abcd_L,0,DN_all_right,3694,15.0
T4T5_abcd_L,0,DN_all_right,3754,50.0
T4T5_abcd_L,0,DN_all_right,3853,7.0
T4T5_abcd_L,0,DN_all_right,3862,1.0
T4T5_abcd_L,0,DN_all_right,3865,1.0
T4T5_abcd_L,0,DN_all_right,3868,4.0
T4T5_abcd_L,0,DN_all_right,3945,64.0
T4T5_abcd_L,0,DN_all_right,3960,37.0
T4T5_abcd_L,0,DN_all_right,3997,26.0
T4T5_abcd_L,0,DN_all_right,4020,64.0
T4T5_abcd_L,0,DN_all_right,4042,3.0
T4T5_abcd_L,0,DN_all_right,4078,2.0
T4T5_abcd_L,0,DN_all_right,4098,86.0
T4T5_abcd_L,0,DN_all_right,4120,2.0
T4T5_abcd_L,0,DN_all_right,4228,1.0
T4T5_abcd_L,0,DN_all_right,4467,7.0
T4T5_abcd_L,0,DN_all_right,4479,1.0
T4T5_abcd_L,0,DN_all_right,4514,9.0
T4T5_abcd_L,0,DN_all_right,4559,1.0
T4T5_abcd_L,0,DN_all_right,4641,36.0
T4T5_abcd_L,0,DN_all_right,4645,38.0
T4T5_abcd_L,0,DN_all_right,4801,1.0
T4T5_abcd_L,0,DN_all_right,5027,8.0
T4T5_abcd_L,0,DN_all_right,5124,37.0
T4T5_abcd_L,0,DN_all_right,5211,2.0
T4T5_abcd_L,0,DN_all_right,5348,2.0
T4T5_abcd_L,0,DN_all_right,5367,1.0
T4T5_abcd_L,0,DN_all_right,5381,27.0
T4T5_abcd_L,0,DN_all_right,5390,19.0
T4T5_abcd_L,0,DN_all_right,5458,41.0
T4T5_abcd_L,0,DN_all_right,5739,1.0
T4T5_abcd_L,0,DN_all_right,5841,1.0
T4T5_abcd_L,0,DN_all_right,6142,1.0
T4T5_abcd_L,0,DN_all_right,6152,77.0
T4T5_abcd_L,0,DN_all_right,6169,8.0
T4T5_abcd_L,0,DN_all_right,6255,92.0
T4T5_abcd_L,0,DN_all_right,6278,27.0
T4T5_abcd_L,0,DN_all_right,6427,2.0
T4T5_abcd_L,0,DN_all_right,6570,25.0
T4T5_abcd_L,0,DN_all_right,6599,1.0
T4T5_abcd_L,0,DN_all_right,7801,1.0
T4T5_abcd_L,0,DN_all_right,8815,1.0
T4T5_abcd_L,0,DN_all_right,9254,107.0
T4T5_abcd_L,0,DN_all_right,9458,131.0
T4T5_abcd_L,0,DN_all_right,9662,66.0
T4T5_abcd_L,0,DN_all_right,9780,90.0
T4T5_abcd_L,0,DN_all_right,9912,54.0
T4T5_abcd_L,0,DN_all_right,10343,2.0
T4T5_abcd_L,0,DN_all_right,11239,1.0
T4T5_abcd_L,0,DN_all_right,11446,1.0
T4T5_abcd_L,0,DN_all_right,11504,25.0
T4T5_abcd_L,0,DN_all_right,12150,2.0
T4T5_abcd_L,0,DN_all_right,12336,1.0
T4T5_abcd_L,0,DN_all_right,12572,2.0
T4T5_abcd_L,0,DN_all_right,14496,1.0
T4T5_abcd_L,0,DN_all_right,15028,9.0
T4T5_abcd_L,0,DN_all_right,15460,1.0
T4T5_abcd_L,0,DN_all_right,15886,1.0
T4T5_abcd_L,0,DN_all_right,15893,31.0
T4T5_abcd_L,0,DN_all_right,16849,1.0
T4T5_abcd_L,0,DN_all_right,17700,3.0
T4T5_abcd_L,0,DN_all_right,17897,15.0
T4T5_abcd_L,0,DN_all_right,18461,7.0
T4T5_abcd_L,0,DN_all_right,18857,13.0
T4T5_abcd_L,0,DN_all_right,19450,1.0
T4T5_abcd_L,0,DN_all_right,23453,1.0
T4T5_abcd_L,0,DN_all_right,23861,2.0
T4T5_abcd_L,0,DN_all_right,27314,1.0
T4T5_abcd_L,0,DN_all_right,29012,1.0
T4T5_abcd_L,0,DN_all_right,29289,1.0
T4T5_abcd_L,0,DN_all_right,31901,1.0
T4T5_abcd_L,0,DN_all_right,42917,7.0
T4T5_abcd_L,0,DN_all_right,47173,1.0
T4T5_abcd_L,0,DN_all_right,50694,23.0
T4T5_abcd_L,0,DN_all_right,51855,1.0
T4T5_abcd_L,0,DN_all_right,63360,2.0
T4T5_abcd_L,0,DN_all_right,72835,18.0
T4T5_abcd_L,0,DN_all_right,117981,46.0
T4T5_abcd_L,0,DN_all_right,118808,1.0
T4T5_abcd_L,0,DN_all_right,122136,7.0
T4T5_abcd_L,0,DN_all_right,122432,8.0
T4T5_abcd_L,0,DN_all_right,123333,10.0
T4T5_abcd_L,0,DN_all_right,124419,64.0
T4T5_abcd_L,0,DN_all_right,124541,72.0
T4T5_abcd_L,0,DN_all_right,124920,47.0
T4T5_abcd_L,0,DN_all_right,124988,1.0
T4T5_abcd_L,0,DN_all_right,125376,10.0
T4T5_abcd_L,0,DN_all_right,125430,1.0
T4T5_abcd_L,0,DN_all_right,125501,1.0
T4T5_abcd_L,0,DN_all_right,125617,2.0
T4T5_abcd_L,0,DN_all_right,125795,2.0
T4T5_abcd_L,0,DN_all_right,126404,40.0
T4T5_abcd_L,0,DN_all_right,126772,2.0
T4T5_abcd_L,0,DN_all_right,127074,1.0
T4T5_abcd_L,0,DN_all_right,128032,73.0
T4T5_abcd_L,0,DN_all_right,128660,1.0
T4T5_abcd_L,0,DN_all_right,128692,143.0
T4T5_abcd_L,0,DN_all_right,128892,9.0
T4T5_abcd_L,0,DN_all_right,129301,9.0
T4T5_abcd_L,0,DN_all_right,129659,22.0
T4T5_abcd_L,0,DN_all_right,129688,48.0
T4T5_abcd_L,0,DN_all_right,129718,4.0
T4T5_abcd_L,0,DN_all_right,129873,1.0
T4T5_abcd_L,0,DN_all_right,130252,81.0
T4T5_abcd_L,0,DN_all_right,130838,1.0
T4T5_abcd_L,0,DN_all_right,130847,32.0
T4T5_abcd_L,0,DN_all_right,130858,8.0
T4T5_abcd_L,0,DN_all_right,131136,151.0
T4T5_abcd_L,0,DN_all_right,131434,69.0
T4T5_abcd_L,0,DN_all_right,133544,5.0
T4T5_abcd_L,0,DN_all_right,140621,1.0
T4T5_abcd_L,0,DN_all_right,140980,1.0
T4T5_abcd_L,0,DN_all_right,141735,68.0
T4T5_abcd_L,0,DN_all_right,143416,137.0
T4T5_abcd_L,0,DN_all_right,143432,52.0
T4T5_abcd_L,0,DN_all_right,144269,44.0
T4T5_abcd_L,0,DN_all_right,145368,1.0
T4T5_abcd_L,0,DN_all_right,161396,61.0
T4T5_abcd_L,0,MN_all_left,111304,1.0
T4T5_abcd_L,0,MN_all_left,142836,143.0
T4T5_abcd_L,0,MN_all_left,142922,6.0
T4T5_abcd_L,0,MN_all_left,142929,5.0
T4T5_abcd_L,0,MN_all_left,142964,28.0
T4T5_abcd_L,0,MN_all_left,143064,103.0
T4T5_abcd_L,0,MN_all_left,143088,95.0
T4T5_abcd_L,0,MN_all_left,143139,2.0
T4T5_abcd_L,0,MN_all_left,143160,65.0
T4T5_abcd_L,0,MN_all_left,143221,36.0
T4T5_abcd_L,0,MN_all_left,143222,39.0
T4T5_abcd_L,0,MN_all_left,143231,11.0
T4T5_abcd_L,0,MN_all_left,143243,32.0
T4T5_abcd_L,0,MN_all_left,143252,39.0
T4T5_abcd_L,0,MN_all_left,143259,30.0
T4T5_abcd_L,0,MN_all_left,143281,1.0
T4T5_abcd_L,0,MN_all_left,143322,49.0
T4T5_abcd_L,0,MN_all_left,143418,2.0
T4T5_abcd_L,0,MN_all_left,143421,40.0
T4T5_abcd_L,0,MN_all_left,143445,50.0
T4T5_abcd_L,0,MN_all_left,143464,38.0
T4T5_abcd_L,0,MN_all_left,143478,2.0
T4T5_abcd_L,0,MN_all_left,143539,1.0
T4T5_abcd_L,0,MN_all_left,143540,1.0
T4T5_abcd_L,0,MN_all_left,143626,8.0
T4T5_abcd_L,0,MN_all_left,143654,118.0
T4T5_abcd_L,0,MN_all_left,143664,8.0
T4T5_abcd_L,0,MN_all_left,143690,86.0
T4T5_abcd_L,0,MN_all_left,143700,52.0
T4T5_abcd_L,0,MN_all_left,143751,39.0
T4T5_abcd_L,0,MN_all_left,143760,17.0
T4T5_abcd_L,0,MN_all_left,143766,2.0
T4T5_abcd_L,0,MN_all_left,143773,85.0
T4T5_abcd_L,0,MN_all_left,143860,2.0
T4T5_abcd_L,0,MN_all_left,143901,23.0
T4T5_abcd_L,0,MN_all_left,143949,28.0
T4T5_abcd_L,0,MN_all_left,144071,74.0
T4T5_abcd_L,0,MN_all_left,144086,76.0
T4T5_abcd_L,0,MN_all_left,144111,2.0
T4T5_abcd_L,0,MN_all_left,144209,58.0
T4T5_abcd_L,0,MN_all_left,144234,69.0
T4T5_abcd_L,0,MN_all_left,144248,3.0
T4T5_abcd_L,0,MN_all_left,144265,75.0
T4T5_abcd_L,0,MN_all_left,144377,1.0
T4T5_abcd_L,0,MN_all_left,144382,45.0
T4T5_abcd_L,0,MN_all_left,144400,42.0
T4T5_abcd_L,0,MN_all_left,144439,9.0
T4T5_abcd_L,0,MN_all_left,144450,15.0
T4T5_abcd_L,0,MN_all_left,144457,2.0
T4T5_abcd_L,0,MN_all_left,144465,8.0
T4T5_abcd_L,0,MN_all_left,144538,13.0
T4T5_abcd_L,0,MN_all_left,144576,15.0
T4T5_abcd_L,0,MN_all_left,144578,14.0
T4T5_abcd_L,0,MN_all_left,144584,47.0
T4T5_abcd_L,0,MN_all_left,144821,94.0
T4T5_abcd_L,0,MN_all_left,144860,40.0
T4T5_abcd_L,0,MN_all_left,144878,1.0
T4T5_abcd_L,0,MN_all_left,144897,6.0
T4T5_abcd_L,0,MN_all_left,144964,27.0
T4T5_abcd_L,0,MN_all_left,144974,69.0
T4T5_abcd_L,0,MN_all_left,144997,12.0
T4T5_abcd_L,0,MN_all_left,145034,32.0
T4T5_abcd_L,0,MN_all_left,145081,44.0
T4T5_abcd_L,0,MN_all_left,145109,33.0
T4T5_abcd_L,0,MN_all_left,145142,2.0
T4T5_abcd_L,0,MN_all_left,145198,63.0
T4T5_abcd_L,0,MN_all_left,145217,1.0
T4T5_abcd_L,0,MN_all_left,145274,53.0
T4T5_abcd_L,0,MN_all_left,145303,26.0
T4T5_abcd_L,0,MN_all_left,145351,51.0
T4T5_abcd_L,0,MN_all_left,145405,19.0
T4T5_abcd_L,0,MN_all_left,145438,29.0
T4T5_abcd_L,0,MN_all_left,145476,88.0
T4T5_abcd_L,0,MN_all_left,145483,11.0
T4T5_abcd_L,0,MN_all_left,145564,4.0
T4T5_abcd_L,0,MN_all_left,145573,1.0
T4T5_abcd_L,0,MN_all_left,145660,4.0
T4T5_abcd_L,0,MN_all_left,145672,25.0
T4T5_abcd_L,0,MN_all_left,145732,2.0
T4T5_abcd_L,0,MN_all_left,145766,8.0
T4T5_abcd_L,0,MN_all_left,145796,86.0
T4T5_abcd_L,0,MN_all_left,145805,17.0
T4T5_abcd_L,0,MN_all_left,145878,11.0
T4T5_abcd_L,0,MN_all_left,145900,10.0
T4T5_abcd_L,0,MN_all_left,145911,58.0
T4T5_abcd_L,0,MN_all_left,145918,2.0
T4T5_abcd_L,0,MN_all_left,145975,36.0
T4T5_abcd_L,0,MN_all_left,146072,11.0
T4T5_abcd_L,0,MN_all_left,146085,26.0
T4T5_abcd_L,0,MN_all_left,146107,51.0
T4T5_abcd_L,0,MN_all_left,146233,9.0
T4T5_abcd_L,0,MN_all_left,146333,14.0
T4T5_abcd_L,0,MN_all_left,146441,1.0
T4T5_abcd_L,0,MN_all_left,146494,2.0
T4T5_abcd_L,0,MN_all_left,146507,6.0
T4T5_abcd_L,0,MN_all_left,146556,3.0
T4T5_abcd_L,0,MN_all_left,146571,4.0
T4T5_abcd_L,0,MN_all_left,146590,3.0
T4T5_abcd_L,0,MN_all_left,146748,85.0
T4T5_abcd_L,0,MN_all_left,147006,12.0
T4T5_abcd_L,0,MN_all_left,147153,93.0
T4T5_abcd_L,0,MN_all_left,147241,30.0
T4T5_abcd_L,0,MN_all_left,147254,4.0
T4T5_abcd_L,0,MN_all_left,147311,21.0
T4T5_abcd_L,0,MN_all_left,147444,19.0
T4T5_abcd_L,0,MN_all_left,147449,7.0
T4T5_abcd_L,0,MN_all_left,147492,30.0
T4T5_abcd_L,0,MN_all_left,147569,3.0
T4T5_abcd_L,0,MN_all_left,147690,18.0
T4T5_abcd_L,0,MN_all_left,147730,18.0
T4T5_abcd_L,0,MN_all_left,147844,1.0
T4T5_abcd_L,0,MN_all_left,147938,10.0
T4T5_abcd_L,0,MN_all_left,147977,3.0
T4T5_abcd_L,0,MN_all_left,148126,33.0
T4T5_abcd_L,0,MN_all_left,148144,2.0
T4T5_abcd_L,0,MN_all_left,148349,3.0
T4T5_abcd_L,0,MN_all_left,148397,9.0
T4T5_abcd_L,0,MN_all_left,148408,11.0
T4T5_abcd_L,0,MN_all_left,148537,29.0
T4T5_abcd_L,0,MN_all_left,148589,64.0
T4T5_abcd_L,0,MN_all_left,148852,1.0
T4T5_abcd_L,0,MN_all_left,148939,12.0
T4T5_abcd_L,0,MN_all_left,148953,78.0
T4T5_abcd_L,0,MN_all_left,148964,1.0
T4T5_abcd_L,0,MN_all_left,149298,12.0
T4T5_abcd_L,0,MN_all_left,149592,34.0
T4T5_abcd_L,0,MN_all_left,149636,2.0
T4T5_abcd_L,0,MN_all_left,149722,1.0
T4T5_abcd_L,0,MN_all_left,149802,3.0
T4T5_abcd_L,0,MN_all_left,150276,44.0
T4T5_abcd_L,0,MN_all_left,150280,46.0
T4T5_abcd_L,0,MN_all_left,150354,1.0
T4T5_abcd_L,0,MN_all_left,150516,2.0
T4T5_abcd_L,0,MN_all_left,150850,13.0
T4T5_abcd_L,0,MN_all_left,150864,36.0
T4T5_abcd_L,0,MN_all_left,151089,15.0
T4T5_abcd_L,0,MN_all_left,151228,6.0
T4T5_abcd_L,0,MN_all_left,152375,35.0
T4T5_abcd_L,0,MN_all_left,152535,31.0
T4T5_abcd_L,0,MN_all_left,152793,4.0
T4T5_abcd_L,0,MN_all_left,153181,1.0
T4T5_abcd_L,0,MN_all_left,154142,22.0
T4T5_abcd_L,0,MN_all_left,154315,78.0
T4T5_abcd_L,0,MN_all_left,154887,60.0
T4T5_abcd_L,0,MN_all_left,154980,37.0
T4T5_abcd_L,0,MN_all_left,156887,1.0
T4T5_abcd_L,0,MN_all_left,156971,6.0
T4T5_abcd_L,0,MN_all_left,158328,1.0
T4T5_abcd_L,0,MN_all_left,158604,52.0
T4T5_abcd_L,0,MN_all_left,158794,3.0
T4T5_abcd_L,0,MN_all_left,159087,15.0
T4T5_abcd_L,0,MN_all_left,159285,100.0
T4T5_abcd_L,0,MN_all_left,159287,3.0
T4T5_abcd_L,0,MN_all_left,159288,11.0
T4T5_abcd_L,0,MN_all_left,159488,29.0
T4T5_abcd_L,0,MN_all_left,159489,51.0
T4T5_abcd_L,0,MN_all_left,159664,1.0
T4T5_abcd_L,0,MN_all_left,159777,16.0
T4T5_abcd_L,0,MN_all_left,159993,84.0
T4T5_abcd_L,0,MN_all_left,160070,1.0
T4T5_abcd_L,0,MN_all_left,160137,55.0
T4T5_abcd_L,0,MN_all_left,160430,4.0
T4T5_abcd_L,0,MN_all_left,160448,80.0
T4T5_abcd_L,0,MN_all_left,160854,27.0
T4T5_abcd_L,0,MN_all_left,161187,8.0
T4T5_abcd_L,0,MN_all_left,162458,5.0
T4T5_abcd_L,0,MN_all_left,162557,9.0
T4T5_abcd_L,0,MN_all_left,162657,1.0
T4T5_abcd_L,0,MN_all_left,162678,13.0
T4T5_abcd_L,0,MN_all_left,162782,113.0
T4T5_abcd_L,0,MN_all_left,162796,103.0
T4T5_abcd_L,0,MN_all_left,162914,32.0
T4T5_abcd_L,0,MN_all_left,164603,3.0
T4T5_abcd_L,0,MN_all_left,164726,1.0
T4T5_abcd_L,0,MN_all_right,142834,113.0
T4T5_abcd_L,0,MN_all_right,142900,7.0
T4T5_abcd_L,0,MN_all_right,142911,5.0
T4T5_abcd_L,0,MN_all_right,142932,37.0
T4T5_abcd_L,0,MN_all_right,142956,25.0
T4T5_abcd_L,0,MN_all_right,143020,6.0
T4T5_abcd_L,0,MN_all_right,143136,81.0
T4T5_abcd_L,0,MN_all_right,143140,2.0
T4T5_abcd_L,0,MN_all_right,143200,5.0
T4T5_abcd_L,0,MN_all_right,143217,92.0
T4T5_abcd_L,0,MN_all_right,143244,1.0
T4T5_abcd_L,0,MN_all_right,143260,93.0
T4T5_abcd_L,0,MN_all_right,143277,1.0
T4T5_abcd_L,0,MN_all_right,143304,7.0
T4T5_abcd_L,0,MN_all_right,143341,2.0
T4T5_abcd_L,0,MN_all_right,143362,4.0
T4T5_abcd_L,0,MN_all_right,143454,3.0
T4T5_abcd_L,0,MN_all_right,143460,11.0
T4T5_abcd_L,0,MN_all_right,143467,68.0
T4T5_abcd_L,0,MN_all_right,143498,1.0
T4T5_abcd_L,0,MN_all_right,143566,13.0
T4T5_abcd_L,0,MN_all_right,143567,16.0
T4T5_abcd_L,0,MN_all_right,143581,91.0
T4T5_abcd_L,0,MN_all_right,143635,5.0
T4T5_abcd_L,0,MN_all_right,143643,1.0
T4T5_abcd_L,0,MN_all_right,143728,23.0
T4T5_abcd_L,0,MN_all_right,143754,67.0
T4T5_abcd_L,0,MN_all_right,143786,78.0
T4T5_abcd_L,0,MN_all_right,143796,3.0
T4T5_abcd_L,0,MN_all_right,143804,5.0
T4T5_abcd_L,0,MN_all_right,143828,13.0
T4T5_abcd_L,0,MN_all_right,143830,31.0
T4T5_abcd_L,0,MN_all_right,143900,49.0
T4T5_abcd_L,0,MN_all_right,144043,69.0
T4T5_abcd_L,0,MN_all_right,144076,37.0
T4T5_abcd_L,0,MN_all_right,144107,3.0
T4T5_abcd_L,0,MN_all_right,144149,89.0
T4T5_abcd_L,0,MN_all_right,144152,100.0
T4T5_abcd_L,0,MN_all_right,144158,42.0
T4T5_abcd_L,0,MN_all_right,144211,8.0
T4T5_abcd_L,0,MN_all_right,144246,79.0
T4T5_abcd_L,0,MN_all_right,144285,73.0
T4T5_abcd_L,0,MN_all_right,144328,13.0
T4T5_abcd_L,0,MN_all_right,144338,36.0
T4T5_abcd_L,0,MN_all_right,144370,31.0
T4T5_abcd_L,0,MN_all_right,144391,38.0
T4T5_abcd_L,0,MN_all_right,144392,1.0
T4T5_abcd_L,0,MN_all_right,144429,10.0
T4T5_abcd_L,0,MN_all_right,144466,69.0
T4T5_abcd_L,0,MN_all_right,144516,1.0
T4T5_abcd_L,0,MN_all_right,144652,12.0
T4T5_abcd_L,0,MN_all_right,144664,3.0
T4T5_abcd_L,0,MN_all_right,144682,17.0
T4T5_abcd_L,0,MN_all_right,144768,23.0
T4T5_abcd_L,0,MN_all_right,144899,36.0
T4T5_abcd_L,0,MN_all_right,144918,4.0
T4T5_abcd_L,0,MN_all_right,144952,96.0
T4T5_abcd_L,0,MN_all_right,144987,44.0
T4T5_abcd_L,0,MN_all_right,145007,48.0
T4T5_abcd_L,0,MN_all_right,145064,39.0
T4T5_abcd_L,0,MN_all_right,145083,2.0
T4T5_abcd_L,0,MN_all_right,145127,89.0
T4T5_abcd_L,0,MN_all_right,145221,53.0
T4T5_abcd_L,0,MN_all_right,145278,29.0
T4T5_abcd_L,0,MN_all_right,145327,56.0
T4T5_abcd_L,0,MN_all_right,145458,5.0
T4T5_abcd_L,0,MN_all_right,145461,25.0
T4T5_abcd_L,0,MN_all_right,145492,76.0
T4T5_abcd_L,0,MN_all_right,145559,18.0
T4T5_abcd_L,0,MN_all_right,145568,8.0
T4T5_abcd_L,0,MN_all_right,145581,1.0
T4T5_abcd_L,0,MN_all_right,145592,57.0
T4T5_abcd_L,0,MN_all_right,145621,8.0
T4T5_abcd_L,0,MN_all_right,145653,46.0
T4T5_abcd_L,0,MN_all_right,145738,2.0
T4T5_abcd_L,0,MN_all_right,145832,37.0
T4T5_abcd_L,0,MN_all_right,145953,4.0
T4T5_abcd_L,0,MN_all_right,145960,37.0
T4T5_abcd_L,0,MN_all_right,146056,1.0
T4T5_abcd_L,0,MN_all_right,146130,32.0
T4T5_abcd_L,0,MN_all_right,146173,47.0
T4T5_abcd_L,0,MN_all_right,146318,48.0
T4T5_abcd_L,0,MN_all_right,146627,2.0
T4T5_abcd_L,0,MN_all_right,146668,34.0
T4T5_abcd_L,0,MN_all_right,146701,4.0
T4T5_abcd_L,0,MN_all_right,146725,54.0
T4T5_abcd_L,0,MN_all_right,146868,16.0
T4T5_abcd_L,0,MN_all_right,146879,1.0
T4T5_abcd_L,0,MN_all_right,147037,19.0
T4T5_abcd_L,0,MN_all_right,147094,22.0
T4T5_abcd_L,0,MN_all_right,147267,10.0
T4T5_abcd_L,0,MN_all_right,147470,5.0
T4T5_abcd_L,0,MN_all_right,147519,20.0
T4T5_abcd_L,0,MN_all_right,147543,26.0
T4T5_abcd_L,0,MN_all_right,147559,45.0
T4T5_abcd_L,0,MN_all_right,147646,35.0
T4T5_abcd_L,0,MN_all_right,147672,17.0
T4T5_abcd_L,0,MN_all_right,147794,37.0
T4T5_abcd_L,0,MN_all_right,147905,7.0
T4T5_abcd_L,0,MN_all_right,147957,1.0
T4T5_abcd_L,0,MN_all_right,148001,8.0
T4T5_abcd_L,0,MN_all_right,148017,25.0
T4T5_abcd_L,0,MN_all_right,148201,20.0
T4T5_abcd_L,0,MN_all_right,148237,3.0
T4T5_abcd_L,0,MN_all_right,148293,7.0
T4T5_abcd_L,0,MN_all_right,148422,65.0
T4T5_abcd_L,0,MN_all_right,148611,31.0
T4T5_abcd_L,0,MN_all_right,148760,2.0
T4T5_abcd_L,0,MN_all_right,148816,36.0
T4T5_abcd_L,0,MN_all_right,148823,38.0
T4T5_abcd_L,0,MN_all_right,148863,1.0
T4T5_abcd_L,0,MN_all_right,148879,11.0
T4T5_abcd_L,0,MN_all_right,148985,1.0
T4T5_abcd_L,0,MN_all_right,148997,1.0
T4T5_abcd_L,0,MN_all_right,149056,82.0
T4T5_abcd_L,0,MN_all_right,149234,1.0
T4T5_abcd_L,0,MN_all_right,149327,42.0
T4T5_abcd_L,0,MN_all_right,149498,33.0
T4T5_abcd_L,0,MN_all_right,149864,1.0
T4T5_abcd_L,0,MN_all_right,149895,33.0
T4T5_abcd_L,0,MN_all_right,149996,1.0
T4T5_abcd_L,0,MN_all_right,150019,70.0
T4T5_abcd_L,0,MN_all_right,150152,1.0
T4T5_abcd_L,0,MN_all_right,150204,1.0
T4T5_abcd_L,0,MN_all_right,150362,35.0
T4T5_abcd_L,0,MN_all_right,150676,20.0
T4T5_abcd_L,0,MN_all_right,150738,11.0
T4T5_abcd_L,0,MN_all_right,150778,24.0
T4T5_abcd_L,0,MN_all_right,150989,22.0
T4T5_abcd_L,0,MN_all_right,152104,6.0
T4T5_abcd_L,0,MN_all_right,152528,34.0
T4T5_abcd_L,0,MN_all_right,153000,1.0
T4T5_abcd_L,0,MN_all_right,153409,61.0
T4T5_abcd_L,0,MN_all_right,153686,1.0
T4T5_abcd_L,0,MN_all_right,153736,7.0
T4T5_abcd_L,0,MN_all_right,154055,40.0
T4T5_abcd_L,0,MN_all_right,154732,40.0
T4T5_abcd_L,0,MN_all_right,154941,75.0
T4T5_abcd_L,0,MN_all_right,156301,16.0
T4T5_abcd_L,0,MN_all_right,157467,1.0
T4T5_abcd_L,0,MN_all_right,157875,2.0
T4T5_abcd_L,0,MN_all_right,158193,33.0
T4T5_abcd_L,0,MN_all_right,158440,2.0
T4T5_abcd_L,0,MN_all_right,158546,55.0
T4T5_abcd_L,0,MN_all_right,158670,24.0
T4T5_abcd_L,0,MN_all_right,158812,17.0
T4T5_abcd_L,0,MN_all_right,159157,1.0
T4T5_abcd_L,0,MN_all_right,159225,21.0
T4T5_abcd_L,0,MN_all_right,159253,36.0
T4T5_abcd_L,0,MN_all_right,159477,9.0
T4T5_abcd_L,0,MN_all_right,159478,3.0
T4T5_abcd_L,0,MN_all_right,159538,1.0
T4T5_abcd_L,0,MN_all_right,159546,5.0
T4T5_abcd_L,0,MN_all_right,159896,11.0
T4T5_abcd_L,0,MN_all_right,160165,32.0
T4T5_abcd_L,0,MN_all_right,160191,20.0
T4T5_abcd_L,0,MN_all_right,160211,2.0
T4T5_abcd_L,0,MN_all_right,160245,40.0
T4T5_abcd_L,0,MN_all_right,160271,56.0
T4T5_abcd_L,0,MN_all_right,160307,2.0
T4T5_abcd_L,0,MN_all_right,160329,26.0
T4T5_abcd_L,0,MN_all_right,160551,30.0
T4T5_abcd_L,0,MN_all_right,161362,3.0
T4T5_abcd_L,0,MN_all_right,162256,1.0
T4T5_abcd_L,0,MN_all_right,162556,1.0
T4T5_abcd_L,0,MN_all_right,162567,2.0
T4T5_abcd_L,0,MN_all_right,162677,19.0
T4T5_abcd_L,0,MN_all_right,162781,76.0
T4T5_abcd_L,0,MN_all_right,164606,71.0
T4T5_abcd_L,0,MN_all_right,164614,80.0
T4T5_abcd_L,0,MN_all_right,164616,41.0
T4T5_abcd_L,0,MN_all_right,164623,14.0
T4T5_abcd_L,1,DN_all_left,6,254.0
T4T5_abcd_L,1,DN_all_left,39,2.0
T4T5_abcd_L,1,DN_all_left,78,75.0
T4T5_abcd_L,1,DN_all_left,104,263.0
T4T5_abcd_L,1,DN_all_left,109,65.0
T4T5_abcd_L,1,DN_all_left,129,42.0
T4T5_abcd_L,1,DN_all_left,144,55.0
T4T5_abcd_L,1,DN_all_left,146,201.0
T4T5_abcd_L,1,DN_all_left,147,1.0
T4T5_abcd_L,1,DN_all_left,173,1.0
T4T5_abcd_L,1,DN_all_left,204,218.0
T4T5_abcd_L,1,DN_all_left,207,129.0
T4T5_abcd_L,1,DN_all_left,213,2.0
T4T5_abcd_L,1,DN_all_left,223,52.0
T4T5_abcd_L,1,DN_all_left,226,1.0
T4T5_abcd_L,1,DN_all_left,228,160.0
T4T5_abcd_L,1,DN_all_left,252,1.0
T4T5_abcd_L,1,DN_all_left,264,106.0
T4T5_abcd_L,1,DN_all_left,273,108.0
T4T5_abcd_L,1,DN_all_left,316,50.0
T4T5_abcd_L,1,DN_all_left,333,180.0
T4T5_abcd_L,1,DN_all_left,349,126.0
T4T5_abcd_L,1,DN_all_left,363,87.0
T4T5_abcd_L,1,DN_all_left,384,253.0
T4T5_abcd_L,1,DN_all_left,391,1.0
T4T5_abcd_L,1,DN_all_left,410,21.0
T4T5_abcd_L,1,DN_all_left,413,159.0
T4T5_abcd_L,1,DN_all_left,433,37.0
T4T5_abcd_L,1,DN_all_left,489,12.0
T4T5_abcd_L,1,DN_all_left,514,48.0
T4T5_abcd_L,1,DN_all_left,523,143.0
T4T5_abcd_L,1,DN_all_left,541,6.0
T4T5_abcd_L,1,DN_all_left,543,7.0
T4T5_abcd_L,1,DN_all_left,551,1.0
T4T5_abcd_L,1,DN_all_left,603,1.0
T4T5_abcd_L,1,DN_all_left,608,49.0
T4T5_abcd_L,1,DN_all_left,614,2.0
T4T5_abcd_L,1,DN_all_left,628,1.0
T4T5_abcd_L,1,DN_all_left,632,22.0
T4T5_abcd_L,1,DN_all_left,656,76.0
T4T5_abcd_L,1,DN_all_left,673,54.0
T4T5_abcd_L,1,DN_all_left,675,23.0
T4T5_abcd_L,1,DN_all_left,687,1.0
T4T5_abcd_L,1,DN_all_left,741,26.0
T4T5_abcd_L,1,DN_all_left,751,21.0
T4T5_abcd_L,1,DN_all_left,773,105.0
T4T5_abcd_L,1,DN_all_left,781,1.0
T4T5_abcd_L,1,DN_all_left,783,5.0
T4T5_abcd_L,1,DN_all_left,791,2.0
T4T5_abcd_L,1,DN_all_left,823,107.0
T4T5_abcd_L,1,DN_all_left,861,59.0
T4T5_abcd_L,1,DN_all_left,898,1.0
T4T5_abcd_L,1,DN_all_left,906,31.0
T4T5_abcd_L,1,DN_all_left,927,18.0
T4T5_abcd_L,1,DN_all_left,979,1.0
T4T5_abcd_L,1,DN_all_left,992,132.0
T4T5_abcd_L,1,DN_all_left,993,8.0
T4T5_abcd_L,1,DN_all_left,994,72.0
T4T5_abcd_L,1,DN_all_left,1037,16.0
T4T5_abcd_L,1,DN_all_left,1047,136.0
T4T5_abcd_L,1,DN_all_left,1071,1.0
T4T5_abcd_L,1,DN_all_left,1111,73.0
T4T5_abcd_L,1,DN_all_left,1131,5.0
T4T5_abcd_L,1,DN_all_left,1155,3.0
T4T5_abcd_L,1,DN_all_left,1167,88.0
T4T5_abcd_L,1,DN_all_left,1196,1.0
T4T5_abcd_L,1,DN_all_left,1273,105.0
T4T5_abcd_L,1,DN_all_left,1314,1.0
T4T5_abcd_L,1,DN_all_left,1324,96.0
T4T5_abcd_L,1,DN_all_left,1325,5.0
T4T5_abcd_L,1,DN_all_left,1342,1.0
T4T5_abcd_L,1,DN_all_left,1361,127.0
T4T5_abcd_L,1,DN_all_left,1387,4.0
T4T5_abcd_L,1,DN_all_left,1392,7.0
T4T5_abcd_L,1,DN_all_left,1506,85.0
T4T5_abcd_L,1,DN_all_left,1562,57.0
T4T5_abcd_L,1,DN_all_left,1564,15.0
T4T5_abcd_L,1,DN_all_left,1591,1.0
T4T5_abcd_L,1,DN_all_left,1626,4.0
T4T5_abcd_L,1,DN_all_left,1677,28.0
T4T5_abcd_L,1,DN_all_left,1724,105.0
T4T5_abcd_L,1,DN_all_left,1821,48.0
T4T5_abcd_L,1,DN_all_left,1827,11.0
T4T5_abcd_L,1,DN_all_left,1833,4.0
T4T5_abcd_L,1,DN_all_left,1870,4.0
T4T5_abcd_L,1,DN_all_left,1935,102.0
T4T5_abcd_L,1,DN_all_left,1950,1.0
T4T5_abcd_L,1,DN_all_left,1997,1.0
T4T5_abcd_L,1,DN_all_left,2074,43.0
T4T5_abcd_L,1,DN_all_left,2078,15.0
T4T5_abcd_L,1,DN_all_left,2103,4.0
T4T5_abcd_L,1,DN_all_left,2154,121.0
T4T5_abcd_L,1,DN_all_left,2194,1.0
T4T5_abcd_L,1,DN_all_left,2286,42.0
T4T5_abcd_L,1,DN_all_left,2329,48.0
T4T5_abcd_L,1,DN_all_left,2354,34.0
T4T5_abcd_L,1,DN_all_left,2414,1.0
T4T5_abcd_L,1,DN_all_left,2423,58.0
T4T5_abcd_L,1,DN_all_left,2441,9.0
T4T5_abcd_L,1,DN_all_left,2449,4.0
T4T5_abcd_L,1,DN_all_left,2451,112.0
T4T5_abcd_L,1,DN_all_left,2465,53.0
T4T5_abcd_L,1,DN_all_left,2500,5.0
T4T5_abcd_L,1,DN_all_left,2583,51.0
T4T5_abcd_L,1,DN_all_left,2588,22.0
T4T5_abcd_L,1,DN_all_left,2620,1.0
T4T5_abcd_L,1,DN_all_left,2676,92.0
T4T5_abcd_L,1,DN_all_left,2688,1.0
T4T5_abcd_L,1,DN_all_left,2700,1.0
T4T5_abcd_L,1,DN_all_left,2837,14.0
T4T5_abcd_L,1,DN_all_left,2868,12.0
T4T5_abcd_L,1,DN_all_left,2933,81.0
T4T5_abcd_L,1,DN_all_left,3003,103.0
T4T5_abcd_L,1,DN_all_left,3009,1.0
T4T5_abcd_L,1,DN_all_left,3045,9.0
T4T5_abcd_L,1,DN_all_left,3084,28.0
T4T5_abcd_L,1,DN_all_left,3106,205.0
T4T5_abcd_L,1,DN_all_left,3159,3.0
T4T5_abcd_L,1,DN_all_left,3222,25.0
T4T5_abcd_L,1,DN_all_left,3306,9.0
T4T5_abcd_L,1,DN_all_left,3331,127.0
T4T5_abcd_L,1,DN_all_left,3349,31.0
T4T5_abcd_L,1,DN_all_left,3390,2.0
T4T5_abcd_L,1,DN_all_left,3394,32.0
T4T5_abcd_L,1,DN_all_left,3451,3.0
T4T5_abcd_L,1,DN_all_left,3505,107.0
T4T5_abcd_L,1,DN_all_left,3569,1.0
T4T5_abcd_L,1,DN_all_left,3595,4.0
T4T5_abcd_L,1,DN_all_left,3722,41.0
T4T5_abcd_L,1,DN_all_left,3770,29.0
T4T5_abcd_L,1,DN_all_left,3788,2.0
T4T5_abcd_L,1,DN_all_left,3939,5.0
T4T5_abcd_L,1,DN_all_left,3966,64.0
T4T5_abcd_L,1,DN_all_left,4017,2.0
T4T5_abcd_L,1,DN_all_left,4335,90.0
T4T5_abcd_L,1,DN_all_left,4591,2.0
T4T5_abcd_L,1,DN_all_left,4609,45.0
T4T5_abcd_L,1,DN_all_left,4678,2.0
T4T5_abcd_L,1,DN_all_left,4917,70.0
T4T5_abcd_L,1,DN_all_left,5015,174.0
T4T5_abcd_L,1,DN_all_left,5021,95.0
T4T5_abcd_L,1,DN_all_left,5067,50.0
T4T5_abcd_L,1,DN_all_left,5217,26.0
T4T5_abcd_L,1,DN_all_left,5247,3.0
T4T5_abcd_L,1,DN_all_left,5262,5.0
T4T5_abcd_L,1,DN_all_left,5338,2.0
T4T5_abcd_L,1,DN_all_left,5579,4.0
T4T5_abcd_L,1,DN_all_left,5616,3.0
T4T5_abcd_L,1,DN_all_left,5624,22.0
T4T5_abcd_L,1,DN_all_left,5867,47.0
T4T5_abcd_L,1,DN_all_left,5993,40.0
T4T5_abcd_L,1,DN_all_left,6490,53.0
T4T5_abcd_L,1,DN_all_left,6736,34.0
T4T5_abcd_L,1,DN_all_left,6742,7.0
T4T5_abcd_L,1,DN_all_left,8977,2.0
T4T5_abcd_L,1,DN_all_left,9137,1.0
T4T5_abcd_L,1,DN_all_left,9402,35.0
T4T5_abcd_L,1,DN_all_left,10000,51.0
T4T5_abcd_L,1,DN_all_left,10086,4.0
T4T5_abcd_L,1,DN_all_left,10532,1.0
T4T5_abcd_L,1,DN_all_left,11249,1.0
T4T5_abcd_L,1,DN_all_left,12085,2.0
T4T5_abcd_L,1,DN_all_left,12883,98.0
T4T5_abcd_L,1,DN_all_left,13339,53.0
T4T5_abcd_L,1,DN_all_left,13746,1.0
T4T5_abcd_L,1,DN_all_left,14442,2.0
T4T5_abcd_L,1,DN_all_left,15020,1.0
T4T5_abcd_L,1,DN_all_left,15035,4.0
T4T5_abcd_L,1,DN_all_left,15054,1.0
T4T5_abcd_L,1,DN_all_left,15328,3.0
T4T5_abcd_L,1,DN_all_left,15782,2.0
T4T5_abcd_L,1,DN_all_left,15877,86.0
T4T5_abcd_L,1,DN_all_left,16002,1.0
T4T5_abcd_L,1,DN_all_left,17073,43.0
T4T5_abcd_L,1,DN_all_left,17402,1.0
T4T5_abcd_L,1,DN_all_left,17744,87.0
T4T5_abcd_L,1,DN_all_left,18165,23.0
T4T5_abcd_L,1,DN_all_left,18428,4.0
T4T5_abcd_L,1,DN_all_left,18745,44.0
T4T5_abcd_L,1,DN_all_left,20018,1.0
T4T5_abcd_L,1,DN_all_left,20649,56.0
T4T5_abcd_L,1,DN_all_left,20940,1.0
T4T5_abcd_L,1,DN_all_left,21341,1.0
T4T5_abcd_L,1,DN_all_left,22768,66.0
T4T5_abcd_L,1,DN_all_left,22875,8.0
T4T5_abcd_L,1,DN_all_left,22975,72.0
T4T5_abcd_L,1,DN_all_left,23287,1.0
T4T5_abcd_L,1,DN_all_left,23939,46.0
T4T5_abcd_L,1,DN_all_left,24331,70.0
T4T5_abcd_L,1,DN_all_left,25434,67.0
T4T5_abcd_L,1,DN_all_left,25769,16.0
T4T5_abcd_L,1,DN_all_left,26196,10.0
T4T5_abcd_L,1,DN_all_left,27665,64.0
T4T5_abcd_L,1,DN_all_left,28642,72.0
T4T5_abcd_L,1,DN_all_left,28804,46.0
T4T5_abcd_L,1,DN_all_left,53674,19.0
T4T5_abcd_L,1,DN_all_left,60324,13.0
T4T5_abcd_L,1,DN_all_left,60365,1.0
T4T5_abcd_L,1,DN_all_left,116552,38.0
T4T5_abcd_L,1,DN_all_left,120875,1.0
T4T5_abcd_L,1,DN_all_left,124448,32.0
T4T5_abcd_L,1,DN_all_left,124813,7.0
T4T5_abcd_L,1,DN_all_left,124969,8.0
T4T5_abcd_L,1,DN_all_left,125333,1.0
T4T5_abcd_L,1,DN_all_left,126100,93.0
T4T5_abcd_L,1,DN_all_left,126526,1.0
T4T5_abcd_L,1,DN_all_left,127958,7.0
T4T5_abcd_L,1,DN_all_left,128725,2.0
T4T5_abcd_L,1,DN_all_left,128862,32.0
T4T5_abcd_L,1,DN_all_left,128890,175.0
T4T5_abcd_L,1,DN_all_left,128964,24.0
T4T5_abcd_L,1,DN_all_left,129107,1.0
T4T5_abcd_L,1,DN_all_left,129520,1.0
T4T5_abcd_L,1,DN_all_left,129654,12.0
T4T5_abcd_L,1,DN_all_left,130077,1.0
T4T5_abcd_L,1,DN_all_left,130311,99.0
T4T5_abcd_L,1,DN_all_left,130458,1.0
T4T5_abcd_L,1,DN_all_left,130496,26.0
T4T5_abcd_L,1,DN_all_left,130499,6.0
T4T5_abcd_L,1,DN_all_left,132535,22.0
T4T5_abcd_L,1,DN_all_left,132582,17.0
T4T5_abcd_L,1,DN_all_left,132965,22.0
T4T5_abcd_L,1,DN_all_left,133364,7.0
T4T5_abcd_L,1,DN_all_left,133740,251.0
T4T5_abcd_L,1,DN_all_left,135657,56.0
T4T5_abcd_L,1,DN_all_left,140913,4.0
T4T5_abcd_L,1,DN_all_left,141026,147.0
T4T5_abcd_L,1,DN_all_left,141033,4.0
T4T5_abcd_L,1,DN_all_left,142108,96.0
T4T5_abcd_L,1,DN_all_left,142174,4.0
T4T5_abcd_L,1,DN_all_left,144939,2.0
T4T5_abcd_L,1,DN_all_left,162563,1.0
T4T5_abcd_L,1,DN_all_right,0,5.0
T4T5_abcd_L,1,DN_all_right,19,1.0
T4T5_abcd_L,1,DN_all_right,25,141.0
T4T5_abcd_L,1,DN_all_right,45,7.0
T4T5_abcd_L,1,DN_all_right,51,40.0
T4T5_abcd_L,1,DN_all_right,52,261.0
T4T5_abcd_L,1,DN_all_right,117,1.0
T4T5_abcd_L,1,DN_all_right,137,1.0
T4T5_abcd_L,1,DN_all_right,176,48.0
T4T5_abcd_L,1,DN_all_right,194,2.0
T4T5_abcd_L,1,DN_all_right,197,1.0
T4T5_abcd_L,1,DN_all_right,215,94.0
T4T5_abcd_L,1,DN_all_right,216,69.0
T4T5_abcd_L,1,DN_all_right,243,29.0
T4T5_abcd_L,1,DN_all_right,259,1.0
T4T5_abcd_L,1,DN_all_right,261,3.0
T4T5_abcd_L,1,DN_all_right,274,107.0
T4T5_abcd_L,1,DN_all_right,281,50.0
T4T5_abcd_L,1,DN_all_right,290,91.0
T4T5_abcd_L,1,DN_all_right,311,46.0
T4T5_abcd_L,1,DN_all_right,317,102.0
T4T5_abcd_L,1,DN_all_right,327,24.0
T4T5_abcd_L,1,DN_all_right,332,1.0
T4T5_abcd_L,1,DN_all_right,351,30.0
T4T5_abcd_L,1,DN_all_right,378,32.0
T4T5_abcd_L,1,DN_all_right,397,1.0
T4T5_abcd_L,1,DN_all_right,424,2.0
T4T5_abcd_L,1,DN_all_right,428,1.0
T4T5_abcd_L,1,DN_all_right,467,29.0
T4T5_abcd_L,1,DN_all_right,505,28.0
T4T5_abcd_L,1,DN_all_right,545,1.0
T4T5_abcd_L,1,DN_all_right,616,2.0
T4T5_abcd_L,1,DN_all_right,620,83.0
T4T5_abcd_L,1,DN_all_right,624,6.0
T4T5_abcd_L,1,DN_all_right,654,3.0
T4T5_abcd_L,1,DN_all_right,703,67.0
T4T5_abcd_L,1,DN_all_right,704,4.0
T4T5_abcd_L,1,DN_all_right,706,1.0
T4T5_abcd_L,1,DN_all_right,746,6.0
T4T5_abcd_L,1,DN_all_right,762,99.0
T4T5_abcd_L,1,DN_all_right,763,36.0
T4T5_abcd_L,1,DN_all_right,776,4.0
T4T5_abcd_L,1,DN_all_right,777,44.0
T4T5_abcd_L,1,DN_all_right,809,12.0
T4T5_abcd_L,1,DN_all_right,828,11.0
T4T5_abcd_L,1,DN_all_right,853,4.0
T4T5_abcd_L,1,DN_all_right,854,2.0
T4T5_abcd_L,1,DN_all_right,886,91.0
T4T5_abcd_L,1,DN_all_right,894,128.0
T4T5_abcd_L,1,DN_all_right,902,1.0
T4T5_abcd_L,1,DN_all_right,911,2.0
T4T5_abcd_L,1,DN_all_right,987,1.0
T4T5_abcd_L,1,DN_all_right,988,12.0
T4T5_abcd_L,1,DN_all_right,1021,83.0
T4T5_abcd_L,1,DN_all_right,1048,5.0
T4T5_abcd_L,1,DN_all_right,1083,1.0
T4T5_abcd_L,1,DN_all_right,1089,1.0
T4T5_abcd_L,1,DN_all_right,1108,25.0
T4T5_abcd_L,1,DN_all_right,1124,141.0
T4T5_abcd_L,1,DN_all_right,1142,1.0
T4T5_abcd_L,1,DN_all_right,1165,63.0
T4T5_abcd_L,1,DN_all_right,1166,1.0
T4T5_abcd_L,1,DN_all_right,1168,5.0
T4T5_abcd_L,1,DN_all_right,1210,42.0
T4T5_abcd_L,1,DN_all_right,1218,1.0
T4T5_abcd_L,1,DN_all_right,1240,1.0
T4T5_abcd_L,1,DN_all_right,1242,4.0
T4T5_abcd_L,1,DN_all_right,1269,40.0
T4T5_abcd_L,1,DN_all_right,1277,109.0
T4T5_abcd_L,1,DN_all_right,1315,35.0
T4T5_abcd_L,1,DN_all_right,1329,1.0
T4T5_abcd_L,1,DN_all_right,1400,61.0
T4T5_abcd_L,1,DN_all_right,1405,4.0
T4T5_abcd_L,1,DN_all_right,1457,16.0
T4T5_abcd_L,1,DN_all_right,1468,2.0
T4T5_abcd_L,1,DN_all_right,1492,38.0
T4T5_abcd_L,1,DN_all_right,1502,34.0
T4T5_abcd_L,1,DN_all_right,1575,6.0
T4T5_abcd_L,1,DN_all_right,1581,1.0
T4T5_abcd_L,1,DN_all_right,1593,58.0
T4T5_abcd_L,1,DN_all_right,1610,1.0
T4T5_abcd_L,1,DN_all_right,1621,5.0
T4T5_abcd_L,1,DN_all_right,1648,34.0
T4T5_abcd_L,1,DN_all_right,1653,2.0
T4T5_abcd_L,1,DN_all_right,1699,53.0
T4T5_abcd_L,1,DN_all_right,1708,7.0
T4T5_abcd_L,1,DN_all_right,1756,2.0
T4T5_abcd_L,1,DN_all_right,1804,77.0
T4T5_abcd_L,1,DN_all_right,1837,4.0
T4T5_abcd_L,1,DN_all_right,1897,3.0
T4T5_abcd_L,1,DN_all_right,1954,41.0
T4T5_abcd_L,1,DN_all_right,1965,4.0
T4T5_abcd_L,1,DN_all_right,1995,1.0
T4T5_abcd_L,1,DN_all_right,2033,5.0
T4T5_abcd_L,1,DN_all_right,2037,2.0
T4T5_abcd_L,1,DN_all_right,2070,63.0
T4T5_abcd_L,1,DN_all_right,2079,62.0
T4T5_abcd_L,1,DN_all_right,2094,26.0
T4T5_abcd_L,1,DN_all_right,2120,4.0
T4T5_abcd_L,1,DN_all_right,2289,1.0
T4T5_abcd_L,1,DN_all_right,2295,1.0
T4T5_abcd_L,1,DN_all_right,2321,2.0
T4T5_abcd_L,1,DN_all_right,2325,25.0
T4T5_abcd_L,1,DN_all_right,2331,25.0
T4T5_abcd_L,1,DN_all_right,2350,48.0
T4T5_abcd_L,1,DN_all_right,2433,12.0
T4T5_abcd_L,1,DN_all_right,2458,4.0
T4T5_abcd_L,1,DN_all_right,2495,41.0
T4T5_abcd_L,1,DN_all_right,2529,41.0
T4T5_abcd_L,1,DN_all_right,2595,1.0
T4T5_abcd_L,1,DN_all_right,2600,110.0
T4T5_abcd_L,1,DN_all_right,2606,46.0
T4T5_abcd_L,1,DN_all_right,2607,107.0
T4T5_abcd_L,1,DN_all_right,2613,40.0
T4T5_abcd_L,1,DN_all_right,2636,41.0
T4T5_abcd_L,1,DN_all_right,2659,1.0
T4T5_abcd_L,1,DN_all_right,2752,1.0
T4T5_abcd_L,1,DN_all_right,2841,3.0
T4T5_abcd_L,1,DN_all_right,2851,25.0
T4T5_abcd_L,1,DN_all_right,3020,148.0
T4T5_abcd_L,1,DN_all_right,3059,45.0
T4T5_abcd_L,1,DN_all_right,3067,1.0
T4T5_abcd_L,1,DN_all_right,3068,1.0
T4T5_abcd_L,1,DN_all_right,3132,44.0
T4T5_abcd_L,1,DN_all_right,3149,3.0
T4T5_abcd_L,1,DN_all_right,3220,205.0
T4T5_abcd_L,1,DN_all_right,3278,3.0
T4T5_abcd_L,1,DN_all_right,3348,62.0
T4T5_abcd_L,1,DN_all_right,3374,31.0
T4T5_abcd_L,1,DN_all_right,3383,19.0
T4T5_abcd_L,1,DN_all_right,3406,1.0
T4T5_abcd_L,1,DN_all_right,3437,10.0
T4T5_abcd_L,1,DN_all_right,3491,6.0
T4T5_abcd_L,1,DN_all_right,3593,13.0
T4T5_abcd_L,1,DN_all_right,3625,2.0
T4T5_abcd_L,1,DN_all_right,3654,26.0
T4T5_abcd_L,1,DN_all_right,3694,16.0
T4T5_abcd_L,1,DN_all_right,3720,1.0
T4T5_abcd_L,1,DN_all_right,3754,52.0
T4T5_abcd_L,1,DN_all_right,3853,9.0
T4T5_abcd_L,1,DN_all_right,3865,1.0
T4T5_abcd_L,1,DN_all_right,3868,3.0
T4T5_abcd_L,1,DN_all_right,3945,67.0
T4T5_abcd_L,1,DN_all_right,3960,41.0
T4T5_abcd_L,1,DN_all_right,3997,32.0
T4T5_abcd_L,1,DN_all_right,4020,65.0
T4T5_abcd_L,1,DN_all_right,4042,2.0
T4T5_abcd_L,1,DN_all_right,4078,1.0
T4T5_abcd_L,1,DN_all_right,4098,88.0
T4T5_abcd_L,1,DN_all_right,4120,5.0
T4T5_abcd_L,1,DN_all_right,4467,13.0
T4T5_abcd_L,1,DN_all_right,4479,6.0
T4T5_abcd_L,1,DN_all_right,4514,12.0
T4T5_abcd_L,1,DN_all_right,4559,1.0
T4T5_abcd_L,1,DN_all_right,4641,35.0
T4T5_abcd_L,1,DN_all_right,4645,37.0
T4T5_abcd_L,1,DN_all_right,5027,9.0
T4T5_abcd_L,1,DN_all_right,5124,36.0
T4T5_abcd_L,1,DN_all_right,5211,4.0
T4T5_abcd_L,1,DN_all_right,5348,1.0
T4T5_abcd_L,1,DN_all_right,5357,2.0
T4T5_abcd_L,1,DN_all_right,5367,2.0
T4T5_abcd_L,1,DN_all_right,5381,22.0
T4T5_abcd_L,1,DN_all_right,5390,23.0
T4T5_abcd_L,1,DN_all_right,5458,41.0
T4T5_abcd_L,1,DN_all_right,5739,1.0
T4T5_abcd_L,1,DN_all_right,5841,3.0
T4T5_abcd_L,1,DN_all_right,6142,1.0
T4T5_abcd_L,1,DN_all_right,6152,73.0
T4T5_abcd_L,1,DN_all_right,6169,6.0
T4T5_abcd_L,1,DN_all_right,6255,90.0
T4T5_abcd_L,1,DN_all_right,6278,27.0
T4T5_abcd_L,1,DN_all_right,6427,1.0
T4T5_abcd_L,1,DN_all_right,6570,24.0
T4T5_abcd_L,1,DN_all_right,7801,1.0
T4T5_abcd_L,1,DN_all_right,7850,1.0
T4T5_abcd_L,1,DN_all_right,8815,1.0
T4T5_abcd_L,1,DN_all_right,9254,105.0
T4T5_abcd_L,1,DN_all_right,9458,126.0
T4T5_abcd_L,1,DN_all_right,9662,66.0
T4T5_abcd_L,1,DN_all_right,9780,88.0
T4T5_abcd_L,1,DN_all_right,9912,53.0
T4T5_abcd_L,1,DN_all_right,10343,2.0
T4T5_abcd_L,1,DN_all_right,11239,1.0
T4T5_abcd_L,1,DN_all_right,11446,1.0
T4T5_abcd_L,1,DN_all_right,11504,27.0
T4T5_abcd_L,1,DN_all_right,12150,2.0
T4T5_abcd_L,1,DN_all_right,12572,3.0
T4T5_abcd_L,1,DN_all_right,14496,1.0
T4T5_abcd_L,1,DN_all_right,15028,10.0
T4T5_abcd_L,1,DN_all_right,15460,1.0
T4T5_abcd_L,1,DN_all_right,15893,32.0
T4T5_abcd_L,1,DN_all_right,16849,1.0
T4T5_abcd_L,1,DN_all_right,17700,3.0
T4T5_abcd_L,1,DN_all_right,17897,16.0
T4T5_abcd_L,1,DN_all_right,18461,6.0
T4T5_abcd_L,1,DN_all_right,18857,15.0
T4T5_abcd_L,1,DN_all_right,23861,2.0
T4T5_abcd_L,1,DN_all_right,29289,1.0
T4T5_abcd_L,1,DN_all_right,31901,1.0
T4T5_abcd_L,1,DN_all_right,42917,6.0
T4T5_abcd_L,1,DN_all_right,47173,2.0
T4T5_abcd_L,1,DN_all_right,50694,20.0
T4T5_abcd_L,1,DN_all_right,63360,5.0
T4T5_abcd_L,1,DN_all_right,72835,24.0
T4T5_abcd_L,1,DN_all_right,117981,47.0
T4T5_abcd_L,1,DN_all_right,118808,1.0
T4T5_abcd_L,1,DN_all_right,121642,3.0
T4T5_abcd_L,1,DN_all_right,122136,6.0
T4T5_abcd_L,1,DN_all_right,122432,9.0
T4T5_abcd_L,1,DN_all_right,123333,16.0
T4T5_abcd_L,1,DN_all_right,124419,58.0
T4T5_abcd_L,1,DN_all_right,124541,72.0
T4T5_abcd_L,1,DN_all_right,124662,1.0
T4T5_abcd_L,1,DN_all_right,124920,50.0
T4T5_abcd_L,1,DN_all_right,125376,15.0
T4T5_abcd_L,1,DN_all_right,125430,2.0
T4T5_abcd_L,1,DN_all_right,125501,1.0
T4T5_abcd_L,1,DN_all_right,125617,2.0
T4T5_abcd_L,1,DN_all_right,125795,4.0
T4T5_abcd_L,1,DN_all_right,126404,42.0
T4T5_abcd_L,1,DN_all_right,126772,2.0
T4T5_abcd_L,1,DN_all_right,128032,73.0
T4T5_abcd_L,1,DN_all_right,128660,1.0
T4T5_abcd_L,1,DN_all_right,128692,147.0
T4T5_abcd_L,1,DN_all_right,128892,7.0
T4T5_abcd_L,1,DN_all_right,129181,1.0
T4T5_abcd_L,1,DN_all_right,129301,9.0
T4T5_abcd_L,1,DN_all_right,129659,18.0
T4T5_abcd_L,1,DN_all_right,129688,46.0
T4T5_abcd_L,1,DN_all_right,129718,4.0
T4T5_abcd_L,1,DN_all_right,129873,1.0
T4T5_abcd_L,1,DN_all_right,130252,83.0
T4T5_abcd_L,1,DN_all_right,130688,1.0
T4T5_abcd_L,1,DN_all_right,130838,2.0
T4T5_abcd_L,1,DN_all_right,130847,33.0
T4T5_abcd_L,1,DN_all_right,130858,12.0
T4T5_abcd_L,1,DN_all_right,131136,154.0
T4T5_abcd_L,1,DN_all_right,131434,67.0
T4T5_abcd_L,1,DN_all_right,133544,7.0
T4T5_abcd_L,1,DN_all_right,140621,1.0
T4T5_abcd_L,1,DN_all_right,140980,1.0
T4T5_abcd_L,1,DN_all_right,141051,1.0
T4T5_abcd_L,1,DN_all_right,141735,70.0
T4T5_abcd_L,1,DN_all_right,143416,134.0
T4T5_abcd_L,1,DN_all_right,143432,52.0
T4T5_abcd_L,1,DN_all_right,144269,41.0
T4T5_abcd_L,1,DN_all_right,161396,60.0
T4T5_abcd_L,1,MN_all_left,111304,1.0
T4T5_abcd_L,1,MN_all_left,142836,137.0
T4T5_abcd_L,1,MN_all_left,142922,5.0
T4T5_abcd_L,1,MN_all_left,142929,3.0
T4T5_abcd_L,1,MN_all_left,142964,34.0
T4T5_abcd_L,1,MN_all_left,143064,103.0
T4T5_abcd_L,1,MN_all_left,143088,96.0
T4T5_abcd_L,1,MN_all_left,143139,1.0
T4T5_abcd_L,1,MN_all_left,143160,58.0
T4T5_abcd_L,1,MN_all_left,143221,39.0
T4T5_abcd_L,1,MN_all_left,143222,38.0
T4T5_abcd_L,1,MN_all_left,143231,7.0
T4T5_abcd_L,1,MN_all_left,143243,36.0
T4T5_abcd_L,1,MN_all_left,143252,42.0
T4T5_abcd_L,1,MN_all_left,143259,39.0
T4T5_abcd_L,1,MN_all_left,143322,49.0
T4T5_abcd_L,1,MN_all_left,143418,2.0
T4T5_abcd_L,1,MN_all_left,143421,39.0
T4T5_abcd_L,1,MN_all_left,143445,53.0
T4T5_abcd_L,1,MN_all_left,143464,41.0
T4T5_abcd_L,1,MN_all_left,143478,1.0
T4T5_abcd_L,1,MN_all_left,143539,1.0
T4T5_abcd_L,1,MN_all_left,143540,1.0
T4T5_abcd_L,1,MN_all_left,143626,9.0
T4T5_abcd_L,1,MN_all_left,143654,113.0
T4T5_abcd_L,1,MN_all_left,143664,4.0
T4T5_abcd_L,1,MN_all_left,143690,85.0
T4T5_abcd_L,1,MN_all_left,143700,53.0
T4T5_abcd_L,1,MN_all_left,143751,30.0
T4T5_abcd_L,1,MN_all_left,143760,19.0
T4T5_abcd_L,1,MN_all_left,143766,2.0
T4T5_abcd_L,1,MN_all_left,143773,78.0
T4T5_abcd_L,1,MN_all_left,143860,3.0
T4T5_abcd_L,1,MN_all_left,143901,24.0
T4T5_abcd_L,1,MN_all_left,143949,32.0
T4T5_abcd_L,1,MN_all_left,144071,82.0
T4T5_abcd_L,1,MN_all_left,144086,85.0
T4T5_abcd_L,1,MN_all_left,144209,65.0
T4T5_abcd_L,1,MN_all_left,144234,65.0
T4T5_abcd_L,1,MN_all_left,144248,2.0
T4T5_abcd_L,1,MN_all_left,144265,78.0
T4T5_abcd_L,1,MN_all_left,144290,1.0
T4T5_abcd_L,1,MN_all_left,144377,2.0
T4T5_abcd_L,1,MN_all_left,144382,46.0
T4T5_abcd_L,1,MN_all_left,144400,51.0
T4T5_abcd_L,1,MN_all_left,144439,12.0
T4T5_abcd_L,1,MN_all_left,144450,13.0
T4T5_abcd_L,1,MN_all_left,144457,1.0
T4T5_abcd_L,1,MN_all_left,144465,12.0
T4T5_abcd_L,1,MN_all_left,144538,19.0
T4T5_abcd_L,1,MN_all_left,144576,23.0
T4T5_abcd_L,1,MN_all_left,144578,11.0
T4T5_abcd_L,1,MN_all_left,144584,49.0
T4T5_abcd_L,1,MN_all_left,144821,95.0
T4T5_abcd_L,1,MN_all_left,144860,40.0
T4T5_abcd_L,1,MN_all_left,144878,2.0
T4T5_abcd_L,1,MN_all_left,144897,3.0
T4T5_abcd_L,1,MN_all_left,144964,25.0
T4T5_abcd_L,1,MN_all_left,144974,67.0
T4T5_abcd_L,1,MN_all_left,144997,10.0
T4T5_abcd_L,1,MN_all_left,145034,37.0
T4T5_abcd_L,1,MN_all_left,145081,41.0
T4T5_abcd_L,1,MN_all_left,145109,33.0
T4T5_abcd_L,1,MN_all_left,145142,2.0
T4T5_abcd_L,1,MN_all_left,145198,67.0
T4T5_abcd_L,1,MN_all_left,145217,2.0
T4T5_abcd_L,1,MN_all_left,145274,53.0
T4T5_abcd_L,1,MN_all_left,145303,32.0
T4T5_abcd_L,1,MN_all_left,145351,60.0
T4T5_abcd_L,1,MN_all_left,145405,17.0
T4T5_abcd_L,1,MN_all_left,145438,33.0
T4T5_abcd_L,1,MN_all_left,145476,87.0
T4T5_abcd_L,1,MN_all_left,145483,10.0
T4T5_abcd_L,1,MN_all_left,145564,1.0
T4T5_abcd_L,1,MN_all_left,145660,2.0
T4T5_abcd_L,1,MN_all_left,145672,21.0
T4T5_abcd_L,1,MN_all_left,145732,3.0
T4T5_abcd_L,1,MN_all_left,145766,9.0
T4T5_abcd_L,1,MN_all_left,145796,86.0
T4T5_abcd_L,1,MN_all_left,145805,16.0
T4T5_abcd_L,1,MN_all_left,145878,9.0
T4T5_abcd_L,1,MN_all_left,145900,11.0
T4T5_abcd_L,1,MN_all_left,145911,60.0
T4T5_abcd_L,1,MN_all_left,145975,39.0
T4T5_abcd_L,1,MN_all_left,146072,10.0
T4T5_abcd_L,1,MN_all_left,146085,21.0
T4T5_abcd_L,1,MN_all_left,146107,43.0
T4T5_abcd_L,1,MN_all_left,146233,13.0
T4T5_abcd_L,1,MN_all_left,146333,17.0
T4T5_abcd_L,1,MN_all_left,146441,1.0
T4T5_abcd_L,1,MN_all_left,146494,1.0
T4T5_abcd_L,1,MN_all_left,146507,5.0
T4T5_abcd_L,1,MN_all_left,146556,4.0
T4T5_abcd_L,1,MN_all_left,146571,3.0
T4T5_abcd_L,1,MN_all_left,146590,7.0
T4T5_abcd_L,1,MN_all_left,146748,88.0
T4T5_abcd_L,1,MN_all_left,147006,15.0
T4T5_abcd_L,1,MN_all_left,147111,1.0
T4T5_abcd_L,1,MN_all_left,147153,89.0
T4T5_abcd_L,1,MN_all_left,147241,30.0
T4T5_abcd_L,1,MN_all_left,147254,6.0
T4T5_abcd_L,1,MN_all_left,147311,23.0
T4T5_abcd_L,1,MN_all_left,147444,17.0
T4T5_abcd_L,1,MN_all_left,147449,7.0
T4T5_abcd_L,1,MN_all_left,147492,33.0
T4T5_abcd_L,1,MN_all_left,147569,7.0
T4T5_abcd_L,1,MN_all_left,147690,18.0
T4T5_abcd_L,1,MN_all_left,147730,18.0
T4T5_abcd_L,1,MN_all_left,147844,1.0
T4T5_abcd_L,1,MN_all_left,147938,8.0
T4T5_abcd_L,1,MN_all_left,147977,2.0
T4T5_abcd_L,1,MN_all_left,148097,2.0
T4T5_abcd_L,1,MN_all_left,148126,41.0
T4T5_abcd_L,1,MN_all_left,148144,2.0
T4T5_abcd_L,1,MN_all_left,148349,3.0
T4T5_abcd_L,1,MN_all_left,148397,8.0
T4T5_abcd_L,1,MN_all_left,148408,15.0
T4T5_abcd_L,1,MN_all_left,148537,23.0
T4T5_abcd_L,1,MN_all_left,148589,68.0
T4T5_abcd_L,1,MN_all_left,148779,1.0
T4T5_abcd_L,1,MN_all_left,148939,9.0
T4T5_abcd_L,1,MN_all_left,148953,78.0
T4T5_abcd_L,1,MN_all_left,148964,2.0
T4T5_abcd_L,1,MN_all_left,149298,12.0
T4T5_abcd_L,1,MN_all_left,149557,1.0
T4T5_abcd_L,1,MN_all_left,149592,65.0
T4T5_abcd_L,1,MN_all_left,149636,2.0
T4T5_abcd_L,1,MN_all_left,149802,4.0
T4T5_abcd_L,1,MN_all_left,150276,66.0
T4T5_abcd_L,1,MN_all_left,150280,45.0
T4T5_abcd_L,1,MN_all_left,150354,3.0
T4T5_abcd_L,1,MN_all_left,150516,1.0
T4T5_abcd_L,1,MN_all_left,150850,13.0
T4T5_abcd_L,1,MN_all_left,150864,37.0
T4T5_abcd_L,1,MN_all_left,151089,15.0
T4T5_abcd_L,1,MN_all_left,151228,4.0
T4T5_abcd_L,1,MN_all_left,152375,38.0
T4T5_abcd_L,1,MN_all_left,152535,49.0
T4T5_abcd_L,1,MN_all_left,152793,6.0
T4T5_abcd_L,1,MN_all_left,153181,2.0
T4T5_abcd_L,1,MN_all_left,154142,34.0
T4T5_abcd_L,1,MN_all_left,154315,79.0
T4T5_abcd_L,1,MN_all_left,154887,60.0
T4T5_abcd_L,1,MN_all_left,154980,39.0
T4T5_abcd_L,1,MN_all_left,156887,1.0
T4T5_abcd_L,1,MN_all_left,156971,7.0
T4T5_abcd_L,1,MN_all_left,158328,1.0
T4T5_abcd_L,1,MN_all_left,158478,1.0
T4T5_abcd_L,1,MN_all_left,158604,69.0
T4T5_abcd_L,1,MN_all_left,158794,3.0
T4T5_abcd_L,1,MN_all_left,159087,8.0
T4T5_abcd_L,1,MN_all_left,159285,92.0
T4T5_abcd_L,1,MN_all_left,159287,3.0
T4T5_abcd_L,1,MN_all_left,159288,10.0
T4T5_abcd_L,1,MN_all_left,159488,28.0
T4T5_abcd_L,1,MN_all_left,159489,68.0
T4T5_abcd_L,1,MN_all_left,159777,14.0
T4T5_abcd_L,1,MN_all_left,159993,93.0
T4T5_abcd_L,1,MN_all_left,160137,55.0
T4T5_abcd_L,1,MN_all_left,160430,4.0
T4T5_abcd_L,1,MN_all_left,160448,79.0
T4T5_abcd_L,1,MN_all_left,160854,32.0
T4T5_abcd_L,1,MN_all_left,161187,8.0
T4T5_abcd_L,1,MN_all_left,162458,8.0
T4T5_abcd_L,1,MN_all_left,162557,12.0
T4T5_abcd_L,1,MN_all_left,162657,1.0
T4T5_abcd_L,1,MN_all_left,162678,8.0
T4T5_abcd_L,1,MN_all_left,162782,115.0
T4T5_abcd_L,1,MN_all_left,162796,103.0
T4T5_abcd_L,1,MN_all_left,162914,47.0
T4T5_abcd_L,1,MN_all_left,164603,3.0
T4T5_abcd_L,1,MN_all_left,164726,2.0
T4T5_abcd_L,1,MN_all_right,142834,117.0
T4T5_abcd_L,1,MN_all_right,142900,10.0
T4T5_abcd_L,1,MN_all_right,142911,3.0
T4T5_abcd_L,1,MN_all_right,142932,38.0
T4T5_abcd_L,1,MN_all_right,142956,26.0
T4T5_abcd_L,1,MN_all_right,143020,3.0
T4T5_abcd_L,1,MN_all_right,143136,74.0
T4T5_abcd_L,1,MN_all_right,143140,1.0
T4T5_abcd_L,1,MN_all_right,143200,1.0
T4T5_abcd_L,1,MN_all_right,143217,89.0
T4T5_abcd_L,1,MN_all_right,143244,2.0
T4T5_abcd_L,1,MN_all_right,143260,88.0
T4T5_abcd_L,1,MN_all_right,143304,6.0
T4T5_abcd_L,1,MN_all_right,143341,3.0
T4T5_abcd_L,1,MN_all_right,143362,5.0
T4T5_abcd_L,1,MN_all_right,143454,8.0
T4T5_abcd_L,1,MN_all_right,143460,14.0
T4T5_abcd_L,1,MN_all_right,143467,69.0
T4T5_abcd_L,1,MN_all_right,143498,2.0
T4T5_abcd_L,1,MN_all_right,143566,11.0
T4T5_abcd_L,1,MN_all_right,143567,16.0
T4T5_abcd_L,1,MN_all_right,143581,90.0
T4T5_abcd_L,1,MN_all_right,143635,9.0
T4T5_abcd_L,1,MN_all_right,143728,22.0
T4T5_abcd_L,1,MN_all_right,143754,70.0
T4T5_abcd_L,1,MN_all_right,143786,78.0
T4T5_abcd_L,1,MN_all_right,143796,5.0
T4T5_abcd_L,1,MN_all_right,143804,5.0
T4T5_abcd_L,1,MN_all_right,143828,14.0
T4T5_abcd_L,1,MN_all_right,143830,31.0
T4T5_abcd_L,1,MN_all_right,143884,1.0
T4T5_abcd_L,1,MN_all_right,143900,47.0
T4T5_abcd_L,1,MN_all_right,144043,74.0
T4T5_abcd_L,1,MN_all_right,144056,1.0
T4T5_abcd_L,1,MN_all_right,144076,35.0
T4T5_abcd_L,1,MN_all_right,144107,5.0
T4T5_abcd_L,1,MN_all_right,144149,97.0
T4T5_abcd_L,1,MN_all_right,144152,102.0
T4T5_abcd_L,1,MN_all_right,144158,42.0
T4T5_abcd_L,1,MN_all_right,144211,10.0
T4T5_abcd_L,1,MN_all_right,144246,80.0
T4T5_abcd_L,1,MN_all_right,144285,79.0
T4T5_abcd_L,1,MN_all_right,144328,13.0
T4T5_abcd_L,1,MN_all_right,144338,38.0
T4T5_abcd_L,1,MN_all_right,144370,19.0
T4T5_abcd_L,1,MN_all_right,144391,40.0
T4T5_abcd_L,1,MN_all_right,144392,1.0
T4T5_abcd_L,1,MN_all_right,144429,3.0
T4T5_abcd_L,1,MN_all_right,144466,74.0
T4T5_abcd_L,1,MN_all_right,144516,1.0
T4T5_abcd_L,1,MN_all_right,144652,13.0
T4T5_abcd_L,1,MN_all_right,144664,4.0
T4T5_abcd_L,1,MN_all_right,144682,27.0
T4T5_abcd_L,1,MN_all_right,144715,1.0
T4T5_abcd_L,1,MN_all_right,144768,22.0
T4T5_abcd_L,1,MN_all_right,144790,2.0
T4T5_abcd_L,1,MN_all_right,144899,44.0
T4T5_abcd_L,1,MN_all_right,144918,12.0
T4T5_abcd_L,1,MN_all_right,144952,92.0
T4T5_abcd_L,1,MN_all_right,144987,51.0
T4T5_abcd_L,1,MN_all_right,145007,48.0
T4T5_abcd_L,1,MN_all_right,145064,47.0
T4T5_abcd_L,1,MN_all_right,145083,1.0
T4T5_abcd_L,1,MN_all_right,145127,91.0
T4T5_abcd_L,1,MN_all_right,145221,52.0
T4T5_abcd_L,1,MN_all_right,145278,34.0
T4T5_abcd_L,1,MN_all_right,145327,55.0
T4T5_abcd_L,1,MN_all_right,145458,3.0
T4T5_abcd_L,1,MN_all_right,145461,34.0
T4T5_abcd_L,1,MN_all_right,145492,77.0
T4T5_abcd_L,1,MN_all_right,145559,23.0
T4T5_abcd_L,1,MN_all_right,145568,3.0
T4T5_abcd_L,1,MN_all_right,145581,2.0
T4T5_abcd_L,1,MN_all_right,145592,55.0
T4T5_abcd_L,1,MN_all_right,145621,9.0
T4T5_abcd_L,1,MN_all_right,145653,51.0
T4T5_abcd_L,1,MN_all_right,145738,3.0
T4T5_abcd_L,1,MN_all_right,145832,39.0
T4T5_abcd_L,1,MN_all_right,145953,6.0
T4T5_abcd_L,1,MN_all_right,145960,39.0
T4T5_abcd_L,1,MN_all_right,146056,1.0
T4T5_abcd_L,1,MN_all_right,146130,33.0
T4T5_abcd_L,1,MN_all_right,146173,52.0
T4T5_abcd_L,1,MN_all_right,146318,38.0
T4T5_abcd_L,1,MN_all_right,146668,34.0
T4T5_abcd_L,1,MN_all_right,146701,6.0
T4T5_abcd_L,1,MN_all_right,146725,62.0
T4T5_abcd_L,1,MN_all_right,146868,13.0
T4T5_abcd_L,1,MN_all_right,146879,1.0
T4T5_abcd_L,1,MN_all_right,147037,28.0
T4T5_abcd_L,1,MN_all_right,147094,17.0
T4T5_abcd_L,1,MN_all_right,147184,1.0
T4T5_abcd_L,1,MN_all_right,147267,14.0
T4T5_abcd_L,1,MN_all_right,147470,6.0
T4T5_abcd_L,1,MN_all_right,147519,21.0
T4T5_abcd_L,1,MN_all_right,147543,26.0
T4T5_abcd_L,1,MN_all_right,147559,48.0
T4T5_abcd_L,1,MN_all_right,147606,2.0
T4T5_abcd_L,1,MN_all_right,147646,36.0
T4T5_abcd_L,1,MN_all_right,147672,23.0
T4T5_abcd_L,1,MN_all_right,147794,40.0
T4T5_abcd_L,1,MN_all_right,147905,9.0
T4T5_abcd_L,1,MN_all_right,147957,4.0
T4T5_abcd_L,1,MN_all_right,148001,8.0
T4T5_abcd_L,1,MN_all_right,148017,25.0
T4T5_abcd_L,1,MN_all_right,148201,23.0
T4T5_abcd_L,1,MN_all_right,148237,3.0
T4T5_abcd_L,1,MN_all_right,148293,5.0
T4T5_abcd_L,1,MN_all_right,148422,72.0
T4T5_abcd_L,1,MN_all_right,148611,31.0
T4T5_abcd_L,1,MN_all_right,148616,1.0
T4T5_abcd_L,1,MN_all_right,148760,3.0
T4T5_abcd_L,1,MN_all_right,148816,32.0
T4T5_abcd_L,1,MN_all_right,148823,41.0
T4T5_abcd_L,1,MN_all_right,148863,1.0
T4T5_abcd_L,1,MN_all_right,148879,11.0
T4T5_abcd_L,1,MN_all_right,148985,1.0
T4T5_abcd_L,1,MN_all_right,148997,1.0
T4T5_abcd_L,1,MN_all_right,149056,81.0
T4T5_abcd_L,1,MN_all_right,149234,1.0
T4T5_abcd_L,1,MN_all_right,149327,46.0
T4T5_abcd_L,1,MN_all_right,149498,61.0
T4T5_abcd_L,1,MN_all_right,149809,2.0
T4T5_abcd_L,1,MN_all_right,149864,1.0
T4T5_abcd_L,1,MN_all_right,149895,47.0
T4T5_abcd_L,1,MN_all_right,149996,1.0
T4T5_abcd_L,1,MN_all_right,150019,76.0
T4T5_abcd_L,1,MN_all_right,150204,3.0
T4T5_abcd_L,1,MN_all_right,150362,51.0
T4T5_abcd_L,1,MN_all_right,150676,21.0
T4T5_abcd_L,1,MN_all_right,150738,13.0
T4T5_abcd_L,1,MN_all_right,150778,22.0
T4T5_abcd_L,1,MN_all_right,150989,23.0
T4T5_abcd_L,1,MN_all_right,152104,6.0
T4T5_abcd_L,1,MN_all_right,152528,37.0
T4T5_abcd_L,1,MN_all_right,153000,2.0
T4T5_abcd_L,1,MN_all_right,153409,61.0
T4T5_abcd_L,1,MN_all_right,153686,1.0
T4T5_abcd_L,1,MN_all_right,153736,2.0
T4T5_abcd_L,1,MN_all_right,154055,60.0
T4T5_abcd_L,1,MN_all_right,154732,42.0
T4T5_abcd_L,1,MN_all_right,154941,73.0
T4T5_abcd_L,1,MN_all_right,155213,5.0
T4T5_abcd_L,1,MN_all_right,156301,13.0
T4T5_abcd_L,1,MN_all_right,157467,1.0
T4T5_abcd_L,1,MN_all_right,157875,1.0
T4T5_abcd_L,1,MN_all_right,158193,33.0
T4T5_abcd_L,1,MN_all_right,158440,1.0
T4T5_abcd_L,1,MN_all_right,158546,60.0
T4T5_abcd_L,1,MN_all_right,158670,24.0
T4T5_abcd_L,1,MN_all_right,158812,19.0
T4T5_abcd_L,1,MN_all_right,159157,1.0
T4T5_abcd_L,1,MN_all_right,159225,26.0
T4T5_abcd_L,1,MN_all_right,159253,35.0
T4T5_abcd_L,1,MN_all_right,159477,3.0
T4T5_abcd_L,1,MN_all_right,159538,1.0
T4T5_abcd_L,1,MN_all_right,159546,6.0
T4T5_abcd_L,1,MN_all_right,159896,8.0
T4T5_abcd_L,1,MN_all_right,160165,51.0
T4T5_abcd_L,1,MN_all_right,160191,20.0
T4T5_abcd_L,1,MN_all_right,160211,1.0
T4T5_abcd_L,1,MN_all_right,160245,35.0
T4T5_abcd_L,1,MN_all_right,160271,56.0
T4T5_abcd_L,1,MN_all_right,160307,2.0
T4T5_abcd_L,1,MN_all_right,160329,22.0
T4T5_abcd_L,1,MN_all_right,160551,29.0
T4T5_abcd_L,1,MN_all_right,161362,2.0
T4T5_abcd_L,1,MN_all_right,162256,1.0
T4T5_abcd_L,1,MN_all_right,162556,2.0
T4T5_abcd_L,1,MN_all_right,162677,19.0
T4T5_abcd_L,1,MN_all_right,162781,77.0
T4T5_abcd_L,1,MN_all_right,164606,73.0
T4T5_abcd_L,1,MN_all_right,164614,88.0
T4T5_abcd_L,1,MN_all_right,164616,41.0
T4T5_abcd_L,1,MN_all_right,164623,10.0
T4T5_abcd_L,2,DN_all_left,6,258.0
T4T5_abcd_L,2,DN_all_left,39,2.0
T4T5_abcd_L,2,DN_all_left,78,88.0
T4T5_abcd_L,2,DN_all_left,104,211.0
T4T5_abcd_L,2,DN_all_left,109,38.0
T4T5_abcd_L,2,DN_all_left,129,22.0
T4T5_abcd_L,2,DN_all_left,144,52.0
T4T5_abcd_L,2,DN_all_left,146,199.0
T4T5_abcd_L,2,DN_all_left,147,1.0
T4T5_abcd_L,2,DN_all_left,173,1.0
T4T5_abcd_L,2,DN_all_left,204,220.0
T4T5_abcd_L,2,DN_all_left,207,117.0
T4T5_abcd_L,2,DN_all_left,213,2.0
T4T5_abcd_L,2,DN_all_left,223,51.0
T4T5_abcd_L,2,DN_all_left,226,1.0
T4T5_abcd_L,2,DN_all_left,228,153.0
T4T5_abcd_L,2,DN_all_left,252,1.0
T4T5_abcd_L,2,DN_all_left,264,67.0
T4T5_abcd_L,2,DN_all_left,273,106.0
T4T5_abcd_L,2,DN_all_left,316,33.0
T4T5_abcd_L,2,DN_all_left,333,189.0
T4T5_abcd_L,2,DN_all_left,349,89.0
T4T5_abcd_L,2,DN_all_left,363,83.0
T4T5_abcd_L,2,DN_all_left,384,251.0
T4T5_abcd_L,2,DN_all_left,391,1.0
T4T5_abcd_L,2,DN_all_left,410,23.0
T4T5_abcd_L,2,DN_all_left,413,158.0
T4T5_abcd_L,2,DN_all_left,433,21.0
T4T5_abcd_L,2,DN_all_left,489,7.0
T4T5_abcd_L,2,DN_all_left,514,30.0
T4T5_abcd_L,2,DN_all_left,523,137.0
T4T5_abcd_L,2,DN_all_left,541,19.0
T4T5_abcd_L,2,DN_all_left,543,14.0
T4T5_abcd_L,2,DN_all_left,603,2.0
T4T5_abcd_L,2,DN_all_left,608,57.0
T4T5_abcd_L,2,DN_all_left,614,4.0
T4T5_abcd_L,2,DN_all_left,628,1.0
T4T5_abcd_L,2,DN_all_left,632,13.0
T4T5_abcd_L,2,DN_all_left,656,45.0
T4T5_abcd_L,2,DN_all_left,673,30.0
T4T5_abcd_L,2,DN_all_left,675,16.0
T4T5_abcd_L,2,DN_all_left,741,20.0
T4T5_abcd_L,2,DN_all_left,751,17.0
T4T5_abcd_L,2,DN_all_left,773,105.0
T4T5_abcd_L,2,DN_all_left,781,2.0
T4T5_abcd_L,2,DN_all_left,783,28.0
T4T5_abcd_L,2,DN_all_left,791,1.0
T4T5_abcd_L,2,DN_all_left,823,114.0
T4T5_abcd_L,2,DN_all_left,861,79.0
T4T5_abcd_L,2,DN_all_left,898,1.0
T4T5_abcd_L,2,DN_all_left,906,29.0
T4T5_abcd_L,2,DN_all_left,927,16.0
T4T5_abcd_L,2,DN_all_left,979,1.0
T4T5_abcd_L,2,DN_all_left,992,88.0
T4T5_abcd_L,2,DN_all_left,993,8.0
T4T5_abcd_L,2,DN_all_left,994,73.0
T4T5_abcd_L,2,DN_all_left,1037,12.0
T4T5_abcd_L,2,DN_all_left,1047,119.0
T4T5_abcd_L,2,DN_all_left,1071,2.0
T4T5_abcd_L,2,DN_all_left,1111,71.0
T4T5_abcd_L,2,DN_all_left,1131,2.0
T4T5_abcd_L,2,DN_all_left,1155,12.0
T4T5_abcd_L,2,DN_all_left,1167,81.0
T4T5_abcd_L,2,DN_all_left,1170,1.0
T4T5_abcd_L,2,DN_all_left,1196,1.0
T4T5_abcd_L,2,DN_all_left,1273,72.0
T4T5_abcd_L,2,DN_all_left,1314,1.0
T4T5_abcd_L,2,DN_all_left,1324,83.0
T4T5_abcd_L,2,DN_all_left,1325,1.0
T4T5_abcd_L,2,DN_all_left,1328,1.0
T4T5_abcd_L,2,DN_all_left,1342,5.0
T4T5_abcd_L,2,DN_all_left,1361,128.0
T4T5_abcd_L,2,DN_all_left,1387,21.0
T4T5_abcd_L,2,DN_all_left,1392,5.0
T4T5_abcd_L,2,DN_all_left,1506,84.0
T4T5_abcd_L,2,DN_all_left,1545,4.0
T4T5_abcd_L,2,DN_all_left,1562,41.0
T4T5_abcd_L,2,DN_all_left,1564,10.0
T4T5_abcd_L,2,DN_all_left,1626,20.0
T4T5_abcd_L,2,DN_all_left,1677,12.0
T4T5_abcd_L,2,DN_all_left,1724,94.0
T4T5_abcd_L,2,DN_all_left,1821,46.0
T4T5_abcd_L,2,DN_all_left,1827,12.0
T4T5_abcd_L,2,DN_all_left,1833,2.0
T4T5_abcd_L,2,DN_all_left,1870,14.0
T4T5_abcd_L,2,DN_all_left,1935,105.0
T4T5_abcd_L,2,DN_all_left,1994,1.0
T4T5_abcd_L,2,DN_all_left,2074,38.0
T4T5_abcd_L,2,DN_all_left,2078,12.0
T4T5_abcd_L,2,DN_all_left,2103,10.0
T4T5_abcd_L,2,DN_all_left,2154,107.0
T4T5_abcd_L,2,DN_all_left,2194,1.0
T4T5_abcd_L,2,DN_all_left,2286,31.0
T4T5_abcd_L,2,DN_all_left,2311,1.0
T4T5_abcd_L,2,DN_all_left,2329,31.0
T4T5_abcd_L,2,DN_all_left,2354,32.0
T4T5_abcd_L,2,DN_all_left,2423,33.0
T4T5_abcd_L,2,DN_all_left,2441,5.0
T4T5_abcd_L,2,DN_all_left,2449,4.0
T4T5_abcd_L,2,DN_all_left,2451,74.0
T4T5_abcd_L,2,DN_all_left,2465,39.0
T4T5_abcd_L,2,DN_all_left,2500,1.0
T4T5_abcd_L,2,DN_all_left,2583,56.0
T4T5_abcd_L,2,DN_all_left,2588,24.0
T4T5_abcd_L,2,DN_all_left,2620,9.0
T4T5_abcd_L,2,DN_all_left,2676,94.0
T4T5_abcd_L,2,DN_all_left,2688,5.0
T4T5_abcd_L,2,DN_all_left,2700,1.0
T4T5_abcd_L,2,DN_all_left,2837,13.0
T4T5_abcd_L,2,DN_all_left,2868,9.0
T4T5_abcd_L,2,DN_all_left,2933,75.0
T4T5_abcd_L,2,DN_all_left,3003,99.0
T4T5_abcd_L,2,DN_all_left,3009,4.0
T4T5_abcd_L,2,DN_all_left,3045,6.0
T4T5_abcd_L,2,DN_all_left,3084,26.0
T4T5_abcd_L,2,DN_all_left,3106,203.0
T4T5_abcd_L,2,DN_all_left,3159,6.0
T4T5_abcd_L,2,DN_all_left,3222,40.0
T4T5_abcd_L,2,DN_all_left,3306,12.0
T4T5_abcd_L,2,DN_all_left,3331,130.0
T4T5_abcd_L,2,DN_all_left,3349,32.0
T4T5_abcd_L,2,DN_all_left,3390,11.0
T4T5_abcd_L,2,DN_all_left,3394,18.0
T4T5_abcd_L,2,DN_all_left,3451,12.0
T4T5_abcd_L,2,DN_all_left,3505,108.0
T4T5_abcd_L,2,DN_all_left,3569,3.0
T4T5_abcd_L,2,DN_all_left,3595,1.0
T4T5_abcd_L,2,DN_all_left,3722,38.0
T4T5_abcd_L,2,DN_all_left,3768,2.0
T4T5_abcd_L,2,DN_all_left,3770,21.0
T4T5_abcd_L,2,DN_all_left,3788,4.0
T4T5_abcd_L,2,DN_all_left,3939,10.0
T4T5_abcd_L,2,DN_all_left,3966,57.0
T4T5_abcd_L,2,DN_all_left,4017,8.0
T4T5_abcd_L,2,DN_all_left,4215,1.0
T4T5_abcd_L,2,DN_all_left,4335,93.0
T4T5_abcd_L,2,DN_all_left,4591,1.0
T4T5_abcd_L,2,DN_all_left,4609,50.0
T4T5_abcd_L,2,DN_all_left,4678,2.0
T4T5_abcd_L,2,DN_all_left,4917,61.0
T4T5_abcd_L,2,DN_all_left,5015,166.0
T4T5_abcd_L,2,DN_all_left,5021,90.0
T4T5_abcd_L,2,DN_all_left,5056,10.0
T4T5_abcd_L,2,DN_all_left,5067,53.0
T4T5_abcd_L,2,DN_all_left,5217,17.0
T4T5_abcd_L,2,DN_all_left,5247,2.0
T4T5_abcd_L,2,DN_all_left,5262,8.0
T4T5_abcd_L,2,DN_all_left,5338,6.0
T4T5_abcd_L,2,DN_all_left,5579,4.0
T4T5_abcd_L,2,DN_all_left,5616,1.0
T4T5_abcd_L,2,DN_all_left,5624,17.0
T4T5_abcd_L,2,DN_all_left,5867,50.0
T4T5_abcd_L,2,DN_all_left,5993,26.0
T4T5_abcd_L,2,DN_all_left,6490,53.0
T4T5_abcd_L,2,DN_all_left,6736,27.0
T4T5_abcd_L,2,DN_all_left,6742,6.0
T4T5_abcd_L,2,DN_all_left,8764,1.0
T4T5_abcd_L,2,DN_all_left,8870,1.0
T4T5_abcd_L,2,DN_all_left,8977,8.0
T4T5_abcd_L,2,DN_all_left,9137,7.0
T4T5_abcd_L,2,DN_all_left,9207,1.0
T4T5_abcd_L,2,DN_all_left,9402,27.0
T4T5_abcd_L,2,DN_all_left,10000,53.0
T4T5_abcd_L,2,DN_all_left,10086,11.0
T4T5_abcd_L,2,DN_all_left,10532,1.0
T4T5_abcd_L,2,DN_all_left,11249,7.0
T4T5_abcd_L,2,DN_all_left,12085,5.0
T4T5_abcd_L,2,DN_all_left,12581,2.0
T4T5_abcd_L,2,DN_all_left,12839,1.0
T4T5_abcd_L,2,DN_all_left,12883,101.0
T4T5_abcd_L,2,DN_all_left,13339,52.0
T4T5_abcd_L,2,DN_all_left,13746,7.0
T4T5_abcd_L,2,DN_all_left,14132,1.0
T4T5_abcd_L,2,DN_all_left,14329,8.0
T4T5_abcd_L,2,DN_all_left,14442,4.0
T4T5_abcd_L,2,DN_all_left,15020,1.0
T4T5_abcd_L,2,DN_all_left,15035,5.0
T4T5_abcd_L,2,DN_all_left,15054,1.0
T4T5_abcd_L,2,DN_all_left,15782,7.0
T4T5_abcd_L,2,DN_all_left,15877,88.0
T4T5_abcd_L,2,DN_all_left,17045,5.0
T4T5_abcd_L,2,DN_all_left,17073,43.0
T4T5_abcd_L,2,DN_all_left,17402,5.0
T4T5_abcd_L,2,DN_all_left,17744,89.0
T4T5_abcd_L,2,DN_all_left,18165,24.0
T4T5_abcd_L,2,DN_all_left,18428,3.0
T4T5_abcd_L,2,DN_all_left,18745,45.0
T4T5_abcd_L,2,DN_all_left,19753,1.0
T4T5_abcd_L,2,DN_all_left,20018,5.0
T4T5_abcd_L,2,DN_all_left,20649,56.0
T4T5_abcd_L,2,DN_all_left,20940,1.0
T4T5_abcd_L,2,DN_all_left,21341,1.0
T4T5_abcd_L,2,DN_all_left,21944,2.0
T4T5_abcd_L,2,DN_all_left,22311,1.0
T4T5_abcd_L,2,DN_all_left,22548,1.0
T4T5_abcd_L,2,DN_all_left,22768,67.0
T4T5_abcd_L,2,DN_all_left,22875,10.0
T4T5_abcd_L,2,DN_all_left,22975,72.0
T4T5_abcd_L,2,DN_all_left,23287,8.0
T4T5_abcd_L,2,DN_all_left,23939,45.0
T4T5_abcd_L,2,DN_all_left,24331,70.0
T4T5_abcd_L,2,DN_all_left,25434,68.0
T4T5_abcd_L,2,DN_all_left,25769,27.0
T4T5_abcd_L,2,DN_all_left,26196,14.0
T4T5_abcd_L,2,DN_all_left,27665,66.0
T4T5_abcd_L,2,DN_all_left,28642,74.0
T4T5_abcd_L,2,DN_all_left,28804,48.0
T4T5_abcd_L,2,DN_all_left,53674,19.0
T4T5_abcd_L,2,DN_all_left,53936,1.0
T4T5_abcd_L,2,DN_all_left,60324,13.0
T4T5_abcd_L,2,DN_all_left,60365,4.0
T4T5_abcd_L,2,DN_all_left,116552,44.0
T4T5_abcd_L,2,DN_all_left,120875,3.0
T4T5_abcd_L,2,DN_all_left,124448,24.0
T4T5_abcd_L,2,DN_all_left,124813,11.0
T4T5_abcd_L,2,DN_all_left,124969,9.0
T4T5_abcd_L,2,DN_all_left,125333,3.0
T4T5_abcd_L,2,DN_all_left,126100,79.0
T4T5_abcd_L,2,DN_all_left,126526,1.0
T4T5_abcd_L,2,DN_all_left,127227,1.0
T4T5_abcd_L,2,DN_all_left,127958,10.0
T4T5_abcd_L,2,DN_all_left,128725,10.0
T4T5_abcd_L,2,DN_all_left,128862,25.0
T4T5_abcd_L,2,DN_all_left,128890,173.0
T4T5_abcd_L,2,DN_all_left,128964,17.0
T4T5_abcd_L,2,DN_all_left,129107,1.0
T4T5_abcd_L,2,DN_all_left,129520,4.0
T4T5_abcd_L,2,DN_all_left,129654,1.0
T4T5_abcd_L,2,DN_all_left,130311,86.0
T4T5_abcd_L,2,DN_all_left,130496,28.0
T4T5_abcd_L,2,DN_all_left,130499,6.0
T4T5_abcd_L,2,DN_all_left,132535,24.0
T4T5_abcd_L,2,DN_all_left,132582,26.0
T4T5_abcd_L,2,DN_all_left,132965,22.0
T4T5_abcd_L,2,DN_all_left,133364,10.0
T4T5_abcd_L,2,DN_all_left,133740,256.0
T4T5_abcd_L,2,DN_all_left,135657,54.0
T4T5_abcd_L,2,DN_all_left,140885,1.0
T4T5_abcd_L,2,DN_all_left,140913,16.0
T4T5_abcd_L,2,DN_all_left,141026,111.0
T4T5_abcd_L,2,DN_all_left,141033,2.0
T4T5_abcd_L,2,DN_all_left,142108,98.0
T4T5_abcd_L,2,DN_all_left,142174,8.0
T4T5_abcd_L,2,DN_all_left,144939,6.0
T4T5_abcd_L,2,DN_all_left,162563,1.0
T4T5_abcd_L,2,DN_all_right,0,9.0
T4T5_abcd_L,2,DN_all_right,19,1.0
T4T5_abcd_L,2,DN_all_right,25,102.0
T4T5_abcd_L,2,DN_all_right,45,3.0
T4T5_abcd_L,2,DN_all_right,51,40.0
T4T5_abcd_L,2,DN_all_right,52,174.0
T4T5_abcd_L,2,DN_all_right,117,1.0
T4T5_abcd_L,2,DN_all_right,137,2.0
T4T5_abcd_L,2,DN_all_right,176,28.0
T4T5_abcd_L,2,DN_all_right,194,3.0
T4T5_abcd_L,2,DN_all_right,215,79.0
T4T5_abcd_L,2,DN_all_right,216,43.0
T4T5_abcd_L,2,DN_all_right,243,25.0
T4T5_abcd_L,2,DN_all_right,259,1.0
T4T5_abcd_L,2,DN_all_right,261,3.0
T4T5_abcd_L,2,DN_all_right,274,59.0
T4T5_abcd_L,2,DN_all_right,281,27.0
T4T5_abcd_L,2,DN_all_right,290,46.0
T4T5_abcd_L,2,DN_all_right,311,23.0
T4T5_abcd_L,2,DN_all_right,317,60.0
T4T5_abcd_L,2,DN_all_right,327,25.0
T4T5_abcd_L,2,DN_all_right,332,1.0
T4T5_abcd_L,2,DN_all_right,351,22.0
T4T5_abcd_L,2,DN_all_right,378,22.0
T4T5_abcd_L,2,DN_all_right,404,1.0
T4T5_abcd_L,2,DN_all_right,424,5.0
T4T5_abcd_L,2,DN_all_right,428,9.0
T4T5_abcd_L,2,DN_all_right,467,23.0
T4T5_abcd_L,2,DN_all_right,505,15.0
T4T5_abcd_L,2,DN_all_right,545,6.0
T4T5_abcd_L,2,DN_all_right,616,7.0
T4T5_abcd_L,2,DN_all_right,620,77.0
T4T5_abcd_L,2,DN_all_right,624,14.0
T4T5_abcd_L,2,DN_all_right,654,3.0
T4T5_abcd_L,2,DN_all_right,703,70.0
T4T5_abcd_L,2,DN_all_right,704,5.0
T4T5_abcd_L,2,DN_all_right,706,1.0
T4T5_abcd_L,2,DN_all_right,746,5.0
T4T5_abcd_L,2,DN_all_right,762,87.0
T4T5_abcd_L,2,DN_all_right,763,19.0
T4T5_abcd_L,2,DN_all_right,776,2.0
T4T5_abcd_L,2,DN_all_right,777,28.0
T4T5_abcd_L,2,DN_all_right,809,5.0
T4T5_abcd_L,2,DN_all_right,828,7.0
T4T5_abcd_L,2,DN_all_right,853,16.0
T4T5_abcd_L,2,DN_all_right,854,2.0
T4T5_abcd_L,2,DN_all_right,886,86.0
T4T5_abcd_L,2,DN_all_right,894,117.0
T4T5_abcd_L,2,DN_all_right,902,1.0
T4T5_abcd_L,2,DN_all_right,911,2.0
T4T5_abcd_L,2,DN_all_right,987,1.0
T4T5_abcd_L,2,DN_all_right,988,17.0
T4T5_abcd_L,2,DN_all_right,1021,65.0
T4T5_abcd_L,2,DN_all_right,1048,6.0
T4T5_abcd_L,2,DN_all_right,1069,5.0
T4T5_abcd_L,2,DN_all_right,1092,5.0
T4T5_abcd_L,2,DN_all_right,1108,18.0
T4T5_abcd_L,2,DN_all_right,1124,139.0
T4T5_abcd_L,2,DN_all_right,1142,1.0
T4T5_abcd_L,2,DN_all_right,1150,1.0
T4T5_abcd_L,2,DN_all_right,1165,75.0
T4T5_abcd_L,2,DN_all_right,1166,1.0
T4T5_abcd_L,2,DN_all_right,1168,5.0
T4T5_abcd_L,2,DN_all_right,1210,43.0
T4T5_abcd_L,2,DN_all_right,1218,1.0
T4T5_abcd_L,2,DN_all_right,1240,1.0
T4T5_abcd_L,2,DN_all_right,1242,18.0
T4T5_abcd_L,2,DN_all_right,1269,48.0
T4T5_abcd_L,2,DN_all_right,1277,106.0
T4T5_abcd_L,2,DN_all_right,1315,18.0
T4T5_abcd_L,2,DN_all_right,1329,3.0
T4T5_abcd_L,2,DN_all_right,1382,4.0
T4T5_abcd_L,2,DN_all_right,1400,49.0
T4T5_abcd_L,2,DN_all_right,1405,11.0
T4T5_abcd_L,2,DN_all_right,1457,15.0
T4T5_abcd_L,2,DN_all_right,1468,2.0
T4T5_abcd_L,2,DN_all_right,1492,29.0
T4T5_abcd_L,2,DN_all_right,1502,25.0
T4T5_abcd_L,2,DN_all_right,1575,5.0
T4T5_abcd_L,2,DN_all_right,1581,15.0
T4T5_abcd_L,2,DN_all_right,1593,43.0
T4T5_abcd_L,2,DN_all_right,1610,1.0
T4T5_abcd_L,2,DN_all_right,1621,8.0
T4T5_abcd_L,2,DN_all_right,1648,31.0
T4T5_abcd_L,2,DN_all_right,1699,35.0
T4T5_abcd_L,2,DN_all_right,1708,9.0
T4T5_abcd_L,2,DN_all_right,1804,45.0
T4T5_abcd_L,2,DN_all_right,1837,11.0
T4T5_abcd_L,2,DN_all_right,1897,2.0
T4T5_abcd_L,2,DN_all_right,1954,25.0
T4T5_abcd_L,2,DN_all_right,1965,6.0
T4T5_abcd_L,2,DN_all_right,1995,1.0
T4T5_abcd_L,2,DN_all_right,2033,19.0
T4T5_abcd_L,2,DN_all_right,2037,3.0
T4T5_abcd_L,2,DN_all_right,2070,48.0
T4T5_abcd_L,2,DN_all_right,2079,46.0
T4T5_abcd_L,2,DN_all_right,2094,26.0
T4T5_abcd_L,2,DN_all_right,2120,14.0
T4T5_abcd_L,2,DN_all_right,2238,1.0
T4T5_abcd_L,2,DN_all_right,2289,1.0
T4T5_abcd_L,2,DN_all_right,2295,1.0
T4T5_abcd_L,2,DN_all_right,2325,20.0
T4T5_abcd_L,2,DN_all_right,2331,14.0
T4T5_abcd_L,2,DN_all_right,2350,39.0
T4T5_abcd_L,2,DN_all_right,2433,15.0
T4T5_abcd_L,2,DN_all_right,2458,4.0
T4T5_abcd_L,2,DN_all_right,2495,32.0
T4T5_abcd_L,2,DN_all_right,2529,24.0
T4T5_abcd_L,2,DN_all_right,2600,113.0
T4T5_abcd_L,2,DN_all_right,2606,23.0
T4T5_abcd_L,2,DN_all_right,2607,108.0
T4T5_abcd_L,2,DN_all_right,2613,43.0
T4T5_abcd_L,2,DN_all_right,2636,24.0
T4T5_abcd_L,2,DN_all_right,2639,1.0
T4T5_abcd_L,2,DN_all_right,2659,6.0
T4T5_abcd_L,2,DN_all_right,2752,3.0
T4T5_abcd_L,2,DN_all_right,2841,8.0
T4T5_abcd_L,2,DN_all_right,2851,19.0
T4T5_abcd_L,2,DN_all_right,3020,150.0
T4T5_abcd_L,2,DN_all_right,3059,43.0
T4T5_abcd_L,2,DN_all_right,3067,1.0
T4T5_abcd_L,2,DN_all_right,3132,26.0
T4T5_abcd_L,2,DN_all_right,3149,2.0
T4T5_abcd_L,2,DN_all_right,3220,204.0
T4T5_abcd_L,2,DN_all_right,3278,16.0
T4T5_abcd_L,2,DN_all_right,3348,53.0
T4T5_abcd_L,2,DN_all_right,3374,41.0
T4T5_abcd_L,2,DN_all_right,3383,10.0
T4T5_abcd_L,2,DN_all_right,3406,1.0
T4T5_abcd_L,2,DN_all_right,3437,4.0
T4T5_abcd_L,2,DN_all_right,3491,22.0
T4T5_abcd_L,2,DN_all_right,3593,7.0
T4T5_abcd_L,2,DN_all_right,3625,8.0
T4T5_abcd_L,2,DN_all_right,3654,18.0
T4T5_abcd_L,2,DN_all_right,3694,9.0
T4T5_abcd_L,2,DN_all_right,3754,43.0
T4T5_abcd_L,2,DN_all_right,3853,14.0
T4T5_abcd_L,2,DN_all_right,3865,1.0
T4T5_abcd_L,2,DN_all_right,3945,63.0
T4T5_abcd_L,2,DN_all_right,3960,23.0
T4T5_abcd_L,2,DN_all_right,3997,15.0
T4T5_abcd_L,2,DN_all_right,4020,52.0
T4T5_abcd_L,2,DN_all_right,4042,1.0
T4T5_abcd_L,2,DN_all_right,4078,13.0
T4T5_abcd_L,2,DN_all_right,4098,88.0
T4T5_abcd_L,2,DN_all_right,4120,2.0
T4T5_abcd_L,2,DN_all_right,4443,1.0
T4T5_abcd_L,2,DN_all_right,4467,8.0
T4T5_abcd_L,2,DN_all_right,4479,10.0
T4T5_abcd_L,2,DN_all_right,4514,16.0
T4T5_abcd_L,2,DN_all_right,4559,1.0
T4T5_abcd_L,2,DN_all_right,4641,32.0
T4T5_abcd_L,2,DN_all_right,4645,44.0
T4T5_abcd_L,2,DN_all_right,5027,18.0
T4T5_abcd_L,2,DN_all_right,5124,35.0
T4T5_abcd_L,2,DN_all_right,5211,1.0
T4T5_abcd_L,2,DN_all_right,5348,1.0
T4T5_abcd_L,2,DN_all_right,5357,1.0
T4T5_abcd_L,2,DN_all_right,5381,16.0
T4T5_abcd_L,2,DN_all_right,5390,19.0
T4T5_abcd_L,2,DN_all_right,5458,42.0
T4T5_abcd_L,2,DN_all_right,5739,3.0
T4T5_abcd_L,2,DN_all_right,5841,2.0
T4T5_abcd_L,2,DN_all_right,6142,1.0
T4T5_abcd_L,2,DN_all_right,6152,77.0
T4T5_abcd_L,2,DN_all_right,6169,10.0
T4T5_abcd_L,2,DN_all_right,6255,92.0
T4T5_abcd_L,2,DN_all_right,6278,13.0
T4T5_abcd_L,2,DN_all_right,6427,9.0
T4T5_abcd_L,2,DN_all_right,6570,23.0
T4T5_abcd_L,2,DN_all_right,6701,2.0
T4T5_abcd_L,2,DN_all_right,7801,2.0
T4T5_abcd_L,2,DN_all_right,7850,1.0
T4T5_abcd_L,2,DN_all_right,8815,6.0
T4T5_abcd_L,2,DN_all_right,9254,105.0
T4T5_abcd_L,2,DN_all_right,9458,92.0
T4T5_abcd_L,2,DN_all_right,9662,40.0
T4T5_abcd_L,2,DN_all_right,9780,92.0
T4T5_abcd_L,2,DN_all_right,9912,41.0
T4T5_abcd_L,2,DN_all_right,10343,8.0
T4T5_abcd_L,2,DN_all_right,11239,10.0
T4T5_abcd_L,2,DN_all_right,11446,1.0
T4T5_abcd_L,2,DN_all_right,11504,18.0
T4T5_abcd_L,2,DN_all_right,12150,10.0
T4T5_abcd_L,2,DN_all_right,12336,1.0
T4T5_abcd_L,2,DN_all_right,12572,11.0
T4T5_abcd_L,2,DN_all_right,14496,10.0
T4T5_abcd_L,2,DN_all_right,15028,16.0
T4T5_abcd_L,2,DN_all_right,15460,3.0
T4T5_abcd_L,2,DN_all_right,15893,31.0
T4T5_abcd_L,2,DN_all_right,17700,7.0
T4T5_abcd_L,2,DN_all_right,17897,18.0
T4T5_abcd_L,2,DN_all_right,18221,6.0
T4T5_abcd_L,2,DN_all_right,18461,8.0
T4T5_abcd_L,2,DN_all_right,18857,18.0
T4T5_abcd_L,2,DN_all_right,19450,9.0
T4T5_abcd_L,2,DN_all_right,23453,1.0
T4T5_abcd_L,2,DN_all_right,23535,2.0
T4T5_abcd_L,2,DN_all_right,23861,4.0
T4T5_abcd_L,2,DN_all_right,32032,3.0
T4T5_abcd_L,2,DN_all_right,42917,9.0
T4T5_abcd_L,2,DN_all_right,47173,14.0
T4T5_abcd_L,2,DN_all_right,50694,11.0
T4T5_abcd_L,2,DN_all_right,51855,2.0
T4T5_abcd_L,2,DN_all_right,63360,3.0
T4T5_abcd_L,2,DN_all_right,72835,17.0
T4T5_abcd_L,2,DN_all_right,117981,37.0
T4T5_abcd_L,2,DN_all_right,118808,3.0
T4T5_abcd_L,2,DN_all_right,121642,2.0
T4T5_abcd_L,2,DN_all_right,122136,6.0
T4T5_abcd_L,2,DN_all_right,122432,6.0
T4T5_abcd_L,2,DN_all_right,123333,16.0
T4T5_abcd_L,2,DN_all_right,124419,48.0
T4T5_abcd_L,2,DN_all_right,124541,43.0
T4T5_abcd_L,2,DN_all_right,124920,42.0
T4T5_abcd_L,2,DN_all_right,125376,9.0
T4T5_abcd_L,2,DN_all_right,125430,5.0
T4T5_abcd_L,2,DN_all_right,125617,13.0
T4T5_abcd_L,2,DN_all_right,125795,4.0
T4T5_abcd_L,2,DN_all_right,126404,38.0
T4T5_abcd_L,2,DN_all_right,126772,1.0
T4T5_abcd_L,2,DN_all_right,127156,1.0
T4T5_abcd_L,2,DN_all_right,127734,3.0
T4T5_abcd_L,2,DN_all_right,128032,69.0
T4T5_abcd_L,2,DN_all_right,128660,1.0
T4T5_abcd_L,2,DN_all_right,128692,143.0
T4T5_abcd_L,2,DN_all_right,128892,33.0
T4T5_abcd_L,2,DN_all_right,129181,1.0
T4T5_abcd_L,2,DN_all_right,129301,19.0
T4T5_abcd_L,2,DN_all_right,129659,10.0
T4T5_abcd_L,2,DN_all_right,129688,37.0
T4T5_abcd_L,2,DN_all_right,129718,17.0
T4T5_abcd_L,2,DN_all_right,129873,1.0
T4T5_abcd_L,2,DN_all_right,130252,79.0
T4T5_abcd_L,2,DN_all_right,130838,1.0
T4T5_abcd_L,2,DN_all_right,130847,32.0
T4T5_abcd_L,2,DN_all_right,130858,6.0
T4T5_abcd_L,2,DN_all_right,131136,123.0
T4T5_abcd_L,2,DN_all_right,131434,61.0
T4T5_abcd_L,2,DN_all_right,133544,5.0
T4T5_abcd_L,2,DN_all_right,140621,3.0
T4T5_abcd_L,2,DN_all_right,140980,1.0
T4T5_abcd_L,2,DN_all_right,141051,1.0
T4T5_abcd_L,2,DN_all_right,141735,48.0
T4T5_abcd_L,2,DN_all_right,143416,88.0
T4T5_abcd_L,2,DN_all_right,143432,28.0
T4T5_abcd_L,2,DN_all_right,144269,45.0
T4T5_abcd_L,2,DN_all_right,145368,6.0
T4T5_abcd_L,2,DN_all_right,161396,61.0
T4T5_abcd_L,2,DN_all_right,162540,4.0
T4T5_abcd_L,2,MN_all_left,111304,1.0
T4T5_abcd_L,2,MN_all_left,142836,136.0
T4T5_abcd_L,2,MN_all_left,142922,11.0
T4T5_abcd_L,2,MN_all_left,142929,17.0
T4T5_abcd_L,2,MN_all_left,142964,26.0
T4T5_abcd_L,2,MN_all_left,143064,66.0
T4T5_abcd_L,2,MN_all_left,143088,110.0
T4T5_abcd_L,2,MN_all_left,143139,1.0
T4T5_abcd_L,2,MN_all_left,143160,62.0
T4T5_abcd_L,2,MN_all_left,143221,30.0
T4T5_abcd_L,2,MN_all_left,143222,33.0
T4T5_abcd_L,2,MN_all_left,143231,9.0
T4T5_abcd_L,2,MN_all_left,143243,38.0
T4T5_abcd_L,2,MN_all_left,143252,38.0
T4T5_abcd_L,2,MN_all_left,143259,32.0
T4T5_abcd_L,2,MN_all_left,143322,89.0
T4T5_abcd_L,2,MN_all_left,143353,2.0
T4T5_abcd_L,2,MN_all_left,143418,2.0
T4T5_abcd_L,2,MN_all_left,143421,47.0
T4T5_abcd_L,2,MN_all_left,143445,92.0
T4T5_abcd_L,2,MN_all_left,143464,38.0
T4T5_abcd_L,2,MN_all_left,143478,2.0
T4T5_abcd_L,2,MN_all_left,143539,1.0
T4T5_abcd_L,2,MN_all_left,143540,1.0
T4T5_abcd_L,2,MN_all_left,143626,19.0
T4T5_abcd_L,2,MN_all_left,143654,106.0
T4T5_abcd_L,2,MN_all_left,143664,9.0
T4T5_abcd_L,2,MN_all_left,143690,49.0
T4T5_abcd_L,2,MN_all_left,143700,42.0
T4T5_abcd_L,2,MN_all_left,143751,18.0
T4T5_abcd_L,2,MN_all_left,143760,18.0
T4T5_abcd_L,2,MN_all_left,143766,1.0
T4T5_abcd_L,2,MN_all_left,143773,84.0
T4T5_abcd_L,2,MN_all_left,143860,3.0
T4T5_abcd_L,2,MN_all_left,143901,20.0
T4T5_abcd_L,2,MN_all_left,143949,60.0
T4T5_abcd_L,2,MN_all_left,144071,55.0
T4T5_abcd_L,2,MN_all_left,144086,76.0
T4T5_abcd_L,2,MN_all_left,144111,3.0
T4T5_abcd_L,2,MN_all_left,144209,101.0
T4T5_abcd_L,2,MN_all_left,144234,67.0
T4T5_abcd_L,2,MN_all_left,144248,12.0
T4T5_abcd_L,2,MN_all_left,144265,103.0
T4T5_abcd_L,2,MN_all_left,144290,4.0
T4T5_abcd_L,2,MN_all_left,144377,7.0
T4T5_abcd_L,2,MN_all_left,144382,46.0
T4T5_abcd_L,2,MN_all_left,144400,34.0
T4T5_abcd_L,2,MN_all_left,144439,25.0
T4T5_abcd_L,2,MN_all_left,144450,16.0
T4T5_abcd_L,2,MN_all_left,144457,1.0
T4T5_abcd_L,2,MN_all_left,144465,13.0
T4T5_abcd_L,2,MN_all_left,144538,7.0
T4T5_abcd_L,2,MN_all_left,144576,22.0
T4T5_abcd_L,2,MN_all_left,144578,9.0
T4T5_abcd_L,2,MN_all_left,144584,36.0
T4T5_abcd_L,2,MN_all_left,144821,93.0
T4T5_abcd_L,2,MN_all_left,144860,28.0
T4T5_abcd_L,2,MN_all_left,144878,6.0
T4T5_abcd_L,2,MN_all_left,144897,6.0
T4T5_abcd_L,2,MN_all_left,144964,14.0
T4T5_abcd_L,2,MN_all_left,144974,55.0
T4T5_abcd_L,2,MN_all_left,144997,14.0
T4T5_abcd_L,2,MN_all_left,145034,78.0
T4T5_abcd_L,2,MN_all_left,145063,1.0
T4T5_abcd_L,2,MN_all_left,145081,39.0
T4T5_abcd_L,2,MN_all_left,145109,26.0
T4T5_abcd_L,2,MN_all_left,145142,4.0
T4T5_abcd_L,2,MN_all_left,145198,69.0
T4T5_abcd_L,2,MN_all_left,145274,46.0
T4T5_abcd_L,2,MN_all_left,145303,30.0
T4T5_abcd_L,2,MN_all_left,145351,38.0
T4T5_abcd_L,2,MN_all_left,145382,4.0
T4T5_abcd_L,2,MN_all_left,145405,24.0
T4T5_abcd_L,2,MN_all_left,145438,22.0
T4T5_abcd_L,2,MN_all_left,145476,78.0
T4T5_abcd_L,2,MN_all_left,145483,5.0
T4T5_abcd_L,2,MN_all_left,145564,6.0
T4T5_abcd_L,2,MN_all_left,145660,3.0
T4T5_abcd_L,2,MN_all_left,145672,22.0
T4T5_abcd_L,2,MN_all_left,145732,12.0
T4T5_abcd_L,2,MN_all_left,145766,20.0
T4T5_abcd_L,2,MN_all_left,145796,96.0
T4T5_abcd_L,2,MN_all_left,145805,18.0
T4T5_abcd_L,2,MN_all_left,145878,12.0
T4T5_abcd_L,2,MN_all_left,145900,6.0
T4T5_abcd_L,2,MN_all_left,145911,46.0
T4T5_abcd_L,2,MN_all_left,145918,1.0
T4T5_abcd_L,2,MN_all_left,145975,31.0
T4T5_abcd_L,2,MN_all_left,146072,18.0
T4T5_abcd_L,2,MN_all_left,146085,10.0
T4T5_abcd_L,2,MN_all_left,146107,36.0
T4T5_abcd_L,2,MN_all_left,146233,9.0
T4T5_abcd_L,2,MN_all_left,146333,17.0
T4T5_abcd_L,2,MN_all_left,146441,1.0
T4T5_abcd_L,2,MN_all_left,146494,7.0
T4T5_abcd_L,2,MN_all_left,146498,1.0
T4T5_abcd_L,2,MN_all_left,146507,6.0
T4T5_abcd_L,2,MN_all_left,146556,6.0
T4T5_abcd_L,2,MN_all_left,146571,4.0
T4T5_abcd_L,2,MN_all_left,146590,11.0
T4T5_abcd_L,2,MN_all_left,146748,98.0
T4T5_abcd_L,2,MN_all_left,147006,9.0
T4T5_abcd_L,2,MN_all_left,147111,2.0
T4T5_abcd_L,2,MN_all_left,147153,66.0
T4T5_abcd_L,2,MN_all_left,147241,32.0
T4T5_abcd_L,2,MN_all_left,147254,15.0
T4T5_abcd_L,2,MN_all_left,147272,10.0
T4T5_abcd_L,2,MN_all_left,147311,22.0
T4T5_abcd_L,2,MN_all_left,147444,18.0
T4T5_abcd_L,2,MN_all_left,147449,14.0
T4T5_abcd_L,2,MN_all_left,147492,32.0
T4T5_abcd_L,2,MN_all_left,147569,18.0
T4T5_abcd_L,2,MN_all_left,147690,9.0
T4T5_abcd_L,2,MN_all_left,147730,12.0
T4T5_abcd_L,2,MN_all_left,147844,8.0
T4T5_abcd_L,2,MN_all_left,147938,6.0
T4T5_abcd_L,2,MN_all_left,147977,1.0
T4T5_abcd_L,2,MN_all_left,148076,1.0
T4T5_abcd_L,2,MN_all_left,148097,1.0
T4T5_abcd_L,2,MN_all_left,148126,36.0
T4T5_abcd_L,2,MN_all_left,148144,11.0
T4T5_abcd_L,2,MN_all_left,148349,8.0
T4T5_abcd_L,2,MN_all_left,148397,18.0
T4T5_abcd_L,2,MN_all_left,148408,15.0
T4T5_abcd_L,2,MN_all_left,148537,20.0
T4T5_abcd_L,2,MN_all_left,148589,72.0
T4T5_abcd_L,2,MN_all_left,148779,4.0
T4T5_abcd_L,2,MN_all_left,148852,3.0
T4T5_abcd_L,2,MN_all_left,148939,5.0
T4T5_abcd_L,2,MN_all_left,148953,88.0
T4T5_abcd_L,2,MN_all_left,148964,1.0
T4T5_abcd_L,2,MN_all_left,149298,24.0
T4T5_abcd_L,2,MN_all_left,149557,5.0
T4T5_abcd_L,2,MN_all_left,149592,68.0
T4T5_abcd_L,2,MN_all_left,149636,5.0
T4T5_abcd_L,2,MN_all_left,149722,1.0
T4T5_abcd_L,2,MN_all_left,149802,3.0
T4T5_abcd_L,2,MN_all_left,150276,73.0
T4T5_abcd_L,2,MN_all_left,150280,32.0
T4T5_abcd_L,2,MN_all_left,150354,14.0
T4T5_abcd_L,2,MN_all_left,150516,2.0
T4T5_abcd_L,2,MN_all_left,150850,8.0
T4T5_abcd_L,2,MN_all_left,150864,40.0
T4T5_abcd_L,2,MN_all_left,151089,8.0
T4T5_abcd_L,2,MN_all_left,151228,4.0
T4T5_abcd_L,2,MN_all_left,152375,21.0
T4T5_abcd_L,2,MN_all_left,152535,56.0
T4T5_abcd_L,2,MN_all_left,152793,2.0
T4T5_abcd_L,2,MN_all_left,153181,4.0
T4T5_abcd_L,2,MN_all_left,154142,28.0
T4T5_abcd_L,2,MN_all_left,154315,81.0
T4T5_abcd_L,2,MN_all_left,154887,61.0
T4T5_abcd_L,2,MN_all_left,154980,46.0
T4T5_abcd_L,2,MN_all_left,156887,1.0
T4T5_abcd_L,2,MN_all_left,156971,2.0
T4T5_abcd_L,2,MN_all_left,158328,1.0
T4T5_abcd_L,2,MN_all_left,158478,1.0
T4T5_abcd_L,2,MN_all_left,158556,2.0
T4T5_abcd_L,2,MN_all_left,158604,44.0
T4T5_abcd_L,2,MN_all_left,158794,12.0
T4T5_abcd_L,2,MN_all_left,159019,3.0
T4T5_abcd_L,2,MN_all_left,159087,20.0
T4T5_abcd_L,2,MN_all_left,159285,79.0
T4T5_abcd_L,2,MN_all_left,159287,5.0
T4T5_abcd_L,2,MN_all_left,159288,10.0
T4T5_abcd_L,2,MN_all_left,159488,20.0
T4T5_abcd_L,2,MN_all_left,159489,47.0
T4T5_abcd_L,2,MN_all_left,159664,2.0
T4T5_abcd_L,2,MN_all_left,159777,11.0
T4T5_abcd_L,2,MN_all_left,159993,94.0
T4T5_abcd_L,2,MN_all_left,160070,1.0
T4T5_abcd_L,2,MN_all_left,160137,54.0
T4T5_abcd_L,2,MN_all_left,160430,3.0
T4T5_abcd_L,2,MN_all_left,160448,93.0
T4T5_abcd_L,2,MN_all_left,160854,39.0
T4T5_abcd_L,2,MN_all_left,161187,7.0
T4T5_abcd_L,2,MN_all_left,162458,4.0
T4T5_abcd_L,2,MN_all_left,162557,7.0
T4T5_abcd_L,2,MN_all_left,162657,1.0
T4T5_abcd_L,2,MN_all_left,162678,15.0
T4T5_abcd_L,2,MN_all_left,162782,120.0
T4T5_abcd_L,2,MN_all_left,162796,113.0
T4T5_abcd_L,2,MN_all_left,162914,50.0
T4T5_abcd_L,2,MN_all_left,164603,10.0
T4T5_abcd_L,2,MN_all_left,164726,2.0
T4T5_abcd_L,2,MN_all_right,142834,124.0
T4T5_abcd_L,2,MN_all_right,142900,13.0
T4T5_abcd_L,2,MN_all_right,142911,7.0
T4T5_abcd_L,2,MN_all_right,142932,43.0
T4T5_abcd_L,2,MN_all_right,142956,40.0
T4T5_abcd_L,2,MN_all_right,142999,1.0
T4T5_abcd_L,2,MN_all_right,143020,1.0
T4T5_abcd_L,2,MN_all_right,143136,74.0
T4T5_abcd_L,2,MN_all_right,143140,1.0
T4T5_abcd_L,2,MN_all_right,143200,12.0
T4T5_abcd_L,2,MN_all_right,143217,55.0
T4T5_abcd_L,2,MN_all_right,143244,3.0
T4T5_abcd_L,2,MN_all_right,143260,48.0
T4T5_abcd_L,2,MN_all_right,143304,30.0
T4T5_abcd_L,2,MN_all_right,143341,6.0
T4T5_abcd_L,2,MN_all_right,143362,8.0
T4T5_abcd_L,2,MN_all_right,143454,22.0
T4T5_abcd_L,2,MN_all_right,143460,12.0
T4T5_abcd_L,2,MN_all_right,143467,51.0
T4T5_abcd_L,2,MN_all_right,143498,1.0
T4T5_abcd_L,2,MN_all_right,143566,11.0
T4T5_abcd_L,2,MN_all_right,143567,11.0
T4T5_abcd_L,2,MN_all_right,143581,79.0
T4T5_abcd_L,2,MN_all_right,143589,3.0
T4T5_abcd_L,2,MN_all_right,143635,18.0
T4T5_abcd_L,2,MN_all_right,143728,38.0
T4T5_abcd_L,2,MN_all_right,143754,101.0
T4T5_abcd_L,2,MN_all_right,143786,75.0
T4T5_abcd_L,2,MN_all_right,143796,8.0
T4T5_abcd_L,2,MN_all_right,143804,7.0
T4T5_abcd_L,2,MN_all_right,143828,20.0
T4T5_abcd_L,2,MN_all_right,143830,20.0
T4T5_abcd_L,2,MN_all_right,143900,46.0
T4T5_abcd_L,2,MN_all_right,144043,83.0
T4T5_abcd_L,2,MN_all_right,144056,1.0
T4T5_abcd_L,2,MN_all_right,144076,27.0
T4T5_abcd_L,2,MN_all_right,144107,14.0
T4T5_abcd_L,2,MN_all_right,144149,69.0
T4T5_abcd_L,2,MN_all_right,144152,109.0
T4T5_abcd_L,2,MN_all_right,144158,36.0
T4T5_abcd_L,2,MN_all_right,144211,8.0
T4T5_abcd_L,2,MN_all_right,144246,54.0
T4T5_abcd_L,2,MN_all_right,144285,109.0
T4T5_abcd_L,2,MN_all_right,144328,7.0
T4T5_abcd_L,2,MN_all_right,144338,36.0
T4T5_abcd_L,2,MN_all_right,144370,12.0
T4T5_abcd_L,2,MN_all_right,144391,17.0
T4T5_abcd_L,2,MN_all_right,144392,1.0
T4T5_abcd_L,2,MN_all_right,144429,5.0
T4T5_abcd_L,2,MN_all_right,144466,62.0
T4T5_abcd_L,2,MN_all_right,144652,9.0
T4T5_abcd_L,2,MN_all_right,144664,15.0
T4T5_abcd_L,2,MN_all_right,144682,67.0
T4T5_abcd_L,2,MN_all_right,144715,1.0
T4T5_abcd_L,2,MN_all_right,144768,15.0
T4T5_abcd_L,2,MN_all_right,144790,10.0
T4T5_abcd_L,2,MN_all_right,144899,38.0
T4T5_abcd_L,2,MN_all_right,144918,19.0
T4T5_abcd_L,2,MN_all_right,144952,72.0
T4T5_abcd_L,2,MN_all_right,144987,39.0
T4T5_abcd_L,2,MN_all_right,145007,38.0
T4T5_abcd_L,2,MN_all_right,145064,80.0
T4T5_abcd_L,2,MN_all_right,145083,1.0
T4T5_abcd_L,2,MN_all_right,145127,101.0
T4T5_abcd_L,2,MN_all_right,145221,52.0
T4T5_abcd_L,2,MN_all_right,145278,22.0
T4T5_abcd_L,2,MN_all_right,145327,40.0
T4T5_abcd_L,2,MN_all_right,145458,3.0
T4T5_abcd_L,2,MN_all_right,145461,28.0
T4T5_abcd_L,2,MN_all_right,145492,88.0
T4T5_abcd_L,2,MN_all_right,145559,19.0
T4T5_abcd_L,2,MN_all_right,145568,6.0
T4T5_abcd_L,2,MN_all_right,145581,3.0
T4T5_abcd_L,2,MN_all_right,145592,56.0
T4T5_abcd_L,2,MN_all_right,145621,9.0
T4T5_abcd_L,2,MN_all_right,145653,42.0
T4T5_abcd_L,2,MN_all_right,145738,15.0
T4T5_abcd_L,2,MN_all_right,145832,28.0
T4T5_abcd_L,2,MN_all_right,145953,17.0
T4T5_abcd_L,2,MN_all_right,145960,39.0
T4T5_abcd_L,2,MN_all_right,146056,1.0
T4T5_abcd_L,2,MN_all_right,146130,28.0
T4T5_abcd_L,2,MN_all_right,146173,37.0
T4T5_abcd_L,2,MN_all_right,146318,33.0
T4T5_abcd_L,2,MN_all_right,146627,2.0
T4T5_abcd_L,2,MN_all_right,146668,25.0
T4T5_abcd_L,2,MN_all_right,146701,12.0
T4T5_abcd_L,2,MN_all_right,146725,65.0
T4T5_abcd_L,2,MN_all_right,146868,9.0
T4T5_abcd_L,2,MN_all_right,146879,4.0
T4T5_abcd_L,2,MN_all_right,147037,13.0
T4T5_abcd_L,2,MN_all_right,147094,17.0
T4T5_abcd_L,2,MN_all_right,147267,19.0
T4T5_abcd_L,2,MN_all_right,147470,16.0
T4T5_abcd_L,2,MN_all_right,147519,13.0
T4T5_abcd_L,2,MN_all_right,147543,17.0
T4T5_abcd_L,2,MN_all_right,147559,39.0
T4T5_abcd_L,2,MN_all_right,147606,3.0
T4T5_abcd_L,2,MN_all_right,147646,32.0
T4T5_abcd_L,2,MN_all_right,147672,22.0
T4T5_abcd_L,2,MN_all_right,147794,32.0
T4T5_abcd_L,2,MN_all_right,147905,21.0
T4T5_abcd_L,2,MN_all_right,147957,11.0
T4T5_abcd_L,2,MN_all_right,148001,16.0
T4T5_abcd_L,2,MN_all_right,148017,10.0
T4T5_abcd_L,2,MN_all_right,148201,28.0
T4T5_abcd_L,2,MN_all_right,148237,13.0
T4T5_abcd_L,2,MN_all_right,148293,19.0
T4T5_abcd_L,2,MN_all_right,148422,70.0
T4T5_abcd_L,2,MN_all_right,148611,23.0
T4T5_abcd_L,2,MN_all_right,148616,3.0
T4T5_abcd_L,2,MN_all_right,148760,3.0
T4T5_abcd_L,2,MN_all_right,148816,27.0
T4T5_abcd_L,2,MN_all_right,148823,35.0
T4T5_abcd_L,2,MN_all_right,148863,6.0
T4T5_abcd_L,2,MN_all_right,148879,18.0
T4T5_abcd_L,2,MN_all_right,148985,4.0
T4T5_abcd_L,2,MN_all_right,148997,1.0
T4T5_abcd_L,2,MN_all_right,149056,90.0
T4T5_abcd_L,2,MN_all_right,149114,2.0
T4T5_abcd_L,2,MN_all_right,149209,5.0
T4T5_abcd_L,2,MN_all_right,149234,5.0
T4T5_abcd_L,2,MN_all_right,149327,33.0
T4T5_abcd_L,2,MN_all_right,149498,69.0
T4T5_abcd_L,2,MN_all_right,149809,6.0
T4T5_abcd_L,2,MN_all_right,149895,55.0
T4T5_abcd_L,2,MN_all_right,149996,3.0
T4T5_abcd_L,2,MN_all_right,150019,76.0
T4T5_abcd_L,2,MN_all_right,150152,4.0
T4T5_abcd_L,2,MN_all_right,150204,3.0
T4T5_abcd_L,2,MN_all_right,150362,57.0
T4T5_abcd_L,2,MN_all_right,150676,10.0
T4T5_abcd_L,2,MN_all_right,150738,7.0
T4T5_abcd_L,2,MN_all_right,150778,13.0
T4T5_abcd_L,2,MN_all_right,150989,10.0
T4T5_abcd_L,2,MN_all_right,152104,4.0
T4T5_abcd_L,2,MN_all_right,152528,18.0
T4T5_abcd_L,2,MN_all_right,153000,4.0
T4T5_abcd_L,2,MN_all_right,153409,49.0
T4T5_abcd_L,2,MN_all_right,153686,1.0
T4T5_abcd_L,2,MN_all_right,153736,4.0
T4T5_abcd_L,2,MN_all_right,154055,64.0
T4T5_abcd_L,2,MN_all_right,154732,44.0
T4T5_abcd_L,2,MN_all_right,154941,76.0
T4T5_abcd_L,2,MN_all_right,155213,1.0
T4T5_abcd_L,2,MN_all_right,156301,12.0
T4T5_abcd_L,2,MN_all_right,157875,2.0
T4T5_abcd_L,2,MN_all_right,158193,30.0
T4T5_abcd_L,2,MN_all_right,158440,3.0
T4T5_abcd_L,2,MN_all_right,158546,37.0
T4T5_abcd_L,2,MN_all_right,158670,17.0
T4T5_abcd_L,2,MN_all_right,158812,23.0
T4T5_abcd_L,2,MN_all_right,159157,3.0
T4T5_abcd_L,2,MN_all_right,159225,36.0
T4T5_abcd_L,2,MN_all_right,159253,23.0
T4T5_abcd_L,2,MN_all_right,159477,21.0
T4T5_abcd_L,2,MN_all_right,159478,14.0
T4T5_abcd_L,2,MN_all_right,159538,3.0
T4T5_abcd_L,2,MN_all_right,159546,19.0
T4T5_abcd_L,2,MN_all_right,159896,6.0
T4T5_abcd_L,2,MN_all_right,160165,57.0
T4T5_abcd_L,2,MN_all_right,160191,30.0
T4T5_abcd_L,2,MN_all_right,160211,9.0
T4T5_abcd_L,2,MN_all_right,160245,36.0
T4T5_abcd_L,2,MN_all_right,160271,51.0
T4T5_abcd_L,2,MN_all_right,160307,2.0
T4T5_abcd_L,2,MN_all_right,160329,11.0
T4T5_abcd_L,2,MN_all_right,160551,42.0
T4T5_abcd_L,2,MN_all_right,160892,5.0
T4T5_abcd_L,2,MN_all_right,161362,3.0
T4T5_abcd_L,2,MN_all_right,162256,1.0
T4T5_abcd_L,2,MN_all_right,162556,1.0
T4T5_abcd_L,2,MN_all_right,162567,2.0
T4T5_abcd_L,2,MN_all_right,162677,12.0
T4T5_abcd_L,2,MN_all_right,162781,88.0
T4T5_abcd_L,2,MN_all_right,164606,107.0
T4T5_abcd_L,2,MN_all_right,164614,93.0
T4T5_abcd_L,2,MN_all_right,164616,32.0
T4T5_abcd_L,2,MN_all_right,164623,8.0
T4T5_abcd_L,3,DN_all_left,6,267.0
T4T5_abcd_L,3,DN_all_left,39,2.0
T4T5_abcd_L,3,DN_all_left,78,114.0
T4T5_abcd_L,3,DN_all_left,104,139.0
T4T5_abcd_L,3,DN_all_left,129,1.0
T4T5_abcd_L,3,DN_all_left,144,57.0
T4T5_abcd_L,3,DN_all_left,146,198.0
T4T5_abcd_L,3,DN_all_left,147,1.0
T4T5_abcd_L,3,DN_all_left,160,1.0
T4T5_abcd_L,3,DN_all_left,173,2.0
T4T5_abcd_L,3,DN_all_left,204,217.0
T4T5_abcd_L,3,DN_all_left,207,99.0
T4T5_abcd_L,3,DN_all_left,213,2.0
T4T5_abcd_L,3,DN_all_left,223,49.0
T4T5_abcd_L,3,DN_all_left,226,1.0
T4T5_abcd_L,3,DN_all_left,228,143.0
T4T5_abcd_L,3,DN_all_left,252,1.0
T4T5_abcd_L,3,DN_all_left,264,29.0
T4T5_abcd_L,3,DN_all_left,273,100.0
T4T5_abcd_L,3,DN_all_left,316,10.0
T4T5_abcd_L,3,DN_all_left,333,199.0
T4T5_abcd_L,3,DN_all_left,349,50.0
T4T5_abcd_L,3,DN_all_left,363,87.0
T4T5_abcd_L,3,DN_all_left,384,254.0
T4T5_abcd_L,3,DN_all_left,410,24.0
T4T5_abcd_L,3,DN_all_left,413,159.0
T4T5_abcd_L,3,DN_all_left,433,3.0
T4T5_abcd_L,3,DN_all_left,489,2.0
T4T5_abcd_L,3,DN_all_left,514,1.0
T4T5_abcd_L,3,DN_all_left,523,121.0
T4T5_abcd_L,3,DN_all_left,541,44.0
T4T5_abcd_L,3,DN_all_left,543,34.0
T4T5_abcd_L,3,DN_all_left,551,1.0
T4T5_abcd_L,3,DN_all_left,603,2.0
T4T5_abcd_L,3,DN_all_left,608,67.0
T4T5_abcd_L,3,DN_all_left,614,13.0
T4T5_abcd_L,3,DN_all_left,628,1.0
T4T5_abcd_L,3,DN_all_left,632,3.0
T4T5_abcd_L,3,DN_all_left,673,1.0
T4T5_abcd_L,3,DN_all_left,741,27.0
T4T5_abcd_L,3,DN_all_left,751,9.0
T4T5_abcd_L,3,DN_all_left,773,107.0
T4T5_abcd_L,3,DN_all_left,781,6.0
T4T5_abcd_L,3,DN_all_left,783,76.0
T4T5_abcd_L,3,DN_all_left,791,2.0
T4T5_abcd_L,3,DN_all_left,823,106.0
T4T5_abcd_L,3,DN_all_left,861,101.0
T4T5_abcd_L,3,DN_all_left,898,1.0
T4T5_abcd_L,3,DN_all_left,906,28.0
T4T5_abcd_L,3,DN_all_left,927,13.0
T4T5_abcd_L,3,DN_all_left,992,36.0
T4T5_abcd_L,3,DN_all_left,993,11.0
T4T5_abcd_L,3,DN_all_left,994,63.0
T4T5_abcd_L,3,DN_all_left,1047,107.0
T4T5_abcd_L,3,DN_all_left,1071,2.0
T4T5_abcd_L,3,DN_all_left,1111,72.0
T4T5_abcd_L,3,DN_all_left,1131,1.0
T4T5_abcd_L,3,DN_all_left,1155,24.0
T4T5_abcd_L,3,DN_all_left,1167,75.0
T4T5_abcd_L,3,DN_all_left,1170,2.0
T4T5_abcd_L,3,DN_all_left,1196,1.0
T4T5_abcd_L,3,DN_all_left,1273,24.0
T4T5_abcd_L,3,DN_all_left,1314,1.0
T4T5_abcd_L,3,DN_all_left,1324,61.0
T4T5_abcd_L,3,DN_all_left,1325,1.0
T4T5_abcd_L,3,DN_all_left,1328,4.0
T4T5_abcd_L,3,DN_all_left,1342,3.0
T4T5_abcd_L,3,DN_all_left,1361,121.0
T4T5_abcd_L,3,DN_all_left,1387,51.0
T4T5_abcd_L,3,DN_all_left,1506,78.0
T4T5_abcd_L,3,DN_all_left,1545,15.0
T4T5_abcd_L,3,DN_all_left,1562,43.0
T4T5_abcd_L,3,DN_all_left,1564,7.0
T4T5_abcd_L,3,DN_all_left,1626,25.0
T4T5_abcd_L,3,DN_all_left,1677,2.0
T4T5_abcd_L,3,DN_all_left,1724,89.0
T4T5_abcd_L,3,DN_all_left,1821,48.0
T4T5_abcd_L,3,DN_all_left,1827,1.0
T4T5_abcd_L,3,DN_all_left,1833,3.0
T4T5_abcd_L,3,DN_all_left,1857,1.0
T4T5_abcd_L,3,DN_all_left,1870,19.0
T4T5_abcd_L,3,DN_all_left,1935,108.0
T4T5_abcd_L,3,DN_all_left,1994,4.0
T4T5_abcd_L,3,DN_all_left,2074,32.0
T4T5_abcd_L,3,DN_all_left,2078,8.0
T4T5_abcd_L,3,DN_all_left,2103,8.0
T4T5_abcd_L,3,DN_all_left,2154,111.0
T4T5_abcd_L,3,DN_all_left,2194,1.0
T4T5_abcd_L,3,DN_all_left,2286,27.0
T4T5_abcd_L,3,DN_all_left,2311,1.0
T4T5_abcd_L,3,DN_all_left,2329,4.0
T4T5_abcd_L,3,DN_all_left,2354,38.0
T4T5_abcd_L,3,DN_all_left,2423,20.0
T4T5_abcd_L,3,DN_all_left,2441,1.0
T4T5_abcd_L,3,DN_all_left,2449,12.0
T4T5_abcd_L,3,DN_all_left,2451,16.0
T4T5_abcd_L,3,DN_all_left,2465,18.0
T4T5_abcd_L,3,DN_all_left,2583,62.0
T4T5_abcd_L,3,DN_all_left,2588,24.0
T4T5_abcd_L,3,DN_all_left,2620,12.0
T4T5_abcd_L,3,DN_all_left,2676,99.0
T4T5_abcd_L,3,DN_all_left,2688,15.0
T4T5_abcd_L,3,DN_all_left,2700,1.0
T4T5_abcd_L,3,DN_all_left,2837,24.0
T4T5_abcd_L,3,DN_all_left,2868,7.0
T4T5_abcd_L,3,DN_all_left,2933,76.0
T4T5_abcd_L,3,DN_all_left,3003,105.0
T4T5_abcd_L,3,DN_all_left,3009,3.0
T4T5_abcd_L,3,DN_all_left,3045,1.0
T4T5_abcd_L,3,DN_all_left,3084,27.0
T4T5_abcd_L,3,DN_all_left,3106,200.0
T4T5_abcd_L,3,DN_all_left,3159,8.0
T4T5_abcd_L,3,DN_all_left,3222,51.0
T4T5_abcd_L,3,DN_all_left,3306,7.0
T4T5_abcd_L,3,DN_all_left,3331,132.0
T4T5_abcd_L,3,DN_all_left,3349,46.0
T4T5_abcd_L,3,DN_all_left,3390,27.0
T4T5_abcd_L,3,DN_all_left,3394,2.0
T4T5_abcd_L,3,DN_all_left,3451,21.0
T4T5_abcd_L,3,DN_all_left,3505,108.0
T4T5_abcd_L,3,DN_all_left,3569,1.0
T4T5_abcd_L,3,DN_all_left,3595,1.0
T4T5_abcd_L,3,DN_all_left,3722,38.0
T4T5_abcd_L,3,DN_all_left,3768,2.0
T4T5_abcd_L,3,DN_all_left,3770,4.0
T4T5_abcd_L,3,DN_all_left,3788,11.0
T4T5_abcd_L,3,DN_all_left,3939,13.0
T4T5_abcd_L,3,DN_all_left,3966,48.0
T4T5_abcd_L,3,DN_all_left,4017,16.0
T4T5_abcd_L,3,DN_all_left,4057,1.0
T4T5_abcd_L,3,DN_all_left,4335,97.0
T4T5_abcd_L,3,DN_all_left,4591,2.0
T4T5_abcd_L,3,DN_all_left,4609,46.0
T4T5_abcd_L,3,DN_all_left,4678,2.0
T4T5_abcd_L,3,DN_all_left,4917,50.0
T4T5_abcd_L,3,DN_all_left,5015,163.0
T4T5_abcd_L,3,DN_all_left,5021,90.0
T4T5_abcd_L,3,DN_all_left,5056,18.0
T4T5_abcd_L,3,DN_all_left,5067,59.0
T4T5_abcd_L,3,DN_all_left,5217,2.0
T4T5_abcd_L,3,DN_all_left,5262,10.0
T4T5_abcd_L,3,DN_all_left,5338,10.0
T4T5_abcd_L,3,DN_all_left,5579,2.0
T4T5_abcd_L,3,DN_all_left,5616,1.0
T4T5_abcd_L,3,DN_all_left,5624,9.0
T4T5_abcd_L,3,DN_all_left,5867,54.0
T4T5_abcd_L,3,DN_all_left,5993,3.0
T4T5_abcd_L,3,DN_all_left,6490,54.0
T4T5_abcd_L,3,DN_all_left,6736,25.0
T4T5_abcd_L,3,DN_all_left,6742,2.0
T4T5_abcd_L,3,DN_all_left,8870,8.0
T4T5_abcd_L,3,DN_all_left,8977,5.0
T4T5_abcd_L,3,DN_all_left,9137,6.0
T4T5_abcd_L,3,DN_all_left,9207,8.0
T4T5_abcd_L,3,DN_all_left,9402,21.0
T4T5_abcd_L,3,DN_all_left,10000,51.0
T4T5_abcd_L,3,DN_all_left,10086,14.0
T4T5_abcd_L,3,DN_all_left,10532,1.0
T4T5_abcd_L,3,DN_all_left,11249,9.0
T4T5_abcd_L,3,DN_all_left,12085,1.0
T4T5_abcd_L,3,DN_all_left,12581,1.0
T4T5_abcd_L,3,DN_all_left,12883,101.0
T4T5_abcd_L,3,DN_all_left,13339,49.0
T4T5_abcd_L,3,DN_all_left,13746,6.0
T4T5_abcd_L,3,DN_all_left,14132,10.0
T4T5_abcd_L,3,DN_all_left,14329,17.0
T4T5_abcd_L,3,DN_all_left,14442,11.0
T4T5_abcd_L,3,DN_all_left,15020,1.0
T4T5_abcd_L,3,DN_all_left,15035,8.0
T4T5_abcd_L,3,DN_all_left,15054,5.0
T4T5_abcd_L,3,DN_all_left,15782,6.0
T4T5_abcd_L,3,DN_all_left,15877,84.0
T4T5_abcd_L,3,DN_all_left,17045,7.0
T4T5_abcd_L,3,DN_all_left,17073,42.0
T4T5_abcd_L,3,DN_all_left,17402,2.0
T4T5_abcd_L,3,DN_all_left,17744,87.0
T4T5_abcd_L,3,DN_all_left,18165,27.0
T4T5_abcd_L,3,DN_all_left,18745,48.0
T4T5_abcd_L,3,DN_all_left,19578,6.0
T4T5_abcd_L,3,DN_all_left,20018,8.0
T4T5_abcd_L,3,DN_all_left,20649,54.0
T4T5_abcd_L,3,DN_all_left,21944,6.0
T4T5_abcd_L,3,DN_all_left,22548,3.0
T4T5_abcd_L,3,DN_all_left,22768,65.0
T4T5_abcd_L,3,DN_all_left,22875,10.0
T4T5_abcd_L,3,DN_all_left,22975,73.0
T4T5_abcd_L,3,DN_all_left,23287,14.0
T4T5_abcd_L,3,DN_all_left,23939,47.0
T4T5_abcd_L,3,DN_all_left,24331,72.0
T4T5_abcd_L,3,DN_all_left,25434,69.0
T4T5_abcd_L,3,DN_all_left,25769,33.0
T4T5_abcd_L,3,DN_all_left,26012,1.0
T4T5_abcd_L,3,DN_all_left,26196,18.0
T4T5_abcd_L,3,DN_all_left,27665,67.0
T4T5_abcd_L,3,DN_all_left,28642,74.0
T4T5_abcd_L,3,DN_all_left,28804,49.0
T4T5_abcd_L,3,DN_all_left,49995,4.0
T4T5_abcd_L,3,DN_all_left,53674,21.0
T4T5_abcd_L,3,DN_all_left,53936,4.0
T4T5_abcd_L,3,DN_all_left,60324,22.0
T4T5_abcd_L,3,DN_all_left,60365,1.0
T4T5_abcd_L,3,DN_all_left,116552,46.0
T4T5_abcd_L,3,DN_all_left,124448,3.0
T4T5_abcd_L,3,DN_all_left,124813,4.0
T4T5_abcd_L,3,DN_all_left,124969,20.0
T4T5_abcd_L,3,DN_all_left,126100,73.0
T4T5_abcd_L,3,DN_all_left,126526,1.0
T4T5_abcd_L,3,DN_all_left,127958,25.0
T4T5_abcd_L,3,DN_all_left,128725,14.0
T4T5_abcd_L,3,DN_all_left,128862,26.0
T4T5_abcd_L,3,DN_all_left,128890,169.0
T4T5_abcd_L,3,DN_all_left,128964,20.0
T4T5_abcd_L,3,DN_all_left,129107,1.0
T4T5_abcd_L,3,DN_all_left,129520,10.0
T4T5_abcd_L,3,DN_all_left,130311,73.0
T4T5_abcd_L,3,DN_all_left,130496,48.0
T4T5_abcd_L,3,DN_all_left,130499,1.0
T4T5_abcd_L,3,DN_all_left,132535,27.0
T4T5_abcd_L,3,DN_all_left,132582,36.0
T4T5_abcd_L,3,DN_all_left,132965,24.0
T4T5_abcd_L,3,DN_all_left,133364,27.0
T4T5_abcd_L,3,DN_all_left,133740,256.0
T4T5_abcd_L,3,DN_all_left,135657,61.0
T4T5_abcd_L,3,DN_all_left,140885,1.0
T4T5_abcd_L,3,DN_all_left,140913,11.0
T4T5_abcd_L,3,DN_all_left,140964,1.0
T4T5_abcd_L,3,DN_all_left,141026,71.0
T4T5_abcd_L,3,DN_all_left,142108,99.0
T4T5_abcd_L,3,DN_all_left,142174,2.0
T4T5_abcd_L,3,DN_all_left,144939,14.0
T4T5_abcd_L,3,DN_all_left,162563,1.0
T4T5_abcd_L,3,DN_all_right,0,13.0
T4T5_abcd_L,3,DN_all_right,19,1.0
T4T5_abcd_L,3,DN_all_right,25,32.0
T4T5_abcd_L,3,DN_all_right,45,1.0
T4T5_abcd_L,3,DN_all_right,51,44.0
T4T5_abcd_L,3,DN_all_right,52,21.0
T4T5_abcd_L,3,DN_all_right,117,1.0
T4T5_abcd_L,3,DN_all_right,194,7.0
T4T5_abcd_L,3,DN_all_right,215,52.0
T4T5_abcd_L,3,DN_all_right,243,3.0
T4T5_abcd_L,3,DN_all_right,259,1.0
T4T5_abcd_L,3,DN_all_right,261,3.0
T4T5_abcd_L,3,DN_all_right,281,1.0
T4T5_abcd_L,3,DN_all_right,311,8.0
T4T5_abcd_L,3,DN_all_right,327,20.0
T4T5_abcd_L,3,DN_all_right,332,1.0
T4T5_abcd_L,3,DN_all_right,351,1.0
T4T5_abcd_L,3,DN_all_right,378,2.0
T4T5_abcd_L,3,DN_all_right,404,3.0
T4T5_abcd_L,3,DN_all_right,424,7.0
T4T5_abcd_L,3,DN_all_right,428,18.0
T4T5_abcd_L,3,DN_all_right,467,8.0
T4T5_abcd_L,3,DN_all_right,505,8.0
T4T5_abcd_L,3,DN_all_right,545,14.0
T4T5_abcd_L,3,DN_all_right,616,6.0
T4T5_abcd_L,3,DN_all_right,620,73.0
T4T5_abcd_L,3,DN_all_right,624,6.0
T4T5_abcd_L,3,DN_all_right,654,3.0
T4T5_abcd_L,3,DN_all_right,661,2.0
T4T5_abcd_L,3,DN_all_right,703,85.0
T4T5_abcd_L,3,DN_all_right,704,1.0
T4T5_abcd_L,3,DN_all_right,706,1.0
T4T5_abcd_L,3,DN_all_right,746,1.0
T4T5_abcd_L,3,DN_all_right,762,77.0
T4T5_abcd_L,3,DN_all_right,763,1.0
T4T5_abcd_L,3,DN_all_right,776,2.0
T4T5_abcd_L,3,DN_all_right,777,2.0
T4T5_abcd_L,3,DN_all_right,785,4.0
T4T5_abcd_L,3,DN_all_right,828,1.0
T4T5_abcd_L,3,DN_all_right,853,22.0
T4T5_abcd_L,3,DN_all_right,854,4.0
T4T5_abcd_L,3,DN_all_right,886,90.0
T4T5_abcd_L,3,DN_all_right,894,101.0
T4T5_abcd_L,3,DN_all_right,902,1.0
T4T5_abcd_L,3,DN_all_right,911,2.0
T4T5_abcd_L,3,DN_all_right,987,1.0
T4T5_abcd_L,3,DN_all_right,988,15.0
T4T5_abcd_L,3,DN_all_right,1021,42.0
T4T5_abcd_L,3,DN_all_right,1048,12.0
T4T5_abcd_L,3,DN_all_right,1069,8.0
T4T5_abcd_L,3,DN_all_right,1083,1.0
T4T5_abcd_L,3,DN_all_right,1089,2.0
T4T5_abcd_L,3,DN_all_right,1092,5.0
T4T5_abcd_L,3,DN_all_right,1108,3.0
T4T5_abcd_L,3,DN_all_right,1124,126.0
T4T5_abcd_L,3,DN_all_right,1142,1.0
T4T5_abcd_L,3,DN_all_right,1165,88.0
T4T5_abcd_L,3,DN_all_right,1166,1.0
T4T5_abcd_L,3,DN_all_right,1168,4.0
T4T5_abcd_L,3,DN_all_right,1210,60.0
T4T5_abcd_L,3,DN_all_right,1218,1.0
T4T5_abcd_L,3,DN_all_right,1222,6.0
T4T5_abcd_L,3,DN_all_right,1240,1.0
T4T5_abcd_L,3,DN_all_right,1242,40.0
T4T5_abcd_L,3,DN_all_right,1269,51.0
T4T5_abcd_L,3,DN_all_right,1277,91.0
T4T5_abcd_L,3,DN_all_right,1315,2.0
T4T5_abcd_L,3,DN_all_right,1329,7.0
T4T5_abcd_L,3,DN_all_right,1382,7.0
T4T5_abcd_L,3,DN_all_right,1400,45.0
T4T5_abcd_L,3,DN_all_right,1405,18.0
T4T5_abcd_L,3,DN_all_right,1457,2.0
T4T5_abcd_L,3,DN_all_right,1468,2.0
T4T5_abcd_L,3,DN_all_right,1492,9.0
T4T5_abcd_L,3,DN_all_right,1502,2.0
T4T5_abcd_L,3,DN_all_right,1575,10.0
T4T5_abcd_L,3,DN_all_right,1581,31.0
T4T5_abcd_L,3,DN_all_right,1593,21.0
T4T5_abcd_L,3,DN_all_right,1610,1.0
T4T5_abcd_L,3,DN_all_right,1621,21.0
T4T5_abcd_L,3,DN_all_right,1648,32.0
T4T5_abcd_L,3,DN_all_right,1653,3.0
T4T5_abcd_L,3,DN_all_right,1699,14.0
T4T5_abcd_L,3,DN_all_right,1708,13.0
T4T5_abcd_L,3,DN_all_right,1756,1.0
T4T5_abcd_L,3,DN_all_right,1789,7.0
T4T5_abcd_L,3,DN_all_right,1804,4.0
T4T5_abcd_L,3,DN_all_right,1837,39.0
T4T5_abcd_L,3,DN_all_right,1897,2.0
T4T5_abcd_L,3,DN_all_right,1954,1.0
T4T5_abcd_L,3,DN_all_right,1965,6.0
T4T5_abcd_L,3,DN_all_right,1995,1.0
T4T5_abcd_L,3,DN_all_right,2033,60.0
T4T5_abcd_L,3,DN_all_right,2037,6.0
T4T5_abcd_L,3,DN_all_right,2070,41.0
T4T5_abcd_L,3,DN_all_right,2079,34.0
T4T5_abcd_L,3,DN_all_right,2094,28.0
T4T5_abcd_L,3,DN_all_right,2120,35.0
T4T5_abcd_L,3,DN_all_right,2238,1.0
T4T5_abcd_L,3,DN_all_right,2289,1.0
T4T5_abcd_L,3,DN_all_right,2321,1.0
T4T5_abcd_L,3,DN_all_right,2325,8.0
T4T5_abcd_L,3,DN_all_right,2331,4.0
T4T5_abcd_L,3,DN_all_right,2350,33.0
T4T5_abcd_L,3,DN_all_right,2433,32.0
T4T5_abcd_L,3,DN_all_right,2458,4.0
T4T5_abcd_L,3,DN_all_right,2495,36.0
T4T5_abcd_L,3,DN_all_right,2600,114.0
T4T5_abcd_L,3,DN_all_right,2606,1.0
T4T5_abcd_L,3,DN_all_right,2607,105.0
T4T5_abcd_L,3,DN_all_right,2613,52.0
T4T5_abcd_L,3,DN_all_right,2636,6.0
T4T5_abcd_L,3,DN_all_right,2639,1.0
T4T5_abcd_L,3,DN_all_right,2659,13.0
T4T5_abcd_L,3,DN_all_right,2752,1.0
T4T5_abcd_L,3,DN_all_right,2841,6.0
T4T5_abcd_L,3,DN_all_right,2851,8.0
T4T5_abcd_L,3,DN_all_right,3020,146.0
T4T5_abcd_L,3,DN_all_right,3059,32.0
T4T5_abcd_L,3,DN_all_right,3067,1.0
T4T5_abcd_L,3,DN_all_right,3220,201.0
T4T5_abcd_L,3,DN_all_right,3278,29.0
T4T5_abcd_L,3,DN_all_right,3348,43.0
T4T5_abcd_L,3,DN_all_right,3374,52.0
T4T5_abcd_L,3,DN_all_right,3383,1.0
T4T5_abcd_L,3,DN_all_right,3406,1.0
T4T5_abcd_L,3,DN_all_right,3491,38.0
T4T5_abcd_L,3,DN_all_right,3593,9.0
T4T5_abcd_L,3,DN_all_right,3625,13.0
T4T5_abcd_L,3,DN_all_right,3654,7.0
T4T5_abcd_L,3,DN_all_right,3694,4.0
T4T5_abcd_L,3,DN_all_right,3720,1.0
T4T5_abcd_L,3,DN_all_right,3754,42.0
T4T5_abcd_L,3,DN_all_right,3853,24.0
T4T5_abcd_L,3,DN_all_right,3862,2.0
T4T5_abcd_L,3,DN_all_right,3865,1.0
T4T5_abcd_L,3,DN_all_right,3868,2.0
T4T5_abcd_L,3,DN_all_right,3945,49.0
T4T5_abcd_L,3,DN_all_right,3997,5.0
T4T5_abcd_L,3,DN_all_right,4020,30.0
T4T5_abcd_L,3,DN_all_right,4042,3.0
T4T5_abcd_L,3,DN_all_right,4078,25.0
T4T5_abcd_L,3,DN_all_right,4098,91.0
T4T5_abcd_L,3,DN_all_right,4120,1.0
T4T5_abcd_L,3,DN_all_right,4467,4.0
T4T5_abcd_L,3,DN_all_right,4479,16.0
T4T5_abcd_L,3,DN_all_right,4514,28.0
T4T5_abcd_L,3,DN_all_right,4559,1.0
T4T5_abcd_L,3,DN_all_right,4641,29.0
T4T5_abcd_L,3,DN_all_right,4645,51.0
T4T5_abcd_L,3,DN_all_right,5027,33.0
T4T5_abcd_L,3,DN_all_right,5124,42.0
T4T5_abcd_L,3,DN_all_right,5211,1.0
T4T5_abcd_L,3,DN_all_right,5348,2.0
T4T5_abcd_L,3,DN_all_right,5381,1.0
T4T5_abcd_L,3,DN_all_right,5390,13.0
T4T5_abcd_L,3,DN_all_right,5458,48.0
T4T5_abcd_L,3,DN_all_right,5739,11.0
T4T5_abcd_L,3,DN_all_right,5841,3.0
T4T5_abcd_L,3,DN_all_right,6142,1.0
T4T5_abcd_L,3,DN_all_right,6152,68.0
T4T5_abcd_L,3,DN_all_right,6169,12.0
T4T5_abcd_L,3,DN_all_right,6255,83.0
T4T5_abcd_L,3,DN_all_right,6278,8.0
T4T5_abcd_L,3,DN_all_right,6427,23.0
T4T5_abcd_L,3,DN_all_right,6570,21.0
T4T5_abcd_L,3,DN_all_right,6701,4.0
T4T5_abcd_L,3,DN_all_right,7801,5.0
T4T5_abcd_L,3,DN_all_right,7850,2.0
T4T5_abcd_L,3,DN_all_right,8815,3.0
T4T5_abcd_L,3,DN_all_right,9254,108.0
T4T5_abcd_L,3,DN_all_right,9458,67.0
T4T5_abcd_L,3,DN_all_right,9662,1.0
T4T5_abcd_L,3,DN_all_right,9780,91.0
T4T5_abcd_L,3,DN_all_right,9912,12.0
T4T5_abcd_L,3,DN_all_right,10343,7.0
T4T5_abcd_L,3,DN_all_right,10368,4.0
T4T5_abcd_L,3,DN_all_right,11239,13.0
T4T5_abcd_L,3,DN_all_right,11504,3.0
T4T5_abcd_L,3,DN_all_right,12150,13.0
T4T5_abcd_L,3,DN_all_right,12336,1.0
T4T5_abcd_L,3,DN_all_right,12572,14.0
T4T5_abcd_L,3,DN_all_right,14496,16.0
T4T5_abcd_L,3,DN_all_right,15028,19.0
T4T5_abcd_L,3,DN_all_right,15460,2.0
T4T5_abcd_L,3,DN_all_right,15893,27.0
T4T5_abcd_L,3,DN_all_right,16849,2.0
T4T5_abcd_L,3,DN_all_right,17700,6.0
T4T5_abcd_L,3,DN_all_right,17897,18.0
T4T5_abcd_L,3,DN_all_right,18221,10.0
T4T5_abcd_L,3,DN_all_right,18461,13.0
T4T5_abcd_L,3,DN_all_right,18857,15.0
T4T5_abcd_L,3,DN_all_right,19450,17.0
T4T5_abcd_L,3,DN_all_right,23453,1.0
T4T5_abcd_L,3,DN_all_right,23535,3.0
T4T5_abcd_L,3,DN_all_right,23861,2.0
T4T5_abcd_L,3,DN_all_right,27379,1.0
T4T5_abcd_L,3,DN_all_right,27532,1.0
T4T5_abcd_L,3,DN_all_right,29289,2.0
T4T5_abcd_L,3,DN_all_right,32032,5.0
T4T5_abcd_L,3,DN_all_right,42917,13.0
T4T5_abcd_L,3,DN_all_right,47173,29.0
T4T5_abcd_L,3,DN_all_right,50694,6.0
T4T5_abcd_L,3,DN_all_right,51855,7.0
T4T5_abcd_L,3,DN_all_right,63360,2.0
T4T5_abcd_L,3,DN_all_right,72835,21.0
T4T5_abcd_L,3,DN_all_right,107658,1.0
T4T5_abcd_L,3,DN_all_right,117981,17.0
T4T5_abcd_L,3,DN_all_right,118808,3.0
T4T5_abcd_L,3,DN_all_right,122136,9.0
T4T5_abcd_L,3,DN_all_right,122432,1.0
T4T5_abcd_L,3,DN_all_right,123333,15.0
T4T5_abcd_L,3,DN_all_right,124419,22.0
T4T5_abcd_L,3,DN_all_right,124662,1.0
T4T5_abcd_L,3,DN_all_right,124920,32.0
T4T5_abcd_L,3,DN_all_right,125430,13.0
T4T5_abcd_L,3,DN_all_right,125617,32.0
T4T5_abcd_L,3,DN_all_right,125795,12.0
T4T5_abcd_L,3,DN_all_right,126404,8.0
T4T5_abcd_L,3,DN_all_right,126772,1.0
T4T5_abcd_L,3,DN_all_right,127074,1.0
T4T5_abcd_L,3,DN_all_right,127734,12.0
T4T5_abcd_L,3,DN_all_right,128032,70.0
T4T5_abcd_L,3,DN_all_right,128692,146.0
T4T5_abcd_L,3,DN_all_right,128892,74.0
T4T5_abcd_L,3,DN_all_right,129181,1.0
T4T5_abcd_L,3,DN_all_right,129301,38.0
T4T5_abcd_L,3,DN_all_right,129688,29.0
T4T5_abcd_L,3,DN_all_right,129718,22.0
T4T5_abcd_L,3,DN_all_right,129873,1.0
T4T5_abcd_L,3,DN_all_right,130252,81.0
T4T5_abcd_L,3,DN_all_right,130688,1.0
T4T5_abcd_L,3,DN_all_right,130838,2.0
T4T5_abcd_L,3,DN_all_right,130847,38.0
T4T5_abcd_L,3,DN_all_right,131136,82.0
T4T5_abcd_L,3,DN_all_right,131434,45.0
T4T5_abcd_L,3,DN_all_right,131504,4.0
T4T5_abcd_L,3,DN_all_right,133544,10.0
T4T5_abcd_L,3,DN_all_right,140621,2.0
T4T5_abcd_L,3,DN_all_right,140980,1.0
T4T5_abcd_L,3,DN_all_right,141051,1.0
T4T5_abcd_L,3,DN_all_right,141735,9.0
T4T5_abcd_L,3,DN_all_right,143416,34.0
T4T5_abcd_L,3,DN_all_right,144269,51.0
T4T5_abcd_L,3,DN_all_right,145368,5.0
T4T5_abcd_L,3,DN_all_right,161396,65.0
T4T5_abcd_L,3,DN_all_right,162540,14.0
T4T5_abcd_L,3,MN_all_left,111304,1.0
T4T5_abcd_L,3,MN_all_left,142836,128.0
T4T5_abcd_L,3,MN_all_left,142929,72.0
T4T5_abcd_L,3,MN_all_left,142964,42.0
T4T5_abcd_L,3,MN_all_left,143064,5.0
T4T5_abcd_L,3,MN_all_left,143088,122.0
T4T5_abcd_L,3,MN_all_left,143139,1.0
T4T5_abcd_L,3,MN_all_left,143160,53.0
T4T5_abcd_L,3,MN_all_left,143221,34.0
T4T5_abcd_L,3,MN_all_left,143222,8.0
T4T5_abcd_L,3,MN_all_left,143231,7.0
T4T5_abcd_L,3,MN_all_left,143243,77.0
T4T5_abcd_L,3,MN_all_left,143252,37.0
T4T5_abcd_L,3,MN_all_left,143259,20.0
T4T5_abcd_L,3,MN_all_left,143281,1.0
T4T5_abcd_L,3,MN_all_left,143322,138.0
T4T5_abcd_L,3,MN_all_left,143353,1.0
T4T5_abcd_L,3,MN_all_left,143418,26.0
T4T5_abcd_L,3,MN_all_left,143421,45.0
T4T5_abcd_L,3,MN_all_left,143445,144.0
T4T5_abcd_L,3,MN_all_left,143464,14.0
T4T5_abcd_L,3,MN_all_left,143478,22.0
T4T5_abcd_L,3,MN_all_left,143539,1.0
T4T5_abcd_L,3,MN_all_left,143540,1.0
T4T5_abcd_L,3,MN_all_left,143626,60.0
T4T5_abcd_L,3,MN_all_left,143654,93.0
T4T5_abcd_L,3,MN_all_left,143664,12.0
T4T5_abcd_L,3,MN_all_left,143700,28.0
T4T5_abcd_L,3,MN_all_left,143751,1.0
T4T5_abcd_L,3,MN_all_left,143760,14.0
T4T5_abcd_L,3,MN_all_left,143766,1.0
T4T5_abcd_L,3,MN_all_left,143773,72.0
T4T5_abcd_L,3,MN_all_left,143860,7.0
T4T5_abcd_L,3,MN_all_left,143949,103.0
T4T5_abcd_L,3,MN_all_left,144071,14.0
T4T5_abcd_L,3,MN_all_left,144086,95.0
T4T5_abcd_L,3,MN_all_left,144111,2.0
T4T5_abcd_L,3,MN_all_left,144209,146.0
T4T5_abcd_L,3,MN_all_left,144234,64.0
T4T5_abcd_L,3,MN_all_left,144248,23.0
T4T5_abcd_L,3,MN_all_left,144265,140.0
T4T5_abcd_L,3,MN_all_left,144290,5.0
T4T5_abcd_L,3,MN_all_left,144377,10.0
T4T5_abcd_L,3,MN_all_left,144382,47.0
T4T5_abcd_L,3,MN_all_left,144400,31.0
T4T5_abcd_L,3,MN_all_left,144439,38.0
T4T5_abcd_L,3,MN_all_left,144450,11.0
T4T5_abcd_L,3,MN_all_left,144457,4.0
T4T5_abcd_L,3,MN_all_left,144465,11.0
T4T5_abcd_L,3,MN_all_left,144576,33.0
T4T5_abcd_L,3,MN_all_left,144578,10.0
T4T5_abcd_L,3,MN_all_left,144584,37.0
T4T5_abcd_L,3,MN_all_left,144821,107.0
T4T5_abcd_L,3,MN_all_left,144860,10.0
T4T5_abcd_L,3,MN_all_left,144878,9.0
T4T5_abcd_L,3,MN_all_left,144897,7.0
T4T5_abcd_L,3,MN_all_left,144974,38.0
T4T5_abcd_L,3,MN_all_left,145034,129.0
T4T5_abcd_L,3,MN_all_left,145081,31.0
T4T5_abcd_L,3,MN_all_left,145109,16.0
T4T5_abcd_L,3,MN_all_left,145142,3.0
T4T5_abcd_L,3,MN_all_left,145198,86.0
T4T5_abcd_L,3,MN_all_left,145274,38.0
T4T5_abcd_L,3,MN_all_left,145303,37.0
T4T5_abcd_L,3,MN_all_left,145351,21.0
T4T5_abcd_L,3,MN_all_left,145382,4.0
T4T5_abcd_L,3,MN_all_left,145405,56.0
T4T5_abcd_L,3,MN_all_left,145438,24.0
T4T5_abcd_L,3,MN_all_left,145476,67.0
T4T5_abcd_L,3,MN_all_left,145483,2.0
T4T5_abcd_L,3,MN_all_left,145564,7.0
T4T5_abcd_L,3,MN_all_left,145660,1.0
T4T5_abcd_L,3,MN_all_left,145672,8.0
T4T5_abcd_L,3,MN_all_left,145732,22.0
T4T5_abcd_L,3,MN_all_left,145766,29.0
T4T5_abcd_L,3,MN_all_left,145796,102.0
T4T5_abcd_L,3,MN_all_left,145805,21.0
T4T5_abcd_L,3,MN_all_left,145900,1.0
T4T5_abcd_L,3,MN_all_left,145911,46.0
T4T5_abcd_L,3,MN_all_left,145975,33.0
T4T5_abcd_L,3,MN_all_left,146072,27.0
T4T5_abcd_L,3,MN_all_left,146085,1.0
T4T5_abcd_L,3,MN_all_left,146107,36.0
T4T5_abcd_L,3,MN_all_left,146233,2.0
T4T5_abcd_L,3,MN_all_left,146333,25.0
T4T5_abcd_L,3,MN_all_left,146441,1.0
T4T5_abcd_L,3,MN_all_left,146494,19.0
T4T5_abcd_L,3,MN_all_left,146498,5.0
T4T5_abcd_L,3,MN_all_left,146507,1.0
T4T5_abcd_L,3,MN_all_left,146556,16.0
T4T5_abcd_L,3,MN_all_left,146571,8.0
T4T5_abcd_L,3,MN_all_left,146590,15.0
T4T5_abcd_L,3,MN_all_left,146748,110.0
T4T5_abcd_L,3,MN_all_left,147006,5.0
T4T5_abcd_L,3,MN_all_left,147111,6.0
T4T5_abcd_L,3,MN_all_left,147153,55.0
T4T5_abcd_L,3,MN_all_left,147241,38.0
T4T5_abcd_L,3,MN_all_left,147254,24.0
T4T5_abcd_L,3,MN_all_left,147272,16.0
T4T5_abcd_L,3,MN_all_left,147311,22.0
T4T5_abcd_L,3,MN_all_left,147444,17.0
T4T5_abcd_L,3,MN_all_left,147449,27.0
T4T5_abcd_L,3,MN_all_left,147492,39.0
T4T5_abcd_L,3,MN_all_left,147569,33.0
T4T5_abcd_L,3,MN_all_left,147730,4.0
T4T5_abcd_L,3,MN_all_left,147844,19.0
T4T5_abcd_L,3,MN_all_left,147938,4.0
T4T5_abcd_L,3,MN_all_left,147977,1.0
T4T5_abcd_L,3,MN_all_left,148126,40.0
T4T5_abcd_L,3,MN_all_left,148144,14.0
T4T5_abcd_L,3,MN_all_left,148349,15.0
T4T5_abcd_L,3,MN_all_left,148397,29.0
T4T5_abcd_L,3,MN_all_left,148408,3.0
T4T5_abcd_L,3,MN_all_left,148537,10.0
T4T5_abcd_L,3,MN_all_left,148589,92.0
T4T5_abcd_L,3,MN_all_left,148779,4.0
T4T5_abcd_L,3,MN_all_left,148852,5.0
T4T5_abcd_L,3,MN_all_left,148953,95.0
T4T5_abcd_L,3,MN_all_left,148964,2.0
T4T5_abcd_L,3,MN_all_left,149101,1.0
T4T5_abcd_L,3,MN_all_left,149298,31.0
T4T5_abcd_L,3,MN_all_left,149557,9.0
T4T5_abcd_L,3,MN_all_left,149592,83.0
T4T5_abcd_L,3,MN_all_left,149636,11.0
T4T5_abcd_L,3,MN_all_left,149722,3.0
T4T5_abcd_L,3,MN_all_left,150276,90.0
T4T5_abcd_L,3,MN_all_left,150280,23.0
T4T5_abcd_L,3,MN_all_left,150354,30.0
T4T5_abcd_L,3,MN_all_left,150516,1.0
T4T5_abcd_L,3,MN_all_left,150850,1.0
T4T5_abcd_L,3,MN_all_left,150864,48.0
T4T5_abcd_L,3,MN_all_left,152375,7.0
T4T5_abcd_L,3,MN_all_left,152535,74.0
T4T5_abcd_L,3,MN_all_left,152793,7.0
T4T5_abcd_L,3,MN_all_left,153181,4.0
T4T5_abcd_L,3,MN_all_left,154142,33.0
T4T5_abcd_L,3,MN_all_left,154315,84.0
T4T5_abcd_L,3,MN_all_left,154353,1.0
T4T5_abcd_L,3,MN_all_left,154887,67.0
T4T5_abcd_L,3,MN_all_left,154980,39.0
T4T5_abcd_L,3,MN_all_left,156887,1.0
T4T5_abcd_L,3,MN_all_left,158328,1.0
T4T5_abcd_L,3,MN_all_left,158604,6.0
T4T5_abcd_L,3,MN_all_left,158794,22.0
T4T5_abcd_L,3,MN_all_left,159087,20.0
T4T5_abcd_L,3,MN_all_left,159285,47.0
T4T5_abcd_L,3,MN_all_left,159287,1.0
T4T5_abcd_L,3,MN_all_left,159288,5.0
T4T5_abcd_L,3,MN_all_left,159488,13.0
T4T5_abcd_L,3,MN_all_left,159489,12.0
T4T5_abcd_L,3,MN_all_left,159664,1.0
T4T5_abcd_L,3,MN_all_left,159777,6.0
T4T5_abcd_L,3,MN_all_left,159993,104.0
T4T5_abcd_L,3,MN_all_left,160070,1.0
T4T5_abcd_L,3,MN_all_left,160137,55.0
T4T5_abcd_L,3,MN_all_left,160430,1.0
T4T5_abcd_L,3,MN_all_left,160448,105.0
T4T5_abcd_L,3,MN_all_left,160854,70.0
T4T5_abcd_L,3,MN_all_left,161187,3.0
T4T5_abcd_L,3,MN_all_left,162657,1.0
T4T5_abcd_L,3,MN_all_left,162678,27.0
T4T5_abcd_L,3,MN_all_left,162782,128.0
T4T5_abcd_L,3,MN_all_left,162796,125.0
T4T5_abcd_L,3,MN_all_left,162914,66.0
T4T5_abcd_L,3,MN_all_left,164603,22.0
T4T5_abcd_L,3,MN_all_left,164726,1.0
T4T5_abcd_L,3,MN_all_right,142834,135.0
T4T5_abcd_L,3,MN_all_right,142900,7.0
T4T5_abcd_L,3,MN_all_right,142911,15.0
T4T5_abcd_L,3,MN_all_right,142932,79.0
T4T5_abcd_L,3,MN_all_right,142956,53.0
T4T5_abcd_L,3,MN_all_right,143136,75.0
T4T5_abcd_L,3,MN_all_right,143140,3.0
T4T5_abcd_L,3,MN_all_right,143200,12.0
T4T5_abcd_L,3,MN_all_right,143217,3.0
T4T5_abcd_L,3,MN_all_right,143244,4.0
T4T5_abcd_L,3,MN_all_right,143260,3.0
T4T5_abcd_L,3,MN_all_right,143277,2.0
T4T5_abcd_L,3,MN_all_right,143304,79.0
T4T5_abcd_L,3,MN_all_right,143341,29.0
T4T5_abcd_L,3,MN_all_right,143362,12.0
T4T5_abcd_L,3,MN_all_right,143454,35.0
T4T5_abcd_L,3,MN_all_right,143460,40.0
T4T5_abcd_L,3,MN_all_right,143467,49.0
T4T5_abcd_L,3,MN_all_right,143498,7.0
T4T5_abcd_L,3,MN_all_right,143566,4.0
T4T5_abcd_L,3,MN_all_right,143567,4.0
T4T5_abcd_L,3,MN_all_right,143581,51.0
T4T5_abcd_L,3,MN_all_right,143589,14.0
T4T5_abcd_L,3,MN_all_right,143635,51.0
T4T5_abcd_L,3,MN_all_right,143643,1.0
T4T5_abcd_L,3,MN_all_right,143728,65.0
T4T5_abcd_L,3,MN_all_right,143754,142.0
T4T5_abcd_L,3,MN_all_right,143786,84.0
T4T5_abcd_L,3,MN_all_right,143796,22.0
T4T5_abcd_L,3,MN_all_right,143804,1.0
T4T5_abcd_L,3,MN_all_right,143815,6.0
T4T5_abcd_L,3,MN_all_right,143828,24.0
T4T5_abcd_L,3,MN_all_right,143830,17.0
T4T5_abcd_L,3,MN_all_right,143900,45.0
T4T5_abcd_L,3,MN_all_right,144043,100.0
T4T5_abcd_L,3,MN_all_right,144076,6.0
T4T5_abcd_L,3,MN_all_right,144107,24.0
T4T5_abcd_L,3,MN_all_right,144149,39.0
T4T5_abcd_L,3,MN_all_right,144152,113.0
T4T5_abcd_L,3,MN_all_right,144158,14.0
T4T5_abcd_L,3,MN_all_right,144211,1.0
T4T5_abcd_L,3,MN_all_right,144246,23.0
T4T5_abcd_L,3,MN_all_right,144285,152.0
T4T5_abcd_L,3,MN_all_right,144338,22.0
T4T5_abcd_L,3,MN_all_right,144370,1.0
T4T5_abcd_L,3,MN_all_right,144391,4.0
T4T5_abcd_L,3,MN_all_right,144392,1.0
T4T5_abcd_L,3,MN_all_right,144429,1.0
T4T5_abcd_L,3,MN_all_right,144466,48.0
T4T5_abcd_L,3,MN_all_right,144652,1.0
T4T5_abcd_L,3,MN_all_right,144664,26.0
T4T5_abcd_L,3,MN_all_right,144682,127.0
T4T5_abcd_L,3,MN_all_right,144715,1.0
T4T5_abcd_L,3,MN_all_right,144768,11.0
T4T5_abcd_L,3,MN_all_right,144790,21.0
T4T5_abcd_L,3,MN_all_right,144899,38.0
T4T5_abcd_L,3,MN_all_right,144918,30.0
T4T5_abcd_L,3,MN_all_right,144952,54.0
T4T5_abcd_L,3,MN_all_right,144987,37.0
T4T5_abcd_L,3,MN_all_right,145007,29.0
T4T5_abcd_L,3,MN_all_right,145064,121.0
T4T5_abcd_L,3,MN_all_right,145083,1.0
T4T5_abcd_L,3,MN_all_right,145127,115.0
T4T5_abcd_L,3,MN_all_right,145221,44.0
T4T5_abcd_L,3,MN_all_right,145278,18.0
T4T5_abcd_L,3,MN_all_right,145327,20.0
T4T5_abcd_L,3,MN_all_right,145461,30.0
T4T5_abcd_L,3,MN_all_right,145492,97.0
T4T5_abcd_L,3,MN_all_right,145559,3.0
T4T5_abcd_L,3,MN_all_right,145581,3.0
T4T5_abcd_L,3,MN_all_right,145592,61.0
T4T5_abcd_L,3,MN_all_right,145621,5.0
T4T5_abcd_L,3,MN_all_right,145653,46.0
T4T5_abcd_L,3,MN_all_right,145738,24.0
T4T5_abcd_L,3,MN_all_right,145832,36.0
T4T5_abcd_L,3,MN_all_right,145953,28.0
T4T5_abcd_L,3,MN_all_right,145960,47.0
T4T5_abcd_L,3,MN_all_right,146130,30.0
T4T5_abcd_L,3,MN_all_right,146173,30.0
T4T5_abcd_L,3,MN_all_right,146318,35.0
T4T5_abcd_L,3,MN_all_right,146627,2.0
T4T5_abcd_L,3,MN_all_right,146668,16.0
T4T5_abcd_L,3,MN_all_right,146701,21.0
T4T5_abcd_L,3,MN_all_right,146725,84.0
T4T5_abcd_L,3,MN_all_right,146868,4.0
T4T5_abcd_L,3,MN_all_right,146879,3.0
T4T5_abcd_L,3,MN_all_right,147037,2.0
T4T5_abcd_L,3,MN_all_right,147094,16.0
T4T5_abcd_L,3,MN_all_right,147143,1.0
T4T5_abcd_L,3,MN_all_right,147267,34.0
T4T5_abcd_L,3,MN_all_right,147470,23.0
T4T5_abcd_L,3,MN_all_right,147519,4.0
T4T5_abcd_L,3,MN_all_right,147543,4.0
T4T5_abcd_L,3,MN_all_right,147559,40.0
T4T5_abcd_L,3,MN_all_right,147606,3.0
T4T5_abcd_L,3,MN_all_right,147646,39.0
T4T5_abcd_L,3,MN_all_right,147672,33.0
T4T5_abcd_L,3,MN_all_right,147794,35.0
T4T5_abcd_L,3,MN_all_right,147905,33.0
T4T5_abcd_L,3,MN_all_right,147957,19.0
T4T5_abcd_L,3,MN_all_right,148001,27.0
T4T5_abcd_L,3,MN_all_right,148017,5.0
T4T5_abcd_L,3,MN_all_right,148201,33.0
T4T5_abcd_L,3,MN_all_right,148237,20.0
T4T5_abcd_L,3,MN_all_right,148293,36.0
T4T5_abcd_L,3,MN_all_right,148422,78.0
T4T5_abcd_L,3,MN_all_right,148610,1.0
T4T5_abcd_L,3,MN_all_right,148611,11.0
T4T5_abcd_L,3,MN_all_right,148616,3.0
T4T5_abcd_L,3,MN_all_right,148760,2.0
T4T5_abcd_L,3,MN_all_right,148816,6.0
T4T5_abcd_L,3,MN_all_right,148823,32.0
T4T5_abcd_L,3,MN_all_right,148863,6.0
T4T5_abcd_L,3,MN_all_right,148879,26.0
T4T5_abcd_L,3,MN_all_right,148985,5.0
T4T5_abcd_L,3,MN_all_right,149056,99.0
T4T5_abcd_L,3,MN_all_right,149114,5.0
T4T5_abcd_L,3,MN_all_right,149209,8.0
T4T5_abcd_L,3,MN_all_right,149234,7.0
T4T5_abcd_L,3,MN_all_right,149327,31.0
T4T5_abcd_L,3,MN_all_right,149498,83.0
T4T5_abcd_L,3,MN_all_right,149809,10.0
T4T5_abcd_L,3,MN_all_right,149895,70.0
T4T5_abcd_L,3,MN_all_right,149996,8.0
T4T5_abcd_L,3,MN_all_right,150019,94.0
T4T5_abcd_L,3,MN_all_right,150152,3.0
T4T5_abcd_L,3,MN_all_right,150204,5.0
T4T5_abcd_L,3,MN_all_right,150362,68.0
T4T5_abcd_L,3,MN_all_right,150676,3.0
T4T5_abcd_L,3,MN_all_right,150738,7.0
T4T5_abcd_L,3,MN_all_right,150989,3.0
T4T5_abcd_L,3,MN_all_right,152528,7.0
T4T5_abcd_L,3,MN_all_right,153000,6.0
T4T5_abcd_L,3,MN_all_right,153409,39.0
T4T5_abcd_L,3,MN_all_right,153686,1.0
T4T5_abcd_L,3,MN_all_right,153736,4.0
T4T5_abcd_L,3,MN_all_right,154055,79.0
T4T5_abcd_L,3,MN_all_right,154732,48.0
T4T5_abcd_L,3,MN_all_right,154941,78.0
T4T5_abcd_L,3,MN_all_right,156301,4.0
T4T5_abcd_L,3,MN_all_right,157875,1.0
T4T5_abcd_L,3,MN_all_right,158193,24.0
T4T5_abcd_L,3,MN_all_right,158546,17.0
T4T5_abcd_L,3,MN_all_right,158670,1.0
T4T5_abcd_L,3,MN_all_right,158812,44.0
T4T5_abcd_L,3,MN_all_right,159157,4.0
T4T5_abcd_L,3,MN_all_right,159225,42.0
T4T5_abcd_L,3,MN_all_right,159253,13.0
T4T5_abcd_L,3,MN_all_right,159477,22.0
T4T5_abcd_L,3,MN_all_right,159478,10.0
T4T5_abcd_L,3,MN_all_right,159538,5.0
T4T5_abcd_L,3,MN_all_right,159546,47.0
T4T5_abcd_L,3,MN_all_right,159896,5.0
T4T5_abcd_L,3,MN_all_right,160165,77.0
T4T5_abcd_L,3,MN_all_right,160191,47.0
T4T5_abcd_L,3,MN_all_right,160211,15.0
T4T5_abcd_L,3,MN_all_right,160245,15.0
T4T5_abcd_L,3,MN_all_right,160271,51.0
T4T5_abcd_L,3,MN_all_right,160307,2.0
T4T5_abcd_L,3,MN_all_right,160329,21.0
T4T5_abcd_L,3,MN_all_right,160551,38.0
T4T5_abcd_L,3,MN_all_right,160892,1.0
T4T5_abcd_L,3,MN_all_right,161523,1.0
T4T5_abcd_L,3,MN_all_right,162256,1.0
T4T5_abcd_L,3,MN_all_right,162556,1.0
T4T5_abcd_L,3,MN_all_right,162677,1.0
T4T5_abcd_L,3,MN_all_right,162781,96.0
T4T5_abcd_L,3,MN_all_right,164606,147.0
T4T5_abcd_L,3,MN_all_right,164614,106.0
T4T5_abcd_L,3,MN_all_right,164616,31.0
T4T5_a_L,0,DN_all_left,6,1.0
T4T5_a_L,0,DN_all_left,22,1.0
T4T5_a_L,0,DN_all_left,36,1.0
T4T5_a_L,0,DN_all_left,39,3.0
T4T5_a_L,0,DN_all_left,104,252.0
T4T5_a_L,0,DN_all_left,109,64.0
T4T5_a_L,0,DN_all_left,127,4.0
T4T5_a_L,0,DN_all_left,144,4.0
T4T5_a_L,0,DN_all_left,146,181.0
T4T5_a_L,0,DN_all_left,160,1.0
T4T5_a_L,0,DN_all_left,173,3.0
T4T5_a_L,0,DN_all_left,204,64.0
T4T5_a_L,0,DN_all_left,228,117.0
T4T5_a_L,0,DN_all_left,264,85.0
T4T5_a_L,0,DN_all_left,273,110.0
T4T5_a_L,0,DN_all_left,278,1.0
T4T5_a_L,0,DN_all_left,316,72.0
T4T5_a_L,0,DN_all_left,349,123.0
T4T5_a_L,0,DN_all_left,363,45.0
T4T5_a_L,0,DN_all_left,383,1.0
T4T5_a_L,0,DN_all_left,391,19.0
T4T5_a_L,0,DN_all_left,406,1.0
T4T5_a_L,0,DN_all_left,410,23.0
T4T5_a_L,0,DN_all_left,433,164.0
T4T5_a_L,0,DN_all_left,446,31.0
T4T5_a_L,0,DN_all_left,489,3.0
T4T5_a_L,0,DN_all_left,514,21.0
T4T5_a_L,0,DN_all_left,523,162.0
T4T5_a_L,0,DN_all_left,543,9.0
T4T5_a_L,0,DN_all_left,603,2.0
T4T5_a_L,0,DN_all_left,628,3.0
T4T5_a_L,0,DN_all_left,632,6.0
T4T5_a_L,0,DN_all_left,656,76.0
T4T5_a_L,0,DN_all_left,673,37.0
T4T5_a_L,0,DN_all_left,675,29.0
T4T5_a_L,0,DN_all_left,687,9.0
T4T5_a_L,0,DN_all_left,741,48.0
T4T5_a_L,0,DN_all_left,773,39.0
T4T5_a_L,0,DN_all_left,819,1.0
T4T5_a_L,0,DN_all_left,820,1.0
T4T5_a_L,0,DN_all_left,823,115.0
T4T5_a_L,0,DN_all_left,898,1.0
T4T5_a_L,0,DN_all_left,906,46.0
T4T5_a_L,0,DN_all_left,927,124.0
T4T5_a_L,0,DN_all_left,992,127.0
T4T5_a_L,0,DN_all_left,993,39.0
T4T5_a_L,0,DN_all_left,994,71.0
T4T5_a_L,0,DN_all_left,1037,18.0
T4T5_a_L,0,DN_all_left,1047,129.0
T4T5_a_L,0,DN_all_left,1111,72.0
T4T5_a_L,0,DN_all_left,1131,14.0
T4T5_a_L,0,DN_all_left,1141,2.0
T4T5_a_L,0,DN_all_left,1160,2.0
T4T5_a_L,0,DN_all_left,1167,1.0
T4T5_a_L,0,DN_all_left,1170,31.0
T4T5_a_L,0,DN_all_left,1196,2.0
T4T5_a_L,0,DN_all_left,1273,107.0
T4T5_a_L,0,DN_all_left,1324,95.0
T4T5_a_L,0,DN_all_left,1328,1.0
T4T5_a_L,0,DN_all_left,1342,2.0
T4T5_a_L,0,DN_all_left,1361,37.0
T4T5_a_L,0,DN_all_left,1392,45.0
T4T5_a_L,0,DN_all_left,1506,90.0
T4T5_a_L,0,DN_all_left,1545,1.0
T4T5_a_L,0,DN_all_left,1562,25.0
T4T5_a_L,0,DN_all_left,1564,10.0
T4T5_a_L,0,DN_all_left,1591,14.0
T4T5_a_L,0,DN_all_left,1626,5.0
T4T5_a_L,0,DN_all_left,1677,36.0
T4T5_a_L,0,DN_all_left,1692,27.0
T4T5_a_L,0,DN_all_left,1698,1.0
T4T5_a_L,0,DN_all_left,1724,106.0
T4T5_a_L,0,DN_all_left,1764,1.0
T4T5_a_L,0,DN_all_left,1821,2.0
T4T5_a_L,0,DN_all_left,1827,68.0
T4T5_a_L,0,DN_all_left,1833,2.0
T4T5_a_L,0,DN_all_left,1894,1.0
T4T5_a_L,0,DN_all_left,1935,131.0
T4T5_a_L,0,DN_all_left,1950,15.0
T4T5_a_L,0,DN_all_left,2047,1.0
T4T5_a_L,0,DN_all_left,2074,1.0
T4T5_a_L,0,DN_all_left,2103,15.0
T4T5_a_L,0,DN_all_left,2194,1.0
T4T5_a_L,0,DN_all_left,2233,1.0
T4T5_a_L,0,DN_all_left,2286,58.0
T4T5_a_L,0,DN_all_left,2329,36.0
T4T5_a_L,0,DN_all_left,2354,12.0
T4T5_a_L,0,DN_all_left,2423,15.0
T4T5_a_L,0,DN_all_left,2449,1.0
T4T5_a_L,0,DN_all_left,2450,1.0
T4T5_a_L,0,DN_all_left,2451,120.0
T4T5_a_L,0,DN_all_left,2465,63.0
T4T5_a_L,0,DN_all_left,2475,10.0
T4T5_a_L,0,DN_all_left,2491,3.0
T4T5_a_L,0,DN_all_left,2500,1.0
T4T5_a_L,0,DN_all_left,2583,51.0
T4T5_a_L,0,DN_all_left,2588,44.0
T4T5_a_L,0,DN_all_left,2620,1.0
T4T5_a_L,0,DN_all_left,2648,1.0
T4T5_a_L,0,DN_all_left,2666,9.0
T4T5_a_L,0,DN_all_left,2676,18.0
T4T5_a_L,0,DN_all_left,2792,1.0
T4T5_a_L,0,DN_all_left,2814,1.0
T4T5_a_L,0,DN_all_left,2816,2.0
T4T5_a_L,0,DN_all_left,2837,112.0
T4T5_a_L,0,DN_all_left,2868,22.0
T4T5_a_L,0,DN_all_left,2984,2.0
T4T5_a_L,0,DN_all_left,3009,16.0
T4T5_a_L,0,DN_all_left,3084,105.0
T4T5_a_L,0,DN_all_left,3106,201.0
T4T5_a_L,0,DN_all_left,3184,16.0
T4T5_a_L,0,DN_all_left,3222,18.0
T4T5_a_L,0,DN_all_left,3223,1.0
T4T5_a_L,0,DN_all_left,3306,12.0
T4T5_a_L,0,DN_all_left,3331,195.0
T4T5_a_L,0,DN_all_left,3349,23.0
T4T5_a_L,0,DN_all_left,3380,2.0
T4T5_a_L,0,DN_all_left,3394,1.0
T4T5_a_L,0,DN_all_left,3451,2.0
T4T5_a_L,0,DN_all_left,3505,18.0
T4T5_a_L,0,DN_all_left,3546,1.0
T4T5_a_L,0,DN_all_left,3569,13.0
T4T5_a_L,0,DN_all_left,3595,69.0
T4T5_a_L,0,DN_all_left,3768,1.0
T4T5_a_L,0,DN_all_left,3770,53.0
T4T5_a_L,0,DN_all_left,3788,1.0
T4T5_a_L,0,DN_all_left,3915,2.0
T4T5_a_L,0,DN_all_left,3935,1.0
T4T5_a_L,0,DN_all_left,3939,1.0
T4T5_a_L,0,DN_all_left,3966,73.0
T4T5_a_L,0,DN_all_left,4057,1.0
T4T5_a_L,0,DN_all_left,4335,70.0
T4T5_a_L,0,DN_all_left,4591,1.0
T4T5_a_L,0,DN_all_left,4609,51.0
T4T5_a_L,0,DN_all_left,4678,1.0
T4T5_a_L,0,DN_all_left,4679,53.0
T4T5_a_L,0,DN_all_left,4685,3.0
T4T5_a_L,0,DN_all_left,4917,17.0
T4T5_a_L,0,DN_all_left,5056,1.0
T4T5_a_L,0,DN_all_left,5067,45.0
T4T5_a_L,0,DN_all_left,5217,34.0
T4T5_a_L,0,DN_all_left,5338,39.0
T4T5_a_L,0,DN_all_left,5616,17.0
T4T5_a_L,0,DN_all_left,5624,9.0
T4T5_a_L,0,DN_all_left,5678,128.0
T4T5_a_L,0,DN_all_left,5867,36.0
T4T5_a_L,0,DN_all_left,5993,48.0
T4T5_a_L,0,DN_all_left,6490,1.0
T4T5_a_L,0,DN_all_left,6736,28.0
T4T5_a_L,0,DN_all_left,6742,10.0
T4T5_a_L,0,DN_all_left,8284,2.0
T4T5_a_L,0,DN_all_left,8604,3.0
T4T5_a_L,0,DN_all_left,8892,1.0
T4T5_a_L,0,DN_all_left,8977,2.0
T4T5_a_L,0,DN_all_left,9137,1.0
T4T5_a_L,0,DN_all_left,9402,27.0
T4T5_a_L,0,DN_all_left,10000,43.0
T4T5_a_L,0,DN_all_left,10086,34.0
T4T5_a_L,0,DN_all_left,10110,24.0
T4T5_a_L,0,DN_all_left,12085,50.0
T4T5_a_L,0,DN_all_left,12839,50.0
T4T5_a_L,0,DN_all_left,12883,100.0
T4T5_a_L,0,DN_all_left,13339,38.0
T4T5_a_L,0,DN_all_left,13746,2.0
T4T5_a_L,0,DN_all_left,14329,2.0
T4T5_a_L,0,DN_all_left,14442,6.0
T4T5_a_L,0,DN_all_left,15020,1.0
T4T5_a_L,0,DN_all_left,15328,12.0
T4T5_a_L,0,DN_all_left,15782,1.0
T4T5_a_L,0,DN_all_left,15877,74.0
T4T5_a_L,0,DN_all_left,16002,1.0
T4T5_a_L,0,DN_all_left,17073,16.0
T4T5_a_L,0,DN_all_left,17402,1.0
T4T5_a_L,0,DN_all_left,17744,75.0
T4T5_a_L,0,DN_all_left,20018,9.0
T4T5_a_L,0,DN_all_left,20649,38.0
T4T5_a_L,0,DN_all_left,21341,2.0
T4T5_a_L,0,DN_all_left,22768,51.0
T4T5_a_L,0,DN_all_left,22875,29.0
T4T5_a_L,0,DN_all_left,22975,56.0
T4T5_a_L,0,DN_all_left,23212,24.0
T4T5_a_L,0,DN_all_left,23287,1.0
T4T5_a_L,0,DN_all_left,24331,47.0
T4T5_a_L,0,DN_all_left,25434,20.0
T4T5_a_L,0,DN_all_left,25769,9.0
T4T5_a_L,0,DN_all_left,28642,19.0
T4T5_a_L,0,DN_all_left,28761,1.0
T4T5_a_L,0,DN_all_left,28804,19.0
T4T5_a_L,0,DN_all_left,53674,22.0
T4T5_a_L,0,DN_all_left,60324,13.0
T4T5_a_L,0,DN_all_left,60365,15.0
T4T5_a_L,0,DN_all_left,70432,28.0
T4T5_a_L,0,DN_all_left,116552,34.0
T4T5_a_L,0,DN_all_left,120875,36.0
T4T5_a_L,0,DN_all_left,121296,1.0
T4T5_a_L,0,DN_all_left,124448,84.0
T4T5_a_L,0,DN_all_left,124813,4.0
T4T5_a_L,0,DN_all_left,124969,61.0
T4T5_a_L,0,DN_all_left,124970,1.0
T4T5_a_L,0,DN_all_left,125112,133.0
T4T5_a_L,0,DN_all_left,126100,64.0
T4T5_a_L,0,DN_all_left,127958,25.0
T4T5_a_L,0,DN_all_left,128687,1.0
T4T5_a_L,0,DN_all_left,128725,80.0
T4T5_a_L,0,DN_all_left,128822,1.0
T4T5_a_L,0,DN_all_left,128862,55.0
T4T5_a_L,0,DN_all_left,128964,92.0
T4T5_a_L,0,DN_all_left,129520,6.0
T4T5_a_L,0,DN_all_left,129654,35.0
T4T5_a_L,0,DN_all_left,130077,15.0
T4T5_a_L,0,DN_all_left,130249,3.0
T4T5_a_L,0,DN_all_left,130311,32.0
T4T5_a_L,0,DN_all_left,130496,150.0
T4T5_a_L,0,DN_all_left,130499,34.0
T4T5_a_L,0,DN_all_left,130616,8.0
T4T5_a_L,0,DN_all_left,131552,1.0
T4T5_a_L,0,DN_all_left,132535,57.0
T4T5_a_L,0,DN_all_left,132582,2.0
T4T5_a_L,0,DN_all_left,132965,7.0
T4T5_a_L,0,DN_all_left,133740,1.0
T4T5_a_L,0,DN_all_left,135657,52.0
T4T5_a_L,0,DN_all_left,138118,5.0
T4T5_a_L,0,DN_all_left,140885,1.0
T4T5_a_L,0,DN_all_left,140913,3.0
T4T5_a_L,0,DN_all_left,140941,1.0
T4T5_a_L,0,DN_all_left,141026,143.0
T4T5_a_L,0,DN_all_left,141033,14.0
T4T5_a_L,0,DN_all_left,142108,95.0
T4T5_a_L,0,DN_all_left,142174,45.0
T4T5_a_L,0,DN_all_left,144939,4.0
T4T5_a_L,0,DN_all_right,25,144.0
T4T5_a_L,0,DN_all_right,45,13.0
T4T5_a_L,0,DN_all_right,46,1.0
T4T5_a_L,0,DN_all_right,51,39.0
T4T5_a_L,0,DN_all_right,52,270.0
T4T5_a_L,0,DN_all_right,137,3.0
T4T5_a_L,0,DN_all_right,176,46.0
T4T5_a_L,0,DN_all_right,194,32.0
T4T5_a_L,0,DN_all_right,197,2.0
T4T5_a_L,0,DN_all_right,199,13.0
T4T5_a_L,0,DN_all_right,215,101.0
T4T5_a_L,0,DN_all_right,216,69.0
T4T5_a_L,0,DN_all_right,243,130.0
T4T5_a_L,0,DN_all_right,258,14.0
T4T5_a_L,0,DN_all_right,274,124.0
T4T5_a_L,0,DN_all_right,281,53.0
T4T5_a_L,0,DN_all_right,290,80.0
T4T5_a_L,0,DN_all_right,311,9.0
T4T5_a_L,0,DN_all_right,317,103.0
T4T5_a_L,0,DN_all_right,327,22.0
T4T5_a_L,0,DN_all_right,397,24.0
T4T5_a_L,0,DN_all_right,404,1.0
T4T5_a_L,0,DN_all_right,428,25.0
T4T5_a_L,0,DN_all_right,467,20.0
T4T5_a_L,0,DN_all_right,506,1.0
T4T5_a_L,0,DN_all_right,616,12.0
T4T5_a_L,0,DN_all_right,624,3.0
T4T5_a_L,0,DN_all_right,704,2.0
T4T5_a_L,0,DN_all_right,706,2.0
T4T5_a_L,0,DN_all_right,746,2.0
T4T5_a_L,0,DN_all_right,762,97.0
T4T5_a_L,0,DN_all_right,763,26.0
T4T5_a_L,0,DN_all_right,777,50.0
T4T5_a_L,0,DN_all_right,809,53.0
T4T5_a_L,0,DN_all_right,828,17.0
T4T5_a_L,0,DN_all_right,854,1.0
T4T5_a_L,0,DN_all_right,886,51.0
T4T5_a_L,0,DN_all_right,894,114.0
T4T5_a_L,0,DN_all_right,902,2.0
T4T5_a_L,0,DN_all_right,903,1.0
T4T5_a_L,0,DN_all_right,911,1.0
T4T5_a_L,0,DN_all_right,970,11.0
T4T5_a_L,0,DN_all_right,987,1.0
T4T5_a_L,0,DN_all_right,988,3.0
T4T5_a_L,0,DN_all_right,1021,96.0
T4T5_a_L,0,DN_all_right,1032,24.0
T4T5_a_L,0,DN_all_right,1082,1.0
T4T5_a_L,0,DN_all_right,1092,1.0
T4T5_a_L,0,DN_all_right,1108,39.0
T4T5_a_L,0,DN_all_right,1124,35.0
T4T5_a_L,0,DN_all_right,1142,2.0
T4T5_a_L,0,DN_all_right,1150,5.0
T4T5_a_L,0,DN_all_right,1165,13.0
T4T5_a_L,0,DN_all_right,1166,1.0
T4T5_a_L,0,DN_all_right,1168,1.0
T4T5_a_L,0,DN_all_right,1210,76.0
T4T5_a_L,0,DN_all_right,1240,1.0
T4T5_a_L,0,DN_all_right,1269,57.0
T4T5_a_L,0,DN_all_right,1277,47.0
T4T5_a_L,0,DN_all_right,1382,4.0
T4T5_a_L,0,DN_all_right,1400,21.0
T4T5_a_L,0,DN_all_right,1405,8.0
T4T5_a_L,0,DN_all_right,1412,15.0
T4T5_a_L,0,DN_all_right,1457,14.0
T4T5_a_L,0,DN_all_right,1492,40.0
T4T5_a_L,0,DN_all_right,1502,23.0
T4T5_a_L,0,DN_all_right,1515,2.0
T4T5_a_L,0,DN_all_right,1581,1.0
T4T5_a_L,0,DN_all_right,1593,44.0
T4T5_a_L,0,DN_all_right,1648,16.0
T4T5_a_L,0,DN_all_right,1653,20.0
T4T5_a_L,0,DN_all_right,1699,65.0
T4T5_a_L,0,DN_all_right,1804,75.0
T4T5_a_L,0,DN_all_right,1910,1.0
T4T5_a_L,0,DN_all_right,1941,1.0
T4T5_a_L,0,DN_all_right,1954,22.0
T4T5_a_L,0,DN_all_right,1965,2.0
T4T5_a_L,0,DN_all_right,1995,2.0
T4T5_a_L,0,DN_all_right,2070,15.0
T4T5_a_L,0,DN_all_right,2079,49.0
T4T5_a_L,0,DN_all_right,2094,44.0
T4T5_a_L,0,DN_all_right,2120,1.0
T4T5_a_L,0,DN_all_right,2218,2.0
T4T5_a_L,0,DN_all_right,2222,1.0
T4T5_a_L,0,DN_all_right,2251,10.0
T4T5_a_L,0,DN_all_right,2295,1.0
T4T5_a_L,0,DN_all_right,2321,2.0
T4T5_a_L,0,DN_all_right,2325,40.0
T4T5_a_L,0,DN_all_right,2332,18.0
T4T5_a_L,0,DN_all_right,2350,25.0
T4T5_a_L,0,DN_all_right,2358,2.0
T4T5_a_L,0,DN_all_right,2433,3.0
T4T5_a_L,0,DN_all_right,2495,7.0
T4T5_a_L,0,DN_all_right,2529,47.0
T4T5_a_L,0,DN_all_right,2531,12.0
T4T5_a_L,0,DN_all_right,2572,11.0
T4T5_a_L,0,DN_all_right,2575,1.0
T4T5_a_L,0,DN_all_right,2595,1.0
T4T5_a_L,0,DN_all_right,2600,56.0
T4T5_a_L,0,DN_all_right,2606,64.0
T4T5_a_L,0,DN_all_right,2607,1.0
T4T5_a_L,0,DN_all_right,2613,26.0
T4T5_a_L,0,DN_all_right,2636,5.0
T4T5_a_L,0,DN_all_right,2659,1.0
T4T5_a_L,0,DN_all_right,2752,13.0
T4T5_a_L,0,DN_all_right,2830,1.0
T4T5_a_L,0,DN_all_right,2841,4.0
T4T5_a_L,0,DN_all_right,2906,5.0
T4T5_a_L,0,DN_all_right,3059,25.0
T4T5_a_L,0,DN_all_right,3068,3.0
T4T5_a_L,0,DN_all_right,3132,45.0
T4T5_a_L,0,DN_all_right,3149,11.0
T4T5_a_L,0,DN_all_right,3220,202.0
T4T5_a_L,0,DN_all_right,3270,11.0
T4T5_a_L,0,DN_all_right,3278,2.0
T4T5_a_L,0,DN_all_right,3348,71.0
T4T5_a_L,0,DN_all_right,3383,18.0
T4T5_a_L,0,DN_all_right,3403,22.0
T4T5_a_L,0,DN_all_right,3437,34.0
T4T5_a_L,0,DN_all_right,3491,2.0
T4T5_a_L,0,DN_all_right,3593,18.0
T4T5_a_L,0,DN_all_right,3625,1.0
T4T5_a_L,0,DN_all_right,3654,4.0
T4T5_a_L,0,DN_all_right,3694,10.0
T4T5_a_L,0,DN_all_right,3707,1.0
T4T5_a_L,0,DN_all_right,3754,48.0
T4T5_a_L,0,DN_all_right,3811,1.0
T4T5_a_L,0,DN_all_right,3945,77.0
T4T5_a_L,0,DN_all_right,3960,39.0
T4T5_a_L,0,DN_all_right,3973,16.0
T4T5_a_L,0,DN_all_right,3997,5.0
T4T5_a_L,0,DN_all_right,4020,73.0
T4T5_a_L,0,DN_all_right,4042,10.0
T4T5_a_L,0,DN_all_right,4078,2.0
T4T5_a_L,0,DN_all_right,4098,33.0
T4T5_a_L,0,DN_all_right,4120,7.0
T4T5_a_L,0,DN_all_right,4443,2.0
T4T5_a_L,0,DN_all_right,4479,1.0
T4T5_a_L,0,DN_all_right,4559,1.0
T4T5_a_L,0,DN_all_right,4641,37.0
T4T5_a_L,0,DN_all_right,4645,35.0
T4T5_a_L,0,DN_all_right,4663,1.0
T4T5_a_L,0,DN_all_right,5026,8.0
T4T5_a_L,0,DN_all_right,5027,1.0
T4T5_a_L,0,DN_all_right,5124,5.0
T4T5_a_L,0,DN_all_right,5211,1.0
T4T5_a_L,0,DN_all_right,5357,6.0
T4T5_a_L,0,DN_all_right,5381,36.0
T4T5_a_L,0,DN_all_right,5390,17.0
T4T5_a_L,0,DN_all_right,5458,34.0
T4T5_a_L,0,DN_all_right,5841,1.0
T4T5_a_L,0,DN_all_right,6169,14.0
T4T5_a_L,0,DN_all_right,6278,2.0
T4T5_a_L,0,DN_all_right,6701,1.0
T4T5_a_L,0,DN_all_right,6753,5.0
T4T5_a_L,0,DN_all_right,7468,1.0
T4T5_a_L,0,DN_all_right,7850,4.0
T4T5_a_L,0,DN_all_right,8815,1.0
T4T5_a_L,0,DN_all_right,9254,106.0
T4T5_a_L,0,DN_all_right,9348,1.0
T4T5_a_L,0,DN_all_right,9458,121.0
T4T5_a_L,0,DN_all_right,9662,66.0
T4T5_a_L,0,DN_all_right,9780,88.0
T4T5_a_L,0,DN_all_right,9912,72.0
T4T5_a_L,0,DN_all_right,10343,1.0
T4T5_a_L,0,DN_all_right,11504,59.0
T4T5_a_L,0,DN_all_right,12150,26.0
T4T5_a_L,0,DN_all_right,12572,30.0
T4T5_a_L,0,DN_all_right,14044,3.0
T4T5_a_L,0,DN_all_right,14496,1.0
T4T5_a_L,0,DN_all_right,15028,11.0
T4T5_a_L,0,DN_all_right,15460,24.0
T4T5_a_L,0,DN_all_right,15893,28.0
T4T5_a_L,0,DN_all_right,16849,10.0
T4T5_a_L,0,DN_all_right,17700,25.0
T4T5_a_L,0,DN_all_right,17897,9.0
T4T5_a_L,0,DN_all_right,18461,4.0
T4T5_a_L,0,DN_all_right,18857,8.0
T4T5_a_L,0,DN_all_right,23453,1.0
T4T5_a_L,0,DN_all_right,23861,13.0
T4T5_a_L,0,DN_all_right,27054,1.0
T4T5_a_L,0,DN_all_right,27532,1.0
T4T5_a_L,0,DN_all_right,29289,2.0
T4T5_a_L,0,DN_all_right,31901,1.0
T4T5_a_L,0,DN_all_right,42917,4.0
T4T5_a_L,0,DN_all_right,47173,5.0
T4T5_a_L,0,DN_all_right,50694,10.0
T4T5_a_L,0,DN_all_right,63360,2.0
T4T5_a_L,0,DN_all_right,72835,45.0
T4T5_a_L,0,DN_all_right,73956,1.0
T4T5_a_L,0,DN_all_right,107658,2.0
T4T5_a_L,0,DN_all_right,117981,60.0
T4T5_a_L,0,DN_all_right,118808,1.0
T4T5_a_L,0,DN_all_right,121193,2.0
T4T5_a_L,0,DN_all_right,121642,2.0
T4T5_a_L,0,DN_all_right,122053,1.0
T4T5_a_L,0,DN_all_right,122136,10.0
T4T5_a_L,0,DN_all_right,123333,45.0
T4T5_a_L,0,DN_all_right,124419,16.0
T4T5_a_L,0,DN_all_right,124541,71.0
T4T5_a_L,0,DN_all_right,124920,62.0
T4T5_a_L,0,DN_all_right,125795,1.0
T4T5_a_L,0,DN_all_right,126404,145.0
T4T5_a_L,0,DN_all_right,126772,1.0
T4T5_a_L,0,DN_all_right,127758,7.0
T4T5_a_L,0,DN_all_right,128032,69.0
T4T5_a_L,0,DN_all_right,128692,1.0
T4T5_a_L,0,DN_all_right,129659,28.0
T4T5_a_L,0,DN_all_right,129718,9.0
T4T5_a_L,0,DN_all_right,129873,2.0
T4T5_a_L,0,DN_all_right,130847,23.0
T4T5_a_L,0,DN_all_right,130858,99.0
T4T5_a_L,0,DN_all_right,131136,154.0
T4T5_a_L,0,DN_all_right,131434,70.0
T4T5_a_L,0,DN_all_right,134195,1.0
T4T5_a_L,0,DN_all_right,140621,1.0
T4T5_a_L,0,DN_all_right,141051,48.0
T4T5_a_L,0,DN_all_right,141735,78.0
T4T5_a_L,0,DN_all_right,142119,3.0
T4T5_a_L,0,DN_all_right,143416,142.0
T4T5_a_L,0,DN_all_right,143432,71.0
T4T5_a_L,0,DN_all_right,144269,48.0
T4T5_a_L,0,DN_all_right,161396,38.0
T4T5_a_L,0,MN_all_left,111304,1.0
T4T5_a_L,0,MN_all_left,142836,79.0
T4T5_a_L,0,MN_all_left,142929,1.0
T4T5_a_L,0,MN_all_left,142964,104.0
T4T5_a_L,0,MN_all_left,143064,55.0
T4T5_a_L,0,MN_all_left,143088,113.0
T4T5_a_L,0,MN_all_left,143160,1.0
T4T5_a_L,0,MN_all_left,143189,2.0
T4T5_a_L,0,MN_all_left,143221,24.0
T4T5_a_L,0,MN_all_left,143231,15.0
T4T5_a_L,0,MN_all_left,143243,29.0
T4T5_a_L,0,MN_all_left,143252,54.0
T4T5_a_L,0,MN_all_left,143259,42.0
T4T5_a_L,0,MN_all_left,143322,106.0
T4T5_a_L,0,MN_all_left,143353,15.0
T4T5_a_L,0,MN_all_left,143418,34.0
T4T5_a_L,0,MN_all_left,143445,108.0
T4T5_a_L,0,MN_all_left,143464,77.0
T4T5_a_L,0,MN_all_left,143478,19.0
T4T5_a_L,0,MN_all_left,143540,59.0
T4T5_a_L,0,MN_all_left,143626,6.0
T4T5_a_L,0,MN_all_left,143654,55.0
T4T5_a_L,0,MN_all_left,143690,79.0
T4T5_a_L,0,MN_all_left,143700,74.0
T4T5_a_L,0,MN_all_left,143751,75.0
T4T5_a_L,0,MN_all_left,143760,43.0
T4T5_a_L,0,MN_all_left,143766,2.0
T4T5_a_L,0,MN_all_left,143773,43.0
T4T5_a_L,0,MN_all_left,143949,55.0
T4T5_a_L,0,MN_all_left,144086,49.0
T4T5_a_L,0,MN_all_left,144111,5.0
T4T5_a_L,0,MN_all_left,144209,122.0
T4T5_a_L,0,MN_all_left,144234,78.0
T4T5_a_L,0,MN_all_left,144248,4.0
T4T5_a_L,0,MN_all_left,144265,120.0
T4T5_a_L,0,MN_all_left,144382,33.0
T4T5_a_L,0,MN_all_left,144400,8.0
T4T5_a_L,0,MN_all_left,144439,27.0
T4T5_a_L,0,MN_all_left,144450,16.0
T4T5_a_L,0,MN_all_left,144457,9.0
T4T5_a_L,0,MN_all_left,144465,38.0
T4T5_a_L,0,MN_all_left,144538,25.0
T4T5_a_L,0,MN_all_left,144584,29.0
T4T5_a_L,0,MN_all_left,144657,2.0
T4T5_a_L,0,MN_all_left,144687,13.0
T4T5_a_L,0,MN_all_left,144821,61.0
T4T5_a_L,0,MN_all_left,144860,33.0
T4T5_a_L,0,MN_all_left,144878,97.0
T4T5_a_L,0,MN_all_left,144974,86.0
T4T5_a_L,0,MN_all_left,145034,96.0
T4T5_a_L,0,MN_all_left,145063,18.0
T4T5_a_L,0,MN_all_left,145081,42.0
T4T5_a_L,0,MN_all_left,145109,22.0
T4T5_a_L,0,MN_all_left,145198,63.0
T4T5_a_L,0,MN_all_left,145217,30.0
T4T5_a_L,0,MN_all_left,145274,82.0
T4T5_a_L,0,MN_all_left,145351,76.0
T4T5_a_L,0,MN_all_left,145438,34.0
T4T5_a_L,0,MN_all_left,145476,40.0
T4T5_a_L,0,MN_all_left,145483,34.0
T4T5_a_L,0,MN_all_left,145564,3.0
T4T5_a_L,0,MN_all_left,145652,1.0
T4T5_a_L,0,MN_all_left,145660,24.0
T4T5_a_L,0,MN_all_left,145672,22.0
T4T5_a_L,0,MN_all_left,145766,10.0
T4T5_a_L,0,MN_all_left,145796,112.0
T4T5_a_L,0,MN_all_left,145805,1.0
T4T5_a_L,0,MN_all_left,145911,34.0
T4T5_a_L,0,MN_all_left,145918,3.0
T4T5_a_L,0,MN_all_left,145975,3.0
T4T5_a_L,0,MN_all_left,146072,4.0
T4T5_a_L,0,MN_all_left,146107,44.0
T4T5_a_L,0,MN_all_left,146190,22.0
T4T5_a_L,0,MN_all_left,146233,1.0
T4T5_a_L,0,MN_all_left,146498,10.0
T4T5_a_L,0,MN_all_left,146556,1.0
T4T5_a_L,0,MN_all_left,146571,42.0
T4T5_a_L,0,MN_all_left,146590,17.0
T4T5_a_L,0,MN_all_left,146748,111.0
T4T5_a_L,0,MN_all_left,147111,41.0
T4T5_a_L,0,MN_all_left,147153,76.0
T4T5_a_L,0,MN_all_left,147241,7.0
T4T5_a_L,0,MN_all_left,147272,1.0
T4T5_a_L,0,MN_all_left,147311,25.0
T4T5_a_L,0,MN_all_left,147444,5.0
T4T5_a_L,0,MN_all_left,147449,3.0
T4T5_a_L,0,MN_all_left,147492,3.0
T4T5_a_L,0,MN_all_left,147569,2.0
T4T5_a_L,0,MN_all_left,147690,50.0
T4T5_a_L,0,MN_all_left,147730,44.0
T4T5_a_L,0,MN_all_left,147844,3.0
T4T5_a_L,0,MN_all_left,148097,1.0
T4T5_a_L,0,MN_all_left,148126,6.0
T4T5_a_L,0,MN_all_left,148537,40.0
T4T5_a_L,0,MN_all_left,148589,56.0
T4T5_a_L,0,MN_all_left,148668,26.0
T4T5_a_L,0,MN_all_left,148852,2.0
T4T5_a_L,0,MN_all_left,148953,94.0
T4T5_a_L,0,MN_all_left,148964,1.0
T4T5_a_L,0,MN_all_left,149011,6.0
T4T5_a_L,0,MN_all_left,149101,2.0
T4T5_a_L,0,MN_all_left,149592,3.0
T4T5_a_L,0,MN_all_left,149636,1.0
T4T5_a_L,0,MN_all_left,149722,15.0
T4T5_a_L,0,MN_all_left,150276,4.0
T4T5_a_L,0,MN_all_left,150280,29.0
T4T5_a_L,0,MN_all_left,150850,8.0
T4T5_a_L,0,MN_all_left,150864,28.0
T4T5_a_L,0,MN_all_left,151089,12.0
T4T5_a_L,0,MN_all_left,152375,27.0
T4T5_a_L,0,MN_all_left,152535,3.0
T4T5_a_L,0,MN_all_left,152793,2.0
T4T5_a_L,0,MN_all_left,154142,2.0
T4T5_a_L,0,MN_all_left,154315,70.0
T4T5_a_L,0,MN_all_left,154887,52.0
T4T5_a_L,0,MN_all_left,156887,3.0
T4T5_a_L,0,MN_all_left,158328,1.0
T4T5_a_L,0,MN_all_left,158556,17.0
T4T5_a_L,0,MN_all_left,158604,8.0
T4T5_a_L,0,MN_all_left,158794,2.0
T4T5_a_L,0,MN_all_left,159087,40.0
T4T5_a_L,0,MN_all_left,159287,2.0
T4T5_a_L,0,MN_all_left,159288,14.0
T4T5_a_L,0,MN_all_left,159488,23.0
T4T5_a_L,0,MN_all_left,159489,72.0
T4T5_a_L,0,MN_all_left,159664,24.0
T4T5_a_L,0,MN_all_left,159777,1.0
T4T5_a_L,0,MN_all_left,159993,101.0
T4T5_a_L,0,MN_all_left,160137,19.0
T4T5_a_L,0,MN_all_left,160430,33.0
T4T5_a_L,0,MN_all_left,160448,104.0
T4T5_a_L,0,MN_all_left,160854,22.0
T4T5_a_L,0,MN_all_left,162458,5.0
T4T5_a_L,0,MN_all_left,162557,51.0
T4T5_a_L,0,MN_all_left,162678,13.0
T4T5_a_L,0,MN_all_left,162782,122.0
T4T5_a_L,0,MN_all_left,162796,116.0
T4T5_a_L,0,MN_all_left,162914,3.0
T4T5_a_L,0,MN_all_left,164603,1.0
T4T5_a_L,0,MN_all_left,164726,1.0
T4T5_a_L,0,MN_all_right,142834,130.0
T4T5_a_L,0,MN_all_right,142911,2.0
T4T5_a_L,0,MN_all_right,142932,24.0
T4T5_a_L,0,MN_all_right,143140,1.0
T4T5_a_L,0,MN_all_right,143200,51.0
T4T5_a_L,0,MN_all_right,143217,41.0
T4T5_a_L,0,MN_all_right,143260,37.0
T4T5_a_L,0,MN_all_right,143277,2.0
T4T5_a_L,0,MN_all_right,143304,1.0
T4T5_a_L,0,MN_all_right,143341,20.0
T4T5_a_L,0,MN_all_right,143362,1.0
T4T5_a_L,0,MN_all_right,143454,9.0
T4T5_a_L,0,MN_all_right,143460,12.0
T4T5_a_L,0,MN_all_right,143467,65.0
T4T5_a_L,0,MN_all_right,143566,38.0
T4T5_a_L,0,MN_all_right,143567,46.0
T4T5_a_L,0,MN_all_right,143581,78.0
T4T5_a_L,0,MN_all_right,143635,13.0
T4T5_a_L,0,MN_all_right,143728,30.0
T4T5_a_L,0,MN_all_right,143754,120.0
T4T5_a_L,0,MN_all_right,143786,52.0
T4T5_a_L,0,MN_all_right,143796,6.0
T4T5_a_L,0,MN_all_right,143828,7.0
T4T5_a_L,0,MN_all_right,143830,31.0
T4T5_a_L,0,MN_all_right,143900,37.0
T4T5_a_L,0,MN_all_right,144043,118.0
T4T5_a_L,0,MN_all_right,144076,13.0
T4T5_a_L,0,MN_all_right,144107,4.0
T4T5_a_L,0,MN_all_right,144149,102.0
T4T5_a_L,0,MN_all_right,144151,3.0
T4T5_a_L,0,MN_all_right,144152,119.0
T4T5_a_L,0,MN_all_right,144158,64.0
T4T5_a_L,0,MN_all_right,144211,1.0
T4T5_a_L,0,MN_all_right,144246,79.0
T4T5_a_L,0,MN_all_right,144285,133.0
T4T5_a_L,0,MN_all_right,144312,9.0
T4T5_a_L,0,MN_all_right,144328,8.0
T4T5_a_L,0,MN_all_right,144338,46.0
T4T5_a_L,0,MN_all_right,144391,7.0
T4T5_a_L,0,MN_all_right,144392,42.0
T4T5_a_L,0,MN_all_right,144429,1.0
T4T5_a_L,0,MN_all_right,144466,98.0
T4T5_a_L,0,MN_all_right,144652,3.0
T4T5_a_L,0,MN_all_right,144664,5.0
T4T5_a_L,0,MN_all_right,144682,90.0
T4T5_a_L,0,MN_all_right,144899,34.0
T4T5_a_L,0,MN_all_right,144918,1.0
T4T5_a_L,0,MN_all_right,144952,75.0
T4T5_a_L,0,MN_all_right,144987,29.0
T4T5_a_L,0,MN_all_right,145007,85.0
T4T5_a_L,0,MN_all_right,145064,100.0
T4T5_a_L,0,MN_all_right,145127,114.0
T4T5_a_L,0,MN_all_right,145221,37.0
T4T5_a_L,0,MN_all_right,145278,21.0
T4T5_a_L,0,MN_all_right,145458,8.0
T4T5_a_L,0,MN_all_right,145461,2.0
T4T5_a_L,0,MN_all_right,145492,101.0
T4T5_a_L,0,MN_all_right,145581,37.0
T4T5_a_L,0,MN_all_right,145592,50.0
T4T5_a_L,0,MN_all_right,145621,2.0
T4T5_a_L,0,MN_all_right,145653,9.0
T4T5_a_L,0,MN_all_right,145721,1.0
T4T5_a_L,0,MN_all_right,145832,26.0
T4T5_a_L,0,MN_all_right,145953,3.0
T4T5_a_L,0,MN_all_right,145960,19.0
T4T5_a_L,0,MN_all_right,146056,3.0
T4T5_a_L,0,MN_all_right,146130,15.0
T4T5_a_L,0,MN_all_right,146173,7.0
T4T5_a_L,0,MN_all_right,146318,40.0
T4T5_a_L,0,MN_all_right,146668,18.0
T4T5_a_L,0,MN_all_right,146701,7.0
T4T5_a_L,0,MN_all_right,146725,63.0
T4T5_a_L,0,MN_all_right,147037,48.0
T4T5_a_L,0,MN_all_right,147094,6.0
T4T5_a_L,0,MN_all_right,147184,4.0
T4T5_a_L,0,MN_all_right,147267,9.0
T4T5_a_L,0,MN_all_right,147470,2.0
T4T5_a_L,0,MN_all_right,147519,31.0
T4T5_a_L,0,MN_all_right,147543,41.0
T4T5_a_L,0,MN_all_right,147559,14.0
T4T5_a_L,0,MN_all_right,147646,9.0
T4T5_a_L,0,MN_all_right,147794,6.0
T4T5_a_L,0,MN_all_right,147905,6.0
T4T5_a_L,0,MN_all_right,147957,1.0
T4T5_a_L,0,MN_all_right,148017,19.0
T4T5_a_L,0,MN_all_right,148197,12.0
T4T5_a_L,0,MN_all_right,148201,1.0
T4T5_a_L,0,MN_all_right,148293,1.0
T4T5_a_L,0,MN_all_right,148422,60.0
T4T5_a_L,0,MN_all_right,148611,37.0
T4T5_a_L,0,MN_all_right,148814,27.0
T4T5_a_L,0,MN_all_right,148816,13.0
T4T5_a_L,0,MN_all_right,148823,5.0
T4T5_a_L,0,MN_all_right,148879,1.0
T4T5_a_L,0,MN_all_right,149056,105.0
T4T5_a_L,0,MN_all_right,149327,26.0
T4T5_a_L,0,MN_all_right,149498,3.0
T4T5_a_L,0,MN_all_right,149895,3.0
T4T5_a_L,0,MN_all_right,150019,70.0
T4T5_a_L,0,MN_all_right,150152,6.0
T4T5_a_L,0,MN_all_right,150204,1.0
T4T5_a_L,0,MN_all_right,150362,3.0
T4T5_a_L,0,MN_all_right,150676,14.0
T4T5_a_L,0,MN_all_right,150738,5.0
T4T5_a_L,0,MN_all_right,150778,21.0
T4T5_a_L,0,MN_all_right,150989,17.0
T4T5_a_L,0,MN_all_right,152104,17.0
T4T5_a_L,0,MN_all_right,152528,23.0
T4T5_a_L,0,MN_all_right,153409,50.0
T4T5_a_L,0,MN_all_right,153686,1.0
T4T5_a_L,0,MN_all_right,153736,1.0
T4T5_a_L,0,MN_all_right,154055,4.0
T4T5_a_L,0,MN_all_right,154732,28.0
T4T5_a_L,0,MN_all_right,154941,66.0
T4T5_a_L,0,MN_all_right,155213,15.0
T4T5_a_L,0,MN_all_right,156301,5.0
T4T5_a_L,0,MN_all_right,158193,28.0
T4T5_a_L,0,MN_all_right,158204,2.0
T4T5_a_L,0,MN_all_right,158546,65.0
T4T5_a_L,0,MN_all_right,158670,27.0
T4T5_a_L,0,MN_all_right,158812,2.0
T4T5_a_L,0,MN_all_right,159225,86.0
T4T5_a_L,0,MN_all_right,159253,21.0
T4T5_a_L,0,MN_all_right,159286,4.0
T4T5_a_L,0,MN_all_right,159477,32.0
T4T5_a_L,0,MN_all_right,159478,7.0
T4T5_a_L,0,MN_all_right,159546,65.0
T4T5_a_L,0,MN_all_right,159896,12.0
T4T5_a_L,0,MN_all_right,160165,3.0
T4T5_a_L,0,MN_all_right,160191,4.0
T4T5_a_L,0,MN_all_right,160211,2.0
T4T5_a_L,0,MN_all_right,160245,25.0
T4T5_a_L,0,MN_all_right,160551,94.0
T4T5_a_L,0,MN_all_right,161362,2.0
T4T5_a_L,0,MN_all_right,161523,1.0
T4T5_a_L,0,MN_all_right,162256,1.0
T4T5_a_L,0,MN_all_right,162556,9.0
T4T5_a_L,0,MN_all_right,162567,1.0
T4T5_a_L,0,MN_all_right,162677,14.0
T4T5_a_L,0,MN_all_right,162781,100.0
T4T5_a_L,0,MN_all_right,164606,125.0
T4T5_a_L,0,MN_all_right,164614,107.0
T4T5_a_L,0,MN_all_right,164616,17.0
T4T5_a_L,1,DN_all_left,6,1.0
T4T5_a_L,1,DN_all_left,22,1.0
T4T5_a_L,1,DN_all_left,36,1.0
T4T5_a_L,1,DN_all_left,39,3.0
T4T5_a_L,1,DN_all_left,104,243.0
T4T5_a_L,1,DN_all_left,109,63.0
T4T5_a_L,1,DN_all_left,127,7.0
T4T5_a_L,1,DN_all_left,144,4.0
T4T5_a_L,1,DN_all_left,146,183.0
T4T5_a_L,1,DN_all_left,160,1.0
T4T5_a_L,1,DN_all_left,173,4.0
T4T5_a_L,1,DN_all_left,204,61.0
T4T5_a_L,1,DN_all_left,228,114.0
T4T5_a_L,1,DN_all_left,264,77.0
T4T5_a_L,1,DN_all_left,273,110.0
T4T5_a_L,1,DN_all_left,278,1.0
T4T5_a_L,1,DN_all_left,316,69.0
T4T5_a_L,1,DN_all_left,349,119.0
T4T5_a_L,1,DN_all_left,363,48.0
T4T5_a_L,1,DN_all_left,383,1.0
T4T5_a_L,1,DN_all_left,391,13.0
T4T5_a_L,1,DN_all_left,410,20.0
T4T5_a_L,1,DN_all_left,433,168.0
T4T5_a_L,1,DN_all_left,446,27.0
T4T5_a_L,1,DN_all_left,489,2.0
T4T5_a_L,1,DN_all_left,514,23.0
T4T5_a_L,1,DN_all_left,523,165.0
T4T5_a_L,1,DN_all_left,543,16.0
T4T5_a_L,1,DN_all_left,603,3.0
T4T5_a_L,1,DN_all_left,608,3.0
T4T5_a_L,1,DN_all_left,628,3.0
T4T5_a_L,1,DN_all_left,632,6.0
T4T5_a_L,1,DN_all_left,656,76.0
T4T5_a_L,1,DN_all_left,673,37.0
T4T5_a_L,1,DN_all_left,675,23.0
T4T5_a_L,1,DN_all_left,687,8.0
T4T5_a_L,1,DN_all_left,741,37.0
T4T5_a_L,1,DN_all_left,773,33.0
T4T5_a_L,1,DN_all_left,783,1.0
T4T5_a_L,1,DN_all_left,819,1.0
T4T5_a_L,1,DN_all_left,820,3.0
T4T5_a_L,1,DN_all_left,823,105.0
T4T5_a_L,1,DN_all_left,898,1.0
T4T5_a_L,1,DN_all_left,906,41.0
T4T5_a_L,1,DN_all_left,927,127.0
T4T5_a_L,1,DN_all_left,992,122.0
T4T5_a_L,1,DN_all_left,993,34.0
T4T5_a_L,1,DN_all_left,994,70.0
T4T5_a_L,1,DN_all_left,1037,17.0
T4T5_a_L,1,DN_all_left,1047,121.0
T4T5_a_L,1,DN_all_left,1071,1.0
T4T5_a_L,1,DN_all_left,1111,71.0
T4T5_a_L,1,DN_all_left,1131,9.0
T4T5_a_L,1,DN_all_left,1141,2.0
T4T5_a_L,1,DN_all_left,1160,1.0
T4T5_a_L,1,DN_all_left,1167,1.0
T4T5_a_L,1,DN_all_left,1170,33.0
T4T5_a_L,1,DN_all_left,1196,2.0
T4T5_a_L,1,DN_all_left,1273,105.0
T4T5_a_L,1,DN_all_left,1324,96.0
T4T5_a_L,1,DN_all_left,1328,1.0
T4T5_a_L,1,DN_all_left,1342,5.0
T4T5_a_L,1,DN_all_left,1361,40.0
T4T5_a_L,1,DN_all_left,1387,1.0
T4T5_a_L,1,DN_all_left,1392,44.0
T4T5_a_L,1,DN_all_left,1506,90.0
T4T5_a_L,1,DN_all_left,1545,3.0
T4T5_a_L,1,DN_all_left,1562,24.0
T4T5_a_L,1,DN_all_left,1564,8.0
T4T5_a_L,1,DN_all_left,1591,13.0
T4T5_a_L,1,DN_all_left,1626,7.0
T4T5_a_L,1,DN_all_left,1677,28.0
T4T5_a_L,1,DN_all_left,1692,32.0
T4T5_a_L,1,DN_all_left,1698,1.0
T4T5_a_L,1,DN_all_left,1724,109.0
T4T5_a_L,1,DN_all_left,1764,1.0
T4T5_a_L,1,DN_all_left,1821,1.0
T4T5_a_L,1,DN_all_left,1827,68.0
T4T5_a_L,1,DN_all_left,1894,1.0
T4T5_a_L,1,DN_all_left,1935,133.0
T4T5_a_L,1,DN_all_left,1950,12.0
T4T5_a_L,1,DN_all_left,2047,1.0
T4T5_a_L,1,DN_all_left,2074,1.0
T4T5_a_L,1,DN_all_left,2103,18.0
T4T5_a_L,1,DN_all_left,2172,1.0
T4T5_a_L,1,DN_all_left,2194,1.0
T4T5_a_L,1,DN_all_left,2233,4.0
T4T5_a_L,1,DN_all_left,2286,57.0
T4T5_a_L,1,DN_all_left,2329,36.0
T4T5_a_L,1,DN_all_left,2354,11.0
T4T5_a_L,1,DN_all_left,2414,1.0
T4T5_a_L,1,DN_all_left,2423,15.0
T4T5_a_L,1,DN_all_left,2449,2.0
T4T5_a_L,1,DN_all_left,2451,116.0
T4T5_a_L,1,DN_all_left,2465,63.0
T4T5_a_L,1,DN_all_left,2475,7.0
T4T5_a_L,1,DN_all_left,2491,1.0
T4T5_a_L,1,DN_all_left,2500,1.0
T4T5_a_L,1,DN_all_left,2583,50.0
T4T5_a_L,1,DN_all_left,2588,47.0
T4T5_a_L,1,DN_all_left,2666,10.0
T4T5_a_L,1,DN_all_left,2676,15.0
T4T5_a_L,1,DN_all_left,2792,1.0
T4T5_a_L,1,DN_all_left,2816,1.0
T4T5_a_L,1,DN_all_left,2837,116.0
T4T5_a_L,1,DN_all_left,2868,20.0
T4T5_a_L,1,DN_all_left,3009,14.0
T4T5_a_L,1,DN_all_left,3084,99.0
T4T5_a_L,1,DN_all_left,3106,200.0
T4T5_a_L,1,DN_all_left,3184,14.0
T4T5_a_L,1,DN_all_left,3222,23.0
T4T5_a_L,1,DN_all_left,3223,1.0
T4T5_a_L,1,DN_all_left,3306,11.0
T4T5_a_L,1,DN_all_left,3331,194.0
T4T5_a_L,1,DN_all_left,3349,29.0
T4T5_a_L,1,DN_all_left,3380,2.0
T4T5_a_L,1,DN_all_left,3390,1.0
T4T5_a_L,1,DN_all_left,3394,3.0
T4T5_a_L,1,DN_all_left,3451,2.0
T4T5_a_L,1,DN_all_left,3505,18.0
T4T5_a_L,1,DN_all_left,3546,1.0
T4T5_a_L,1,DN_all_left,3569,14.0
T4T5_a_L,1,DN_all_left,3595,65.0
T4T5_a_L,1,DN_all_left,3597,1.0
T4T5_a_L,1,DN_all_left,3768,1.0
T4T5_a_L,1,DN_all_left,3770,52.0
T4T5_a_L,1,DN_all_left,3788,1.0
T4T5_a_L,1,DN_all_left,3915,1.0
T4T5_a_L,1,DN_all_left,3935,1.0
T4T5_a_L,1,DN_all_left,3939,1.0
T4T5_a_L,1,DN_all_left,3966,70.0
T4T5_a_L,1,DN_all_left,4057,1.0
T4T5_a_L,1,DN_all_left,4335,72.0
T4T5_a_L,1,DN_all_left,4591,1.0
T4T5_a_L,1,DN_all_left,4609,47.0
T4T5_a_L,1,DN_all_left,4679,54.0
T4T5_a_L,1,DN_all_left,4685,1.0
T4T5_a_L,1,DN_all_left,4917,23.0
T4T5_a_L,1,DN_all_left,5056,1.0
T4T5_a_L,1,DN_all_left,5067,44.0
T4T5_a_L,1,DN_all_left,5217,33.0
T4T5_a_L,1,DN_all_left,5247,1.0
T4T5_a_L,1,DN_all_left,5338,36.0
T4T5_a_L,1,DN_all_left,5616,13.0
T4T5_a_L,1,DN_all_left,5624,11.0
T4T5_a_L,1,DN_all_left,5678,128.0
T4T5_a_L,1,DN_all_left,5867,36.0
T4T5_a_L,1,DN_all_left,5993,52.0
T4T5_a_L,1,DN_all_left,6736,26.0
T4T5_a_L,1,DN_all_left,6742,8.0
T4T5_a_L,1,DN_all_left,8284,3.0
T4T5_a_L,1,DN_all_left,8604,1.0
T4T5_a_L,1,DN_all_left,8892,1.0
T4T5_a_L,1,DN_all_left,8977,2.0
T4T5_a_L,1,DN_all_left,9402,23.0
T4T5_a_L,1,DN_all_left,10000,42.0
T4T5_a_L,1,DN_all_left,10086,33.0
T4T5_a_L,1,DN_all_left,10110,24.0
T4T5_a_L,1,DN_all_left,11249,2.0
T4T5_a_L,1,DN_all_left,12085,49.0
T4T5_a_L,1,DN_all_left,12839,49.0
T4T5_a_L,1,DN_all_left,12883,98.0
T4T5_a_L,1,DN_all_left,13339,36.0
T4T5_a_L,1,DN_all_left,13746,2.0
T4T5_a_L,1,DN_all_left,14329,4.0
T4T5_a_L,1,DN_all_left,14442,7.0
T4T5_a_L,1,DN_all_left,15020,1.0
T4T5_a_L,1,DN_all_left,15328,10.0
T4T5_a_L,1,DN_all_left,15782,2.0
T4T5_a_L,1,DN_all_left,15877,73.0
T4T5_a_L,1,DN_all_left,17073,16.0
T4T5_a_L,1,DN_all_left,17744,74.0
T4T5_a_L,1,DN_all_left,20018,9.0
T4T5_a_L,1,DN_all_left,20649,37.0
T4T5_a_L,1,DN_all_left,21341,3.0
T4T5_a_L,1,DN_all_left,21944,1.0
T4T5_a_L,1,DN_all_left,22768,49.0
T4T5_a_L,1,DN_all_left,22875,29.0
T4T5_a_L,1,DN_all_left,22975,57.0
T4T5_a_L,1,DN_all_left,23212,23.0
T4T5_a_L,1,DN_all_left,23287,3.0
T4T5_a_L,1,DN_all_left,23939,1.0
T4T5_a_L,1,DN_all_left,24331,46.0
T4T5_a_L,1,DN_all_left,25434,20.0
T4T5_a_L,1,DN_all_left,25769,9.0
T4T5_a_L,1,DN_all_left,28642,21.0
T4T5_a_L,1,DN_all_left,28761,2.0
T4T5_a_L,1,DN_all_left,28804,19.0
T4T5_a_L,1,DN_all_left,53674,21.0
T4T5_a_L,1,DN_all_left,60324,12.0
T4T5_a_L,1,DN_all_left,60365,17.0
T4T5_a_L,1,DN_all_left,70432,26.0
T4T5_a_L,1,DN_all_left,116552,33.0
T4T5_a_L,1,DN_all_left,120875,36.0
T4T5_a_L,1,DN_all_left,121296,1.0
T4T5_a_L,1,DN_all_left,124448,85.0
T4T5_a_L,1,DN_all_left,124813,1.0
T4T5_a_L,1,DN_all_left,124969,59.0
T4T5_a_L,1,DN_all_left,124970,3.0
T4T5_a_L,1,DN_all_left,125112,132.0
T4T5_a_L,1,DN_all_left,126100,59.0
T4T5_a_L,1,DN_all_left,127958,26.0
T4T5_a_L,1,DN_all_left,128687,1.0
T4T5_a_L,1,DN_all_left,128725,79.0
T4T5_a_L,1,DN_all_left,128822,1.0
T4T5_a_L,1,DN_all_left,128862,49.0
T4T5_a_L,1,DN_all_left,128964,87.0
T4T5_a_L,1,DN_all_left,129520,8.0
T4T5_a_L,1,DN_all_left,129654,30.0
T4T5_a_L,1,DN_all_left,130077,6.0
T4T5_a_L,1,DN_all_left,130249,8.0
T4T5_a_L,1,DN_all_left,130311,33.0
T4T5_a_L,1,DN_all_left,130496,144.0
T4T5_a_L,1,DN_all_left,130499,29.0
T4T5_a_L,1,DN_all_left,130616,8.0
T4T5_a_L,1,DN_all_left,131552,1.0
T4T5_a_L,1,DN_all_left,132535,60.0
T4T5_a_L,1,DN_all_left,132582,1.0
T4T5_a_L,1,DN_all_left,132965,8.0
T4T5_a_L,1,DN_all_left,133740,1.0
T4T5_a_L,1,DN_all_left,135657,62.0
T4T5_a_L,1,DN_all_left,138118,2.0
T4T5_a_L,1,DN_all_left,140913,2.0
T4T5_a_L,1,DN_all_left,140941,1.0
T4T5_a_L,1,DN_all_left,141026,141.0
T4T5_a_L,1,DN_all_left,141033,12.0
T4T5_a_L,1,DN_all_left,142108,96.0
T4T5_a_L,1,DN_all_left,142174,44.0
T4T5_a_L,1,DN_all_left,144939,5.0
T4T5_a_L,1,DN_all_right,25,139.0
T4T5_a_L,1,DN_all_right,45,12.0
T4T5_a_L,1,DN_all_right,46,1.0
T4T5_a_L,1,DN_all_right,51,42.0
T4T5_a_L,1,DN_all_right,52,266.0
T4T5_a_L,1,DN_all_right,90,1.0
T4T5_a_L,1,DN_all_right,137,4.0
T4T5_a_L,1,DN_all_right,176,43.0
T4T5_a_L,1,DN_all_right,194,29.0
T4T5_a_L,1,DN_all_right,197,2.0
T4T5_a_L,1,DN_all_right,199,15.0
T4T5_a_L,1,DN_all_right,215,98.0
T4T5_a_L,1,DN_all_right,216,65.0
T4T5_a_L,1,DN_all_right,243,126.0
T4T5_a_L,1,DN_all_right,258,21.0
T4T5_a_L,1,DN_all_right,274,123.0
T4T5_a_L,1,DN_all_right,281,43.0
T4T5_a_L,1,DN_all_right,290,95.0
T4T5_a_L,1,DN_all_right,311,8.0
T4T5_a_L,1,DN_all_right,317,102.0
T4T5_a_L,1,DN_all_right,327,25.0
T4T5_a_L,1,DN_all_right,397,19.0
T4T5_a_L,1,DN_all_right,404,1.0
T4T5_a_L,1,DN_all_right,428,20.0
T4T5_a_L,1,DN_all_right,467,23.0
T4T5_a_L,1,DN_all_right,616,10.0
T4T5_a_L,1,DN_all_right,624,2.0
T4T5_a_L,1,DN_all_right,704,2.0
T4T5_a_L,1,DN_all_right,706,2.0
T4T5_a_L,1,DN_all_right,746,2.0
T4T5_a_L,1,DN_all_right,762,90.0
T4T5_a_L,1,DN_all_right,763,26.0
T4T5_a_L,1,DN_all_right,776,2.0
T4T5_a_L,1,DN_all_right,777,45.0
T4T5_a_L,1,DN_all_right,809,49.0
T4T5_a_L,1,DN_all_right,828,18.0
T4T5_a_L,1,DN_all_right,854,2.0
T4T5_a_L,1,DN_all_right,886,54.0
T4T5_a_L,1,DN_all_right,894,110.0
T4T5_a_L,1,DN_all_right,902,2.0
T4T5_a_L,1,DN_all_right,903,1.0
T4T5_a_L,1,DN_all_right,970,5.0
T4T5_a_L,1,DN_all_right,987,1.0
T4T5_a_L,1,DN_all_right,988,1.0
T4T5_a_L,1,DN_all_right,1021,95.0
T4T5_a_L,1,DN_all_right,1032,26.0
T4T5_a_L,1,DN_all_right,1082,2.0
T4T5_a_L,1,DN_all_right,1083,1.0
T4T5_a_L,1,DN_all_right,1092,1.0
T4T5_a_L,1,DN_all_right,1108,37.0
T4T5_a_L,1,DN_all_right,1124,44.0
T4T5_a_L,1,DN_all_right,1142,1.0
T4T5_a_L,1,DN_all_right,1150,4.0
T4T5_a_L,1,DN_all_right,1165,13.0
T4T5_a_L,1,DN_all_right,1166,1.0
T4T5_a_L,1,DN_all_right,1168,1.0
T4T5_a_L,1,DN_all_right,1210,67.0
T4T5_a_L,1,DN_all_right,1240,1.0
T4T5_a_L,1,DN_all_right,1269,58.0
T4T5_a_L,1,DN_all_right,1277,44.0
T4T5_a_L,1,DN_all_right,1329,1.0
T4T5_a_L,1,DN_all_right,1382,6.0
T4T5_a_L,1,DN_all_right,1400,25.0
T4T5_a_L,1,DN_all_right,1405,12.0
T4T5_a_L,1,DN_all_right,1412,14.0
T4T5_a_L,1,DN_all_right,1457,11.0
T4T5_a_L,1,DN_all_right,1492,41.0
T4T5_a_L,1,DN_all_right,1502,19.0
T4T5_a_L,1,DN_all_right,1515,1.0
T4T5_a_L,1,DN_all_right,1581,2.0
T4T5_a_L,1,DN_all_right,1593,48.0
T4T5_a_L,1,DN_all_right,1648,11.0
T4T5_a_L,1,DN_all_right,1653,9.0
T4T5_a_L,1,DN_all_right,1699,62.0
T4T5_a_L,1,DN_all_right,1804,71.0
T4T5_a_L,1,DN_all_right,1910,2.0
T4T5_a_L,1,DN_all_right,1941,2.0
T4T5_a_L,1,DN_all_right,1954,21.0
T4T5_a_L,1,DN_all_right,1995,2.0
T4T5_a_L,1,DN_all_right,2070,20.0
T4T5_a_L,1,DN_all_right,2079,42.0
T4T5_a_L,1,DN_all_right,2094,41.0
T4T5_a_L,1,DN_all_right,2120,1.0
T4T5_a_L,1,DN_all_right,2218,2.0
T4T5_a_L,1,DN_all_right,2222,1.0
T4T5_a_L,1,DN_all_right,2251,8.0
T4T5_a_L,1,DN_all_right,2321,2.0
T4T5_a_L,1,DN_all_right,2325,42.0
T4T5_a_L,1,DN_all_right,2332,16.0
T4T5_a_L,1,DN_all_right,2350,22.0
T4T5_a_L,1,DN_all_right,2433,1.0
T4T5_a_L,1,DN_all_right,2495,3.0
T4T5_a_L,1,DN_all_right,2529,48.0
T4T5_a_L,1,DN_all_right,2531,7.0
T4T5_a_L,1,DN_all_right,2572,10.0
T4T5_a_L,1,DN_all_right,2575,1.0
T4T5_a_L,1,DN_all_right,2595,2.0
T4T5_a_L,1,DN_all_right,2600,54.0
T4T5_a_L,1,DN_all_right,2606,62.0
T4T5_a_L,1,DN_all_right,2607,1.0
T4T5_a_L,1,DN_all_right,2613,25.0
T4T5_a_L,1,DN_all_right,2636,4.0
T4T5_a_L,1,DN_all_right,2659,2.0
T4T5_a_L,1,DN_all_right,2752,13.0
T4T5_a_L,1,DN_all_right,2830,1.0
T4T5_a_L,1,DN_all_right,2841,2.0
T4T5_a_L,1,DN_all_right,2906,2.0
T4T5_a_L,1,DN_all_right,3059,26.0
T4T5_a_L,1,DN_all_right,3068,5.0
T4T5_a_L,1,DN_all_right,3132,44.0
T4T5_a_L,1,DN_all_right,3149,9.0
T4T5_a_L,1,DN_all_right,3220,201.0
T4T5_a_L,1,DN_all_right,3270,10.0
T4T5_a_L,1,DN_all_right,3278,2.0
T4T5_a_L,1,DN_all_right,3348,68.0
T4T5_a_L,1,DN_all_right,3383,19.0
T4T5_a_L,1,DN_all_right,3403,26.0
T4T5_a_L,1,DN_all_right,3437,33.0
T4T5_a_L,1,DN_all_right,3491,4.0
T4T5_a_L,1,DN_all_right,3558,1.0
T4T5_a_L,1,DN_all_right,3593,18.0
T4T5_a_L,1,DN_all_right,3625,4.0
T4T5_a_L,1,DN_all_right,3654,3.0
T4T5_a_L,1,DN_all_right,3694,8.0
T4T5_a_L,1,DN_all_right,3707,5.0
T4T5_a_L,1,DN_all_right,3754,45.0
T4T5_a_L,1,DN_all_right,3811,1.0
T4T5_a_L,1,DN_all_right,3868,1.0
T4T5_a_L,1,DN_all_right,3945,75.0
T4T5_a_L,1,DN_all_right,3960,43.0
T4T5_a_L,1,DN_all_right,3973,13.0
T4T5_a_L,1,DN_all_right,3997,2.0
T4T5_a_L,1,DN_all_right,4020,69.0
T4T5_a_L,1,DN_all_right,4042,3.0
T4T5_a_L,1,DN_all_right,4078,1.0
T4T5_a_L,1,DN_all_right,4098,32.0
T4T5_a_L,1,DN_all_right,4120,3.0
T4T5_a_L,1,DN_all_right,4443,1.0
T4T5_a_L,1,DN_all_right,4479,1.0
T4T5_a_L,1,DN_all_right,4559,1.0
T4T5_a_L,1,DN_all_right,4641,37.0
T4T5_a_L,1,DN_all_right,4645,33.0
T4T5_a_L,1,DN_all_right,4663,1.0
T4T5_a_L,1,DN_all_right,5026,5.0
T4T5_a_L,1,DN_all_right,5027,2.0
T4T5_a_L,1,DN_all_right,5124,6.0
T4T5_a_L,1,DN_all_right,5357,4.0
T4T5_a_L,1,DN_all_right,5381,30.0
T4T5_a_L,1,DN_all_right,5390,18.0
T4T5_a_L,1,DN_all_right,5458,33.0
T4T5_a_L,1,DN_all_right,5841,1.0
T4T5_a_L,1,DN_all_right,6169,11.0
T4T5_a_L,1,DN_all_right,6278,2.0
T4T5_a_L,1,DN_all_right,6427,1.0
T4T5_a_L,1,DN_all_right,6701,1.0
T4T5_a_L,1,DN_all_right,6753,1.0
T4T5_a_L,1,DN_all_right,7850,1.0
T4T5_a_L,1,DN_all_right,8815,2.0
T4T5_a_L,1,DN_all_right,9254,104.0
T4T5_a_L,1,DN_all_right,9348,1.0
T4T5_a_L,1,DN_all_right,9458,116.0
T4T5_a_L,1,DN_all_right,9662,66.0
T4T5_a_L,1,DN_all_right,9780,84.0
T4T5_a_L,1,DN_all_right,9912,70.0
T4T5_a_L,1,DN_all_right,10004,1.0
T4T5_a_L,1,DN_all_right,10343,1.0
T4T5_a_L,1,DN_all_right,11239,4.0
T4T5_a_L,1,DN_all_right,11504,56.0
T4T5_a_L,1,DN_all_right,12150,24.0
T4T5_a_L,1,DN_all_right,12572,32.0
T4T5_a_L,1,DN_all_right,12991,1.0
T4T5_a_L,1,DN_all_right,14044,3.0
T4T5_a_L,1,DN_all_right,14496,3.0
T4T5_a_L,1,DN_all_right,15028,12.0
T4T5_a_L,1,DN_all_right,15460,25.0
T4T5_a_L,1,DN_all_right,15893,27.0
T4T5_a_L,1,DN_all_right,16849,3.0
T4T5_a_L,1,DN_all_right,17700,20.0
T4T5_a_L,1,DN_all_right,17897,10.0
T4T5_a_L,1,DN_all_right,18461,3.0
T4T5_a_L,1,DN_all_right,18857,7.0
T4T5_a_L,1,DN_all_right,19450,2.0
T4T5_a_L,1,DN_all_right,21674,1.0
T4T5_a_L,1,DN_all_right,23453,2.0
T4T5_a_L,1,DN_all_right,23861,6.0
T4T5_a_L,1,DN_all_right,29289,1.0
T4T5_a_L,1,DN_all_right,42917,4.0
T4T5_a_L,1,DN_all_right,47173,4.0
T4T5_a_L,1,DN_all_right,50694,11.0
T4T5_a_L,1,DN_all_right,63360,3.0
T4T5_a_L,1,DN_all_right,72835,39.0
T4T5_a_L,1,DN_all_right,73956,3.0
T4T5_a_L,1,DN_all_right,107658,3.0
T4T5_a_L,1,DN_all_right,117981,61.0
T4T5_a_L,1,DN_all_right,118808,1.0
T4T5_a_L,1,DN_all_right,121193,2.0
T4T5_a_L,1,DN_all_right,121642,6.0
T4T5_a_L,1,DN_all_right,122136,8.0
T4T5_a_L,1,DN_all_right,123333,46.0
T4T5_a_L,1,DN_all_right,124419,17.0
T4T5_a_L,1,DN_all_right,124541,69.0
T4T5_a_L,1,DN_all_right,124920,55.0
T4T5_a_L,1,DN_all_right,125795,2.0
T4T5_a_L,1,DN_all_right,126404,142.0
T4T5_a_L,1,DN_all_right,126772,1.0
T4T5_a_L,1,DN_all_right,127734,2.0
T4T5_a_L,1,DN_all_right,127758,7.0
T4T5_a_L,1,DN_all_right,128032,69.0
T4T5_a_L,1,DN_all_right,129659,28.0
T4T5_a_L,1,DN_all_right,129718,10.0
T4T5_a_L,1,DN_all_right,129873,2.0
T4T5_a_L,1,DN_all_right,130847,23.0
T4T5_a_L,1,DN_all_right,130858,95.0
T4T5_a_L,1,DN_all_right,131136,151.0
T4T5_a_L,1,DN_all_right,131434,67.0
T4T5_a_L,1,DN_all_right,141051,45.0
T4T5_a_L,1,DN_all_right,141735,74.0
T4T5_a_L,1,DN_all_right,142119,3.0
T4T5_a_L,1,DN_all_right,143416,135.0
T4T5_a_L,1,DN_all_right,143432,71.0
T4T5_a_L,1,DN_all_right,144269,48.0
T4T5_a_L,1,DN_all_right,161396,35.0
T4T5_a_L,1,MN_all_left,111304,1.0
T4T5_a_L,1,MN_all_left,142836,74.0
T4T5_a_L,1,MN_all_left,142929,5.0
T4T5_a_L,1,MN_all_left,142964,95.0
T4T5_a_L,1,MN_all_left,143064,52.0
T4T5_a_L,1,MN_all_left,143088,112.0
T4T5_a_L,1,MN_all_left,143189,7.0
T4T5_a_L,1,MN_all_left,143221,20.0
T4T5_a_L,1,MN_all_left,143231,10.0
T4T5_a_L,1,MN_all_left,143243,31.0
T4T5_a_L,1,MN_all_left,143252,56.0
T4T5_a_L,1,MN_all_left,143259,39.0
T4T5_a_L,1,MN_all_left,143322,109.0
T4T5_a_L,1,MN_all_left,143353,20.0
T4T5_a_L,1,MN_all_left,143418,33.0
T4T5_a_L,1,MN_all_left,143436,1.0
T4T5_a_L,1,MN_all_left,143445,113.0
T4T5_a_L,1,MN_all_left,143464,70.0
T4T5_a_L,1,MN_all_left,143478,12.0
T4T5_a_L,1,MN_all_left,143540,57.0
T4T5_a_L,1,MN_all_left,143626,6.0
T4T5_a_L,1,MN_all_left,143654,53.0
T4T5_a_L,1,MN_all_left,143690,89.0
T4T5_a_L,1,MN_all_left,143700,68.0
T4T5_a_L,1,MN_all_left,143751,86.0
T4T5_a_L,1,MN_all_left,143760,35.0
T4T5_a_L,1,MN_all_left,143766,2.0
T4T5_a_L,1,MN_all_left,143773,42.0
T4T5_a_L,1,MN_all_left,143949,37.0
T4T5_a_L,1,MN_all_left,144086,35.0
T4T5_a_L,1,MN_all_left,144111,10.0
T4T5_a_L,1,MN_all_left,144209,123.0
T4T5_a_L,1,MN_all_left,144234,85.0
T4T5_a_L,1,MN_all_left,144248,9.0
T4T5_a_L,1,MN_all_left,144265,120.0
T4T5_a_L,1,MN_all_left,144377,1.0
T4T5_a_L,1,MN_all_left,144382,32.0
T4T5_a_L,1,MN_all_left,144400,5.0
T4T5_a_L,1,MN_all_left,144439,19.0
T4T5_a_L,1,MN_all_left,144450,12.0
T4T5_a_L,1,MN_all_left,144457,7.0
T4T5_a_L,1,MN_all_left,144465,37.0
T4T5_a_L,1,MN_all_left,144508,4.0
T4T5_a_L,1,MN_all_left,144538,22.0
T4T5_a_L,1,MN_all_left,144576,3.0
T4T5_a_L,1,MN_all_left,144584,27.0
T4T5_a_L,1,MN_all_left,144657,2.0
T4T5_a_L,1,MN_all_left,144687,10.0
T4T5_a_L,1,MN_all_left,144821,59.0
T4T5_a_L,1,MN_all_left,144860,33.0
T4T5_a_L,1,MN_all_left,144878,99.0
T4T5_a_L,1,MN_all_left,144974,84.0
T4T5_a_L,1,MN_all_left,145034,96.0
T4T5_a_L,1,MN_all_left,145063,14.0
T4T5_a_L,1,MN_all_left,145081,37.0
T4T5_a_L,1,MN_all_left,145109,21.0
T4T5_a_L,1,MN_all_left,145198,62.0
T4T5_a_L,1,MN_all_left,145207,1.0
T4T5_a_L,1,MN_all_left,145217,26.0
T4T5_a_L,1,MN_all_left,145274,86.0
T4T5_a_L,1,MN_all_left,145303,5.0
T4T5_a_L,1,MN_all_left,145351,73.0
T4T5_a_L,1,MN_all_left,145438,29.0
T4T5_a_L,1,MN_all_left,145476,44.0
T4T5_a_L,1,MN_all_left,145483,32.0
T4T5_a_L,1,MN_all_left,145564,3.0
T4T5_a_L,1,MN_all_left,145660,28.0
T4T5_a_L,1,MN_all_left,145672,23.0
T4T5_a_L,1,MN_all_left,145766,7.0
T4T5_a_L,1,MN_all_left,145796,109.0
T4T5_a_L,1,MN_all_left,145805,5.0
T4T5_a_L,1,MN_all_left,145911,32.0
T4T5_a_L,1,MN_all_left,145918,1.0
T4T5_a_L,1,MN_all_left,145975,6.0
T4T5_a_L,1,MN_all_left,146072,7.0
T4T5_a_L,1,MN_all_left,146107,39.0
T4T5_a_L,1,MN_all_left,146190,22.0
T4T5_a_L,1,MN_all_left,146233,2.0
T4T5_a_L,1,MN_all_left,146498,10.0
T4T5_a_L,1,MN_all_left,146556,2.0
T4T5_a_L,1,MN_all_left,146571,42.0
T4T5_a_L,1,MN_all_left,146590,16.0
T4T5_a_L,1,MN_all_left,146748,108.0
T4T5_a_L,1,MN_all_left,147111,42.0
T4T5_a_L,1,MN_all_left,147153,70.0
T4T5_a_L,1,MN_all_left,147241,13.0
T4T5_a_L,1,MN_all_left,147254,5.0
T4T5_a_L,1,MN_all_left,147272,3.0
T4T5_a_L,1,MN_all_left,147311,28.0
T4T5_a_L,1,MN_all_left,147444,2.0
T4T5_a_L,1,MN_all_left,147449,5.0
T4T5_a_L,1,MN_all_left,147492,7.0
T4T5_a_L,1,MN_all_left,147569,7.0
T4T5_a_L,1,MN_all_left,147690,46.0
T4T5_a_L,1,MN_all_left,147730,44.0
T4T5_a_L,1,MN_all_left,147844,6.0
T4T5_a_L,1,MN_all_left,147938,1.0
T4T5_a_L,1,MN_all_left,148126,9.0
T4T5_a_L,1,MN_all_left,148144,1.0
T4T5_a_L,1,MN_all_left,148349,1.0
T4T5_a_L,1,MN_all_left,148537,39.0
T4T5_a_L,1,MN_all_left,148589,52.0
T4T5_a_L,1,MN_all_left,148668,20.0
T4T5_a_L,1,MN_all_left,148779,1.0
T4T5_a_L,1,MN_all_left,148852,2.0
T4T5_a_L,1,MN_all_left,148953,95.0
T4T5_a_L,1,MN_all_left,149011,5.0
T4T5_a_L,1,MN_all_left,149101,2.0
T4T5_a_L,1,MN_all_left,149557,2.0
T4T5_a_L,1,MN_all_left,149592,14.0
T4T5_a_L,1,MN_all_left,149636,1.0
T4T5_a_L,1,MN_all_left,149722,13.0
T4T5_a_L,1,MN_all_left,149802,1.0
T4T5_a_L,1,MN_all_left,150276,20.0
T4T5_a_L,1,MN_all_left,150280,27.0
T4T5_a_L,1,MN_all_left,150354,2.0
T4T5_a_L,1,MN_all_left,150850,6.0
T4T5_a_L,1,MN_all_left,150864,27.0
T4T5_a_L,1,MN_all_left,151089,7.0
T4T5_a_L,1,MN_all_left,152375,24.0
T4T5_a_L,1,MN_all_left,152535,12.0
T4T5_a_L,1,MN_all_left,152793,4.0
T4T5_a_L,1,MN_all_left,153788,1.0
T4T5_a_L,1,MN_all_left,154142,8.0
T4T5_a_L,1,MN_all_left,154315,72.0
T4T5_a_L,1,MN_all_left,154887,51.0
T4T5_a_L,1,MN_all_left,156887,12.0
T4T5_a_L,1,MN_all_left,158328,1.0
T4T5_a_L,1,MN_all_left,158556,13.0
T4T5_a_L,1,MN_all_left,158604,8.0
T4T5_a_L,1,MN_all_left,158794,4.0
T4T5_a_L,1,MN_all_left,159087,34.0
T4T5_a_L,1,MN_all_left,159287,1.0
T4T5_a_L,1,MN_all_left,159288,7.0
T4T5_a_L,1,MN_all_left,159488,22.0
T4T5_a_L,1,MN_all_left,159489,64.0
T4T5_a_L,1,MN_all_left,159664,28.0
T4T5_a_L,1,MN_all_left,159777,2.0
T4T5_a_L,1,MN_all_left,159993,98.0
T4T5_a_L,1,MN_all_left,160137,22.0
T4T5_a_L,1,MN_all_left,160430,30.0
T4T5_a_L,1,MN_all_left,160448,102.0
T4T5_a_L,1,MN_all_left,160854,19.0
T4T5_a_L,1,MN_all_left,162458,6.0
T4T5_a_L,1,MN_all_left,162557,52.0
T4T5_a_L,1,MN_all_left,162657,1.0
T4T5_a_L,1,MN_all_left,162678,11.0
T4T5_a_L,1,MN_all_left,162782,118.0
T4T5_a_L,1,MN_all_left,162796,114.0
T4T5_a_L,1,MN_all_left,162914,12.0
T4T5_a_L,1,MN_all_left,164603,3.0
T4T5_a_L,1,MN_all_left,164726,1.0
T4T5_a_L,1,MN_all_right,142834,129.0
T4T5_a_L,1,MN_all_right,142911,2.0
T4T5_a_L,1,MN_all_right,142932,29.0
T4T5_a_L,1,MN_all_right,143140,1.0
T4T5_a_L,1,MN_all_right,143200,53.0
T4T5_a_L,1,MN_all_right,143217,39.0
T4T5_a_L,1,MN_all_right,143260,36.0
T4T5_a_L,1,MN_all_right,143277,1.0
T4T5_a_L,1,MN_all_right,143304,5.0
T4T5_a_L,1,MN_all_right,143341,18.0
T4T5_a_L,1,MN_all_right,143362,1.0
T4T5_a_L,1,MN_all_right,143454,11.0
T4T5_a_L,1,MN_all_right,143460,13.0
T4T5_a_L,1,MN_all_right,143467,55.0
T4T5_a_L,1,MN_all_right,143566,38.0
T4T5_a_L,1,MN_all_right,143567,37.0
T4T5_a_L,1,MN_all_right,143581,74.0
T4T5_a_L,1,MN_all_right,143635,8.0
T4T5_a_L,1,MN_all_right,143728,34.0
T4T5_a_L,1,MN_all_right,143754,123.0
T4T5_a_L,1,MN_all_right,143786,55.0
T4T5_a_L,1,MN_all_right,143796,9.0
T4T5_a_L,1,MN_all_right,143828,6.0
T4T5_a_L,1,MN_all_right,143830,28.0
T4T5_a_L,1,MN_all_right,143900,35.0
T4T5_a_L,1,MN_all_right,144043,117.0
T4T5_a_L,1,MN_all_right,144076,13.0
T4T5_a_L,1,MN_all_right,144107,3.0
T4T5_a_L,1,MN_all_right,144149,99.0
T4T5_a_L,1,MN_all_right,144151,2.0
T4T5_a_L,1,MN_all_right,144152,117.0
T4T5_a_L,1,MN_all_right,144158,59.0
T4T5_a_L,1,MN_all_right,144211,2.0
T4T5_a_L,1,MN_all_right,144246,78.0
T4T5_a_L,1,MN_all_right,144285,135.0
T4T5_a_L,1,MN_all_right,144312,12.0
T4T5_a_L,1,MN_all_right,144328,5.0
T4T5_a_L,1,MN_all_right,144338,43.0
T4T5_a_L,1,MN_all_right,144391,4.0
T4T5_a_L,1,MN_all_right,144392,35.0
T4T5_a_L,1,MN_all_right,144429,1.0
T4T5_a_L,1,MN_all_right,144466,93.0
T4T5_a_L,1,MN_all_right,144516,1.0
T4T5_a_L,1,MN_all_right,144652,2.0
T4T5_a_L,1,MN_all_right,144664,6.0
T4T5_a_L,1,MN_all_right,144682,86.0
T4T5_a_L,1,MN_all_right,144790,3.0
T4T5_a_L,1,MN_all_right,144899,31.0
T4T5_a_L,1,MN_all_right,144918,2.0
T4T5_a_L,1,MN_all_right,144952,72.0
T4T5_a_L,1,MN_all_right,144987,29.0
T4T5_a_L,1,MN_all_right,145007,81.0
T4T5_a_L,1,MN_all_right,145064,100.0
T4T5_a_L,1,MN_all_right,145127,112.0
T4T5_a_L,1,MN_all_right,145221,34.0
T4T5_a_L,1,MN_all_right,145278,19.0
T4T5_a_L,1,MN_all_right,145458,5.0
T4T5_a_L,1,MN_all_right,145461,4.0
T4T5_a_L,1,MN_all_right,145492,102.0
T4T5_a_L,1,MN_all_right,145581,40.0
T4T5_a_L,1,MN_all_right,145592,50.0
T4T5_a_L,1,MN_all_right,145621,1.0
T4T5_a_L,1,MN_all_right,145653,15.0
T4T5_a_L,1,MN_all_right,145721,1.0
T4T5_a_L,1,MN_all_right,145738,1.0
T4T5_a_L,1,MN_all_right,145832,20.0
T4T5_a_L,1,MN_all_right,145953,3.0
T4T5_a_L,1,MN_all_right,145960,24.0
T4T5_a_L,1,MN_all_right,146056,4.0
T4T5_a_L,1,MN_all_right,146130,17.0
T4T5_a_L,1,MN_all_right,146173,8.0
T4T5_a_L,1,MN_all_right,146318,34.0
T4T5_a_L,1,MN_all_right,146668,14.0
T4T5_a_L,1,MN_all_right,146701,5.0
T4T5_a_L,1,MN_all_right,146725,63.0
T4T5_a_L,1,MN_all_right,147037,43.0
T4T5_a_L,1,MN_all_right,147094,4.0
T4T5_a_L,1,MN_all_right,147184,3.0
T4T5_a_L,1,MN_all_right,147267,13.0
T4T5_a_L,1,MN_all_right,147470,4.0
T4T5_a_L,1,MN_all_right,147519,30.0
T4T5_a_L,1,MN_all_right,147543,41.0
T4T5_a_L,1,MN_all_right,147559,15.0
T4T5_a_L,1,MN_all_right,147606,1.0
T4T5_a_L,1,MN_all_right,147646,14.0
T4T5_a_L,1,MN_all_right,147672,6.0
T4T5_a_L,1,MN_all_right,147794,7.0
T4T5_a_L,1,MN_all_right,147905,12.0
T4T5_a_L,1,MN_all_right,147957,5.0
T4T5_a_L,1,MN_all_right,148017,17.0
T4T5_a_L,1,MN_all_right,148197,11.0
T4T5_a_L,1,MN_all_right,148201,3.0
T4T5_a_L,1,MN_all_right,148293,1.0
T4T5_a_L,1,MN_all_right,148422,61.0
T4T5_a_L,1,MN_all_right,148611,36.0
T4T5_a_L,1,MN_all_right,148814,28.0
T4T5_a_L,1,MN_all_right,148816,12.0
T4T5_a_L,1,MN_all_right,148823,5.0
T4T5_a_L,1,MN_all_right,148863,1.0
T4T5_a_L,1,MN_all_right,148985,1.0
T4T5_a_L,1,MN_all_right,149056,104.0
T4T5_a_L,1,MN_all_right,149327,22.0
T4T5_a_L,1,MN_all_right,149498,14.0
T4T5_a_L,1,MN_all_right,149895,12.0
T4T5_a_L,1,MN_all_right,150019,66.0
T4T5_a_L,1,MN_all_right,150152,4.0
T4T5_a_L,1,MN_all_right,150204,1.0
T4T5_a_L,1,MN_all_right,150362,13.0
T4T5_a_L,1,MN_all_right,150676,14.0
T4T5_a_L,1,MN_all_right,150738,6.0
T4T5_a_L,1,MN_all_right,150778,19.0
T4T5_a_L,1,MN_all_right,150989,14.0
T4T5_a_L,1,MN_all_right,152104,17.0
T4T5_a_L,1,MN_all_right,152528,22.0
T4T5_a_L,1,MN_all_right,153409,49.0
T4T5_a_L,1,MN_all_right,153686,1.0
T4T5_a_L,1,MN_all_right,153736,2.0
T4T5_a_L,1,MN_all_right,154055,15.0
T4T5_a_L,1,MN_all_right,154732,29.0
T4T5_a_L,1,MN_all_right,154941,66.0
T4T5_a_L,1,MN_all_right,155213,15.0
T4T5_a_L,1,MN_all_right,156301,5.0
T4T5_a_L,1,MN_all_right,158193,25.0
T4T5_a_L,1,MN_all_right,158204,1.0
T4T5_a_L,1,MN_all_right,158546,59.0
T4T5_a_L,1,MN_all_right,158670,25.0
T4T5_a_L,1,MN_all_right,158812,2.0
T4T5_a_L,1,MN_all_right,159225,84.0
T4T5_a_L,1,MN_all_right,159253,21.0
T4T5_a_L,1,MN_all_right,159286,4.0
T4T5_a_L,1,MN_all_right,159477,29.0
T4T5_a_L,1,MN_all_right,159478,4.0
T4T5_a_L,1,MN_all_right,159546,63.0
T4T5_a_L,1,MN_all_right,159896,12.0
T4T5_a_L,1,MN_all_right,160165,12.0
T4T5_a_L,1,MN_all_right,160191,3.0
T4T5_a_L,1,MN_all_right,160211,1.0
T4T5_a_L,1,MN_all_right,160245,25.0
T4T5_a_L,1,MN_all_right,160551,96.0
T4T5_a_L,1,MN_all_right,160892,1.0
T4T5_a_L,1,MN_all_right,162256,1.0
T4T5_a_L,1,MN_all_right,162556,2.0
T4T5_a_L,1,MN_all_right,162677,15.0
T4T5_a_L,1,MN_all_right,162781,102.0
T4T5_a_L,1,MN_all_right,164606,124.0
T4T5_a_L,1,MN_all_right,164614,109.0
T4T5_a_L,1,MN_all_right,164616,15.0
T4T5_a_L,2,DN_all_left,6,1.0
T4T5_a_L,2,DN_all_left,22,1.0
T4T5_a_L,2,DN_all_left,36,1.0
T4T5_a_L,2,DN_all_left,39,5.0
T4T5_a_L,2,DN_all_left,104,72.0
T4T5_a_L,2,DN_all_left,144,2.0
T4T5_a_L,2,DN_all_left,146,178.0
T4T5_a_L,2,DN_all_left,160,1.0
T4T5_a_L,2,DN_all_left,173,48.0
T4T5_a_L,2,DN_all_left,204,53.0
T4T5_a_L,2,DN_all_left,228,108.0
T4T5_a_L,2,DN_all_left,264,7.0
T4T5_a_L,2,DN_all_left,273,100.0
T4T5_a_L,2,DN_all_left,278,1.0
T4T5_a_L,2,DN_all_left,316,39.0
T4T5_a_L,2,DN_all_left,349,7.0
T4T5_a_L,2,DN_all_left,363,46.0
T4T5_a_L,2,DN_all_left,383,1.0
T4T5_a_L,2,DN_all_left,391,18.0
T4T5_a_L,2,DN_all_left,406,11.0
T4T5_a_L,2,DN_all_left,410,22.0
T4T5_a_L,2,DN_all_left,433,168.0
T4T5_a_L,2,DN_all_left,489,3.0
T4T5_a_L,2,DN_all_left,523,165.0
T4T5_a_L,2,DN_all_left,543,16.0
T4T5_a_L,2,DN_all_left,603,8.0
T4T5_a_L,2,DN_all_left,608,3.0
T4T5_a_L,2,DN_all_left,628,54.0
T4T5_a_L,2,DN_all_left,632,1.0
T4T5_a_L,2,DN_all_left,687,1.0
T4T5_a_L,2,DN_all_left,741,61.0
T4T5_a_L,2,DN_all_left,773,18.0
T4T5_a_L,2,DN_all_left,783,9.0
T4T5_a_L,2,DN_all_left,819,5.0
T4T5_a_L,2,DN_all_left,820,17.0
T4T5_a_L,2,DN_all_left,823,126.0
T4T5_a_L,2,DN_all_left,898,7.0
T4T5_a_L,2,DN_all_left,906,23.0
T4T5_a_L,2,DN_all_left,927,128.0
T4T5_a_L,2,DN_all_left,992,15.0
T4T5_a_L,2,DN_all_left,993,16.0
T4T5_a_L,2,DN_all_left,994,40.0
T4T5_a_L,2,DN_all_left,1047,89.0
T4T5_a_L,2,DN_all_left,1071,2.0
T4T5_a_L,2,DN_all_left,1111,75.0
T4T5_a_L,2,DN_all_left,1131,3.0
T4T5_a_L,2,DN_all_left,1132,1.0
T4T5_a_L,2,DN_all_left,1155,2.0
T4T5_a_L,2,DN_all_left,1170,36.0
T4T5_a_L,2,DN_all_left,1196,2.0
T4T5_a_L,2,DN_all_left,1273,20.0
T4T5_a_L,2,DN_all_left,1324,57.0
T4T5_a_L,2,DN_all_left,1328,1.0
T4T5_a_L,2,DN_all_left,1342,27.0
T4T5_a_L,2,DN_all_left,1361,55.0
T4T5_a_L,2,DN_all_left,1387,11.0
T4T5_a_L,2,DN_all_left,1392,2.0
T4T5_a_L,2,DN_all_left,1506,84.0
T4T5_a_L,2,DN_all_left,1545,13.0
T4T5_a_L,2,DN_all_left,1562,5.0
T4T5_a_L,2,DN_all_left,1591,55.0
T4T5_a_L,2,DN_all_left,1626,55.0
T4T5_a_L,2,DN_all_left,1677,5.0
T4T5_a_L,2,DN_all_left,1692,63.0
T4T5_a_L,2,DN_all_left,1724,60.0
T4T5_a_L,2,DN_all_left,1764,1.0
T4T5_a_L,2,DN_all_left,1821,1.0
T4T5_a_L,2,DN_all_left,1827,69.0
T4T5_a_L,2,DN_all_left,1833,2.0
T4T5_a_L,2,DN_all_left,1894,3.0
T4T5_a_L,2,DN_all_left,1935,127.0
T4T5_a_L,2,DN_all_left,1950,26.0
T4T5_a_L,2,DN_all_left,2047,3.0
T4T5_a_L,2,DN_all_left,2074,1.0
T4T5_a_L,2,DN_all_left,2093,1.0
T4T5_a_L,2,DN_all_left,2103,36.0
T4T5_a_L,2,DN_all_left,2154,11.0
T4T5_a_L,2,DN_all_left,2194,1.0
T4T5_a_L,2,DN_all_left,2286,38.0
T4T5_a_L,2,DN_all_left,2329,1.0
T4T5_a_L,2,DN_all_left,2386,1.0
T4T5_a_L,2,DN_all_left,2423,8.0
T4T5_a_L,2,DN_all_left,2449,4.0
T4T5_a_L,2,DN_all_left,2451,29.0
T4T5_a_L,2,DN_all_left,2465,45.0
T4T5_a_L,2,DN_all_left,2475,24.0
T4T5_a_L,2,DN_all_left,2583,55.0
T4T5_a_L,2,DN_all_left,2588,54.0
T4T5_a_L,2,DN_all_left,2620,1.0
T4T5_a_L,2,DN_all_left,2648,1.0
T4T5_a_L,2,DN_all_left,2666,48.0
T4T5_a_L,2,DN_all_left,2676,4.0
T4T5_a_L,2,DN_all_left,2688,5.0
T4T5_a_L,2,DN_all_left,2792,3.0
T4T5_a_L,2,DN_all_left,2816,13.0
T4T5_a_L,2,DN_all_left,2837,133.0
T4T5_a_L,2,DN_all_left,2868,15.0
T4T5_a_L,2,DN_all_left,2933,1.0
T4T5_a_L,2,DN_all_left,2984,6.0
T4T5_a_L,2,DN_all_left,3009,25.0
T4T5_a_L,2,DN_all_left,3084,123.0
T4T5_a_L,2,DN_all_left,3106,202.0
T4T5_a_L,2,DN_all_left,3184,33.0
T4T5_a_L,2,DN_all_left,3222,51.0
T4T5_a_L,2,DN_all_left,3223,4.0
T4T5_a_L,2,DN_all_left,3306,11.0
T4T5_a_L,2,DN_all_left,3331,194.0
T4T5_a_L,2,DN_all_left,3349,51.0
T4T5_a_L,2,DN_all_left,3390,11.0
T4T5_a_L,2,DN_all_left,3451,24.0
T4T5_a_L,2,DN_all_left,3505,14.0
T4T5_a_L,2,DN_all_left,3546,7.0
T4T5_a_L,2,DN_all_left,3569,12.0
T4T5_a_L,2,DN_all_left,3595,90.0
T4T5_a_L,2,DN_all_left,3597,1.0
T4T5_a_L,2,DN_all_left,3768,9.0
T4T5_a_L,2,DN_all_left,3770,55.0
T4T5_a_L,2,DN_all_left,3788,3.0
T4T5_a_L,2,DN_all_left,3935,1.0
T4T5_a_L,2,DN_all_left,3939,6.0
T4T5_a_L,2,DN_all_left,3966,37.0
T4T5_a_L,2,DN_all_left,4057,1.0
T4T5_a_L,2,DN_all_left,4335,83.0
T4T5_a_L,2,DN_all_left,4591,1.0
T4T5_a_L,2,DN_all_left,4609,54.0
T4T5_a_L,2,DN_all_left,4678,1.0
T4T5_a_L,2,DN_all_left,4679,50.0
T4T5_a_L,2,DN_all_left,4685,28.0
T4T5_a_L,2,DN_all_left,5023,2.0
T4T5_a_L,2,DN_all_left,5056,13.0
T4T5_a_L,2,DN_all_left,5067,47.0
T4T5_a_L,2,DN_all_left,5338,53.0
T4T5_a_L,2,DN_all_left,5616,14.0
T4T5_a_L,2,DN_all_left,5678,127.0
T4T5_a_L,2,DN_all_left,5867,44.0
T4T5_a_L,2,DN_all_left,5993,29.0
T4T5_a_L,2,DN_all_left,6736,15.0
T4T5_a_L,2,DN_all_left,6742,10.0
T4T5_a_L,2,DN_all_left,8284,11.0
T4T5_a_L,2,DN_all_left,8892,3.0
T4T5_a_L,2,DN_all_left,8977,22.0
T4T5_a_L,2,DN_all_left,9137,5.0
T4T5_a_L,2,DN_all_left,9207,12.0
T4T5_a_L,2,DN_all_left,9754,8.0
T4T5_a_L,2,DN_all_left,10000,44.0
T4T5_a_L,2,DN_all_left,10086,44.0
T4T5_a_L,2,DN_all_left,11249,22.0
T4T5_a_L,2,DN_all_left,12085,55.0
T4T5_a_L,2,DN_all_left,12839,53.0
T4T5_a_L,2,DN_all_left,12883,102.0
T4T5_a_L,2,DN_all_left,13339,38.0
T4T5_a_L,2,DN_all_left,13746,17.0
T4T5_a_L,2,DN_all_left,13881,1.0
T4T5_a_L,2,DN_all_left,14329,27.0
T4T5_a_L,2,DN_all_left,14440,4.0
T4T5_a_L,2,DN_all_left,14442,27.0
T4T5_a_L,2,DN_all_left,15020,1.0
T4T5_a_L,2,DN_all_left,15328,11.0
T4T5_a_L,2,DN_all_left,15782,18.0
T4T5_a_L,2,DN_all_left,15877,76.0
T4T5_a_L,2,DN_all_left,16002,6.0
T4T5_a_L,2,DN_all_left,17045,17.0
T4T5_a_L,2,DN_all_left,17073,27.0
T4T5_a_L,2,DN_all_left,17402,10.0
T4T5_a_L,2,DN_all_left,17744,79.0
T4T5_a_L,2,DN_all_left,19117,2.0
T4T5_a_L,2,DN_all_left,19578,1.0
T4T5_a_L,2,DN_all_left,20018,13.0
T4T5_a_L,2,DN_all_left,20649,40.0
T4T5_a_L,2,DN_all_left,21341,4.0
T4T5_a_L,2,DN_all_left,21944,4.0
T4T5_a_L,2,DN_all_left,22768,53.0
T4T5_a_L,2,DN_all_left,22875,27.0
T4T5_a_L,2,DN_all_left,22975,60.0
T4T5_a_L,2,DN_all_left,23212,19.0
T4T5_a_L,2,DN_all_left,23287,18.0
T4T5_a_L,2,DN_all_left,24331,46.0
T4T5_a_L,2,DN_all_left,25434,23.0
T4T5_a_L,2,DN_all_left,25769,28.0
T4T5_a_L,2,DN_all_left,27226,1.0
T4T5_a_L,2,DN_all_left,28642,21.0
T4T5_a_L,2,DN_all_left,28761,13.0
T4T5_a_L,2,DN_all_left,28804,25.0
T4T5_a_L,2,DN_all_left,53674,20.0
T4T5_a_L,2,DN_all_left,53936,5.0
T4T5_a_L,2,DN_all_left,60324,12.0
T4T5_a_L,2,DN_all_left,60365,32.0
T4T5_a_L,2,DN_all_left,70432,9.0
T4T5_a_L,2,DN_all_left,72879,5.0
T4T5_a_L,2,DN_all_left,116552,32.0
T4T5_a_L,2,DN_all_left,120322,6.0
T4T5_a_L,2,DN_all_left,120875,47.0
T4T5_a_L,2,DN_all_left,121296,1.0
T4T5_a_L,2,DN_all_left,124448,60.0
T4T5_a_L,2,DN_all_left,124813,1.0
T4T5_a_L,2,DN_all_left,124969,80.0
T4T5_a_L,2,DN_all_left,124970,7.0
T4T5_a_L,2,DN_all_left,125112,131.0
T4T5_a_L,2,DN_all_left,126100,23.0
T4T5_a_L,2,DN_all_left,127958,46.0
T4T5_a_L,2,DN_all_left,128687,1.0
T4T5_a_L,2,DN_all_left,128725,98.0
T4T5_a_L,2,DN_all_left,128822,9.0
T4T5_a_L,2,DN_all_left,128862,39.0
T4T5_a_L,2,DN_all_left,128964,118.0
T4T5_a_L,2,DN_all_left,129520,25.0
T4T5_a_L,2,DN_all_left,129654,1.0
T4T5_a_L,2,DN_all_left,130077,2.0
T4T5_a_L,2,DN_all_left,130249,21.0
T4T5_a_L,2,DN_all_left,130311,9.0
T4T5_a_L,2,DN_all_left,130496,145.0
T4T5_a_L,2,DN_all_left,130499,50.0
T4T5_a_L,2,DN_all_left,130616,2.0
T4T5_a_L,2,DN_all_left,131552,1.0
T4T5_a_L,2,DN_all_left,132535,55.0
T4T5_a_L,2,DN_all_left,132582,5.0
T4T5_a_L,2,DN_all_left,132965,4.0
T4T5_a_L,2,DN_all_left,133740,1.0
T4T5_a_L,2,DN_all_left,135657,69.0
T4T5_a_L,2,DN_all_left,139863,3.0
T4T5_a_L,2,DN_all_left,140913,9.0
T4T5_a_L,2,DN_all_left,140941,1.0
T4T5_a_L,2,DN_all_left,141026,79.0
T4T5_a_L,2,DN_all_left,141033,7.0
T4T5_a_L,2,DN_all_left,142108,97.0
T4T5_a_L,2,DN_all_left,142174,53.0
T4T5_a_L,2,DN_all_left,144939,5.0
T4T5_a_L,2,DN_all_right,25,69.0
T4T5_a_L,2,DN_all_right,46,1.0
T4T5_a_L,2,DN_all_right,51,34.0
T4T5_a_L,2,DN_all_right,52,91.0
T4T5_a_L,2,DN_all_right,137,5.0
T4T5_a_L,2,DN_all_right,194,18.0
T4T5_a_L,2,DN_all_right,215,75.0
T4T5_a_L,2,DN_all_right,243,110.0
T4T5_a_L,2,DN_all_right,258,15.0
T4T5_a_L,2,DN_all_right,311,6.0
T4T5_a_L,2,DN_all_right,327,40.0
T4T5_a_L,2,DN_all_right,397,19.0
T4T5_a_L,2,DN_all_right,404,1.0
T4T5_a_L,2,DN_all_right,428,46.0
T4T5_a_L,2,DN_all_right,467,23.0
T4T5_a_L,2,DN_all_right,616,29.0
T4T5_a_L,2,DN_all_right,624,19.0
T4T5_a_L,2,DN_all_right,704,2.0
T4T5_a_L,2,DN_all_right,706,2.0
T4T5_a_L,2,DN_all_right,762,60.0
T4T5_a_L,2,DN_all_right,763,1.0
T4T5_a_L,2,DN_all_right,777,2.0
T4T5_a_L,2,DN_all_right,809,3.0
T4T5_a_L,2,DN_all_right,828,1.0
T4T5_a_L,2,DN_all_right,854,1.0
T4T5_a_L,2,DN_all_right,886,50.0
T4T5_a_L,2,DN_all_right,894,84.0
T4T5_a_L,2,DN_all_right,902,3.0
T4T5_a_L,2,DN_all_right,911,1.0
T4T5_a_L,2,DN_all_right,987,1.0
T4T5_a_L,2,DN_all_right,988,6.0
T4T5_a_L,2,DN_all_right,1021,63.0
T4T5_a_L,2,DN_all_right,1032,6.0
T4T5_a_L,2,DN_all_right,1048,1.0
T4T5_a_L,2,DN_all_right,1082,11.0
T4T5_a_L,2,DN_all_right,1092,6.0
T4T5_a_L,2,DN_all_right,1108,22.0
T4T5_a_L,2,DN_all_right,1150,2.0
T4T5_a_L,2,DN_all_right,1165,9.0
T4T5_a_L,2,DN_all_right,1166,1.0
T4T5_a_L,2,DN_all_right,1168,1.0
T4T5_a_L,2,DN_all_right,1205,1.0
T4T5_a_L,2,DN_all_right,1210,91.0
T4T5_a_L,2,DN_all_right,1240,1.0
T4T5_a_L,2,DN_all_right,1242,1.0
T4T5_a_L,2,DN_all_right,1269,66.0
T4T5_a_L,2,DN_all_right,1277,6.0
T4T5_a_L,2,DN_all_right,1329,5.0
T4T5_a_L,2,DN_all_right,1382,22.0
T4T5_a_L,2,DN_all_right,1400,7.0
T4T5_a_L,2,DN_all_right,1405,33.0
T4T5_a_L,2,DN_all_right,1412,38.0
T4T5_a_L,2,DN_all_right,1457,6.0
T4T5_a_L,2,DN_all_right,1492,12.0
T4T5_a_L,2,DN_all_right,1502,1.0
T4T5_a_L,2,DN_all_right,1515,2.0
T4T5_a_L,2,DN_all_right,1581,16.0
T4T5_a_L,2,DN_all_right,1593,10.0
T4T5_a_L,2,DN_all_right,1648,1.0
T4T5_a_L,2,DN_all_right,1653,37.0
T4T5_a_L,2,DN_all_right,1699,45.0
T4T5_a_L,2,DN_all_right,1910,2.0
T4T5_a_L,2,DN_all_right,1941,1.0
T4T5_a_L,2,DN_all_right,1954,1.0
T4T5_a_L,2,DN_all_right,1965,8.0
T4T5_a_L,2,DN_all_right,1995,2.0
T4T5_a_L,2,DN_all_right,2079,18.0
T4T5_a_L,2,DN_all_right,2094,41.0
T4T5_a_L,2,DN_all_right,2120,1.0
T4T5_a_L,2,DN_all_right,2218,9.0
T4T5_a_L,2,DN_all_right,2222,1.0
T4T5_a_L,2,DN_all_right,2251,7.0
T4T5_a_L,2,DN_all_right,2295,1.0
T4T5_a_L,2,DN_all_right,2325,63.0
T4T5_a_L,2,DN_all_right,2332,5.0
T4T5_a_L,2,DN_all_right,2350,1.0
T4T5_a_L,2,DN_all_right,2358,3.0
T4T5_a_L,2,DN_all_right,2433,8.0
T4T5_a_L,2,DN_all_right,2495,11.0
T4T5_a_L,2,DN_all_right,2572,10.0
T4T5_a_L,2,DN_all_right,2575,23.0
T4T5_a_L,2,DN_all_right,2600,48.0
T4T5_a_L,2,DN_all_right,2606,34.0
T4T5_a_L,2,DN_all_right,2607,2.0
T4T5_a_L,2,DN_all_right,2613,3.0
T4T5_a_L,2,DN_all_right,2659,26.0
T4T5_a_L,2,DN_all_right,2752,11.0
T4T5_a_L,2,DN_all_right,2830,2.0
T4T5_a_L,2,DN_all_right,2841,12.0
T4T5_a_L,2,DN_all_right,3059,25.0
T4T5_a_L,2,DN_all_right,3068,2.0
T4T5_a_L,2,DN_all_right,3132,3.0
T4T5_a_L,2,DN_all_right,3220,202.0
T4T5_a_L,2,DN_all_right,3278,24.0
T4T5_a_L,2,DN_all_right,3348,59.0
T4T5_a_L,2,DN_all_right,3383,11.0
T4T5_a_L,2,DN_all_right,3403,14.0
T4T5_a_L,2,DN_all_right,3491,31.0
T4T5_a_L,2,DN_all_right,3593,7.0
T4T5_a_L,2,DN_all_right,3625,7.0
T4T5_a_L,2,DN_all_right,3654,1.0
T4T5_a_L,2,DN_all_right,3694,7.0
T4T5_a_L,2,DN_all_right,3707,1.0
T4T5_a_L,2,DN_all_right,3754,39.0
T4T5_a_L,2,DN_all_right,3811,31.0
T4T5_a_L,2,DN_all_right,3828,3.0
T4T5_a_L,2,DN_all_right,3862,1.0
T4T5_a_L,2,DN_all_right,3945,62.0
T4T5_a_L,2,DN_all_right,3997,2.0
T4T5_a_L,2,DN_all_right,4020,49.0
T4T5_a_L,2,DN_all_right,4042,15.0
T4T5_a_L,2,DN_all_right,4078,24.0
T4T5_a_L,2,DN_all_right,4098,23.0
T4T5_a_L,2,DN_all_right,4120,4.0
T4T5_a_L,2,DN_all_right,4479,7.0
T4T5_a_L,2,DN_all_right,4559,3.0
T4T5_a_L,2,DN_all_right,4641,33.0
T4T5_a_L,2,DN_all_right,4645,34.0
T4T5_a_L,2,DN_all_right,4663,5.0
T4T5_a_L,2,DN_all_right,4680,1.0
T4T5_a_L,2,DN_all_right,5026,20.0
T4T5_a_L,2,DN_all_right,5027,20.0
T4T5_a_L,2,DN_all_right,5124,11.0
T4T5_a_L,2,DN_all_right,5211,1.0
T4T5_a_L,2,DN_all_right,5381,1.0
T4T5_a_L,2,DN_all_right,5390,2.0
T4T5_a_L,2,DN_all_right,5458,32.0
T4T5_a_L,2,DN_all_right,5739,8.0
T4T5_a_L,2,DN_all_right,5841,1.0
T4T5_a_L,2,DN_all_right,6169,12.0
T4T5_a_L,2,DN_all_right,6427,12.0
T4T5_a_L,2,DN_all_right,6701,3.0
T4T5_a_L,2,DN_all_right,7468,1.0
T4T5_a_L,2,DN_all_right,8815,18.0
T4T5_a_L,2,DN_all_right,9254,109.0
T4T5_a_L,2,DN_all_right,9348,1.0
T4T5_a_L,2,DN_all_right,9458,33.0
T4T5_a_L,2,DN_all_right,9780,93.0
T4T5_a_L,2,DN_all_right,9912,60.0
T4T5_a_L,2,DN_all_right,10343,8.0
T4T5_a_L,2,DN_all_right,11239,29.0
T4T5_a_L,2,DN_all_right,11504,55.0
T4T5_a_L,2,DN_all_right,12150,44.0
T4T5_a_L,2,DN_all_right,12572,46.0
T4T5_a_L,2,DN_all_right,12991,5.0
T4T5_a_L,2,DN_all_right,14044,7.0
T4T5_a_L,2,DN_all_right,14496,29.0
T4T5_a_L,2,DN_all_right,15028,23.0
T4T5_a_L,2,DN_all_right,15460,39.0
T4T5_a_L,2,DN_all_right,15893,22.0
T4T5_a_L,2,DN_all_right,16849,20.0
T4T5_a_L,2,DN_all_right,17081,3.0
T4T5_a_L,2,DN_all_right,17700,43.0
T4T5_a_L,2,DN_all_right,17897,16.0
T4T5_a_L,2,DN_all_right,18221,12.0
T4T5_a_L,2,DN_all_right,18461,10.0
T4T5_a_L,2,DN_all_right,18857,18.0
T4T5_a_L,2,DN_all_right,18950,1.0
T4T5_a_L,2,DN_all_right,19450,23.0
T4T5_a_L,2,DN_all_right,21553,1.0
T4T5_a_L,2,DN_all_right,21674,5.0
T4T5_a_L,2,DN_all_right,23453,8.0
T4T5_a_L,2,DN_all_right,23861,30.0
T4T5_a_L,2,DN_all_right,27054,1.0
T4T5_a_L,2,DN_all_right,27448,3.0
T4T5_a_L,2,DN_all_right,27532,5.0
T4T5_a_L,2,DN_all_right,29289,9.0
T4T5_a_L,2,DN_all_right,31901,1.0
T4T5_a_L,2,DN_all_right,42917,11.0
T4T5_a_L,2,DN_all_right,47173,38.0
T4T5_a_L,2,DN_all_right,63360,12.0
T4T5_a_L,2,DN_all_right,72835,35.0
T4T5_a_L,2,DN_all_right,73956,4.0
T4T5_a_L,2,DN_all_right,107658,13.0
T4T5_a_L,2,DN_all_right,117981,32.0
T4T5_a_L,2,DN_all_right,118808,13.0
T4T5_a_L,2,DN_all_right,121193,6.0
T4T5_a_L,2,DN_all_right,121642,22.0
T4T5_a_L,2,DN_all_right,122053,1.0
T4T5_a_L,2,DN_all_right,122136,15.0
T4T5_a_L,2,DN_all_right,123333,50.0
T4T5_a_L,2,DN_all_right,124419,3.0
T4T5_a_L,2,DN_all_right,124920,46.0
T4T5_a_L,2,DN_all_right,125699,5.0
T4T5_a_L,2,DN_all_right,125795,10.0
T4T5_a_L,2,DN_all_right,126404,136.0
T4T5_a_L,2,DN_all_right,126772,1.0
T4T5_a_L,2,DN_all_right,127734,8.0
T4T5_a_L,2,DN_all_right,127758,5.0
T4T5_a_L,2,DN_all_right,128032,70.0
T4T5_a_L,2,DN_all_right,128692,1.0
T4T5_a_L,2,DN_all_right,129659,11.0
T4T5_a_L,2,DN_all_right,129718,55.0
T4T5_a_L,2,DN_all_right,129873,2.0
T4T5_a_L,2,DN_all_right,130847,40.0
T4T5_a_L,2,DN_all_right,130858,83.0
T4T5_a_L,2,DN_all_right,131136,89.0
T4T5_a_L,2,DN_all_right,131434,60.0
T4T5_a_L,2,DN_all_right,133816,1.0
T4T5_a_L,2,DN_all_right,140621,10.0
T4T5_a_L,2,DN_all_right,140908,1.0
T4T5_a_L,2,DN_all_right,141051,56.0
T4T5_a_L,2,DN_all_right,141735,37.0
T4T5_a_L,2,DN_all_right,143416,30.0
T4T5_a_L,2,DN_all_right,144269,58.0
T4T5_a_L,2,DN_all_right,145368,1.0
T4T5_a_L,2,DN_all_right,161396,39.0
T4T5_a_L,2,MN_all_left,111304,1.0
T4T5_a_L,2,MN_all_left,142836,93.0
T4T5_a_L,2,MN_all_left,142929,52.0
T4T5_a_L,2,MN_all_left,142964,83.0
T4T5_a_L,2,MN_all_left,143064,9.0
T4T5_a_L,2,MN_all_left,143088,125.0
T4T5_a_L,2,MN_all_left,143189,5.0
T4T5_a_L,2,MN_all_left,143221,2.0
T4T5_a_L,2,MN_all_left,143231,12.0
T4T5_a_L,2,MN_all_left,143243,26.0
T4T5_a_L,2,MN_all_left,143252,37.0
T4T5_a_L,2,MN_all_left,143259,49.0
T4T5_a_L,2,MN_all_left,143322,145.0
T4T5_a_L,2,MN_all_left,143353,28.0
T4T5_a_L,2,MN_all_left,143418,13.0
T4T5_a_L,2,MN_all_left,143445,148.0
T4T5_a_L,2,MN_all_left,143464,51.0
T4T5_a_L,2,MN_all_left,143478,36.0
T4T5_a_L,2,MN_all_left,143540,61.0
T4T5_a_L,2,MN_all_left,143626,11.0
T4T5_a_L,2,MN_all_left,143654,76.0
T4T5_a_L,2,MN_all_left,143690,43.0
T4T5_a_L,2,MN_all_left,143700,58.0
T4T5_a_L,2,MN_all_left,143751,58.0
T4T5_a_L,2,MN_all_left,143760,39.0
T4T5_a_L,2,MN_all_left,143766,2.0
T4T5_a_L,2,MN_all_left,143773,62.0
T4T5_a_L,2,MN_all_left,143860,2.0
T4T5_a_L,2,MN_all_left,143949,38.0
T4T5_a_L,2,MN_all_left,144086,6.0
T4T5_a_L,2,MN_all_left,144111,10.0
T4T5_a_L,2,MN_all_left,144209,152.0
T4T5_a_L,2,MN_all_left,144234,80.0
T4T5_a_L,2,MN_all_left,144248,37.0
T4T5_a_L,2,MN_all_left,144265,146.0
T4T5_a_L,2,MN_all_left,144290,5.0
T4T5_a_L,2,MN_all_left,144377,1.0
T4T5_a_L,2,MN_all_left,144382,25.0
T4T5_a_L,2,MN_all_left,144400,3.0
T4T5_a_L,2,MN_all_left,144439,14.0
T4T5_a_L,2,MN_all_left,144450,16.0
T4T5_a_L,2,MN_all_left,144465,23.0
T4T5_a_L,2,MN_all_left,144508,1.0
T4T5_a_L,2,MN_all_left,144538,6.0
T4T5_a_L,2,MN_all_left,144576,15.0
T4T5_a_L,2,MN_all_left,144584,2.0
T4T5_a_L,2,MN_all_left,144657,1.0
T4T5_a_L,2,MN_all_left,144687,1.0
T4T5_a_L,2,MN_all_left,144821,56.0
T4T5_a_L,2,MN_all_left,144860,24.0
T4T5_a_L,2,MN_all_left,144878,113.0
T4T5_a_L,2,MN_all_left,144974,48.0
T4T5_a_L,2,MN_all_left,145034,133.0
T4T5_a_L,2,MN_all_left,145063,9.0
T4T5_a_L,2,MN_all_left,145081,23.0
T4T5_a_L,2,MN_all_left,145109,1.0
T4T5_a_L,2,MN_all_left,145198,67.0
T4T5_a_L,2,MN_all_left,145217,5.0
T4T5_a_L,2,MN_all_left,145274,79.0
T4T5_a_L,2,MN_all_left,145303,11.0
T4T5_a_L,2,MN_all_left,145351,38.0
T4T5_a_L,2,MN_all_left,145382,3.0
T4T5_a_L,2,MN_all_left,145405,4.0
T4T5_a_L,2,MN_all_left,145438,6.0
T4T5_a_L,2,MN_all_left,145476,62.0
T4T5_a_L,2,MN_all_left,145483,36.0
T4T5_a_L,2,MN_all_left,145564,19.0
T4T5_a_L,2,MN_all_left,145660,32.0
T4T5_a_L,2,MN_all_left,145672,16.0
T4T5_a_L,2,MN_all_left,145732,6.0
T4T5_a_L,2,MN_all_left,145766,29.0
T4T5_a_L,2,MN_all_left,145796,117.0
T4T5_a_L,2,MN_all_left,145805,6.0
T4T5_a_L,2,MN_all_left,145911,2.0
T4T5_a_L,2,MN_all_left,145918,1.0
T4T5_a_L,2,MN_all_left,145975,7.0
T4T5_a_L,2,MN_all_left,146072,13.0
T4T5_a_L,2,MN_all_left,146107,9.0
T4T5_a_L,2,MN_all_left,146190,2.0
T4T5_a_L,2,MN_all_left,146233,5.0
T4T5_a_L,2,MN_all_left,146494,1.0
T4T5_a_L,2,MN_all_left,146498,21.0
T4T5_a_L,2,MN_all_left,146556,2.0
T4T5_a_L,2,MN_all_left,146571,45.0
T4T5_a_L,2,MN_all_left,146590,34.0
T4T5_a_L,2,MN_all_left,146748,119.0
T4T5_a_L,2,MN_all_left,147111,49.0
T4T5_a_L,2,MN_all_left,147153,14.0
T4T5_a_L,2,MN_all_left,147241,21.0
T4T5_a_L,2,MN_all_left,147254,18.0
T4T5_a_L,2,MN_all_left,147272,18.0
T4T5_a_L,2,MN_all_left,147311,29.0
T4T5_a_L,2,MN_all_left,147343,2.0
T4T5_a_L,2,MN_all_left,147418,5.0
T4T5_a_L,2,MN_all_left,147449,12.0
T4T5_a_L,2,MN_all_left,147492,13.0
T4T5_a_L,2,MN_all_left,147569,18.0
T4T5_a_L,2,MN_all_left,147690,34.0
T4T5_a_L,2,MN_all_left,147730,33.0
T4T5_a_L,2,MN_all_left,147844,56.0
T4T5_a_L,2,MN_all_left,147977,3.0
T4T5_a_L,2,MN_all_left,148126,10.0
T4T5_a_L,2,MN_all_left,148144,7.0
T4T5_a_L,2,MN_all_left,148349,3.0
T4T5_a_L,2,MN_all_left,148397,1.0
T4T5_a_L,2,MN_all_left,148537,16.0
T4T5_a_L,2,MN_all_left,148589,53.0
T4T5_a_L,2,MN_all_left,148668,28.0
T4T5_a_L,2,MN_all_left,148779,6.0
T4T5_a_L,2,MN_all_left,148852,9.0
T4T5_a_L,2,MN_all_left,148953,102.0
T4T5_a_L,2,MN_all_left,149011,8.0
T4T5_a_L,2,MN_all_left,149101,12.0
T4T5_a_L,2,MN_all_left,149557,6.0
T4T5_a_L,2,MN_all_left,149592,45.0
T4T5_a_L,2,MN_all_left,149636,6.0
T4T5_a_L,2,MN_all_left,149722,14.0
T4T5_a_L,2,MN_all_left,150276,50.0
T4T5_a_L,2,MN_all_left,150280,5.0
T4T5_a_L,2,MN_all_left,150354,8.0
T4T5_a_L,2,MN_all_left,150864,29.0
T4T5_a_L,2,MN_all_left,152375,1.0
T4T5_a_L,2,MN_all_left,152535,36.0
T4T5_a_L,2,MN_all_left,152793,15.0
T4T5_a_L,2,MN_all_left,154142,14.0
T4T5_a_L,2,MN_all_left,154315,69.0
T4T5_a_L,2,MN_all_left,154887,50.0
T4T5_a_L,2,MN_all_left,154980,7.0
T4T5_a_L,2,MN_all_left,156887,26.0
T4T5_a_L,2,MN_all_left,157619,3.0
T4T5_a_L,2,MN_all_left,158328,1.0
T4T5_a_L,2,MN_all_left,158556,7.0
T4T5_a_L,2,MN_all_left,158604,2.0
T4T5_a_L,2,MN_all_left,158794,32.0
T4T5_a_L,2,MN_all_left,159087,38.0
T4T5_a_L,2,MN_all_left,159287,2.0
T4T5_a_L,2,MN_all_left,159288,6.0
T4T5_a_L,2,MN_all_left,159488,2.0
T4T5_a_L,2,MN_all_left,159489,68.0
T4T5_a_L,2,MN_all_left,159664,46.0
T4T5_a_L,2,MN_all_left,159777,1.0
T4T5_a_L,2,MN_all_left,159993,128.0
T4T5_a_L,2,MN_all_left,160137,56.0
T4T5_a_L,2,MN_all_left,160430,34.0
T4T5_a_L,2,MN_all_left,160448,116.0
T4T5_a_L,2,MN_all_left,160846,1.0
T4T5_a_L,2,MN_all_left,160854,34.0
T4T5_a_L,2,MN_all_left,162557,30.0
T4T5_a_L,2,MN_all_left,162678,68.0
T4T5_a_L,2,MN_all_left,162782,130.0
T4T5_a_L,2,MN_all_left,162796,123.0
T4T5_a_L,2,MN_all_left,162914,38.0
T4T5_a_L,2,MN_all_left,164603,26.0
T4T5_a_L,2,MN_all_left,164626,2.0
T4T5_a_L,2,MN_all_left,164726,1.0
T4T5_a_L,2,MN_all_right,142834,138.0
T4T5_a_L,2,MN_all_right,142911,2.0
T4T5_a_L,2,MN_all_right,142932,29.0
T4T5_a_L,2,MN_all_right,142956,1.0
T4T5_a_L,2,MN_all_right,142999,3.0
T4T5_a_L,2,MN_all_right,143140,11.0
T4T5_a_L,2,MN_all_right,143200,62.0
T4T5_a_L,2,MN_all_right,143217,2.0
T4T5_a_L,2,MN_all_right,143244,1.0
T4T5_a_L,2,MN_all_right,143277,8.0
T4T5_a_L,2,MN_all_right,143304,58.0
T4T5_a_L,2,MN_all_right,143341,43.0
T4T5_a_L,2,MN_all_right,143454,39.0
T4T5_a_L,2,MN_all_right,143460,6.0
T4T5_a_L,2,MN_all_right,143467,29.0
T4T5_a_L,2,MN_all_right,143566,40.0
T4T5_a_L,2,MN_all_right,143567,39.0
T4T5_a_L,2,MN_all_right,143581,39.0
T4T5_a_L,2,MN_all_right,143589,1.0
T4T5_a_L,2,MN_all_right,143635,27.0
T4T5_a_L,2,MN_all_right,143643,2.0
T4T5_a_L,2,MN_all_right,143728,35.0
T4T5_a_L,2,MN_all_right,143754,152.0
T4T5_a_L,2,MN_all_right,143786,51.0
T4T5_a_L,2,MN_all_right,143796,26.0
T4T5_a_L,2,MN_all_right,143828,6.0
T4T5_a_L,2,MN_all_right,143830,2.0
T4T5_a_L,2,MN_all_right,143900,23.0
T4T5_a_L,2,MN_all_right,144043,134.0
T4T5_a_L,2,MN_all_right,144076,1.0
T4T5_a_L,2,MN_all_right,144107,3.0
T4T5_a_L,2,MN_all_right,144149,54.0
T4T5_a_L,2,MN_all_right,144151,5.0
T4T5_a_L,2,MN_all_right,144152,124.0
T4T5_a_L,2,MN_all_right,144158,51.0
T4T5_a_L,2,MN_all_right,144211,3.0
T4T5_a_L,2,MN_all_right,144246,37.0
T4T5_a_L,2,MN_all_right,144285,161.0
T4T5_a_L,2,MN_all_right,144312,4.0
T4T5_a_L,2,MN_all_right,144328,6.0
T4T5_a_L,2,MN_all_right,144338,38.0
T4T5_a_L,2,MN_all_right,144391,1.0
T4T5_a_L,2,MN_all_right,144392,45.0
T4T5_a_L,2,MN_all_right,144466,69.0
T4T5_a_L,2,MN_all_right,144516,1.0
T4T5_a_L,2,MN_all_right,144652,9.0
T4T5_a_L,2,MN_all_right,144664,21.0
T4T5_a_L,2,MN_all_right,144682,134.0
T4T5_a_L,2,MN_all_right,144790,10.0
T4T5_a_L,2,MN_all_right,144899,33.0
T4T5_a_L,2,MN_all_right,144918,3.0
T4T5_a_L,2,MN_all_right,144952,15.0
T4T5_a_L,2,MN_all_right,144987,2.0
T4T5_a_L,2,MN_all_right,145007,47.0
T4T5_a_L,2,MN_all_right,145064,133.0
T4T5_a_L,2,MN_all_right,145127,124.0
T4T5_a_L,2,MN_all_right,145221,20.0
T4T5_a_L,2,MN_all_right,145278,14.0
T4T5_a_L,2,MN_all_right,145458,10.0
T4T5_a_L,2,MN_all_right,145461,14.0
T4T5_a_L,2,MN_all_right,145492,107.0
T4T5_a_L,2,MN_all_right,145581,46.0
T4T5_a_L,2,MN_all_right,145592,42.0
T4T5_a_L,2,MN_all_right,145621,7.0
T4T5_a_L,2,MN_all_right,145653,22.0
T4T5_a_L,2,MN_all_right,145721,1.0
T4T5_a_L,2,MN_all_right,145738,6.0
T4T5_a_L,2,MN_all_right,145832,2.0
T4T5_a_L,2,MN_all_right,145953,17.0
T4T5_a_L,2,MN_all_right,145960,29.0
T4T5_a_L,2,MN_all_right,146056,17.0
T4T5_a_L,2,MN_all_right,146130,24.0
T4T5_a_L,2,MN_all_right,146173,3.0
T4T5_a_L,2,MN_all_right,146318,9.0
T4T5_a_L,2,MN_all_right,146668,1.0
T4T5_a_L,2,MN_all_right,146701,17.0
T4T5_a_L,2,MN_all_right,146725,70.0
T4T5_a_L,2,MN_all_right,146879,3.0
T4T5_a_L,2,MN_all_right,147037,26.0
T4T5_a_L,2,MN_all_right,147184,14.0
T4T5_a_L,2,MN_all_right,147267,26.0
T4T5_a_L,2,MN_all_right,147423,1.0
T4T5_a_L,2,MN_all_right,147470,19.0
T4T5_a_L,2,MN_all_right,147519,16.0
T4T5_a_L,2,MN_all_right,147543,19.0
T4T5_a_L,2,MN_all_right,147559,21.0
T4T5_a_L,2,MN_all_right,147646,23.0
T4T5_a_L,2,MN_all_right,147672,20.0
T4T5_a_L,2,MN_all_right,147794,13.0
T4T5_a_L,2,MN_all_right,147905,27.0
T4T5_a_L,2,MN_all_right,147957,21.0
T4T5_a_L,2,MN_all_right,148197,7.0
T4T5_a_L,2,MN_all_right,148201,8.0
T4T5_a_L,2,MN_all_right,148237,2.0
T4T5_a_L,2,MN_all_right,148293,6.0
T4T5_a_L,2,MN_all_right,148422,56.0
T4T5_a_L,2,MN_all_right,148611,11.0
T4T5_a_L,2,MN_all_right,148616,2.0
T4T5_a_L,2,MN_all_right,148814,40.0
T4T5_a_L,2,MN_all_right,148816,3.0
T4T5_a_L,2,MN_all_right,148823,6.0
T4T5_a_L,2,MN_all_right,148863,8.0
T4T5_a_L,2,MN_all_right,148985,5.0
T4T5_a_L,2,MN_all_right,149056,109.0
T4T5_a_L,2,MN_all_right,149209,2.0
T4T5_a_L,2,MN_all_right,149327,1.0
T4T5_a_L,2,MN_all_right,149491,1.0
T4T5_a_L,2,MN_all_right,149498,48.0
T4T5_a_L,2,MN_all_right,149895,39.0
T4T5_a_L,2,MN_all_right,149996,5.0
T4T5_a_L,2,MN_all_right,150019,72.0
T4T5_a_L,2,MN_all_right,150152,10.0
T4T5_a_L,2,MN_all_right,150204,1.0
T4T5_a_L,2,MN_all_right,150362,39.0
T4T5_a_L,2,MN_all_right,150778,16.0
T4T5_a_L,2,MN_all_right,152104,5.0
T4T5_a_L,2,MN_all_right,152528,1.0
T4T5_a_L,2,MN_all_right,153409,23.0
T4T5_a_L,2,MN_all_right,153686,1.0
T4T5_a_L,2,MN_all_right,153736,17.0
T4T5_a_L,2,MN_all_right,154055,45.0
T4T5_a_L,2,MN_all_right,154732,30.0
T4T5_a_L,2,MN_all_right,154941,64.0
T4T5_a_L,2,MN_all_right,155213,19.0
T4T5_a_L,2,MN_all_right,156301,1.0
T4T5_a_L,2,MN_all_right,158193,14.0
T4T5_a_L,2,MN_all_right,158204,2.0
T4T5_a_L,2,MN_all_right,158546,44.0
T4T5_a_L,2,MN_all_right,158670,10.0
T4T5_a_L,2,MN_all_right,158812,6.0
T4T5_a_L,2,MN_all_right,159225,91.0
T4T5_a_L,2,MN_all_right,159253,13.0
T4T5_a_L,2,MN_all_right,159286,8.0
T4T5_a_L,2,MN_all_right,159477,40.0
T4T5_a_L,2,MN_all_right,159478,15.0
T4T5_a_L,2,MN_all_right,159546,73.0
T4T5_a_L,2,MN_all_right,160124,1.0
T4T5_a_L,2,MN_all_right,160165,40.0
T4T5_a_L,2,MN_all_right,160191,6.0
T4T5_a_L,2,MN_all_right,160211,5.0
T4T5_a_L,2,MN_all_right,160245,14.0
T4T5_a_L,2,MN_all_right,160551,92.0
T4T5_a_L,2,MN_all_right,160892,7.0
T4T5_a_L,2,MN_all_right,161826,2.0
T4T5_a_L,2,MN_all_right,162256,1.0
T4T5_a_L,2,MN_all_right,162556,7.0
T4T5_a_L,2,MN_all_right,162567,1.0
T4T5_a_L,2,MN_all_right,162677,6.0
T4T5_a_L,2,MN_all_right,162781,108.0
T4T5_a_L,2,MN_all_right,164606,154.0
T4T5_a_L,2,MN_all_right,164614,115.0
T4T5_a_L,3,DN_all_left,6,1.0
T4T5_a_L,3,DN_all_left,22,1.0
T4T5_a_L,3,DN_all_left,36,1.0
T4T5_a_L,3,DN_all_left,39,4.0
T4T5_a_L,3,DN_all_left,104,232.0
T4T5_a_L,3,DN_all_left,109,58.0
T4T5_a_L,3,DN_all_left,127,9.0
T4T5_a_L,3,DN_all_left,144,2.0
T4T5_a_L,3,DN_all_left,146,181.0
T4T5_a_L,3,DN_all_left,160,1.0
T4T5_a_L,3,DN_all_left,173,12.0
T4T5_a_L,3,DN_all_left,204,59.0
T4T5_a_L,3,DN_all_left,228,112.0
T4T5_a_L,3,DN_all_left,264,64.0
T4T5_a_L,3,DN_all_left,273,110.0
T4T5_a_L,3,DN_all_left,278,1.0
T4T5_a_L,3,DN_all_left,316,66.0
T4T5_a_L,3,DN_all_left,349,110.0
T4T5_a_L,3,DN_all_left,363,46.0
T4T5_a_L,3,DN_all_left,383,1.0
T4T5_a_L,3,DN_all_left,391,7.0
T4T5_a_L,3,DN_all_left,410,27.0
T4T5_a_L,3,DN_all_left,433,166.0
T4T5_a_L,3,DN_all_left,446,37.0
T4T5_a_L,3,DN_all_left,489,4.0
T4T5_a_L,3,DN_all_left,514,18.0
T4T5_a_L,3,DN_all_left,523,167.0
T4T5_a_L,3,DN_all_left,543,12.0
T4T5_a_L,3,DN_all_left,603,2.0
T4T5_a_L,3,DN_all_left,608,1.0
T4T5_a_L,3,DN_all_left,628,14.0
T4T5_a_L,3,DN_all_left,632,8.0
T4T5_a_L,3,DN_all_left,656,68.0
T4T5_a_L,3,DN_all_left,673,35.0
T4T5_a_L,3,DN_all_left,675,31.0
T4T5_a_L,3,DN_all_left,687,8.0
T4T5_a_L,3,DN_all_left,713,1.0
T4T5_a_L,3,DN_all_left,741,43.0
T4T5_a_L,3,DN_all_left,773,35.0
T4T5_a_L,3,DN_all_left,783,5.0
T4T5_a_L,3,DN_all_left,819,1.0
T4T5_a_L,3,DN_all_left,820,3.0
T4T5_a_L,3,DN_all_left,823,113.0
T4T5_a_L,3,DN_all_left,906,42.0
T4T5_a_L,3,DN_all_left,927,126.0
T4T5_a_L,3,DN_all_left,979,1.0
T4T5_a_L,3,DN_all_left,992,114.0
T4T5_a_L,3,DN_all_left,993,37.0
T4T5_a_L,3,DN_all_left,994,66.0
T4T5_a_L,3,DN_all_left,1037,15.0
T4T5_a_L,3,DN_all_left,1047,122.0
T4T5_a_L,3,DN_all_left,1071,2.0
T4T5_a_L,3,DN_all_left,1111,71.0
T4T5_a_L,3,DN_all_left,1131,11.0
T4T5_a_L,3,DN_all_left,1141,1.0
T4T5_a_L,3,DN_all_left,1155,1.0
T4T5_a_L,3,DN_all_left,1170,34.0
T4T5_a_L,3,DN_all_left,1196,2.0
T4T5_a_L,3,DN_all_left,1273,95.0
T4T5_a_L,3,DN_all_left,1324,92.0
T4T5_a_L,3,DN_all_left,1328,1.0
T4T5_a_L,3,DN_all_left,1342,4.0
T4T5_a_L,3,DN_all_left,1361,39.0
T4T5_a_L,3,DN_all_left,1387,3.0
T4T5_a_L,3,DN_all_left,1392,41.0
T4T5_a_L,3,DN_all_left,1506,92.0
T4T5_a_L,3,DN_all_left,1545,2.0
T4T5_a_L,3,DN_all_left,1562,17.0
T4T5_a_L,3,DN_all_left,1564,7.0
T4T5_a_L,3,DN_all_left,1591,12.0
T4T5_a_L,3,DN_all_left,1626,10.0
T4T5_a_L,3,DN_all_left,1677,34.0
T4T5_a_L,3,DN_all_left,1692,31.0
T4T5_a_L,3,DN_all_left,1698,1.0
T4T5_a_L,3,DN_all_left,1724,101.0
T4T5_a_L,3,DN_all_left,1764,1.0
T4T5_a_L,3,DN_all_left,1827,70.0
T4T5_a_L,3,DN_all_left,1894,2.0
T4T5_a_L,3,DN_all_left,1935,131.0
T4T5_a_L,3,DN_all_left,1950,17.0
T4T5_a_L,3,DN_all_left,2047,1.0
T4T5_a_L,3,DN_all_left,2074,1.0
T4T5_a_L,3,DN_all_left,2103,22.0
T4T5_a_L,3,DN_all_left,2154,1.0
T4T5_a_L,3,DN_all_left,2194,1.0
T4T5_a_L,3,DN_all_left,2286,56.0
T4T5_a_L,3,DN_all_left,2329,30.0
T4T5_a_L,3,DN_all_left,2354,10.0
T4T5_a_L,3,DN_all_left,2414,1.0
T4T5_a_L,3,DN_all_left,2423,10.0
T4T5_a_L,3,DN_all_left,2449,1.0
T4T5_a_L,3,DN_all_left,2451,113.0
T4T5_a_L,3,DN_all_left,2465,62.0
T4T5_a_L,3,DN_all_left,2475,12.0
T4T5_a_L,3,DN_all_left,2491,1.0
T4T5_a_L,3,DN_all_left,2583,52.0
T4T5_a_L,3,DN_all_left,2588,48.0
T4T5_a_L,3,DN_all_left,2620,1.0
T4T5_a_L,3,DN_all_left,2648,2.0
T4T5_a_L,3,DN_all_left,2666,12.0
T4T5_a_L,3,DN_all_left,2676,16.0
T4T5_a_L,3,DN_all_left,2816,1.0
T4T5_a_L,3,DN_all_left,2837,120.0
T4T5_a_L,3,DN_all_left,2868,18.0
T4T5_a_L,3,DN_all_left,2984,3.0
T4T5_a_L,3,DN_all_left,3009,13.0
T4T5_a_L,3,DN_all_left,3084,100.0
T4T5_a_L,3,DN_all_left,3106,200.0
T4T5_a_L,3,DN_all_left,3184,17.0
T4T5_a_L,3,DN_all_left,3222,22.0
T4T5_a_L,3,DN_all_left,3223,2.0
T4T5_a_L,3,DN_all_left,3306,12.0
T4T5_a_L,3,DN_all_left,3331,196.0
T4T5_a_L,3,DN_all_left,3349,25.0
T4T5_a_L,3,DN_all_left,3380,2.0
T4T5_a_L,3,DN_all_left,3390,3.0
T4T5_a_L,3,DN_all_left,3394,2.0
T4T5_a_L,3,DN_all_left,3451,5.0
T4T5_a_L,3,DN_all_left,3505,16.0
T4T5_a_L,3,DN_all_left,3546,4.0
T4T5_a_L,3,DN_all_left,3569,13.0
T4T5_a_L,3,DN_all_left,3595,72.0
T4T5_a_L,3,DN_all_left,3597,1.0
T4T5_a_L,3,DN_all_left,3768,1.0
T4T5_a_L,3,DN_all_left,3770,53.0
T4T5_a_L,3,DN_all_left,3788,2.0
T4T5_a_L,3,DN_all_left,3915,1.0
T4T5_a_L,3,DN_all_left,3935,1.0
T4T5_a_L,3,DN_all_left,3939,1.0
T4T5_a_L,3,DN_all_left,3966,70.0
T4T5_a_L,3,DN_all_left,4017,1.0
T4T5_a_L,3,DN_all_left,4057,1.0
T4T5_a_L,3,DN_all_left,4335,74.0
T4T5_a_L,3,DN_all_left,4591,1.0
T4T5_a_L,3,DN_all_left,4609,50.0
T4T5_a_L,3,DN_all_left,4678,1.0
T4T5_a_L,3,DN_all_left,4679,50.0
T4T5_a_L,3,DN_all_left,4685,8.0
T4T5_a_L,3,DN_all_left,4917,16.0
T4T5_a_L,3,DN_all_left,5056,1.0
T4T5_a_L,3,DN_all_left,5067,48.0
T4T5_a_L,3,DN_all_left,5217,30.0
T4T5_a_L,3,DN_all_left,5247,1.0
T4T5_a_L,3,DN_all_left,5338,40.0
T4T5_a_L,3,DN_all_left,5616,8.0
T4T5_a_L,3,DN_all_left,5624,8.0
T4T5_a_L,3,DN_all_left,5678,126.0
T4T5_a_L,3,DN_all_left,5867,39.0
T4T5_a_L,3,DN_all_left,5993,48.0
T4T5_a_L,3,DN_all_left,6490,1.0
T4T5_a_L,3,DN_all_left,6736,24.0
T4T5_a_L,3,DN_all_left,6742,8.0
T4T5_a_L,3,DN_all_left,7415,1.0
T4T5_a_L,3,DN_all_left,8284,4.0
T4T5_a_L,3,DN_all_left,8604,1.0
T4T5_a_L,3,DN_all_left,8892,1.0
T4T5_a_L,3,DN_all_left,8977,5.0
T4T5_a_L,3,DN_all_left,9137,1.0
T4T5_a_L,3,DN_all_left,9207,3.0
T4T5_a_L,3,DN_all_left,9402,25.0
T4T5_a_L,3,DN_all_left,9754,2.0
T4T5_a_L,3,DN_all_left,10000,41.0
T4T5_a_L,3,DN_all_left,10086,34.0
T4T5_a_L,3,DN_all_left,10110,24.0
T4T5_a_L,3,DN_all_left,11237,1.0
T4T5_a_L,3,DN_all_left,11249,2.0
T4T5_a_L,3,DN_all_left,12085,50.0
T4T5_a_L,3,DN_all_left,12839,50.0
T4T5_a_L,3,DN_all_left,12883,100.0
T4T5_a_L,3,DN_all_left,13339,35.0
T4T5_a_L,3,DN_all_left,13746,3.0
T4T5_a_L,3,DN_all_left,14329,3.0
T4T5_a_L,3,DN_all_left,14440,1.0
T4T5_a_L,3,DN_all_left,14442,8.0
T4T5_a_L,3,DN_all_left,15020,1.0
T4T5_a_L,3,DN_all_left,15328,13.0
T4T5_a_L,3,DN_all_left,15782,3.0
T4T5_a_L,3,DN_all_left,15877,75.0
T4T5_a_L,3,DN_all_left,16002,1.0
T4T5_a_L,3,DN_all_left,17045,2.0
T4T5_a_L,3,DN_all_left,17073,18.0
T4T5_a_L,3,DN_all_left,17402,2.0
T4T5_a_L,3,DN_all_left,17744,75.0
T4T5_a_L,3,DN_all_left,19578,1.0
T4T5_a_L,3,DN_all_left,20018,10.0
T4T5_a_L,3,DN_all_left,20649,40.0
T4T5_a_L,3,DN_all_left,21341,2.0
T4T5_a_L,3,DN_all_left,21944,2.0
T4T5_a_L,3,DN_all_left,22311,1.0
T4T5_a_L,3,DN_all_left,22768,51.0
T4T5_a_L,3,DN_all_left,22875,29.0
T4T5_a_L,3,DN_all_left,22975,59.0
T4T5_a_L,3,DN_all_left,23212,22.0
T4T5_a_L,3,DN_all_left,23287,4.0
T4T5_a_L,3,DN_all_left,23939,1.0
T4T5_a_L,3,DN_all_left,24331,46.0
T4T5_a_L,3,DN_all_left,25434,21.0
T4T5_a_L,3,DN_all_left,25769,12.0
T4T5_a_L,3,DN_all_left,27665,1.0
T4T5_a_L,3,DN_all_left,28642,20.0
T4T5_a_L,3,DN_all_left,28761,2.0
T4T5_a_L,3,DN_all_left,28804,19.0
T4T5_a_L,3,DN_all_left,53674,20.0
T4T5_a_L,3,DN_all_left,60324,13.0
T4T5_a_L,3,DN_all_left,60365,18.0
T4T5_a_L,3,DN_all_left,70432,26.0
T4T5_a_L,3,DN_all_left,72879,1.0
T4T5_a_L,3,DN_all_left,116552,32.0
T4T5_a_L,3,DN_all_left,120322,2.0
T4T5_a_L,3,DN_all_left,120875,36.0
T4T5_a_L,3,DN_all_left,121296,1.0
T4T5_a_L,3,DN_all_left,124448,85.0
T4T5_a_L,3,DN_all_left,124813,1.0
T4T5_a_L,3,DN_all_left,124969,63.0
T4T5_a_L,3,DN_all_left,124970,4.0
T4T5_a_L,3,DN_all_left,125112,131.0
T4T5_a_L,3,DN_all_left,126100,57.0
T4T5_a_L,3,DN_all_left,127958,32.0
T4T5_a_L,3,DN_all_left,128725,79.0
T4T5_a_L,3,DN_all_left,128862,51.0
T4T5_a_L,3,DN_all_left,128964,94.0
T4T5_a_L,3,DN_all_left,129520,8.0
T4T5_a_L,3,DN_all_left,129654,26.0
T4T5_a_L,3,DN_all_left,130077,7.0
T4T5_a_L,3,DN_all_left,130249,6.0
T4T5_a_L,3,DN_all_left,130311,28.0
T4T5_a_L,3,DN_all_left,130496,144.0
T4T5_a_L,3,DN_all_left,130499,36.0
T4T5_a_L,3,DN_all_left,130616,7.0
T4T5_a_L,3,DN_all_left,132535,59.0
T4T5_a_L,3,DN_all_left,132582,2.0
T4T5_a_L,3,DN_all_left,132965,6.0
T4T5_a_L,3,DN_all_left,133740,1.0
T4T5_a_L,3,DN_all_left,135657,53.0
T4T5_a_L,3,DN_all_left,138118,2.0
T4T5_a_L,3,DN_all_left,139863,3.0
T4T5_a_L,3,DN_all_left,140913,4.0
T4T5_a_L,3,DN_all_left,141026,135.0
T4T5_a_L,3,DN_all_left,141033,9.0
T4T5_a_L,3,DN_all_left,142108,97.0
T4T5_a_L,3,DN_all_left,142174,44.0
T4T5_a_L,3,DN_all_left,144939,2.0
T4T5_a_L,3,DN_all_right,25,135.0
T4T5_a_L,3,DN_all_right,45,12.0
T4T5_a_L,3,DN_all_right,46,1.0
T4T5_a_L,3,DN_all_right,51,42.0
T4T5_a_L,3,DN_all_right,52,249.0
T4T5_a_L,3,DN_all_right,137,3.0
T4T5_a_L,3,DN_all_right,176,36.0
T4T5_a_L,3,DN_all_right,194,29.0
T4T5_a_L,3,DN_all_right,199,17.0
T4T5_a_L,3,DN_all_right,215,98.0
T4T5_a_L,3,DN_all_right,216,57.0
T4T5_a_L,3,DN_all_right,243,121.0
T4T5_a_L,3,DN_all_right,258,19.0
T4T5_a_L,3,DN_all_right,274,105.0
T4T5_a_L,3,DN_all_right,281,42.0
T4T5_a_L,3,DN_all_right,290,67.0
T4T5_a_L,3,DN_all_right,311,5.0
T4T5_a_L,3,DN_all_right,317,92.0
T4T5_a_L,3,DN_all_right,327,32.0
T4T5_a_L,3,DN_all_right,332,1.0
T4T5_a_L,3,DN_all_right,397,13.0
T4T5_a_L,3,DN_all_right,404,1.0
T4T5_a_L,3,DN_all_right,428,26.0
T4T5_a_L,3,DN_all_right,467,19.0
T4T5_a_L,3,DN_all_right,616,11.0
T4T5_a_L,3,DN_all_right,624,3.0
T4T5_a_L,3,DN_all_right,704,2.0
T4T5_a_L,3,DN_all_right,706,1.0
T4T5_a_L,3,DN_all_right,746,2.0
T4T5_a_L,3,DN_all_right,762,90.0
T4T5_a_L,3,DN_all_right,763,24.0
T4T5_a_L,3,DN_all_right,776,1.0
T4T5_a_L,3,DN_all_right,777,44.0
T4T5_a_L,3,DN_all_right,809,48.0
T4T5_a_L,3,DN_all_right,828,19.0
T4T5_a_L,3,DN_all_right,854,1.0
T4T5_a_L,3,DN_all_right,886,56.0
T4T5_a_L,3,DN_all_right,894,108.0
T4T5_a_L,3,DN_all_right,902,2.0
T4T5_a_L,3,DN_all_right,903,2.0
T4T5_a_L,3,DN_all_right,911,1.0
T4T5_a_L,3,DN_all_right,970,8.0
T4T5_a_L,3,DN_all_right,987,2.0
T4T5_a_L,3,DN_all_right,988,1.0
T4T5_a_L,3,DN_all_right,1021,89.0
T4T5_a_L,3,DN_all_right,1032,21.0
T4T5_a_L,3,DN_all_right,1082,2.0
T4T5_a_L,3,DN_all_right,1092,2.0
T4T5_a_L,3,DN_all_right,1108,36.0
T4T5_a_L,3,DN_all_right,1124,33.0
T4T5_a_L,3,DN_all_right,1142,1.0
T4T5_a_L,3,DN_all_right,1150,3.0
T4T5_a_L,3,DN_all_right,1165,14.0
T4T5_a_L,3,DN_all_right,1166,1.0
T4T5_a_L,3,DN_all_right,1168,2.0
T4T5_a_L,3,DN_all_right,1210,79.0
T4T5_a_L,3,DN_all_right,1240,1.0
T4T5_a_L,3,DN_all_right,1269,59.0
T4T5_a_L,3,DN_all_right,1277,42.0
T4T5_a_L,3,DN_all_right,1315,1.0
T4T5_a_L,3,DN_all_right,1329,1.0
T4T5_a_L,3,DN_all_right,1382,8.0
T4T5_a_L,3,DN_all_right,1400,26.0
T4T5_a_L,3,DN_all_right,1405,20.0
T4T5_a_L,3,DN_all_right,1412,14.0
T4T5_a_L,3,DN_all_right,1457,9.0
T4T5_a_L,3,DN_all_right,1492,35.0
T4T5_a_L,3,DN_all_right,1502,20.0
T4T5_a_L,3,DN_all_right,1515,1.0
T4T5_a_L,3,DN_all_right,1581,4.0
T4T5_a_L,3,DN_all_right,1593,46.0
T4T5_a_L,3,DN_all_right,1621,1.0
T4T5_a_L,3,DN_all_right,1648,10.0
T4T5_a_L,3,DN_all_right,1653,12.0
T4T5_a_L,3,DN_all_right,1699,64.0
T4T5_a_L,3,DN_all_right,1804,64.0
T4T5_a_L,3,DN_all_right,1910,2.0
T4T5_a_L,3,DN_all_right,1941,3.0
T4T5_a_L,3,DN_all_right,1954,18.0
T4T5_a_L,3,DN_all_right,1965,2.0
T4T5_a_L,3,DN_all_right,1995,1.0
T4T5_a_L,3,DN_all_right,2070,14.0
T4T5_a_L,3,DN_all_right,2079,45.0
T4T5_a_L,3,DN_all_right,2094,42.0
T4T5_a_L,3,DN_all_right,2120,1.0
T4T5_a_L,3,DN_all_right,2218,2.0
T4T5_a_L,3,DN_all_right,2222,1.0
T4T5_a_L,3,DN_all_right,2251,11.0
T4T5_a_L,3,DN_all_right,2295,1.0
T4T5_a_L,3,DN_all_right,2321,2.0
T4T5_a_L,3,DN_all_right,2325,49.0
T4T5_a_L,3,DN_all_right,2331,1.0
T4T5_a_L,3,DN_all_right,2332,19.0
T4T5_a_L,3,DN_all_right,2350,20.0
T4T5_a_L,3,DN_all_right,2358,1.0
T4T5_a_L,3,DN_all_right,2433,3.0
T4T5_a_L,3,DN_all_right,2495,5.0
T4T5_a_L,3,DN_all_right,2529,44.0
T4T5_a_L,3,DN_all_right,2531,4.0
T4T5_a_L,3,DN_all_right,2572,8.0
T4T5_a_L,3,DN_all_right,2575,5.0
T4T5_a_L,3,DN_all_right,2595,3.0
T4T5_a_L,3,DN_all_right,2600,52.0
T4T5_a_L,3,DN_all_right,2606,61.0
T4T5_a_L,3,DN_all_right,2607,3.0
T4T5_a_L,3,DN_all_right,2613,27.0
T4T5_a_L,3,DN_all_right,2636,4.0
T4T5_a_L,3,DN_all_right,2659,5.0
T4T5_a_L,3,DN_all_right,2752,11.0
T4T5_a_L,3,DN_all_right,2830,1.0
T4T5_a_L,3,DN_all_right,2841,3.0
T4T5_a_L,3,DN_all_right,2906,7.0
T4T5_a_L,3,DN_all_right,3059,23.0
T4T5_a_L,3,DN_all_right,3068,8.0
T4T5_a_L,3,DN_all_right,3132,39.0
T4T5_a_L,3,DN_all_right,3149,9.0
T4T5_a_L,3,DN_all_right,3220,201.0
T4T5_a_L,3,DN_all_right,3270,18.0
T4T5_a_L,3,DN_all_right,3278,3.0
T4T5_a_L,3,DN_all_right,3348,69.0
T4T5_a_L,3,DN_all_right,3383,15.0
T4T5_a_L,3,DN_all_right,3403,26.0
T4T5_a_L,3,DN_all_right,3437,30.0
T4T5_a_L,3,DN_all_right,3491,6.0
T4T5_a_L,3,DN_all_right,3593,13.0
T4T5_a_L,3,DN_all_right,3625,6.0
T4T5_a_L,3,DN_all_right,3654,5.0
T4T5_a_L,3,DN_all_right,3694,10.0
T4T5_a_L,3,DN_all_right,3707,2.0
T4T5_a_L,3,DN_all_right,3754,42.0
T4T5_a_L,3,DN_all_right,3811,7.0
T4T5_a_L,3,DN_all_right,3828,3.0
T4T5_a_L,3,DN_all_right,3945,73.0
T4T5_a_L,3,DN_all_right,3960,36.0
T4T5_a_L,3,DN_all_right,3973,19.0
T4T5_a_L,3,DN_all_right,3997,5.0
T4T5_a_L,3,DN_all_right,4020,68.0
T4T5_a_L,3,DN_all_right,4042,8.0
T4T5_a_L,3,DN_all_right,4078,5.0
T4T5_a_L,3,DN_all_right,4098,32.0
T4T5_a_L,3,DN_all_right,4120,3.0
T4T5_a_L,3,DN_all_right,4443,1.0
T4T5_a_L,3,DN_all_right,4479,2.0
T4T5_a_L,3,DN_all_right,4559,1.0
T4T5_a_L,3,DN_all_right,4641,37.0
T4T5_a_L,3,DN_all_right,4645,33.0
T4T5_a_L,3,DN_all_right,4663,2.0
T4T5_a_L,3,DN_all_right,5026,10.0
T4T5_a_L,3,DN_all_right,5027,8.0
T4T5_a_L,3,DN_all_right,5124,11.0
T4T5_a_L,3,DN_all_right,5357,3.0
T4T5_a_L,3,DN_all_right,5381,30.0
T4T5_a_L,3,DN_all_right,5390,13.0
T4T5_a_L,3,DN_all_right,5458,32.0
T4T5_a_L,3,DN_all_right,5739,1.0
T4T5_a_L,3,DN_all_right,6169,14.0
T4T5_a_L,3,DN_all_right,6278,1.0
T4T5_a_L,3,DN_all_right,6427,4.0
T4T5_a_L,3,DN_all_right,6701,1.0
T4T5_a_L,3,DN_all_right,6753,8.0
T4T5_a_L,3,DN_all_right,7850,4.0
T4T5_a_L,3,DN_all_right,8762,2.0
T4T5_a_L,3,DN_all_right,8815,3.0
T4T5_a_L,3,DN_all_right,9254,104.0
T4T5_a_L,3,DN_all_right,9348,1.0
T4T5_a_L,3,DN_all_right,9458,112.0
T4T5_a_L,3,DN_all_right,9662,56.0
T4T5_a_L,3,DN_all_right,9780,88.0
T4T5_a_L,3,DN_all_right,9912,68.0
T4T5_a_L,3,DN_all_right,10004,2.0
T4T5_a_L,3,DN_all_right,10343,1.0
T4T5_a_L,3,DN_all_right,11239,4.0
T4T5_a_L,3,DN_all_right,11504,57.0
T4T5_a_L,3,DN_all_right,12150,27.0
T4T5_a_L,3,DN_all_right,12572,29.0
T4T5_a_L,3,DN_all_right,14044,2.0
T4T5_a_L,3,DN_all_right,14496,4.0
T4T5_a_L,3,DN_all_right,15028,11.0
T4T5_a_L,3,DN_all_right,15460,24.0
T4T5_a_L,3,DN_all_right,15893,26.0
T4T5_a_L,3,DN_all_right,16849,8.0
T4T5_a_L,3,DN_all_right,17700,23.0
T4T5_a_L,3,DN_all_right,17897,10.0
T4T5_a_L,3,DN_all_right,18221,1.0
T4T5_a_L,3,DN_all_right,18461,3.0
T4T5_a_L,3,DN_all_right,18857,7.0
T4T5_a_L,3,DN_all_right,18950,1.0
T4T5_a_L,3,DN_all_right,19450,2.0
T4T5_a_L,3,DN_all_right,21553,1.0
T4T5_a_L,3,DN_all_right,23453,2.0
T4T5_a_L,3,DN_all_right,23861,10.0
T4T5_a_L,3,DN_all_right,27054,1.0
T4T5_a_L,3,DN_all_right,27448,1.0
T4T5_a_L,3,DN_all_right,27532,1.0
T4T5_a_L,3,DN_all_right,29289,3.0
T4T5_a_L,3,DN_all_right,31901,1.0
T4T5_a_L,3,DN_all_right,42917,3.0
T4T5_a_L,3,DN_all_right,47173,11.0
T4T5_a_L,3,DN_all_right,50694,8.0
T4T5_a_L,3,DN_all_right,63360,4.0
T4T5_a_L,3,DN_all_right,72835,46.0
T4T5_a_L,3,DN_all_right,73956,2.0
T4T5_a_L,3,DN_all_right,107658,3.0
T4T5_a_L,3,DN_all_right,117981,57.0
T4T5_a_L,3,DN_all_right,118808,3.0
T4T5_a_L,3,DN_all_right,121193,2.0
T4T5_a_L,3,DN_all_right,121642,9.0
T4T5_a_L,3,DN_all_right,122053,1.0
T4T5_a_L,3,DN_all_right,122136,9.0
T4T5_a_L,3,DN_all_right,123333,45.0
T4T5_a_L,3,DN_all_right,124419,16.0
T4T5_a_L,3,DN_all_right,124541,62.0
T4T5_a_L,3,DN_all_right,124920,54.0
T4T5_a_L,3,DN_all_right,124988,1.0
T4T5_a_L,3,DN_all_right,125795,6.0
T4T5_a_L,3,DN_all_right,126404,138.0
T4T5_a_L,3,DN_all_right,126772,1.0
T4T5_a_L,3,DN_all_right,127734,1.0
T4T5_a_L,3,DN_all_right,127758,9.0
T4T5_a_L,3,DN_all_right,128032,68.0
T4T5_a_L,3,DN_all_right,128692,1.0
T4T5_a_L,3,DN_all_right,129659,26.0
T4T5_a_L,3,DN_all_right,129718,13.0
T4T5_a_L,3,DN_all_right,129873,2.0
T4T5_a_L,3,DN_all_right,130838,3.0
T4T5_a_L,3,DN_all_right,130847,25.0
T4T5_a_L,3,DN_all_right,130858,92.0
T4T5_a_L,3,DN_all_right,131136,144.0
T4T5_a_L,3,DN_all_right,131434,64.0
T4T5_a_L,3,DN_all_right,134195,1.0
T4T5_a_L,3,DN_all_right,140621,2.0
T4T5_a_L,3,DN_all_right,141051,47.0
T4T5_a_L,3,DN_all_right,141735,71.0
T4T5_a_L,3,DN_all_right,142119,2.0
T4T5_a_L,3,DN_all_right,143416,121.0
T4T5_a_L,3,DN_all_right,143432,59.0
T4T5_a_L,3,DN_all_right,144269,49.0
T4T5_a_L,3,DN_all_right,145368,3.0
T4T5_a_L,3,DN_all_right,161396,40.0
T4T5_a_L,3,MN_all_left,111304,1.0
T4T5_a_L,3,MN_all_left,142836,79.0
T4T5_a_L,3,MN_all_left,142929,5.0
T4T5_a_L,3,MN_all_left,142964,93.0
T4T5_a_L,3,MN_all_left,143064,42.0
T4T5_a_L,3,MN_all_left,143088,113.0
T4T5_a_L,3,MN_all_left,143189,2.0
T4T5_a_L,3,MN_all_left,143221,18.0
T4T5_a_L,3,MN_all_left,143231,11.0
T4T5_a_L,3,MN_all_left,143243,29.0
T4T5_a_L,3,MN_all_left,143252,53.0
T4T5_a_L,3,MN_all_left,143259,41.0
T4T5_a_L,3,MN_all_left,143322,111.0
T4T5_a_L,3,MN_all_left,143353,18.0
T4T5_a_L,3,MN_all_left,143418,35.0
T4T5_a_L,3,MN_all_left,143445,114.0
T4T5_a_L,3,MN_all_left,143464,72.0
T4T5_a_L,3,MN_all_left,143478,20.0
T4T5_a_L,3,MN_all_left,143540,62.0
T4T5_a_L,3,MN_all_left,143626,6.0
T4T5_a_L,3,MN_all_left,143654,57.0
T4T5_a_L,3,MN_all_left,143690,74.0
T4T5_a_L,3,MN_all_left,143700,67.0
T4T5_a_L,3,MN_all_left,143751,82.0
T4T5_a_L,3,MN_all_left,143760,48.0
T4T5_a_L,3,MN_all_left,143766,2.0
T4T5_a_L,3,MN_all_left,143773,48.0
T4T5_a_L,3,MN_all_left,143949,41.0
T4T5_a_L,3,MN_all_left,144086,38.0
T4T5_a_L,3,MN_all_left,144111,9.0
T4T5_a_L,3,MN_all_left,144209,120.0
T4T5_a_L,3,MN_all_left,144234,83.0
T4T5_a_L,3,MN_all_left,144248,7.0
T4T5_a_L,3,MN_all_left,144265,121.0
T4T5_a_L,3,MN_all_left,144290,1.0
T4T5_a_L,3,MN_all_left,144382,33.0
T4T5_a_L,3,MN_all_left,144400,2.0
T4T5_a_L,3,MN_all_left,144439,20.0
T4T5_a_L,3,MN_all_left,144450,10.0
T4T5_a_L,3,MN_all_left,144457,4.0
T4T5_a_L,3,MN_all_left,144465,29.0
T4T5_a_L,3,MN_all_left,144538,17.0
T4T5_a_L,3,MN_all_left,144576,5.0
T4T5_a_L,3,MN_all_left,144584,22.0
T4T5_a_L,3,MN_all_left,144657,2.0
T4T5_a_L,3,MN_all_left,144687,8.0
T4T5_a_L,3,MN_all_left,144821,58.0
T4T5_a_L,3,MN_all_left,144860,37.0
T4T5_a_L,3,MN_all_left,144878,101.0
T4T5_a_L,3,MN_all_left,144974,82.0
T4T5_a_L,3,MN_all_left,145034,98.0
T4T5_a_L,3,MN_all_left,145063,16.0
T4T5_a_L,3,MN_all_left,145081,40.0
T4T5_a_L,3,MN_all_left,145109,19.0
T4T5_a_L,3,MN_all_left,145198,63.0
T4T5_a_L,3,MN_all_left,145217,31.0
T4T5_a_L,3,MN_all_left,145274,83.0
T4T5_a_L,3,MN_all_left,145303,4.0
T4T5_a_L,3,MN_all_left,145351,68.0
T4T5_a_L,3,MN_all_left,145405,1.0
T4T5_a_L,3,MN_all_left,145438,25.0
T4T5_a_L,3,MN_all_left,145476,50.0
T4T5_a_L,3,MN_all_left,145483,30.0
T4T5_a_L,3,MN_all_left,145564,2.0
T4T5_a_L,3,MN_all_left,145660,27.0
T4T5_a_L,3,MN_all_left,145672,22.0
T4T5_a_L,3,MN_all_left,145732,2.0
T4T5_a_L,3,MN_all_left,145766,13.0
T4T5_a_L,3,MN_all_left,145796,110.0
T4T5_a_L,3,MN_all_left,145805,2.0
T4T5_a_L,3,MN_all_left,145911,24.0
T4T5_a_L,3,MN_all_left,145918,1.0
T4T5_a_L,3,MN_all_left,145975,2.0
T4T5_a_L,3,MN_all_left,146072,6.0
T4T5_a_L,3,MN_all_left,146107,42.0
T4T5_a_L,3,MN_all_left,146190,23.0
T4T5_a_L,3,MN_all_left,146233,1.0
T4T5_a_L,3,MN_all_left,146494,1.0
T4T5_a_L,3,MN_all_left,146498,11.0
T4T5_a_L,3,MN_all_left,146556,1.0
T4T5_a_L,3,MN_all_left,146571,39.0
T4T5_a_L,3,MN_all_left,146590,20.0
T4T5_a_L,3,MN_all_left,146748,108.0
T4T5_a_L,3,MN_all_left,147111,42.0
T4T5_a_L,3,MN_all_left,147153,66.0
T4T5_a_L,3,MN_all_left,147241,13.0
T4T5_a_L,3,MN_all_left,147254,5.0
T4T5_a_L,3,MN_all_left,147272,6.0
T4T5_a_L,3,MN_all_left,147311,26.0
T4T5_a_L,3,MN_all_left,147444,6.0
T4T5_a_L,3,MN_all_left,147449,4.0
T4T5_a_L,3,MN_all_left,147492,6.0
T4T5_a_L,3,MN_all_left,147569,6.0
T4T5_a_L,3,MN_all_left,147690,47.0
T4T5_a_L,3,MN_all_left,147730,42.0
T4T5_a_L,3,MN_all_left,147844,11.0
T4T5_a_L,3,MN_all_left,147938,1.0
T4T5_a_L,3,MN_all_left,148126,6.0
T4T5_a_L,3,MN_all_left,148144,2.0
T4T5_a_L,3,MN_all_left,148349,1.0
T4T5_a_L,3,MN_all_left,148537,38.0
T4T5_a_L,3,MN_all_left,148589,56.0
T4T5_a_L,3,MN_all_left,148668,20.0
T4T5_a_L,3,MN_all_left,148779,1.0
T4T5_a_L,3,MN_all_left,148852,4.0
T4T5_a_L,3,MN_all_left,148953,95.0
T4T5_a_L,3,MN_all_left,148964,1.0
T4T5_a_L,3,MN_all_left,149011,5.0
T4T5_a_L,3,MN_all_left,149101,2.0
T4T5_a_L,3,MN_all_left,149557,1.0
T4T5_a_L,3,MN_all_left,149592,10.0
T4T5_a_L,3,MN_all_left,149636,1.0
T4T5_a_L,3,MN_all_left,149722,16.0
T4T5_a_L,3,MN_all_left,150276,12.0
T4T5_a_L,3,MN_all_left,150280,24.0
T4T5_a_L,3,MN_all_left,150354,3.0
T4T5_a_L,3,MN_all_left,150850,5.0
T4T5_a_L,3,MN_all_left,150864,27.0
T4T5_a_L,3,MN_all_left,151089,9.0
T4T5_a_L,3,MN_all_left,152375,19.0
T4T5_a_L,3,MN_all_left,152535,9.0
T4T5_a_L,3,MN_all_left,152793,3.0
T4T5_a_L,3,MN_all_left,154142,4.0
T4T5_a_L,3,MN_all_left,154315,69.0
T4T5_a_L,3,MN_all_left,154793,1.0
T4T5_a_L,3,MN_all_left,154887,50.0
T4T5_a_L,3,MN_all_left,154980,2.0
T4T5_a_L,3,MN_all_left,156887,6.0
T4T5_a_L,3,MN_all_left,158328,1.0
T4T5_a_L,3,MN_all_left,158556,15.0
T4T5_a_L,3,MN_all_left,158604,9.0
T4T5_a_L,3,MN_all_left,158794,7.0
T4T5_a_L,3,MN_all_left,159087,31.0
T4T5_a_L,3,MN_all_left,159287,1.0
T4T5_a_L,3,MN_all_left,159288,13.0
T4T5_a_L,3,MN_all_left,159488,20.0
T4T5_a_L,3,MN_all_left,159489,76.0
T4T5_a_L,3,MN_all_left,159664,26.0
T4T5_a_L,3,MN_all_left,159777,2.0
T4T5_a_L,3,MN_all_left,159993,99.0
T4T5_a_L,3,MN_all_left,160137,28.0
T4T5_a_L,3,MN_all_left,160430,36.0
T4T5_a_L,3,MN_all_left,160448,102.0
T4T5_a_L,3,MN_all_left,160846,1.0
T4T5_a_L,3,MN_all_left,160854,24.0
T4T5_a_L,3,MN_all_left,162458,8.0
T4T5_a_L,3,MN_all_left,162557,50.0
T4T5_a_L,3,MN_all_left,162678,21.0
T4T5_a_L,3,MN_all_left,162782,119.0
T4T5_a_L,3,MN_all_left,162796,116.0
T4T5_a_L,3,MN_all_left,162914,7.0
T4T5_a_L,3,MN_all_left,164603,4.0
T4T5_a_L,3,MN_all_right,142834,129.0
T4T5_a_L,3,MN_all_right,142911,1.0
T4T5_a_L,3,MN_all_right,142932,31.0
T4T5_a_L,3,MN_all_right,143140,1.0
T4T5_a_L,3,MN_all_right,143200,45.0
T4T5_a_L,3,MN_all_right,143217,31.0
T4T5_a_L,3,MN_all_right,143244,1.0
T4T5_a_L,3,MN_all_right,143260,32.0
T4T5_a_L,3,MN_all_right,143277,2.0
T4T5_a_L,3,MN_all_right,143304,7.0
T4T5_a_L,3,MN_all_right,143341,28.0
T4T5_a_L,3,MN_all_right,143362,1.0
T4T5_a_L,3,MN_all_right,143454,9.0
T4T5_a_L,3,MN_all_right,143460,13.0
T4T5_a_L,3,MN_all_right,143467,50.0
T4T5_a_L,3,MN_all_right,143566,45.0
T4T5_a_L,3,MN_all_right,143567,46.0
T4T5_a_L,3,MN_all_right,143581,68.0
T4T5_a_L,3,MN_all_right,143589,2.0
T4T5_a_L,3,MN_all_right,143635,15.0
T4T5_a_L,3,MN_all_right,143728,27.0
T4T5_a_L,3,MN_all_right,143754,120.0
T4T5_a_L,3,MN_all_right,143786,56.0
T4T5_a_L,3,MN_all_right,143796,10.0
T4T5_a_L,3,MN_all_right,143815,1.0
T4T5_a_L,3,MN_all_right,143828,2.0
T4T5_a_L,3,MN_all_right,143830,26.0
T4T5_a_L,3,MN_all_right,143900,36.0
T4T5_a_L,3,MN_all_right,144043,118.0
T4T5_a_L,3,MN_all_right,144076,12.0
T4T5_a_L,3,MN_all_right,144107,2.0
T4T5_a_L,3,MN_all_right,144149,98.0
T4T5_a_L,3,MN_all_right,144151,4.0
T4T5_a_L,3,MN_all_right,144152,115.0
T4T5_a_L,3,MN_all_right,144158,62.0
T4T5_a_L,3,MN_all_right,144211,1.0
T4T5_a_L,3,MN_all_right,144246,73.0
T4T5_a_L,3,MN_all_right,144285,131.0
T4T5_a_L,3,MN_all_right,144312,8.0
T4T5_a_L,3,MN_all_right,144328,6.0
T4T5_a_L,3,MN_all_right,144338,44.0
T4T5_a_L,3,MN_all_right,144391,12.0
T4T5_a_L,3,MN_all_right,144392,37.0
T4T5_a_L,3,MN_all_right,144429,1.0
T4T5_a_L,3,MN_all_right,144466,93.0
T4T5_a_L,3,MN_all_right,144516,2.0
T4T5_a_L,3,MN_all_right,144652,1.0
T4T5_a_L,3,MN_all_right,144664,7.0
T4T5_a_L,3,MN_all_right,144682,90.0
T4T5_a_L,3,MN_all_right,144768,1.0
T4T5_a_L,3,MN_all_right,144790,3.0
T4T5_a_L,3,MN_all_right,144899,34.0
T4T5_a_L,3,MN_all_right,144918,1.0
T4T5_a_L,3,MN_all_right,144952,62.0
T4T5_a_L,3,MN_all_right,144987,22.0
T4T5_a_L,3,MN_all_right,145007,77.0
T4T5_a_L,3,MN_all_right,145031,1.0
T4T5_a_L,3,MN_all_right,145064,105.0
T4T5_a_L,3,MN_all_right,145127,112.0
T4T5_a_L,3,MN_all_right,145221,33.0
T4T5_a_L,3,MN_all_right,145278,21.0
T4T5_a_L,3,MN_all_right,145458,10.0
T4T5_a_L,3,MN_all_right,145461,5.0
T4T5_a_L,3,MN_all_right,145492,99.0
T4T5_a_L,3,MN_all_right,145581,36.0
T4T5_a_L,3,MN_all_right,145592,48.0
T4T5_a_L,3,MN_all_right,145621,3.0
T4T5_a_L,3,MN_all_right,145653,13.0
T4T5_a_L,3,MN_all_right,145721,2.0
T4T5_a_L,3,MN_all_right,145738,1.0
T4T5_a_L,3,MN_all_right,145832,19.0
T4T5_a_L,3,MN_all_right,145953,8.0
T4T5_a_L,3,MN_all_right,145960,26.0
T4T5_a_L,3,MN_all_right,146056,4.0
T4T5_a_L,3,MN_all_right,146130,15.0
T4T5_a_L,3,MN_all_right,146173,3.0
T4T5_a_L,3,MN_all_right,146318,37.0
T4T5_a_L,3,MN_all_right,146668,15.0
T4T5_a_L,3,MN_all_right,146701,11.0
T4T5_a_L,3,MN_all_right,146725,61.0
T4T5_a_L,3,MN_all_right,146879,1.0
T4T5_a_L,3,MN_all_right,147037,46.0
T4T5_a_L,3,MN_all_right,147094,7.0
T4T5_a_L,3,MN_all_right,147184,5.0
T4T5_a_L,3,MN_all_right,147267,13.0
T4T5_a_L,3,MN_all_right,147423,1.0
T4T5_a_L,3,MN_all_right,147470,6.0
T4T5_a_L,3,MN_all_right,147519,28.0
T4T5_a_L,3,MN_all_right,147543,36.0
T4T5_a_L,3,MN_all_right,147559,15.0
T4T5_a_L,3,MN_all_right,147646,13.0
T4T5_a_L,3,MN_all_right,147672,6.0
T4T5_a_L,3,MN_all_right,147794,6.0
T4T5_a_L,3,MN_all_right,147905,15.0
T4T5_a_L,3,MN_all_right,147957,8.0
T4T5_a_L,3,MN_all_right,148017,15.0
T4T5_a_L,3,MN_all_right,148197,13.0
T4T5_a_L,3,MN_all_right,148201,3.0
T4T5_a_L,3,MN_all_right,148237,1.0
T4T5_a_L,3,MN_all_right,148293,2.0
T4T5_a_L,3,MN_all_right,148422,59.0
T4T5_a_L,3,MN_all_right,148611,32.0
T4T5_a_L,3,MN_all_right,148616,1.0
T4T5_a_L,3,MN_all_right,148814,27.0
T4T5_a_L,3,MN_all_right,148816,12.0
T4T5_a_L,3,MN_all_right,148823,3.0
T4T5_a_L,3,MN_all_right,148863,3.0
T4T5_a_L,3,MN_all_right,148985,1.0
T4T5_a_L,3,MN_all_right,149056,103.0
T4T5_a_L,3,MN_all_right,149209,1.0
T4T5_a_L,3,MN_all_right,149327,18.0
T4T5_a_L,3,MN_all_right,149491,1.0
T4T5_a_L,3,MN_all_right,149498,11.0
T4T5_a_L,3,MN_all_right,149809,1.0
T4T5_a_L,3,MN_all_right,149895,8.0
T4T5_a_L,3,MN_all_right,150019,67.0
T4T5_a_L,3,MN_all_right,150152,9.0
T4T5_a_L,3,MN_all_right,150204,2.0
T4T5_a_L,3,MN_all_right,150362,9.0
T4T5_a_L,3,MN_all_right,150676,11.0
T4T5_a_L,3,MN_all_right,150738,4.0
T4T5_a_L,3,MN_all_right,150778,17.0
T4T5_a_L,3,MN_all_right,150989,12.0
T4T5_a_L,3,MN_all_right,152104,19.0
T4T5_a_L,3,MN_all_right,152528,18.0
T4T5_a_L,3,MN_all_right,153409,46.0
T4T5_a_L,3,MN_all_right,153686,1.0
T4T5_a_L,3,MN_all_right,153736,3.0
T4T5_a_L,3,MN_all_right,154055,10.0
T4T5_a_L,3,MN_all_right,154732,27.0
T4T5_a_L,3,MN_all_right,154941,66.0
T4T5_a_L,3,MN_all_right,155213,18.0
T4T5_a_L,3,MN_all_right,156301,6.0
T4T5_a_L,3,MN_all_right,158193,26.0
T4T5_a_L,3,MN_all_right,158546,60.0
T4T5_a_L,3,MN_all_right,158670,24.0
T4T5_a_L,3,MN_all_right,158812,2.0
T4T5_a_L,3,MN_all_right,159225,82.0
T4T5_a_L,3,MN_all_right,159253,22.0
T4T5_a_L,3,MN_all_right,159286,6.0
T4T5_a_L,3,MN_all_right,159477,31.0
T4T5_a_L,3,MN_all_right,159478,7.0
T4T5_a_L,3,MN_all_right,159546,68.0
T4T5_a_L,3,MN_all_right,159896,7.0
T4T5_a_L,3,MN_all_right,160165,10.0
T4T5_a_L,3,MN_all_right,160191,2.0
T4T5_a_L,3,MN_all_right,160211,3.0
T4T5_a_L,3,MN_all_right,160245,23.0
T4T5_a_L,3,MN_all_right,160551,94.0
T4T5_a_L,3,MN_all_right,160892,2.0
T4T5_a_L,3,MN_all_right,161826,1.0
T4T5_a_L,3,MN_all_right,162256,1.0
T4T5_a_L,3,MN_all_right,162556,6.0
T4T5_a_L,3,MN_all_right,162677,17.0
T4T5_a_L,3,MN_all_right,162781,98.0
T4T5_a_L,3,MN_all_right,164606,125.0
T4T5_a_L,3,MN_all_right,164614,106.0
T4T5_a_L,3,MN_all_right,164616,13.0
